2026-09-19T23:16:55.684146Z DEBUG awase_windows::runtime: [focus-sync] hwnd=0xFE18F6 class="ImeKeyMatrixSpikeWindowClass" app_kind=Win32 hint=Default → mode=Unicode
2026-09-19T23:16:55.684218Z DEBUG awase_windows::tsf::tsf_gate: [tsf-gate] focus change → PendingWarmup (held cleared)
2026-09-19T23:16:55.850890Z DEBUG awase_windows::runtime: [focus-sync] hwnd=0xBB1C7A class="Edit" app_kind=Win32 hint=Default → mode=Unicode
2026-09-19T23:16:55.850957Z DEBUG awase_windows::output: [tsf-gate] focus change while PendingWarmup — held バッファを保持して再初期化スキップ (Chrome等の連続フォーカスイベント対策)
2026-09-19T23:16:55.880081Z  INFO apply_focus_probe_result: awase_windows::runtime::focus_tracking: AppKind changed: Uwp → Win32 (class=ImeKeyMatrixSpikeWindowClass)
2026-09-19T23:16:55.929342Z DEBUG apply_focus_probe_result: awase::journal: focus transition seq=187 elapsed_ms=67434 changed_process=true changed_window=true changed_app_kind=true changed_focus_kind=false dwell_ms=23609 profile="ImmCross"
2026-09-19T23:16:55.929815Z  INFO apply_focus_probe_result: awase_windows::runtime::focus_tracking: FocusChange [19612→43724] ImeKeyMatrixSpikeWindowClass: stale ime_on=true intent=None mode=ObservedRomaji japanese=true
2026-09-19T23:16:55.929916Z DEBUG apply_focus_probe_result: awase_windows::tsf::probe: [composition] focus changed → marked cold
2026-09-19T23:16:55.929959Z DEBUG apply_focus_probe_result: awase_windows::runtime: [keymap] active rules recomputed: 0 rule(s) for process="ime_key_matrix_spike.exe"
2026-09-19T23:16:55.929974Z DEBUG apply_focus_probe_result: awase_windows::runtime::focus_tracking: [keymap] active rules updated on focus change: 0 rule(s) (hwnd=HWND(0xfe18f6) kind=Undetermined focus_epoch=4)
2026-09-19T23:16:55.930077Z DEBUG apply_focus_probe_result:reduce: awase_windows::state::ime_model: [explicit-intent] cleared (focus change)
2026-09-19T23:16:55.930153Z DEBUG apply_focus_probe_result: awase::journal: ime event seq=188 elapsed_ms=67434 event_kind="FocusChanged"
2026-09-19T23:16:55.930260Z DEBUG apply_focus_probe_result: awase_windows::runtime::focus_tracking: [focus] Imm32Unavailable hard pre-sync applied=true (prevent spurious VK_KANJI on first character key)
2026-09-19T23:16:55.930346Z DEBUG apply_focus_probe_result:gji_on_event{event=ImeOn { injection_mode: Unicode, gji_idle_ms: 23594 }}: awase_windows::tsf::gji_fsm: [gji-fsm] ImeOn: already on (OnCold(Short)), ignored
2026-09-19T23:16:55.930436Z DEBUG apply_focus_probe_result: awase::journal: gji fsm transition seq=189 elapsed_ms=67435 trigger="ImeOn(gji_idle_ms=23594)" state_before="OnCold(Short)" state_after="OnCold(Short)"
2026-09-19T23:16:55.932347Z DEBUG awase_windows::observer::ime_observer: IME snapshot: japanese=Some(true) ime_on=None romaji=None conv=None guard=false
2026-09-19T23:16:55.932412Z DEBUG awase_windows::runtime::ime_refresh: ObserverPoll +0ms since focus: detection failed (miss=1), stale ime_on=true mode=ObservedRomaji
2026-09-19T23:16:55.936983Z DEBUG awase_windows::ime_diagnostic: [ime-diag] label=focus_changed t=335849984 hwnd=0x0 pid=0 tid=41312 class="" hkl=04110411 lang=0411 imm_bridge=true imc_open=- imc_conv=- shadow_on=false shadow_romaji=false shadow_jp=false inject=Unknown dt_focus_ms=- dt_activity_ms=-
2026-09-19T23:16:55.937081Z DEBUG awase_windows::runtime::ime_refresh: [composition] focus change → marking cold
2026-09-19T23:16:55.937145Z DEBUG awase_windows::tsf::probe: [composition] marked cold reason=FocusChange idle=27656ms → next VK/TSF output will send VK_DBE_HIRAGANA warmup
2026-09-19T23:16:55.937276Z DEBUG gji_on_event{event=FocusChange { injection_mode: Unicode, gji_idle_ms: 23594 }}: awase_windows::tsf::gji_fsm: [gji-fsm] FocusChange gji_idle=23594ms → Long
2026-09-19T23:16:55.937396Z DEBUG awase_windows::platform: [gji-fsm] CancelProbe probe_id=ProbeId(4)
2026-09-19T23:16:55.937436Z DEBUG awase_windows::platform: [gji-fsm] StartProbe probe_id=ProbeId(5) forces_f2=true long=true
2026-09-19T23:16:55.937481Z DEBUG awase_windows::platform: [gji-fsm] Unicode long-cold StartProbe: VK_IME_OFF→VK_IME_ON reinit (chars なし)
2026-09-19T23:16:55.937590Z DEBUG awase_windows::output::probe_io: [chrome-reinit] cold=0 VK_IME_OFF→VK_IME_ON 強制リセット送信 + IMC ポーリング開始 (write_bytes_baseline=185766443)
2026-09-19T23:16:55.937669Z DEBUG awase_windows::shadow_send_trace: [shadow-send] channel=SendInput kind=kanji_marker vk=[1A, 16] issue_us=67441783
2026-09-19T23:16:55.948313Z DEBUG awase_windows::hook: [hook] IME-mode vk=0x1A down self_injected=true injected=true scan=0x0 extra=0x4B45594A since_actuation_us=Some(10659)
2026-09-19T23:16:55.968356Z DEBUG awase_windows::hook: [hook] IME-mode vk=0x1A up self_injected=true injected=true scan=0x0 extra=0x4B45594A since_actuation_us=Some(30702)
2026-09-19T23:16:55.983232Z DEBUG awase_windows::hook: [hook] IME-mode vk=0x16 down self_injected=true injected=true scan=0x0 extra=0x4B45594A since_actuation_us=Some(45579)
2026-09-19T23:16:55.990830Z DEBUG awase_windows::hook: [hook] IME-mode vk=0x16 up self_injected=true injected=true scan=0x0 extra=0x4B45594A since_actuation_us=Some(53166)
2026-09-19T23:16:55.995939Z DEBUG awase_windows::tsf::ime_mode_fsm: [ime-mode] VK_IME_OFF 送信 → Off (belief, unconfirmed)
2026-09-19T23:16:55.996017Z DEBUG awase_windows::tsf::ime_mode_fsm: [ime-mode] VK_IME_ON 送信 → Hiragana (belief, unconfirmed)
2026-09-19T23:16:55.997062Z DEBUG awase_windows::tsf::ime_mode_fsm: [ime-mode] FocusChange (0ms after VK send) → confirmed=false のみ（state=Hiragana 維持）
2026-09-19T23:16:55.997223Z DEBUG awase::journal: gji fsm transition seq=190 elapsed_ms=67442 trigger="FocusChange(gji_idle_ms=23594)" state_before="OnCold(Short)" state_after="OnCold(Long)"
2026-09-19T23:16:55.997344Z DEBUG awase::journal: tsf probe completed seq=191 elapsed_ms=67442 outcome="Canceled" cold_seq=18446744073709551615 cold_seq_present=false probe_id=4 probe_id_present=true duration_ms=23609 tick_count=0 gji_state="OnCold(Long)"
2026-09-19T23:16:55.997375Z DEBUG awase::journal: tsf probe started seq=192 elapsed_ms=67442 source="GjiAction::StartProbe" cold_seq=0 probe_id=5 probe_id_present=true gji_state="OnCold(Long)" consecutive_at_start=0 pending_deferred_len=0
2026-09-19T23:16:55.997407Z DEBUG awase::journal: gji fsm transition seq=193 elapsed_ms=67501 trigger="WarmupComplete(unicode)" state_before="OnCold(Long)" state_after="OnWarm"
2026-09-19T23:16:55.997425Z DEBUG awase::journal: tsf probe completed seq=194 elapsed_ms=67501 outcome="UnicodeImmediate" cold_seq=18446744073709551615 cold_seq_present=false probe_id=5 probe_id_present=true duration_ms=62 tick_count=0 gji_state="OnWarm"
2026-09-19T23:16:55.997499Z DEBUG awase_windows::runtime::ime_refresh: [composition] FocusChange: send_eager_tsf_warmup called (ime_on via warmup_ime_on())
2026-09-19T23:16:55.998319Z DEBUG awase::journal: hook ime-mode diagnostic seq=195 elapsed_ms=67503 vk_code=26 is_down=true self_injected=true injected=true scan=0
2026-09-19T23:16:55.998349Z DEBUG awase::journal: hook ime-mode diagnostic seq=196 elapsed_ms=67503 vk_code=26 is_down=false self_injected=true injected=true scan=0
2026-09-19T23:16:55.998370Z DEBUG awase::journal: hook ime-mode diagnostic seq=197 elapsed_ms=67503 vk_code=22 is_down=true self_injected=true injected=true scan=0
2026-09-19T23:16:55.998391Z DEBUG awase::journal: hook ime-mode diagnostic seq=198 elapsed_ms=67503 vk_code=22 is_down=false self_injected=true injected=true scan=0
2026-09-19T23:16:56.001970Z DEBUG awase_windows::ime: [idle-conv-check-diag] focused_hwnd=HWND(0xbb1c7a) ime_wnd=Some(HWND(0xfb125c))
2026-09-19T23:16:56.003444Z DEBUG awase_windows::tsf::gji_monitor: [gji-io] WRITE: w_ops=+3 w_KB=+0.0 (r_ops=+6 x_ops=+6 x_KB=+0.0)
2026-09-19T23:16:56.010606Z DEBUG awase::journal: ime event seq=199 elapsed_ms=67515 event_kind="ObserverReported"
2026-09-19T23:16:56.010682Z DEBUG awase_windows::runtime::focus_tracking: [ImmCrossProbe/focus] child-hwnd IME=true → High confidence 観測記録
2026-09-19T23:16:56.012954Z  INFO awase_windows::output::probe_io: [chrome-reinit] cold=0 GJI write_bytes 上昇検出: tick=#0 delta=+22B (+0.0KB)
2026-09-19T23:16:56.016052Z DEBUG awase_windows::ime: [idle-conv-check-diag] focused_hwnd=HWND(0xbb1c7a) ime_wnd=Some(HWND(0xfb125c))
2026-09-19T23:16:56.017990Z DEBUG awase_windows::output::probe_io: [chrome-reinit] cold=0 IMC poll #0: conv=0x00000009 NATIVE=true write_delta=+22B
2026-09-19T23:16:56.018031Z DEBUG awase_windows::output::probe_io: [chrome-reinit] cold=0 stale focus_gen=2 → ポーリング終了
2026-09-19T23:16:56.018045Z  INFO awase_windows::output::probe_io: [chrome-reinit] cold=0 ポーリング完了: total_write_delta=+22B first_write_tick=Some(1)
2026-09-19T23:16:56.018700Z DEBUG awase_windows::tsf::gji_monitor: [gji-io] WRITE: w_ops=+2 w_KB=+0.0 (r_ops=+4 x_ops=+4 x_KB=+0.0)
2026-09-19T23:16:56.065586Z DEBUG awase_windows::runtime: [focus-sync] hwnd=0xE11FB8 class="RICHEDIT50W" app_kind=Win32 hint=Default → mode=Unicode
2026-09-19T23:16:56.065709Z DEBUG awase_windows::tsf::tsf_gate: [tsf-gate] focus change → PendingWarmup (held cleared)
2026-09-19T23:16:56.127430Z DEBUG awase_windows::runtime: [focus-sync] hwnd=0xBB1C7A class="Edit" app_kind=Win32 hint=Default → mode=Unicode
2026-09-19T23:16:56.127592Z DEBUG awase_windows::output: [tsf-gate] focus change while PendingWarmup — held バッファを保持して再初期化スキップ (Chrome等の連続フォーカスイベント対策)
2026-09-19T23:16:56.153928Z DEBUG apply_focus_probe_result: awase_windows::runtime::focus_tracking: Focus kind changed: Undetermined → TextInput (reason=KnownTextClass(Edit))
2026-09-19T23:16:56.154107Z DEBUG apply_focus_probe_result:reduce: awase_windows::state::observation_store: [focus-hwnd-track] update_focus_window: current_fence.hwnd HwndId(16652534) -> HwndId(12262522)
2026-09-19T23:16:56.154159Z DEBUG apply_focus_probe_result: awase::journal: ime event seq=200 elapsed_ms=67658 event_kind="FocusHwndUpdated"
2026-09-19T23:16:56.154198Z DEBUG apply_focus_probe_result: awase::journal: focus transition seq=201 elapsed_ms=67658 changed_process=false changed_window=true changed_app_kind=false changed_focus_kind=true dwell_ms=219 profile="ImmCross"
2026-09-19T23:16:56.154521Z DEBUG awase_windows::state::observation_store: [identity-gate] hwnd不一致で除外: source=ImmCrossProbe obs_hwnd=HwndId(16652534) current_hwnd=HwndId(12262522) confidence=High
2026-09-19T23:16:56.154540Z DEBUG awase_windows::state::observation_store: [identity-gate] hwnd不一致で除外: source=ImmCrossProbe obs_hwnd=HwndId(16652534) current_hwnd=HwndId(12262522) confidence=High
2026-09-19T23:16:56.154635Z DEBUG awase_windows::state::observation_store: [identity-gate] hwnd不一致で除外: source=ImmCrossProbe obs_hwnd=HwndId(16652534) current_hwnd=HwndId(12262522) confidence=High
2026-09-19T23:16:56.154651Z DEBUG awase_windows::state::observation_store: [identity-gate] hwnd不一致で除外: source=ImmCrossProbe obs_hwnd=HwndId(16652534) current_hwnd=HwndId(12262522) confidence=High
2026-09-19T23:16:56.154679Z DEBUG awase_windows::observer::ime_observer: IME snapshot: japanese=Some(true) ime_on=Some(true) romaji=None conv=Some("0x00000009") guard=false
2026-09-19T23:16:56.154764Z DEBUG awase::journal: ime event seq=202 elapsed_ms=67659 event_kind="ObserverReported"
2026-09-19T23:16:56.154792Z DEBUG awase_windows::state::observation_store: [identity-gate] hwnd不一致で除外: source=ImmCrossProbe obs_hwnd=HwndId(16652534) current_hwnd=HwndId(12262522) confidence=High
2026-09-19T23:16:56.154811Z DEBUG awase_windows::state::observation_store: [identity-gate] hwnd不一致で除外: source=ImmCrossProbe obs_hwnd=HwndId(16652534) current_hwnd=HwndId(12262522) confidence=High
2026-09-19T23:16:56.154923Z DEBUG awase_windows::state::observation_store: [identity-gate] hwnd不一致で除外: source=ImmCrossProbe obs_hwnd=HwndId(16652534) current_hwnd=HwndId(12262522) confidence=High
2026-09-19T23:16:56.154961Z DEBUG awase_windows::state::observation_store: [identity-gate] hwnd不一致で除外: source=ImmCrossProbe obs_hwnd=HwndId(16652534) current_hwnd=HwndId(12262522) confidence=High
2026-09-19T23:16:56.423880Z DEBUG awase_windows::hook: [hook] IME-mode vk=0xF2 down self_injected=false injected=false scan=0x70 extra=0x5350494B since_actuation_us=Some(486234)
2026-09-19T23:16:56.423988Z DEBUG awase::journal: hook ime-mode diagnostic seq=203 elapsed_ms=67928 vk_code=242 is_down=true self_injected=false injected=false scan=112
2026-09-19T23:16:56.424065Z DEBUG awase_windows::state::observation_store: [identity-gate] hwnd不一致で除外: source=ImmCrossProbe obs_hwnd=HwndId(16652534) current_hwnd=HwndId(12262522) confidence=High
2026-09-19T23:16:56.424079Z DEBUG awase_windows::state::observation_store: [identity-gate] hwnd不一致で除外: source=ImmCrossProbe obs_hwnd=HwndId(16652534) current_hwnd=HwndId(12262522) confidence=High
2026-09-19T23:16:56.424191Z DEBUG awase_windows::state::observation_store: [identity-gate] hwnd不一致で除外: source=ImmCrossProbe obs_hwnd=HwndId(16652534) current_hwnd=HwndId(12262522) confidence=High
2026-09-19T23:16:56.424199Z DEBUG awase_windows::state::observation_store: [identity-gate] hwnd不一致で除外: source=ImmCrossProbe obs_hwnd=HwndId(16652534) current_hwnd=HwndId(12262522) confidence=High
2026-09-19T23:16:56.424210Z  INFO awase_windows::runtime::key_pipeline: [shadow-toggle] intent 昇格: vk=0xF2 scan=0x70 action=TurnOn kind=PhysicalImeKey injected=false true→true w_ops0=110214 x_ops0=244327 x_KB0=23.6
2026-09-19T23:16:56.424229Z DEBUG awase::journal: ime event seq=204 elapsed_ms=67929 event_kind="UserImeSetIntent"
2026-09-19T23:16:56.424242Z DEBUG awase_windows::runtime::key_pipeline: [shadow-toggle] no-op: vk=0xF2 action=TurnOn source=PhysicalImeKey effective_open は既に true → apply-ime 見送り
2026-09-19T23:16:56.424257Z DEBUG awase_windows::runtime::key_pipeline: [engine-input] vk=0xF2 KeyDown ts=67928128us delay=0ms state=Idle mods(c=false s=false a=false w=false) gas_ctrl=false phys_ctrl=false extra=0x5350494B pending_drain=0 gate_active=false l_thumb=None r_thumb=None [diag-ctx] ime_o
2026-09-19T23:16:56.424304Z DEBUG awase::journal: key input seq=205 elapsed_ms=67929 vk_code=242 is_down=true injected=false key_class="Passthrough" state_before="Idle" state_after="Idle" decision="PassThrough" physical="Allow" repeat_count=1 last_timestamp_us=67928128 last_elapsed_ms=0
2026-09-19T23:16:56.424336Z DEBUG awase_windows::runtime::key_pipeline: may_change_ime key passed through → IME refresh scheduled (20ms)
2026-09-19T23:16:56.424369Z DEBUG execute_from_hook: awase_windows::runtime::executor: [relay-passthrough] PassThrough idle: direct OS pass-through (vk=0xf2 down)
2026-09-19T23:16:56.424475Z DEBUG execute_one{generation=None}: awase_windows::runtime::executor: [reinject] vk=0xf2 down (queued passthrough now firing)
2026-09-19T23:16:56.427675Z DEBUG awase_windows::hook: [hook] IME-mode vk=0xF2 down self_injected=true injected=true scan=0x0 extra=0x4B45594D since_actuation_us=Some(490045)
2026-09-19T23:16:56.429679Z DEBUG awase::journal: hook ime-mode diagnostic seq=206 elapsed_ms=67934 vk_code=242 is_down=true self_injected=true injected=true scan=0
2026-09-19T23:16:56.429977Z DEBUG awase::journal: ime event seq=207 elapsed_ms=67934 event_kind="ObserverReported"
2026-09-19T23:16:56.430030Z  INFO awase_windows::runtime::key_pipeline: FocusProbe +16ms: ime_on=true mode=ObservedRomaji [ime=GoogleJapaneseInput sig1=false gji_io=422ms sig2=false]
2026-09-19T23:16:56.433716Z DEBUG awase::journal: ime event seq=208 elapsed_ms=67938 event_kind="ObserverReported"
2026-09-19T23:16:56.433730Z DEBUG awase_windows::runtime::key_pipeline: [ImmCrossProbe] child-hwnd IME=true → High confidence 観測記録
2026-09-19T23:16:56.433750Z DEBUG awase_windows::observer::ime_observer: IME snapshot: japanese=Some(true) ime_on=Some(true) romaji=None conv=Some("0x00000010") guard=false
2026-09-19T23:16:56.433764Z DEBUG awase::journal: ime event seq=209 elapsed_ms=67938 event_kind="InputModeObserved"
2026-09-19T23:16:56.437874Z DEBUG awase_windows::tsf::gji_monitor: [gji-io] WRITE: w_ops=+2 w_KB=+0.0 (r_ops=+4 x_ops=+4 x_KB=+0.0)
2026-09-19T23:16:56.457154Z DEBUG awase_windows::runtime::ime_refresh: Explicit intent: bypassing typing-idle guard for IME verify (idle=32ms)
2026-09-19T23:16:56.457200Z DEBUG awase_windows::observer::ime_observer: IME snapshot: japanese=Some(true) ime_on=Some(true) romaji=None conv=Some("0x00000010") guard=false
2026-09-19T23:16:56.457282Z DEBUG awase::journal: ime event seq=210 elapsed_ms=67962 event_kind="ObserverReported"
2026-09-19T23:16:56.457342Z DEBUG awase::engine::engine: [diag-engine-active] ime_on=true なのに非活性: reason=Inactive(NotRomajiInput) romaji_capable=false japanese=true user_enabled=true was_active=true input_mode=ObservedEisu
2026-09-19T23:16:56.457388Z  INFO awase::engine::engine: Engine deactivated (ime=true, romaji=false, japanese=true, user=true, reason=Inactive(NotRomajiInput))
2026-09-19T23:16:57.110223Z DEBUG awase_windows::runtime::message_handlers: [drain] vk=0x4B KeyDown
2026-09-19T23:16:57.110230Z DEBUG awase_windows::runtime::message_handlers: [output-drain] replay vk=0x4B KeyDown event_ts=68614075us now=68614383us delta=0ms
2026-09-19T23:16:57.110266Z DEBUG awase_windows::runtime::key_pipeline: [engine-input] vk=0x4B KeyDown ts=68614075us delay=0ms state=Idle mods(c=false s=false a=false w=false) gas_ctrl=false phys_ctrl=false extra=0x5350494B pending_drain=0 gate_active=false l_thumb=None r_thumb=None [diag-ctx] ime_o
2026-09-19T23:16:57.110284Z DEBUG awase::engine::engine: [diag-engine-active] ime_on=true なのに非活性: reason=Inactive(NotRomajiInput) romaji_capable=false japanese=true user_enabled=true was_active=false input_mode=ObservedEisu
2026-09-19T23:16:57.110317Z DEBUG awase::journal: key input seq=211 elapsed_ms=68615 vk_code=75 is_down=true injected=false key_class="Char" state_before="Idle" state_after="Idle" decision="PassThrough" physical="Allow" repeat_count=1 last_timestamp_us=68614075 last_elapsed_ms=0
2026-09-19T23:16:57.110361Z DEBUG awase_windows::runtime::message_handlers: [output-drain] PassThrough → enqueue ReinjectKey vk=0x4B KeyDown (drain has no hook→OS path)
2026-09-19T23:16:57.110385Z DEBUG execute_one{generation=None}: awase_windows::runtime::executor: [reinject] vk=0x4b down (queued passthrough now firing)
2026-09-19T23:16:57.124102Z DEBUG awase_windows::tsf::gji_monitor: [gji-io] WRITE: w_ops=+2 w_KB=+0.4 (r_ops=+4 x_ops=+4 x_KB=+0.0)
2026-09-19T23:16:57.124679Z  INFO awase_windows::tsf::win_event_obs: [gji-obs] candidate SHOW #8: last_gji_write=0ms ago
2026-09-19T23:16:57.295730Z DEBUG awase_windows::runtime::key_pipeline: [engine-input] vk=0x4B KeyUp ts=68799629us delay=0ms state=Idle mods(c=false s=false a=false w=false) gas_ctrl=false phys_ctrl=false extra=0x5350494B pending_drain=0 gate_active=false l_thumb=None r_thumb=None [diag-ctx] ime_on=
2026-09-19T23:16:57.295769Z DEBUG awase::engine::engine: [diag-engine-active] ime_on=true なのに非活性: reason=Inactive(NotRomajiInput) romaji_capable=false japanese=true user_enabled=true was_active=false input_mode=ObservedEisu
2026-09-19T23:16:57.295819Z DEBUG awase::journal: key input seq=212 elapsed_ms=68800 vk_code=75 is_down=false injected=false key_class="Char" state_before="Idle" state_after="Idle" decision="PassThrough" physical="Allow" repeat_count=1 last_timestamp_us=68799629 last_elapsed_ms=0
2026-09-19T23:16:57.295919Z DEBUG execute_one{generation=None}: awase_windows::runtime::executor: [reinject] vk=0x4b up (queued passthrough now firing)
2026-09-19T23:16:57.298634Z DEBUG awase_windows::platform: [gji-fsm] StartComposition (candidate SHOW)
2026-09-19T23:16:57.298650Z DEBUG gji_on_event{event=StartComposition}: awase_windows::tsf::gji_fsm: [gji-fsm] StartComposition: OnWarm → OnComposing(AlreadyWarm)
2026-09-19T23:16:57.298693Z DEBUG awase::journal: gji fsm transition seq=213 elapsed_ms=68803 trigger="StartComposition(candidate SHOW)" state_before="OnWarm" state_after="OnComposing(Warm)"
2026-09-19T23:16:57.775063Z DEBUG awase_windows::runtime::key_pipeline: [engine-input] vk=0x1B KeyDown ts=69278940us delay=0ms state=Idle mods(c=false s=false a=false w=false) gas_ctrl=false phys_ctrl=false extra=0x5350494B pending_drain=0 gate_active=false l_thumb=None r_thumb=None [diag-ctx] ime_o
2026-09-19T23:16:57.775116Z DEBUG awase::engine::engine: [diag-engine-active] ime_on=true なのに非活性: reason=Inactive(NotRomajiInput) romaji_capable=false japanese=true user_enabled=true was_active=false input_mode=ObservedEisu
2026-09-19T23:16:57.775184Z DEBUG awase::journal: key input seq=214 elapsed_ms=69279 vk_code=27 is_down=true injected=false key_class="Passthrough" state_before="Idle" state_after="Idle" decision="PassThrough" physical="Allow" repeat_count=1 last_timestamp_us=69278940 last_elapsed_ms=0
2026-09-19T23:16:57.775276Z DEBUG execute_from_hook: awase_windows::runtime::executor: [relay-passthrough] PassThrough idle: direct OS pass-through (vk=0x1b down)
2026-09-19T23:16:57.775359Z DEBUG execute_one{generation=None}: awase_windows::runtime::executor: [reinject] vk=0x1b down (queued passthrough now firing)
2026-09-19T23:16:57.777671Z DEBUG awase_windows::runtime::key_pipeline: [engine-input] vk=0x1B KeyUp ts=69281721us delay=0ms state=Idle mods(c=false s=false a=false w=false) gas_ctrl=false phys_ctrl=false extra=0x5350494B pending_drain=0 gate_active=false l_thumb=None r_thumb=None [diag-ctx] ime_on=
2026-09-19T23:16:57.777740Z DEBUG awase::engine::engine: [diag-engine-active] ime_on=true なのに非活性: reason=Inactive(NotRomajiInput) romaji_capable=false japanese=true user_enabled=true was_active=false input_mode=ObservedEisu
2026-09-19T23:16:57.777772Z DEBUG awase::journal: key input seq=215 elapsed_ms=69282 vk_code=27 is_down=false injected=false key_class="Passthrough" state_before="Idle" state_after="Idle" decision="PassThrough" physical="Allow" repeat_count=1 last_timestamp_us=69281721 last_elapsed_ms=0
2026-09-19T23:16:57.777814Z DEBUG execute_from_hook: awase_windows::runtime::executor: [relay-passthrough] PassThrough idle: direct OS pass-through (vk=0x1b up)
2026-09-19T23:16:57.777843Z DEBUG execute_one{generation=None}: awase_windows::runtime::executor: [reinject] vk=0x1b up (queued passthrough now firing)
2026-09-19T23:16:57.788254Z  INFO awase_windows::tsf::win_event_obs: [gji-obs] candidate HIDE: last_gji_write=672ms ago
2026-09-19T23:16:57.794246Z DEBUG awase_windows::tsf::gji_monitor: [gji-io] WRITE: w_ops=+2 w_KB=+0.4 (r_ops=+4 x_ops=+4 x_KB=+0.0)
2026-09-19T23:16:59.611147Z DEBUG awase_windows::runtime::key_pipeline: [shadow-toggle] vk=0x1DはFSM delegate所有 → belief書き込み/actuationをスキップ w_ops0=110220 x_ops0=244339 x_KB0=23.6
2026-09-19T23:16:59.611171Z DEBUG awase_windows::runtime::key_pipeline: [shadow-toggle] no-op: vk=0x1D action=Toggle source=PhysicalImeKey effective_open は既に true → apply-ime 見送り
2026-09-19T23:16:59.611191Z DEBUG awase_windows::runtime::key_pipeline: [engine-input] vk=0x1D KeyDown ts=71115127us delay=0ms state=Idle mods(c=false s=false a=false w=false) gas_ctrl=false phys_ctrl=false extra=0x5350494B pending_drain=0 gate_active=false l_thumb=Some(71115116) r_thumb=None [diag-
2026-09-19T23:16:59.611218Z DEBUG awase::engine::engine: [diag-engine-active] ime_on=true なのに非活性: reason=Inactive(NotRomajiInput) romaji_capable=false japanese=true user_enabled=true was_active=false input_mode=ObservedEisu
2026-09-19T23:16:59.611273Z DEBUG awase::journal: key input seq=216 elapsed_ms=71116 vk_code=29 is_down=true injected=false key_class="LeftThumb" state_before="Idle" state_after="Idle" decision="PassThrough" physical="Allow" repeat_count=1 last_timestamp_us=71115127 last_elapsed_ms=0
2026-09-19T23:16:59.611379Z DEBUG execute_one{generation=None}: awase_windows::runtime::executor: [reinject] vk=0x1d down (queued passthrough now firing)
2026-09-19T23:16:59.615906Z DEBUG awase_windows::platform: [gji-fsm] EndComposition (candidate HIDE) epoch=FocusEpoch(8)
2026-09-19T23:16:59.615990Z DEBUG awase::journal: gji fsm transition seq=217 elapsed_ms=71120 trigger="EndComposition(candidate HIDE, epoch=FocusEpoch(8))" state_before="OnComposing(Warm)" state_after="OnWarm"
2026-09-19T23:16:59.625636Z DEBUG awase_windows::tsf::gji_monitor: [gji-io] WRITE: w_ops=+2 w_KB=+0.0 (r_ops=+4 x_ops=+4 x_KB=+0.0)
2026-09-19T23:16:59.737165Z DEBUG awase_windows::runtime::key_pipeline: [engine-input] vk=0x1D KeyUp ts=71241051us delay=0ms state=Idle mods(c=false s=false a=false w=false) gas_ctrl=false phys_ctrl=false extra=0x5350494B pending_drain=0 gate_active=false l_thumb=None r_thumb=None [diag-ctx] ime_on=
2026-09-19T23:16:59.737216Z DEBUG awase::engine::engine: [diag-engine-active] ime_on=true なのに非活性: reason=Inactive(NotRomajiInput) romaji_capable=false japanese=true user_enabled=true was_active=false input_mode=ObservedEisu
2026-09-19T23:16:59.737294Z DEBUG awase::journal: key input seq=218 elapsed_ms=71242 vk_code=29 is_down=false injected=false key_class="LeftThumb" state_before="Idle" state_after="Idle" decision="PassThrough" physical="Allow" repeat_count=1 last_timestamp_us=71241051 last_elapsed_ms=0
2026-09-19T23:16:59.737442Z DEBUG execute_one{generation=None}: awase_windows::runtime::executor: [reinject] vk=0x1d up (queued passthrough now firing)
2026-09-19T23:17:00.294160Z DEBUG awase_windows::runtime::key_pipeline: [engine-input] vk=0x4B KeyDown ts=71798102us delay=0ms state=Idle mods(c=false s=false a=false w=false) gas_ctrl=false phys_ctrl=false extra=0x5350494B pending_drain=0 gate_active=false l_thumb=None r_thumb=None [diag-ctx] ime_o
2026-09-19T23:17:00.294201Z DEBUG awase::engine::engine: [diag-engine-active] ime_on=true なのに非活性: reason=Inactive(NotRomajiInput) romaji_capable=false japanese=true user_enabled=true was_active=false input_mode=ObservedEisu
2026-09-19T23:17:00.294250Z DEBUG awase::journal: key input seq=219 elapsed_ms=71799 vk_code=75 is_down=true injected=false key_class="Char" state_before="Idle" state_after="Idle" decision="PassThrough" physical="Allow" repeat_count=1 last_timestamp_us=71798102 last_elapsed_ms=0
2026-09-19T23:17:00.294341Z DEBUG execute_one{generation=None}: awase_windows::runtime::executor: [reinject] vk=0x4b down (queued passthrough now firing)
2026-09-19T23:17:00.481750Z DEBUG awase_windows::runtime::key_pipeline: [engine-input] vk=0x4B KeyUp ts=71985696us delay=0ms state=Idle mods(c=false s=false a=false w=false) gas_ctrl=false phys_ctrl=false extra=0x5350494B pending_drain=0 gate_active=false l_thumb=None r_thumb=None [diag-ctx] ime_on=
2026-09-19T23:17:00.481797Z DEBUG awase::engine::engine: [diag-engine-active] ime_on=true なのに非活性: reason=Inactive(NotRomajiInput) romaji_capable=false japanese=true user_enabled=true was_active=false input_mode=ObservedEisu
2026-09-19T23:17:00.481870Z DEBUG awase::journal: key input seq=220 elapsed_ms=71986 vk_code=75 is_down=false injected=false key_class="Char" state_before="Idle" state_after="Idle" decision="PassThrough" physical="Allow" repeat_count=1 last_timestamp_us=71985696 last_elapsed_ms=0
2026-09-19T23:17:00.482070Z DEBUG execute_one{generation=None}: awase_windows::runtime::executor: [reinject] vk=0x4b up (queued passthrough now firing)
2026-09-19T23:17:00.791583Z DEBUG awase_windows::runtime::key_pipeline: [engine-input] vk=0x1B KeyDown ts=72295419us delay=0ms state=Idle mods(c=false s=false a=false w=false) gas_ctrl=false phys_ctrl=false extra=0x5350494B pending_drain=0 gate_active=false l_thumb=None r_thumb=None [diag-ctx] ime_o
2026-09-19T23:17:00.791648Z DEBUG awase::engine::engine: [diag-engine-active] ime_on=true なのに非活性: reason=Inactive(NotRomajiInput) romaji_capable=false japanese=true user_enabled=true was_active=false input_mode=ObservedEisu
2026-09-19T23:17:00.791731Z DEBUG awase::journal: key input seq=221 elapsed_ms=72296 vk_code=27 is_down=true injected=false key_class="Passthrough" state_before="Idle" state_after="Idle" decision="PassThrough" physical="Allow" repeat_count=1 last_timestamp_us=72295419 last_elapsed_ms=0
2026-09-19T23:17:00.791835Z DEBUG execute_from_hook: awase_windows::runtime::executor: [relay-passthrough] PassThrough idle: direct OS pass-through (vk=0x1b down)
2026-09-19T23:17:00.791921Z DEBUG execute_one{generation=None}: awase_windows::runtime::executor: [reinject] vk=0x1b down (queued passthrough now firing)
2026-09-19T23:17:00.930290Z DEBUG awase_windows::runtime::key_pipeline: [engine-input] vk=0x1B KeyUp ts=72434013us delay=0ms state=Idle mods(c=false s=false a=false w=false) gas_ctrl=false phys_ctrl=false extra=0x5350494B pending_drain=0 gate_active=false l_thumb=None r_thumb=None [diag-ctx] ime_on=
2026-09-19T23:17:00.930377Z DEBUG awase::engine::engine: [diag-engine-active] ime_on=true なのに非活性: reason=Inactive(NotRomajiInput) romaji_capable=false japanese=true user_enabled=true was_active=false input_mode=ObservedEisu
2026-09-19T23:17:00.930504Z DEBUG awase::journal: key input seq=222 elapsed_ms=72435 vk_code=27 is_down=false injected=false key_class="Passthrough" state_before="Idle" state_after="Idle" decision="PassThrough" physical="Allow" repeat_count=1 last_timestamp_us=72434013 last_elapsed_ms=0
2026-09-19T23:17:00.930672Z DEBUG execute_from_hook: awase_windows::runtime::executor: [relay-passthrough] PassThrough idle: direct OS pass-through (vk=0x1b up)
2026-09-19T23:17:00.930817Z DEBUG execute_one{generation=None}: awase_windows::runtime::executor: [reinject] vk=0x1b up (queued passthrough now firing)
2026-09-19T23:17:02.803041Z DEBUG awase_windows::runtime::key_pipeline: [shadow-toggle] vk=0x1DはFSM delegate所有 → belief書き込み/actuationをスキップ w_ops0=110222 x_ops0=244343 x_KB0=23.6
2026-09-19T23:17:02.803077Z DEBUG awase_windows::runtime::key_pipeline: [shadow-toggle] no-op: vk=0x1D action=Toggle source=PhysicalImeKey effective_open は既に true → apply-ime 見送り
2026-09-19T23:17:02.803109Z DEBUG awase_windows::runtime::key_pipeline: [engine-input] vk=0x1D KeyDown ts=74306846us delay=0ms state=Idle mods(c=false s=false a=false w=false) gas_ctrl=false phys_ctrl=false extra=0x5350494B pending_drain=0 gate_active=false l_thumb=Some(74306835) r_thumb=None [diag-
2026-09-19T23:17:02.803144Z DEBUG awase::engine::engine: [diag-engine-active] ime_on=true なのに非活性: reason=Inactive(NotRomajiInput) romaji_capable=false japanese=true user_enabled=true was_active=false input_mode=ObservedEisu
2026-09-19T23:17:02.803221Z DEBUG awase::journal: key input seq=223 elapsed_ms=74308 vk_code=29 is_down=true injected=false key_class="LeftThumb" state_before="Idle" state_after="Idle" decision="PassThrough" physical="Allow" repeat_count=1 last_timestamp_us=74306846 last_elapsed_ms=0
2026-09-19T23:17:02.803382Z DEBUG execute_one{generation=None}: awase_windows::runtime::executor: [reinject] vk=0x1d down (queued passthrough now firing)
2026-09-19T23:17:02.815239Z DEBUG awase_windows::tsf::gji_monitor: [gji-io] WRITE: w_ops=+2 w_KB=+0.0 (r_ops=+4 x_ops=+4 x_KB=+0.0)
2026-09-19T23:17:02.924635Z DEBUG awase_windows::runtime::key_pipeline: [engine-input] vk=0x1D KeyUp ts=74428444us delay=0ms state=Idle mods(c=false s=false a=false w=false) gas_ctrl=false phys_ctrl=false extra=0x5350494B pending_drain=0 gate_active=false l_thumb=None r_thumb=None [diag-ctx] ime_on=
2026-09-19T23:17:02.924680Z DEBUG awase::engine::engine: [diag-engine-active] ime_on=true なのに非活性: reason=Inactive(NotRomajiInput) romaji_capable=false japanese=true user_enabled=true was_active=false input_mode=ObservedEisu
2026-09-19T23:17:02.924746Z DEBUG awase::journal: key input seq=224 elapsed_ms=74429 vk_code=29 is_down=false injected=false key_class="LeftThumb" state_before="Idle" state_after="Idle" decision="PassThrough" physical="Allow" repeat_count=1 last_timestamp_us=74428444 last_elapsed_ms=0
2026-09-19T23:17:02.924876Z DEBUG execute_one{generation=None}: awase_windows::runtime::executor: [reinject] vk=0x1d up (queued passthrough now firing)
2026-09-19T23:17:03.483365Z DEBUG awase_windows::runtime::key_pipeline: [engine-input] vk=0x4B KeyDown ts=74987027us delay=0ms state=Idle mods(c=false s=false a=false w=false) gas_ctrl=false phys_ctrl=false extra=0x5350494B pending_drain=0 gate_active=false l_thumb=None r_thumb=None [diag-ctx] ime_o
2026-09-19T23:17:03.483433Z DEBUG awase::engine::engine: [diag-engine-active] ime_on=true なのに非活性: reason=Inactive(NotRomajiInput) romaji_capable=false japanese=true user_enabled=true was_active=false input_mode=ObservedEisu
2026-09-19T23:17:03.483593Z DEBUG awase::journal: key input seq=225 elapsed_ms=74988 vk_code=75 is_down=true injected=false key_class="Char" state_before="Idle" state_after="Idle" decision="PassThrough" physical="Allow" repeat_count=1 last_timestamp_us=74987027 last_elapsed_ms=0
2026-09-19T23:17:03.483798Z DEBUG execute_one{generation=None}: awase_windows::runtime::executor: [reinject] vk=0x4b down (queued passthrough now firing)
2026-09-19T23:17:03.494913Z DEBUG awase_windows::tsf::gji_monitor: [gji-io] WRITE: w_ops=+2 w_KB=+0.4 (r_ops=+4 x_ops=+4 x_KB=+0.0)
2026-09-19T23:17:03.512592Z  INFO awase_windows::tsf::win_event_obs: [gji-obs] candidate SHOW #9: last_gji_write=16ms ago
2026-09-19T23:17:03.668681Z DEBUG awase_windows::runtime::key_pipeline: [engine-input] vk=0x4B KeyUp ts=75172292us delay=0ms state=Idle mods(c=false s=false a=false w=false) gas_ctrl=false phys_ctrl=false extra=0x5350494B pending_drain=0 gate_active=false l_thumb=None r_thumb=None [diag-ctx] ime_on=
2026-09-19T23:17:03.668729Z DEBUG awase::engine::engine: [diag-engine-active] ime_on=true なのに非活性: reason=Inactive(NotRomajiInput) romaji_capable=false japanese=true user_enabled=true was_active=false input_mode=ObservedEisu
2026-09-19T23:17:03.668799Z DEBUG awase::journal: key input seq=226 elapsed_ms=75173 vk_code=75 is_down=false injected=false key_class="Char" state_before="Idle" state_after="Idle" decision="PassThrough" physical="Allow" repeat_count=1 last_timestamp_us=75172292 last_elapsed_ms=0
2026-09-19T23:17:03.669378Z DEBUG execute_one{generation=None}: awase_windows::runtime::executor: [reinject] vk=0x4b up (queued passthrough now firing)
2026-09-19T23:17:03.673672Z DEBUG awase_windows::platform: [gji-fsm] StartComposition (candidate SHOW)
2026-09-19T23:17:03.673708Z DEBUG gji_on_event{event=StartComposition}: awase_windows::tsf::gji_fsm: [gji-fsm] StartComposition: OnWarm → OnComposing(AlreadyWarm)
2026-09-19T23:17:03.673868Z DEBUG awase::journal: gji fsm transition seq=227 elapsed_ms=75178 trigger="StartComposition(candidate SHOW)" state_before="OnWarm" state_after="OnComposing(Warm)"
2026-09-19T23:17:03.982847Z DEBUG awase_windows::runtime::key_pipeline: [engine-input] vk=0x1B KeyDown ts=75486639us delay=0ms state=Idle mods(c=false s=false a=false w=false) gas_ctrl=false phys_ctrl=false extra=0x5350494B pending_drain=0 gate_active=false l_thumb=None r_thumb=None [diag-ctx] ime_o
2026-09-19T23:17:03.982921Z DEBUG awase::engine::engine: [diag-engine-active] ime_on=true なのに非活性: reason=Inactive(NotRomajiInput) romaji_capable=false japanese=true user_enabled=true was_active=false input_mode=ObservedEisu
2026-09-19T23:17:03.983019Z DEBUG awase::journal: key input seq=228 elapsed_ms=75487 vk_code=27 is_down=true injected=false key_class="Passthrough" state_before="Idle" state_after="Idle" decision="PassThrough" physical="Allow" repeat_count=1 last_timestamp_us=75486639 last_elapsed_ms=0
2026-09-19T23:17:03.983154Z DEBUG execute_from_hook: awase_windows::runtime::executor: [relay-passthrough] PassThrough idle: direct OS pass-through (vk=0x1b down)
2026-09-19T23:17:03.983267Z DEBUG execute_one{generation=None}: awase_windows::runtime::executor: [reinject] vk=0x1b down (queued passthrough now firing)
2026-09-19T23:17:03.993437Z DEBUG awase_windows::tsf::gji_monitor: [gji-io] WRITE: w_ops=+2 w_KB=+0.4 (r_ops=+4 x_ops=+4 x_KB=+0.0)
2026-09-19T23:17:03.995776Z  INFO awase_windows::tsf::win_event_obs: [gji-obs] candidate HIDE: last_gji_write=0ms ago
2026-09-19T23:17:04.165248Z DEBUG awase_windows::runtime::key_pipeline: [engine-input] vk=0x1B KeyUp ts=75669179us delay=0ms state=Idle mods(c=false s=false a=false w=false) gas_ctrl=false phys_ctrl=false extra=0x5350494B pending_drain=0 gate_active=false l_thumb=None r_thumb=None [diag-ctx] ime_on=
2026-09-19T23:17:04.165292Z DEBUG awase::engine::engine: [diag-engine-active] ime_on=true なのに非活性: reason=Inactive(NotRomajiInput) romaji_capable=false japanese=true user_enabled=true was_active=false input_mode=ObservedEisu
2026-09-19T23:17:04.165357Z DEBUG awase::journal: key input seq=229 elapsed_ms=75670 vk_code=27 is_down=false injected=false key_class="Passthrough" state_before="Idle" state_after="Idle" decision="PassThrough" physical="Allow" repeat_count=1 last_timestamp_us=75669179 last_elapsed_ms=0
2026-09-19T23:17:04.165432Z DEBUG execute_from_hook: awase_windows::runtime::executor: [relay-passthrough] PassThrough idle: direct OS pass-through (vk=0x1b up)
2026-09-19T23:17:04.165489Z DEBUG execute_one{generation=None}: awase_windows::runtime::executor: [reinject] vk=0x1b up (queued passthrough now firing)
2026-09-19T23:17:04.168108Z DEBUG awase_windows::platform: [gji-fsm] EndComposition (candidate HIDE) epoch=FocusEpoch(9)
2026-09-19T23:17:04.168272Z DEBUG awase::journal: gji fsm transition seq=230 elapsed_ms=75673 trigger="EndComposition(candidate HIDE, epoch=FocusEpoch(9))" state_before="OnComposing(Warm)" state_after="OnWarm"
2026-09-19T23:17:05.986762Z DEBUG awase_windows::hook: [hook] IME-mode vk=0xF0 up self_injected=false injected=false scan=0x70 extra=0x5350494B since_actuation_us=Some(10049116)
2026-09-19T23:17:05.986883Z DEBUG awase::journal: hook ime-mode diagnostic seq=231 elapsed_ms=77491 vk_code=240 is_down=false self_injected=false injected=false scan=112
2026-09-19T23:17:05.987039Z DEBUG awase_windows::runtime::key_pipeline: [engine-input] vk=0xF0 KeyUp ts=77491068us delay=0ms state=Idle mods(c=false s=false a=false w=false) gas_ctrl=false phys_ctrl=false extra=0x5350494B pending_drain=0 gate_active=false l_thumb=None r_thumb=None [diag-ctx] ime_on=
2026-09-19T23:17:05.987061Z DEBUG awase::engine::engine: [diag-engine-active] ime_on=true なのに非活性: reason=Inactive(NotRomajiInput) romaji_capable=false japanese=true user_enabled=true was_active=false input_mode=ObservedEisu
2026-09-19T23:17:05.987080Z DEBUG awase_windows::hook: [hook] IME-mode vk=0xF2 down self_injected=false injected=false scan=0x70 extra=0x5350494B since_actuation_us=Some(10049447)
2026-09-19T23:17:05.987363Z DEBUG awase::journal: key input seq=232 elapsed_ms=77492 vk_code=240 is_down=false injected=false key_class="Passthrough" state_before="Idle" state_after="Idle" decision="PassThrough" physical="Suppress" repeat_count=1 last_timestamp_us=77491068 last_elapsed_ms=0
2026-09-19T23:17:05.987388Z DEBUG awase_windows::runtime::key_pipeline: [imm-cross] key suppress vk=0xf0 KeyUp (physical disposition)
2026-09-19T23:17:05.987414Z DEBUG awase::journal: hook ime-mode diagnostic seq=233 elapsed_ms=77492 vk_code=242 is_down=true self_injected=false injected=false scan=112
2026-09-19T23:17:05.987458Z  INFO awase_windows::runtime::key_pipeline: [shadow-toggle] intent 昇格: vk=0xF2 scan=0x70 action=TurnOn kind=PhysicalImeKey injected=false true→true w_ops0=110228 x_ops0=244355 x_KB0=23.6
2026-09-19T23:17:05.987476Z DEBUG awase::journal: ime event seq=234 elapsed_ms=77492 event_kind="UserImeSetIntent"
2026-09-19T23:17:05.987485Z DEBUG awase_windows::runtime::key_pipeline: [shadow-toggle] no-op: vk=0xF2 action=TurnOn source=PhysicalImeKey effective_open は既に true → apply-ime 見送り
2026-09-19T23:17:05.987495Z DEBUG awase_windows::runtime::key_pipeline: [engine-input] vk=0xF2 KeyDown ts=77491512us delay=0ms state=Idle mods(c=false s=false a=false w=false) gas_ctrl=false phys_ctrl=false extra=0x5350494B pending_drain=0 gate_active=false l_thumb=None r_thumb=None [diag-ctx] ime_o
2026-09-19T23:17:05.987511Z DEBUG awase::engine::engine: [diag-engine-active] ime_on=true なのに非活性: reason=Inactive(NotRomajiInput) romaji_capable=false japanese=true user_enabled=true was_active=false input_mode=ObservedEisu
2026-09-19T23:17:05.987530Z DEBUG awase::journal: key input seq=235 elapsed_ms=77492 vk_code=242 is_down=true injected=false key_class="Passthrough" state_before="Idle" state_after="Idle" decision="PassThrough" physical="Allow" repeat_count=1 last_timestamp_us=77491512 last_elapsed_ms=0
2026-09-19T23:17:05.987554Z DEBUG awase_windows::runtime::key_pipeline: may_change_ime key passed through → IME refresh scheduled (20ms)
2026-09-19T23:17:05.987579Z DEBUG execute_from_hook: awase_windows::runtime::executor: [relay-passthrough] PassThrough idle: direct OS pass-through (vk=0xf2 down)
2026-09-19T23:17:05.987605Z DEBUG execute_one{generation=None}: awase_windows::runtime::executor: [reinject] vk=0xf2 down (queued passthrough now firing)
2026-09-19T23:17:05.989893Z DEBUG awase_windows::hook: [hook] IME-mode vk=0xF0 up self_injected=true injected=false scan=0x0 extra=0x4B45594D since_actuation_us=Some(10052260)
2026-09-19T23:17:05.991077Z DEBUG awase_windows::hook: [hook] IME-mode vk=0xF2 down self_injected=true injected=true scan=0x0 extra=0x4B45594D since_actuation_us=Some(10053442)
2026-09-19T23:17:05.992363Z DEBUG awase::journal: hook ime-mode diagnostic seq=236 elapsed_ms=77497 vk_code=240 is_down=false self_injected=true injected=false scan=0
2026-09-19T23:17:05.992395Z DEBUG awase::journal: hook ime-mode diagnostic seq=237 elapsed_ms=77497 vk_code=242 is_down=true self_injected=true injected=true scan=0
2026-09-19T23:17:05.999694Z DEBUG awase_windows::tsf::gji_monitor: [gji-io] WRITE: w_ops=+2 w_KB=+0.0 (r_ops=+4 x_ops=+4 x_KB=+0.0)
2026-09-19T23:17:06.020193Z DEBUG awase_windows::runtime::ime_refresh: Explicit intent: bypassing typing-idle guard for IME verify (idle=31ms)
2026-09-19T23:17:06.020238Z  INFO awase_windows::observer::ime_observer: IME input method changed: kana → romaji (focused_class=Some("Edit"))
2026-09-19T23:17:06.020256Z DEBUG awase_windows::observer::ime_observer: IME snapshot: japanese=Some(true) ime_on=Some(true) romaji=Some(true) conv=Some("0x00000019") guard=false
2026-09-19T23:17:06.020342Z DEBUG awase::journal: ime event seq=238 elapsed_ms=77525 event_kind="ObserverReported"
2026-09-19T23:17:06.020400Z DEBUG awase::journal: ime event seq=239 elapsed_ms=77525 event_kind="InputModeObserved"
2026-09-19T23:17:06.020480Z  INFO awase::engine::engine: Engine activated (ime=true, romaji=true, japanese=true, user=true, reason=Active)
2026-09-19T23:17:06.020623Z DEBUG execute_from_loop:execute_one{generation=None}:dispatch_ime_set_open{open=true generation=None}: awase_windows::runtime::executor: [dispatch-ime] ImmCross async: optimistic applied_snapshot=true (suppress send_engine_state_ime_key)
2026-09-19T23:17:06.021955Z DEBUG execute_from_loop:execute_one{generation=None}: awase_windows::platform: [engine-state-key] suppressed (polling/focus-triggered, enabled=true)
2026-09-19T23:17:06.023640Z DEBUG run_open_chain_async: awase_windows::ime_controller: [warrant-shadow] chain=async open=true origin=EventOrigin { source: SelfActuated { strategy: "engine_decision_async" }, epoch: Generation(0) } warranted
2026-09-19T23:17:06.023678Z  INFO run_open_chain_async:imm_cross_write{open=true}: awase_windows::runtime::open_chain: [apply-ime] ImmCross async: open=true composition_active=false show_seq=0 change_seq=0 (issue #138診断)
2026-09-19T23:17:06.025995Z DEBUG awase_windows::shadow_send_trace: [shadow-send] channel=ImeControl cmd=0x0006 lparam=1 issue_us=77529836
2026-09-19T23:17:06.026012Z DEBUG awase_windows::ime: set_ime_open_for_target: hwnd=HWND(0xbb1c7a) ime_wnd=HWND(0xfb125c) open=true success=true send_elapsed=0ms candidate_visible=false
2026-09-19T23:17:06.026187Z DEBUG run_open_chain_async:imm_cross_write{open=true}: awase_windows::ime: [imm-cross-actuate] hwnd=HWND(0xbb1c7a) open=Written conv=Some(Written)
2026-09-19T23:17:06.026231Z DEBUG run_open_chain_async:imm_cross_write{open=true}: awase_windows::runtime::open_chain: [apply-ime] ROMAN 補完結果: Written
2026-09-19T23:17:06.026284Z DEBUG run_open_chain_async: awase::journal: actuation decision seq=240 elapsed_ms=77531 site="DispatchImeSetOpen" caller="None" open=true chain_len=4 attempts_len=1 gate_profile="Standard" gate_kind="Gji" gate_shadow_known=true gate_shadow_on=true gate_input_mode="Observe
2026-09-19T23:17:06.026716Z DEBUG on_ime_apply_complete{open=true outcome=AppliedWithoutSendInput generation=None reason=EngineDecision}: awase::journal: ime open applied seq=241 elapsed_ms=77531 open=true outcome="AppliedWithoutSendInput" reason="EngineDecision"
2026-09-19T23:17:06.026796Z DEBUG on_ime_apply_complete{open=true outcome=AppliedWithoutSendInput generation=None reason=EngineDecision}: awase_windows::tsf::ime_mode_fsm: [ime-mode] SetOpen(true) applied → Hiragana (belief, unconfirmed)
2026-09-19T23:17:06.026821Z DEBUG on_ime_apply_complete{open=true outcome=AppliedWithoutSendInput generation=None reason=EngineDecision}: awase_windows::platform: [composition] ImeEffect::SetOpen(true) → marking cold
2026-09-19T23:17:06.026842Z DEBUG on_ime_apply_complete{open=true outcome=AppliedWithoutSendInput generation=None reason=EngineDecision}: awase_windows::tsf::probe: [composition] marked cold reason=SetOpenTrue idle=37750ms → next VK/TSF output will send VK_DBE_HIRAGANA warmup
2026-09-19T23:17:06.026888Z DEBUG on_ime_apply_complete{open=true outcome=AppliedWithoutSendInput generation=None reason=EngineDecision}:gji_on_event{event=ImeOn { injection_mode: Unicode, gji_idle_ms: 32 }}: awase_windows::tsf::gji_fsm: [gji-fsm] ImeOn: already on (OnWarm), ignored
2026-09-19T23:17:06.026991Z DEBUG awase::journal: gji fsm transition seq=242 elapsed_ms=77531 trigger="ImeOn(gji_idle_ms=32)" state_before="OnWarm" state_after="OnWarm"
2026-09-19T23:17:06.069337Z DEBUG awase_windows::runtime::ime_refresh: Explicit intent: bypassing typing-idle guard for IME verify (idle=94ms)
2026-09-19T23:17:06.069386Z DEBUG awase_windows::observer::ime_observer: IME snapshot: japanese=Some(true) ime_on=Some(true) romaji=Some(true) conv=Some("0x00000019") guard=false
2026-09-19T23:17:06.069473Z DEBUG awase::journal: ime event seq=243 elapsed_ms=77574 event_kind="ObserverReported"
2026-09-19T23:17:06.069509Z DEBUG awase::journal: ime event seq=244 elapsed_ms=77574 event_kind="InputModeObserved"
2026-09-19T23:17:06.670377Z DEBUG awase_windows::runtime::key_pipeline: [engine-input] vk=0x4B KeyDown ts=78174218us delay=0ms state=Idle mods(c=false s=false a=false w=false) gas_ctrl=false phys_ctrl=false extra=0x5350494B pending_drain=0 gate_active=false l_thumb=None r_thumb=None [diag-ctx] ime_o
2026-09-19T23:17:06.670511Z DEBUG awase::journal: key input seq=245 elapsed_ms=78175 vk_code=75 is_down=true injected=false key_class="Char" state_before="Idle" state_after="PendingChar(vk=0x4B)" decision="Consume" physical="Allow" repeat_count=1 last_timestamp_us=78174218 last_elapsed_ms=0
2026-09-19T23:17:06.779653Z DEBUG execute_from_loop:execute_one{generation=None}: awase_windows::output: send_keys: mode=Unicode actions=[Char('き')] prev_elapsed=38500ms
2026-09-19T23:17:06.779696Z DEBUG execute_from_loop:execute_one{generation=None}: awase_windows::tsf::probe: [mark-send] last_send_ms=335860828
2026-09-19T23:17:06.779723Z DEBUG execute_from_loop:execute_one{generation=None}: awase_windows::output:   → Char('き') via Unicode
2026-09-19T23:17:06.782265Z DEBUG execute_from_loop:execute_one{generation=None}: awase_windows::tsf::probe: [mark-send] last_send_ms=335860828
2026-09-19T23:17:06.795154Z DEBUG awase_windows::tsf::gji_monitor: [gji-io] WRITE: w_ops=+2 w_KB=+0.3 (r_ops=+4 x_ops=+4 x_KB=+0.0)
2026-09-19T23:17:06.797163Z  INFO awase_windows::tsf::win_event_obs: [gji-obs] candidate SHOW #10: last_gji_write=0ms ago
2026-09-19T23:17:06.860632Z DEBUG awase_windows::runtime::key_pipeline: [engine-input] vk=0x4B KeyUp ts=78364621us delay=0ms state=Idle mods(c=false s=false a=false w=false) gas_ctrl=false phys_ctrl=false extra=0x5350494B pending_drain=0 gate_active=false l_thumb=None r_thumb=None [diag-ctx] ime_on=
2026-09-19T23:17:06.860705Z DEBUG awase::journal: key input seq=247 elapsed_ms=78365 vk_code=75 is_down=false injected=false key_class="Char" state_before="Idle" state_after="Idle" decision="Consume" physical="Allow" repeat_count=1 last_timestamp_us=78364621 last_elapsed_ms=0
2026-09-19T23:17:06.860775Z DEBUG execute_one{generation=None}: awase_windows::output: send_keys: mode=Unicode actions=[Suppress] prev_elapsed=78ms
2026-09-19T23:17:06.860793Z DEBUG execute_one{generation=None}: awase_windows::tsf::probe: [mark-send] last_send_ms=335860906
2026-09-19T23:17:06.860801Z DEBUG execute_one{generation=None}: awase_windows::output:   → Suppress
2026-09-19T23:17:06.860806Z DEBUG execute_one{generation=None}: awase_windows::tsf::probe: [mark-send] last_send_ms=335860906
2026-09-19T23:17:06.860829Z DEBUG execute_one{generation=None}: awase_windows::platform: [gji-fsm] StartComposition (candidate SHOW)
2026-09-19T23:17:06.860841Z DEBUG execute_one{generation=None}:gji_on_event{event=StartComposition}: awase_windows::tsf::gji_fsm: [gji-fsm] StartComposition: OnWarm → OnComposing(AlreadyWarm)
2026-09-19T23:17:06.860897Z DEBUG awase::journal: gji fsm transition seq=248 elapsed_ms=78365 trigger="StartComposition(candidate SHOW)" state_before="OnWarm" state_after="OnComposing(Warm)"
2026-09-19T23:17:07.173133Z DEBUG awase_windows::runtime::key_pipeline: [engine-input] vk=0x1B KeyDown ts=78676911us delay=0ms state=Idle mods(c=false s=false a=false w=false) gas_ctrl=false phys_ctrl=false extra=0x5350494B pending_drain=0 gate_active=false l_thumb=None r_thumb=None [diag-ctx] ime_o
2026-09-19T23:17:07.173294Z DEBUG awase::journal: key input seq=249 elapsed_ms=78678 vk_code=27 is_down=true injected=false key_class="Passthrough" state_before="Idle" state_after="Idle" decision="PassThrough" physical="Allow" repeat_count=1 last_timestamp_us=78676911 last_elapsed_ms=0
2026-09-19T23:17:07.173432Z DEBUG execute_from_hook: awase_windows::runtime::executor: [relay-passthrough] PassThrough idle: direct OS pass-through (vk=0x1b down)
2026-09-19T23:17:07.173542Z DEBUG execute_one{generation=None}: awase_windows::runtime::executor: [reinject] vk=0x1b down (queued passthrough now firing)
2026-09-19T23:17:07.185438Z DEBUG awase_windows::tsf::gji_monitor: [gji-io] WRITE: w_ops=+2 w_KB=+0.3 (r_ops=+4 x_ops=+4 x_KB=+0.0)
2026-09-19T23:17:07.185532Z  INFO awase_windows::tsf::win_event_obs: [gji-obs] candidate HIDE: last_gji_write=0ms ago
2026-09-19T23:17:07.359754Z DEBUG awase_windows::runtime::key_pipeline: [engine-input] vk=0x1B KeyUp ts=78863543us delay=0ms state=Idle mods(c=false s=false a=false w=false) gas_ctrl=false phys_ctrl=false extra=0x5350494B pending_drain=0 gate_active=false l_thumb=None r_thumb=None [diag-ctx] ime_on=
2026-09-19T23:17:07.359912Z DEBUG awase::journal: key input seq=250 elapsed_ms=78864 vk_code=27 is_down=false injected=false key_class="Passthrough" state_before="Idle" state_after="Idle" decision="PassThrough" physical="Allow" repeat_count=1 last_timestamp_us=78863543 last_elapsed_ms=0
2026-09-19T23:17:07.360062Z DEBUG execute_from_hook: awase_windows::runtime::executor: [relay-passthrough] PassThrough idle: direct OS pass-through (vk=0x1b up)
2026-09-19T23:17:07.360181Z DEBUG execute_one{generation=None}: awase_windows::runtime::executor: [reinject] vk=0x1b up (queued passthrough now firing)
2026-09-19T23:17:07.365749Z DEBUG awase_windows::platform: [gji-fsm] EndComposition (candidate HIDE) epoch=FocusEpoch(10)
2026-09-19T23:17:07.367081Z DEBUG awase::journal: gji fsm transition seq=251 elapsed_ms=78870 trigger="EndComposition(candidate HIDE, epoch=FocusEpoch(10))" state_before="OnComposing(Warm)" state_after="OnWarm"
2026-09-19T23:17:09.171078Z DEBUG awase_windows::runtime::key_pipeline: [shadow-toggle] vk=0x1DはFSM delegate所有 → belief書き込み/actuationをスキップ w_ops0=110234 x_ops0=244367 x_KB0=23.6
2026-09-19T23:17:09.171114Z DEBUG awase_windows::runtime::key_pipeline: [shadow-toggle] no-op: vk=0x1D action=Toggle source=PhysicalImeKey effective_open は既に true → apply-ime 見送り
2026-09-19T23:17:09.171145Z DEBUG awase_windows::runtime::key_pipeline: [engine-input] vk=0x1D KeyDown ts=80674990us delay=0ms state=Idle mods(c=false s=false a=false w=false) gas_ctrl=false phys_ctrl=false extra=0x5350494B pending_drain=0 gate_active=false l_thumb=Some(80674977) r_thumb=None [diag-
2026-09-19T23:17:09.171242Z DEBUG awase::journal: key input seq=252 elapsed_ms=80676 vk_code=29 is_down=true injected=false key_class="LeftThumb" state_before="Idle" state_after="PendingThumb(vk=0x1D,left=true)" decision="Consume" physical="Allow" repeat_count=1 last_timestamp_us=80674990 last_elaps
2026-09-19T23:17:09.295686Z DEBUG awase_windows::runtime::key_pipeline: [engine-input] vk=0x1D KeyUp ts=80799574us delay=0ms state=PendingThumb(vk=0x1D,left=true) mods(c=false s=false a=false w=false) gas_ctrl=false phys_ctrl=false extra=0x5350494B pending_drain=0 gate_active=false l_thumb=None r_th
2026-09-19T23:17:09.295765Z  INFO awase::engine::engine: IME open axis delegated (solo tap, key semantics absorption) → false (origin=ExplicitUserAction)
2026-09-19T23:17:09.295907Z DEBUG awase::journal: key input seq=254 elapsed_ms=80800 vk_code=29 is_down=false injected=false key_class="LeftThumb" state_before="PendingThumb(vk=0x1D,left=true)" state_after="Idle" decision="Consume" physical="Allow" repeat_count=1 last_timestamp_us=80799574 last_elap
2026-09-19T23:17:09.295976Z DEBUG awase::journal: ime event seq=255 elapsed_ms=80800 event_kind="UserImeSetIntent"
2026-09-19T23:17:09.296013Z DEBUG awase::journal: ime event seq=256 elapsed_ms=80800 event_kind="ImeApplyRequested"
2026-09-19T23:17:09.296032Z  INFO awase_windows::runtime::key_pipeline: IME control: preconditions.ime_on = false (SetOpenRequest, origin=ExplicitUserAction), was_open_before=true last_intent_before=Some(true) poll suspended
2026-09-19T23:17:09.296237Z DEBUG execute_one{generation=Some(ApplyGeneration(4))}:dispatch_ime_set_open{open=false generation=Some(ApplyGeneration(4))}: awase_windows::runtime::executor: [dispatch-ime] ImmCross async: optimistic applied_snapshot=false (suppress send_engine_state_ime_key)
2026-09-19T23:17:09.297284Z DEBUG execute_one{generation=Some(ApplyGeneration(4))}: awase_windows::platform: [engine-state-key] skipped (apply_ime_open aligned ime=false, profile=Standard)
2026-09-19T23:17:09.299482Z DEBUG run_open_chain_async: awase_windows::ime_controller: [warrant-shadow] chain=async open=false origin=EventOrigin { source: SelfActuated { strategy: "engine_decision_async" }, epoch: Generation(0) } warranted
2026-09-19T23:17:09.299531Z  INFO run_open_chain_async:imm_cross_write{open=false}: awase_windows::runtime::open_chain: [apply-ime] ImmCross async: open=false composition_active=false show_seq=0 change_seq=0 (issue #138診断)
2026-09-19T23:17:09.302842Z DEBUG awase_windows::shadow_send_trace: [shadow-send] channel=ImeControl cmd=0x0006 lparam=0 issue_us=80806459
2026-09-19T23:17:09.302858Z DEBUG awase_windows::ime: set_ime_open_for_target: hwnd=HWND(0xbb1c7a) ime_wnd=HWND(0xfb125c) open=false success=true send_elapsed=0ms candidate_visible=false
2026-09-19T23:17:09.303037Z DEBUG run_open_chain_async:imm_cross_write{open=false}: awase_windows::ime: [imm-cross-actuate] hwnd=HWND(0xbb1c7a) open=Written conv=None
2026-09-19T23:17:09.303133Z DEBUG run_open_chain_async: awase::journal: actuation decision seq=257 elapsed_ms=80808 site="DispatchImeSetOpen" caller="None" open=false chain_len=4 attempts_len=1 gate_profile="Standard" gate_kind="Gji" gate_shadow_known=true gate_shadow_on=true gate_input_mode="Observ
2026-09-19T23:17:09.304748Z DEBUG on_ime_apply_complete{open=false outcome=AppliedWithoutSendInput generation=Some(ApplyGeneration(4)) reason=EngineDecision}: awase::journal: ime open applied seq=258 elapsed_ms=80809 open=false outcome="AppliedWithoutSendInput" reason="EngineDecision"
2026-09-19T23:17:09.305166Z DEBUG on_ime_apply_complete{open=false outcome=AppliedWithoutSendInput generation=Some(ApplyGeneration(4)) reason=EngineDecision}: awase::journal: ime event seq=259 elapsed_ms=80810 event_kind="ImeApplySucceeded"
2026-09-19T23:17:09.305203Z DEBUG on_ime_apply_complete{open=false outcome=AppliedWithoutSendInput generation=Some(ApplyGeneration(4)) reason=EngineDecision}: awase_windows::tsf::ime_mode_fsm: [ime-mode] SetOpen(false) applied → Off (belief, unconfirmed)
2026-09-19T23:17:09.305233Z DEBUG on_ime_apply_complete{open=false outcome=AppliedWithoutSendInput generation=Some(ApplyGeneration(4)) reason=EngineDecision}: awase_windows::platform: [composition] ImeEffect::SetOpen(false) → marking cold (prevent warm+TSF Enter leak)
2026-09-19T23:17:09.305259Z DEBUG on_ime_apply_complete{open=false outcome=AppliedWithoutSendInput generation=Some(ApplyGeneration(4)) reason=EngineDecision}: awase_windows::tsf::probe: [composition] marked cold reason=SetOpenFalse idle=2453ms → next VK/TSF output will send VK_DBE_HIRAGANA warmup
2026-09-19T23:17:09.306310Z DEBUG awase::journal: gji fsm transition seq=260 elapsed_ms=80810 trigger="ImeOff" state_before="OnWarm" state_after="OffCold"
2026-09-19T23:17:09.345162Z DEBUG awase_windows::runtime::ime_refresh: Explicit intent: bypassing typing-idle guard for IME verify (idle=47ms)
2026-09-19T23:17:09.345210Z DEBUG awase_windows::observer::ime_observer: IME snapshot: japanese=Some(true) ime_on=Some(false) romaji=Some(true) conv=Some("0x00000019") guard=false
2026-09-19T23:17:09.345299Z DEBUG awase::journal: ime event seq=261 elapsed_ms=80850 event_kind="ObserverReported"
2026-09-19T23:17:09.345334Z DEBUG awase::journal: ime event seq=262 elapsed_ms=80850 event_kind="InputModeObserved"
2026-09-19T23:17:09.859288Z DEBUG awase_windows::runtime::key_pipeline: [engine-input] vk=0x4B KeyDown ts=81362159us delay=1ms state=Idle mods(c=false s=false a=false w=false) gas_ctrl=false phys_ctrl=false extra=0x5350494B pending_drain=0 gate_active=false l_thumb=None r_thumb=None [diag-ctx] ime_o
2026-09-19T23:17:09.859368Z DEBUG awase::journal: key input seq=263 elapsed_ms=81364 vk_code=75 is_down=true injected=false key_class="Char" state_before="Idle" state_after="Idle" decision="PassThrough" physical="Allow" repeat_count=1 last_timestamp_us=81362159 last_elapsed_ms=0
2026-09-19T23:17:09.859525Z DEBUG execute_one{generation=None}: awase_windows::runtime::executor: [reinject] vk=0x4b down (queued passthrough now firing)
2026-09-19T23:17:10.048058Z DEBUG awase_windows::runtime::key_pipeline: [engine-input] vk=0x4B KeyUp ts=81551941us delay=0ms state=Idle mods(c=false s=false a=false w=false) gas_ctrl=false phys_ctrl=false extra=0x5350494B pending_drain=0 gate_active=false l_thumb=None r_thumb=None [diag-ctx] ime_on=
2026-09-19T23:17:10.048162Z DEBUG awase::journal: key input seq=264 elapsed_ms=81553 vk_code=75 is_down=false injected=false key_class="Char" state_before="Idle" state_after="Idle" decision="PassThrough" physical="Allow" repeat_count=1 last_timestamp_us=81551941 last_elapsed_ms=0
2026-09-19T23:17:10.048315Z DEBUG execute_one{generation=None}: awase_windows::runtime::executor: [reinject] vk=0x4b up (queued passthrough now firing)
2026-09-19T23:17:10.360407Z DEBUG awase_windows::runtime::key_pipeline: [engine-input] vk=0x1B KeyDown ts=81864084us delay=0ms state=Idle mods(c=false s=false a=false w=false) gas_ctrl=false phys_ctrl=false extra=0x5350494B pending_drain=0 gate_active=false l_thumb=None r_thumb=None [diag-ctx] ime_o
2026-09-19T23:17:10.360576Z DEBUG awase::journal: key input seq=265 elapsed_ms=81865 vk_code=27 is_down=true injected=false key_class="Passthrough" state_before="Idle" state_after="Idle" decision="PassThrough" physical="Allow" repeat_count=1 last_timestamp_us=81864084 last_elapsed_ms=0
2026-09-19T23:17:10.360741Z DEBUG execute_from_hook: awase_windows::tsf::probe: [composition] marked cold reason=PassthroughConfirmKey idle=3500ms → next VK/TSF output will send VK_DBE_HIRAGANA warmup
2026-09-19T23:17:10.360783Z DEBUG execute_from_hook: awase_windows::tsf::probe: [mark-send] last_send_ms=335864406
2026-09-19T23:17:10.360881Z DEBUG execute_from_hook: awase_windows::platform: [composition-fsm] EmitWarmup (ConfirmKeyDown)
2026-09-19T23:17:10.360921Z DEBUG execute_from_hook: awase_windows::runtime::executor: [relay-passthrough] PassThrough idle: direct OS pass-through (vk=0x1b down)
2026-09-19T23:17:10.360972Z DEBUG awase::journal: gji fsm transition seq=266 elapsed_ms=81865 trigger="CompositionReset(gji_idle_ms=3172)" state_before="OffCold" state_after="OffCold"
2026-09-19T23:17:10.361067Z DEBUG awase_windows::runtime::executor: [reinject-guard] suspending drain for 50ms (vk=0x1b)
2026-09-19T23:17:10.420477Z DEBUG execute_one{generation=None}: awase_windows::runtime::executor: [reinject] vk=0x1b down (queued passthrough now firing)
2026-09-19T23:17:10.420522Z DEBUG execute_one{generation=None}: awase_windows::platform: [composition] reinject KeyDown vk=0x1b → marking cold + eager warmup
2026-09-19T23:17:10.420543Z DEBUG execute_one{generation=None}: awase_windows::tsf::probe: [composition] marked cold reason=ReinjectConfirmKey idle=62ms → next VK/TSF output will send VK_DBE_HIRAGANA warmup
2026-09-19T23:17:10.420566Z DEBUG execute_one{generation=None}: awase_windows::tsf::probe: [mark-send] last_send_ms=335864468
2026-09-19T23:17:10.425196Z DEBUG awase::journal: gji fsm transition seq=267 elapsed_ms=81925 trigger="CompositionReset(gji_idle_ms=3234)" state_before="OffCold" state_after="OffCold"
2026-09-19T23:17:10.547359Z DEBUG awase_windows::runtime::key_pipeline: [engine-input] vk=0x1B KeyUp ts=82051174us delay=0ms state=Idle mods(c=false s=false a=false w=false) gas_ctrl=false phys_ctrl=false extra=0x5350494B pending_drain=0 gate_active=false l_thumb=None r_thumb=None [diag-ctx] ime_on=
2026-09-19T23:17:10.547486Z DEBUG awase::journal: key input seq=268 elapsed_ms=82052 vk_code=27 is_down=false injected=false key_class="Passthrough" state_before="Idle" state_after="Idle" decision="PassThrough" physical="Allow" repeat_count=1 last_timestamp_us=82051174 last_elapsed_ms=0
2026-09-19T23:17:10.547637Z DEBUG execute_from_hook: awase_windows::runtime::executor: [relay-passthrough] PassThrough idle: direct OS pass-through (vk=0x1b up)
2026-09-19T23:17:10.547750Z DEBUG execute_one{generation=None}: awase_windows::runtime::executor: [reinject] vk=0x1b up (queued passthrough now firing)
2026-09-19T23:17:12.358916Z  INFO awase_windows::runtime::key_pipeline: [shadow-toggle] intent 昇格: vk=0x1D scan=0x7B action=Toggle kind=PhysicalImeKey injected=false false→true w_ops0=110234 x_ops0=244367 x_KB0=23.6
2026-09-19T23:17:12.358991Z DEBUG awase::journal: ime event seq=269 elapsed_ms=83863 event_kind="UserImeSetIntent"
2026-09-19T23:17:12.359025Z DEBUG awase_windows::runtime::key_pipeline: Shadow IME toggle: OFF → ON (vk=0x1D, source=PhysicalImeKey)
2026-09-19T23:17:12.359914Z DEBUG awase_windows::runtime::key_pipeline: [engine-input] vk=0x1D KeyDown ts=83862616us delay=0ms state=Idle mods(c=false s=false a=false w=false) gas_ctrl=false phys_ctrl=false extra=0x5350494B pending_drain=0 gate_active=false l_thumb=Some(83862600) r_thumb=None [diag-
2026-09-19T23:17:12.360022Z  INFO awase::engine::engine: Engine activated (ime=true, romaji=true, japanese=true, user=true, reason=Active)
2026-09-19T23:17:12.360230Z DEBUG awase::journal: key input seq=270 elapsed_ms=83865 vk_code=29 is_down=true injected=false key_class="LeftThumb" state_before="Idle" state_after="PendingThumb(vk=0x1D,left=true)" decision="Consume" physical="Allow" repeat_count=1 last_timestamp_us=83862616 last_elaps
2026-09-19T23:17:12.360377Z DEBUG awase::journal: ime event seq=271 elapsed_ms=83865 event_kind="EngineActivationSync"
2026-09-19T23:17:12.360433Z DEBUG awase::journal: ime event seq=272 elapsed_ms=83865 event_kind="ImeApplyRequested"
2026-09-19T23:17:12.360460Z  INFO awase_windows::runtime::key_pipeline: IME control: preconditions.ime_on = true (SetOpenRequest, origin=ActivationSync), was_open_before=true last_intent_before=Some(true) poll suspended
2026-09-19T23:17:12.361168Z DEBUG execute_one{generation=Some(ApplyGeneration(5))}:dispatch_ime_set_open{open=true generation=Some(ApplyGeneration(5))}: awase_windows::runtime::executor: [dispatch-ime] ImmCross async: optimistic applied_snapshot=true (suppress send_engine_state_ime_key)
2026-09-19T23:17:12.364554Z DEBUG execute_one{generation=Some(ApplyGeneration(5))}: awase_windows::platform: [engine-state-key] skipped (apply_ime_open aligned ime=true, profile=Standard)
2026-09-19T23:17:12.369146Z DEBUG run_open_chain_async: awase_windows::ime_controller: [warrant-shadow] chain=async open=true origin=EventOrigin { source: SelfActuated { strategy: "engine_decision_async" }, epoch: Generation(0) } warranted
2026-09-19T23:17:12.369299Z  INFO run_open_chain_async:imm_cross_write{open=true}: awase_windows::runtime::open_chain: [apply-ime] ImmCross async: open=true composition_active=false show_seq=0 change_seq=0 (issue #138診断)
2026-09-19T23:17:12.379149Z DEBUG awase_windows::shadow_send_trace: [shadow-send] channel=ImeControl cmd=0x0006 lparam=1 issue_us=83879631
2026-09-19T23:17:12.379166Z DEBUG awase_windows::ime: set_ime_open_for_target: hwnd=HWND(0xbb1c7a) ime_wnd=HWND(0xfb125c) open=true success=true send_elapsed=3ms candidate_visible=false
2026-09-19T23:17:12.385334Z DEBUG run_open_chain_async:imm_cross_write{open=true}: awase_windows::ime: [imm-cross-actuate] hwnd=HWND(0xbb1c7a) open=Written conv=Some(Written)
2026-09-19T23:17:12.385407Z DEBUG run_open_chain_async:imm_cross_write{open=true}: awase_windows::runtime::open_chain: [apply-ime] ROMAN 補完結果: Written
2026-09-19T23:17:12.385477Z DEBUG run_open_chain_async: awase::journal: actuation decision seq=273 elapsed_ms=83890 site="DispatchImeSetOpen" caller="None" open=true chain_len=4 attempts_len=1 gate_profile="Standard" gate_kind="Gji" gate_shadow_known=true gate_shadow_on=false gate_input_mode="Observ
2026-09-19T23:17:12.388576Z DEBUG on_ime_apply_complete{open=true outcome=AppliedWithoutSendInput generation=Some(ApplyGeneration(5)) reason=EngineDecision}: awase::journal: ime open applied seq=274 elapsed_ms=83893 open=true outcome="AppliedWithoutSendInput" reason="EngineDecision"
2026-09-19T23:17:12.389124Z DEBUG on_ime_apply_complete{open=true outcome=AppliedWithoutSendInput generation=Some(ApplyGeneration(5)) reason=EngineDecision}: awase::journal: ime event seq=275 elapsed_ms=83894 event_kind="ImeApplySucceeded"
2026-09-19T23:17:12.389158Z DEBUG on_ime_apply_complete{open=true outcome=AppliedWithoutSendInput generation=Some(ApplyGeneration(5)) reason=EngineDecision}: awase_windows::tsf::ime_mode_fsm: [ime-mode] SetOpen(true) applied → Hiragana (belief, unconfirmed)
2026-09-19T23:17:12.389185Z DEBUG on_ime_apply_complete{open=true outcome=AppliedWithoutSendInput generation=Some(ApplyGeneration(5)) reason=EngineDecision}: awase_windows::platform: [composition] ImeEffect::SetOpen(true) → marking cold
2026-09-19T23:17:12.389206Z DEBUG on_ime_apply_complete{open=true outcome=AppliedWithoutSendInput generation=Some(ApplyGeneration(5)) reason=EngineDecision}: awase_windows::tsf::probe: [composition] marked cold reason=SetOpenTrue idle=1969ms → next VK/TSF output will send VK_DBE_HIRAGANA warmup
2026-09-19T23:17:12.389257Z DEBUG on_ime_apply_complete{open=true outcome=AppliedWithoutSendInput generation=Some(ApplyGeneration(5)) reason=EngineDecision}:gji_on_event{event=ImeOn { injection_mode: Unicode, gji_idle_ms: 5203 }}: awase_windows::tsf::gji_fsm: [gji-fsm] ImeOn gji_idle=5203ms → Short
2026-09-19T23:17:12.389307Z DEBUG on_ime_apply_complete{open=true outcome=AppliedWithoutSendInput generation=Some(ApplyGeneration(5)) reason=EngineDecision}: awase_windows::platform: [gji-fsm] StartProbe probe_id=ProbeId(6) forces_f2=false long=false
2026-09-19T23:17:12.389772Z DEBUG awase::journal: gji fsm transition seq=276 elapsed_ms=83894 trigger="ImeOn(gji_idle_ms=5203)" state_before="OffCold" state_after="OnCold(Short)"
2026-09-19T23:17:12.389795Z DEBUG awase::journal: tsf probe started seq=277 elapsed_ms=83894 source="GjiAction::StartProbe" cold_seq=0 probe_id=6 probe_id_present=true gji_state="OnCold(Short)" consecutive_at_start=0 pending_deferred_len=0
2026-09-19T23:17:12.389817Z DEBUG awase::journal: gji fsm transition seq=278 elapsed_ms=83894 trigger="WarmupComplete(unicode)" state_before="OnCold(Short)" state_after="OnWarm"
2026-09-19T23:17:12.389833Z DEBUG awase::journal: tsf probe completed seq=279 elapsed_ms=83894 outcome="UnicodeImmediate" cold_seq=18446744073709551615 cold_seq_present=false probe_id=6 probe_id_present=true duration_ms=0 tick_count=0 gji_state="OnWarm"
2026-09-19T23:17:12.424110Z DEBUG awase_windows::runtime::ime_refresh: Explicit intent: bypassing typing-idle guard for IME verify (idle=62ms)
2026-09-19T23:17:12.424178Z DEBUG awase_windows::observer::ime_observer: IME snapshot: japanese=Some(true) ime_on=Some(true) romaji=Some(true) conv=Some("0x00000019") guard=false
2026-09-19T23:17:12.424375Z DEBUG awase::journal: ime event seq=280 elapsed_ms=83929 event_kind="ObserverReported"
2026-09-19T23:17:12.424425Z DEBUG awase::journal: ime event seq=281 elapsed_ms=83929 event_kind="InputModeObserved"
2026-09-19T23:17:12.480082Z DEBUG awase_windows::runtime::key_pipeline: [engine-input] vk=0x1D KeyUp ts=83984005us delay=0ms state=PendingThumb(vk=0x1D,left=true) mods(c=false s=false a=false w=false) gas_ctrl=false phys_ctrl=false extra=0x5350494B pending_drain=0 gate_active=false l_thumb=None r_th
2026-09-19T23:17:12.480201Z DEBUG awase::journal: key input seq=283 elapsed_ms=83985 vk_code=29 is_down=false injected=false key_class="LeftThumb" state_before="PendingThumb(vk=0x1D,left=true)" state_after="Idle" decision="Consume" physical="Allow" repeat_count=1 last_timestamp_us=83984005 last_elap
2026-09-19T23:17:13.040649Z DEBUG awase_windows::runtime::key_pipeline: [engine-input] vk=0x4B KeyDown ts=84544572us delay=0ms state=Idle mods(c=false s=false a=false w=false) gas_ctrl=false phys_ctrl=false extra=0x5350494B pending_drain=0 gate_active=false l_thumb=None r_thumb=None [diag-ctx] ime_o
2026-09-19T23:17:13.040756Z DEBUG awase::journal: key input seq=284 elapsed_ms=84545 vk_code=75 is_down=true injected=false key_class="Char" state_before="Idle" state_after="PendingChar(vk=0x4B)" decision="Consume" physical="Allow" repeat_count=1 last_timestamp_us=84544572 last_elapsed_ms=0
2026-09-19T23:17:13.163357Z DEBUG execute_from_loop:execute_one{generation=None}: awase_windows::output: send_keys: mode=Unicode actions=[Char('き')] prev_elapsed=2750ms
2026-09-19T23:17:13.163446Z DEBUG execute_from_loop:execute_one{generation=None}: awase_windows::tsf::probe: [mark-send] last_send_ms=335867218
2026-09-19T23:17:13.163485Z DEBUG execute_from_loop:execute_one{generation=None}: awase_windows::output:   → Char('き') via Unicode
2026-09-19T23:17:13.172201Z DEBUG execute_from_loop:execute_one{generation=None}: awase_windows::tsf::probe: [mark-send] last_send_ms=335867218
2026-09-19T23:17:13.177810Z DEBUG awase_windows::tsf::gji_monitor: [gji-io] WRITE: w_ops=+2 w_KB=+0.3 (r_ops=+4 x_ops=+4 x_KB=+0.0)
2026-09-19T23:17:13.198973Z  INFO awase_windows::tsf::win_event_obs: [gji-obs] candidate SHOW #11: last_gji_write=32ms ago
2026-09-19T23:17:13.274589Z DEBUG awase_windows::runtime::key_pipeline: [engine-input] vk=0x4B KeyUp ts=84778366us delay=0ms state=Idle mods(c=false s=false a=false w=false) gas_ctrl=false phys_ctrl=false extra=0x5350494B pending_drain=0 gate_active=false l_thumb=None r_thumb=None [diag-ctx] ime_on=
2026-09-19T23:17:13.274772Z DEBUG awase::journal: key input seq=286 elapsed_ms=84779 vk_code=75 is_down=false injected=false key_class="Char" state_before="Idle" state_after="Idle" decision="Consume" physical="Allow" repeat_count=1 last_timestamp_us=84778366 last_elapsed_ms=0
2026-09-19T23:17:13.275075Z DEBUG execute_one{generation=None}: awase_windows::output: send_keys: mode=Unicode actions=[Suppress] prev_elapsed=110ms
2026-09-19T23:17:13.275139Z DEBUG execute_one{generation=None}: awase_windows::tsf::probe: [mark-send] last_send_ms=335867328
2026-09-19T23:17:13.275175Z DEBUG execute_one{generation=None}: awase_windows::output:   → Suppress
2026-09-19T23:17:13.275204Z DEBUG execute_one{generation=None}: awase_windows::tsf::probe: [mark-send] last_send_ms=335867328
2026-09-19T23:17:13.275305Z DEBUG execute_one{generation=None}: awase_windows::platform: [gji-fsm] StartComposition (candidate SHOW)
2026-09-19T23:17:13.275378Z DEBUG execute_one{generation=None}:gji_on_event{event=StartComposition}: awase_windows::tsf::gji_fsm: [gji-fsm] StartComposition: OnWarm → OnComposing(AlreadyWarm)
2026-09-19T23:17:13.275641Z DEBUG awase::journal: gji fsm transition seq=287 elapsed_ms=84780 trigger="StartComposition(candidate SHOW)" state_before="OnWarm" state_after="OnComposing(Warm)"
2026-09-19T23:17:13.545541Z DEBUG awase_windows::runtime::key_pipeline: [engine-input] vk=0x1B KeyDown ts=85049165us delay=0ms state=Idle mods(c=false s=false a=false w=false) gas_ctrl=false phys_ctrl=false extra=0x5350494B pending_drain=0 gate_active=false l_thumb=None r_thumb=None [diag-ctx] ime_o
2026-09-19T23:17:13.545674Z DEBUG awase::journal: key input seq=288 elapsed_ms=85050 vk_code=27 is_down=true injected=false key_class="Passthrough" state_before="Idle" state_after="Idle" decision="PassThrough" physical="Allow" repeat_count=1 last_timestamp_us=85049165 last_elapsed_ms=0
2026-09-19T23:17:13.545790Z DEBUG execute_from_hook: awase_windows::runtime::executor: [relay-passthrough] PassThrough idle: direct OS pass-through (vk=0x1b down)
2026-09-19T23:17:13.545882Z DEBUG execute_one{generation=None}: awase_windows::runtime::executor: [reinject] vk=0x1b down (queued passthrough now firing)
2026-09-19T23:17:13.552544Z DEBUG awase_windows::tsf::gji_monitor: [gji-io] WRITE: w_ops=+2 w_KB=+0.3 (r_ops=+4 x_ops=+4 x_KB=+0.0)
2026-09-19T23:17:13.557976Z  INFO awase_windows::tsf::win_event_obs: [gji-obs] candidate HIDE: last_gji_write=16ms ago
2026-09-19T23:17:13.682781Z DEBUG awase_windows::runtime::key_pipeline: [engine-input] vk=0x1B KeyUp ts=85186698us delay=0ms state=Idle mods(c=false s=false a=false w=false) gas_ctrl=false phys_ctrl=false extra=0x5350494B pending_drain=0 gate_active=false l_thumb=None r_thumb=None [diag-ctx] ime_on=
2026-09-19T23:17:13.682918Z DEBUG awase::journal: key input seq=289 elapsed_ms=85187 vk_code=27 is_down=false injected=false key_class="Passthrough" state_before="Idle" state_after="Idle" decision="PassThrough" physical="Allow" repeat_count=1 last_timestamp_us=85186698 last_elapsed_ms=0
2026-09-19T23:17:13.682995Z DEBUG execute_from_hook: awase_windows::runtime::executor: [relay-passthrough] PassThrough idle: direct OS pass-through (vk=0x1b up)
2026-09-19T23:17:13.683078Z DEBUG execute_one{generation=None}: awase_windows::runtime::executor: [reinject] vk=0x1b up (queued passthrough now firing)
2026-09-19T23:17:13.686377Z DEBUG awase_windows::platform: [gji-fsm] EndComposition (candidate HIDE) epoch=FocusEpoch(11)
2026-09-19T23:17:13.686676Z DEBUG awase::journal: gji fsm transition seq=290 elapsed_ms=85191 trigger="EndComposition(candidate HIDE, epoch=FocusEpoch(11))" state_before="OnComposing(Warm)" state_after="OnWarm"
2026-09-19T23:17:15.544331Z DEBUG awase_windows::hook: [hook] IME-mode vk=0xF2 down self_injected=false injected=false scan=0x70 extra=0x5350494B since_actuation_us=Some(19606686)
2026-09-19T23:17:15.544442Z DEBUG awase::journal: hook ime-mode diagnostic seq=291 elapsed_ms=87049 vk_code=242 is_down=true self_injected=false injected=false scan=112
2026-09-19T23:17:15.544715Z  INFO awase_windows::runtime::key_pipeline: [shadow-toggle] intent 昇格: vk=0xF2 scan=0x70 action=TurnOn kind=PhysicalImeKey injected=false true→true w_ops0=110238 x_ops0=244375 x_KB0=23.6
2026-09-19T23:17:15.544761Z DEBUG awase::journal: ime event seq=292 elapsed_ms=87049 event_kind="UserImeSetIntent"
2026-09-19T23:17:15.544785Z DEBUG awase_windows::runtime::key_pipeline: [shadow-toggle] no-op: vk=0xF2 action=TurnOn source=PhysicalImeKey effective_open は既に true → apply-ime 見送り
2026-09-19T23:17:15.544816Z DEBUG awase_windows::runtime::key_pipeline: [engine-input] vk=0xF2 KeyDown ts=87048577us delay=0ms state=Idle mods(c=false s=false a=false w=false) gas_ctrl=false phys_ctrl=false extra=0x5350494B pending_drain=0 gate_active=false l_thumb=None r_thumb=None [diag-ctx] ime_o
2026-09-19T23:17:15.544898Z DEBUG awase::journal: key input seq=293 elapsed_ms=87049 vk_code=242 is_down=true injected=false key_class="Passthrough" state_before="Idle" state_after="Idle" decision="PassThrough" physical="Allow" repeat_count=1 last_timestamp_us=87048577 last_elapsed_ms=0
2026-09-19T23:17:15.544952Z DEBUG awase_windows::runtime::key_pipeline: may_change_ime key passed through → IME refresh scheduled (20ms)
2026-09-19T23:17:15.545018Z DEBUG execute_from_hook: awase_windows::runtime::executor: [relay-passthrough] PassThrough idle: direct OS pass-through (vk=0xf2 down)
2026-09-19T23:17:15.545084Z DEBUG execute_one{generation=None}: awase_windows::runtime::executor: [reinject] vk=0xf2 down (queued passthrough now firing)
2026-09-19T23:17:15.546502Z DEBUG awase_windows::hook: [hook] IME-mode vk=0xF2 down self_injected=true injected=true scan=0x0 extra=0x4B45594D since_actuation_us=Some(19608867)
2026-09-19T23:17:15.547755Z DEBUG awase::journal: hook ime-mode diagnostic seq=294 elapsed_ms=87052 vk_code=242 is_down=true self_injected=true injected=true scan=0
2026-09-19T23:17:15.558655Z DEBUG awase_windows::tsf::gji_monitor: [gji-io] WRITE: w_ops=+2 w_KB=+0.0 (r_ops=+4 x_ops=+4 x_KB=+0.0)
2026-09-19T23:17:15.579458Z DEBUG awase_windows::runtime::ime_refresh: Explicit intent: bypassing typing-idle guard for IME verify (idle=32ms)
2026-09-19T23:17:15.579503Z DEBUG awase_windows::observer::ime_observer: IME snapshot: japanese=Some(true) ime_on=Some(true) romaji=None conv=Some("0x00000010") guard=false
2026-09-19T23:17:15.579584Z DEBUG awase::journal: ime event seq=295 elapsed_ms=87084 event_kind="ObserverReported"
2026-09-19T23:17:15.579618Z DEBUG awase::journal: ime event seq=296 elapsed_ms=87084 event_kind="InputModeObserved"
2026-09-19T23:17:15.579669Z DEBUG awase::engine::engine: [diag-engine-active] ime_on=true なのに非活性: reason=Inactive(NotRomajiInput) romaji_capable=false japanese=true user_enabled=true was_active=true input_mode=ObservedEisu
2026-09-19T23:17:15.579717Z  INFO awase::engine::engine: Engine deactivated (ime=true, romaji=false, japanese=true, user=true, reason=Inactive(NotRomajiInput))
2026-09-19T23:17:16.232814Z DEBUG awase_windows::runtime::key_pipeline: [engine-input] vk=0x4B KeyDown ts=87736707us delay=0ms state=Idle mods(c=false s=false a=false w=false) gas_ctrl=false phys_ctrl=false extra=0x5350494B pending_drain=0 gate_active=false l_thumb=None r_thumb=None [diag-ctx] ime_o
2026-09-19T23:17:16.232869Z DEBUG awase::engine::engine: [diag-engine-active] ime_on=true なのに非活性: reason=Inactive(NotRomajiInput) romaji_capable=false japanese=true user_enabled=true was_active=false input_mode=ObservedEisu
2026-09-19T23:17:16.232943Z DEBUG awase::journal: key input seq=297 elapsed_ms=87737 vk_code=75 is_down=true injected=false key_class="Char" state_before="Idle" state_after="Idle" decision="PassThrough" physical="Allow" repeat_count=1 last_timestamp_us=87736707 last_elapsed_ms=0
2026-09-19T23:17:16.233353Z DEBUG execute_one{generation=None}: awase_windows::runtime::executor: [reinject] vk=0x4b down (queued passthrough now firing)
2026-09-19T23:17:16.247697Z  INFO awase_windows::tsf::win_event_obs: [gji-obs] candidate SHOW #12: last_gji_write=687ms ago
2026-09-19T23:17:16.248460Z DEBUG awase_windows::tsf::gji_monitor: [gji-io] WRITE: w_ops=+2 w_KB=+0.4 (r_ops=+4 x_ops=+4 x_KB=+0.0)
2026-09-19T23:17:16.417200Z DEBUG awase_windows::runtime::key_pipeline: [engine-input] vk=0x4B KeyUp ts=87921182us delay=0ms state=Idle mods(c=false s=false a=false w=false) gas_ctrl=false phys_ctrl=false extra=0x5350494B pending_drain=0 gate_active=false l_thumb=None r_thumb=None [diag-ctx] ime_on=
2026-09-19T23:17:16.417229Z DEBUG awase::engine::engine: [diag-engine-active] ime_on=true なのに非活性: reason=Inactive(NotRomajiInput) romaji_capable=false japanese=true user_enabled=true was_active=false input_mode=ObservedEisu
2026-09-19T23:17:16.417266Z DEBUG awase::journal: key input seq=298 elapsed_ms=87922 vk_code=75 is_down=false injected=false key_class="Char" state_before="Idle" state_after="Idle" decision="PassThrough" physical="Allow" repeat_count=1 last_timestamp_us=87921182 last_elapsed_ms=0
2026-09-19T23:17:16.417801Z DEBUG execute_one{generation=None}: awase_windows::runtime::executor: [reinject] vk=0x4b up (queued passthrough now firing)
2026-09-19T23:17:16.422280Z DEBUG awase_windows::platform: [gji-fsm] StartComposition (candidate SHOW)
2026-09-19T23:17:16.422340Z DEBUG gji_on_event{event=StartComposition}: awase_windows::tsf::gji_fsm: [gji-fsm] StartComposition: OnWarm → OnComposing(AlreadyWarm)
2026-09-19T23:17:16.422853Z DEBUG awase::journal: gji fsm transition seq=299 elapsed_ms=87927 trigger="StartComposition(candidate SHOW)" state_before="OnWarm" state_after="OnComposing(Warm)"
2026-09-19T23:17:16.731016Z DEBUG awase_windows::runtime::key_pipeline: [engine-input] vk=0x1B KeyDown ts=88234640us delay=0ms state=Idle mods(c=false s=false a=false w=false) gas_ctrl=false phys_ctrl=false extra=0x5350494B pending_drain=0 gate_active=false l_thumb=None r_thumb=None [diag-ctx] ime_o
2026-09-19T23:17:16.731114Z DEBUG awase::engine::engine: [diag-engine-active] ime_on=true なのに非活性: reason=Inactive(NotRomajiInput) romaji_capable=false japanese=true user_enabled=true was_active=false input_mode=ObservedEisu
2026-09-19T23:17:16.731257Z DEBUG awase::journal: key input seq=300 elapsed_ms=88236 vk_code=27 is_down=true injected=false key_class="Passthrough" state_before="Idle" state_after="Idle" decision="PassThrough" physical="Allow" repeat_count=1 last_timestamp_us=88234640 last_elapsed_ms=0
2026-09-19T23:17:16.731438Z DEBUG execute_from_hook: awase_windows::runtime::executor: [relay-passthrough] PassThrough idle: direct OS pass-through (vk=0x1b down)
2026-09-19T23:17:16.731601Z DEBUG execute_one{generation=None}: awase_windows::runtime::executor: [reinject] vk=0x1b down (queued passthrough now firing)
2026-09-19T23:17:16.742528Z DEBUG awase_windows::tsf::gji_monitor: [gji-io] WRITE: w_ops=+2 w_KB=+0.4 (r_ops=+4 x_ops=+4 x_KB=+0.0)
2026-09-19T23:17:16.757705Z  INFO awase_windows::tsf::win_event_obs: [gji-obs] candidate HIDE: last_gji_write=16ms ago
2026-09-19T23:17:16.929492Z DEBUG awase_windows::runtime::key_pipeline: [engine-input] vk=0x1B KeyUp ts=88433390us delay=0ms state=Idle mods(c=false s=false a=false w=false) gas_ctrl=false phys_ctrl=false extra=0x5350494B pending_drain=0 gate_active=false l_thumb=None r_thumb=None [diag-ctx] ime_on=
2026-09-19T23:17:16.929540Z DEBUG awase::engine::engine: [diag-engine-active] ime_on=true なのに非活性: reason=Inactive(NotRomajiInput) romaji_capable=false japanese=true user_enabled=true was_active=false input_mode=ObservedEisu
2026-09-19T23:17:16.929606Z DEBUG awase::journal: key input seq=301 elapsed_ms=88434 vk_code=27 is_down=false injected=false key_class="Passthrough" state_before="Idle" state_after="Idle" decision="PassThrough" physical="Allow" repeat_count=1 last_timestamp_us=88433390 last_elapsed_ms=0
2026-09-19T23:17:16.929701Z DEBUG execute_from_hook: awase_windows::runtime::executor: [relay-passthrough] PassThrough idle: direct OS pass-through (vk=0x1b up)
2026-09-19T23:17:16.929772Z DEBUG execute_one{generation=None}: awase_windows::runtime::executor: [reinject] vk=0x1b up (queued passthrough now firing)
2026-09-19T23:17:16.933391Z DEBUG awase_windows::platform: [gji-fsm] EndComposition (candidate HIDE) epoch=FocusEpoch(12)
2026-09-19T23:17:16.933571Z DEBUG awase::journal: gji fsm transition seq=302 elapsed_ms=88438 trigger="EndComposition(candidate HIDE, epoch=FocusEpoch(12))" state_before="OnComposing(Warm)" state_after="OnWarm"
2026-09-19T23:17:18.678394Z DEBUG awase_windows::runtime::key_pipeline: [shadow-toggle] vk=0x1DはFSM delegate所有 → belief書き込み/actuationをスキップ w_ops0=110244 x_ops0=244387 x_KB0=23.6
2026-09-19T23:17:18.678424Z DEBUG awase_windows::runtime::key_pipeline: [shadow-toggle] no-op: vk=0x1D action=Toggle source=PhysicalImeKey effective_open は既に true → apply-ime 見送り
2026-09-19T23:17:18.678450Z DEBUG awase_windows::runtime::key_pipeline: [engine-input] vk=0x1D KeyDown ts=90182351us delay=0ms state=Idle mods(c=false s=false a=false w=false) gas_ctrl=false phys_ctrl=false extra=0x5350494B pending_drain=0 gate_active=false l_thumb=Some(90182337) r_thumb=None [diag-
2026-09-19T23:17:18.678479Z DEBUG awase::engine::engine: [diag-engine-active] ime_on=true なのに非活性: reason=Inactive(NotRomajiInput) romaji_capable=false japanese=true user_enabled=true was_active=false input_mode=ObservedEisu
2026-09-19T23:17:18.678531Z DEBUG awase::journal: key input seq=303 elapsed_ms=90183 vk_code=29 is_down=true injected=false key_class="LeftThumb" state_before="Idle" state_after="Idle" decision="PassThrough" physical="Allow" repeat_count=1 last_timestamp_us=90182351 last_elapsed_ms=0
2026-09-19T23:17:18.678692Z DEBUG execute_one{generation=None}: awase_windows::runtime::executor: [reinject] vk=0x1d down (queued passthrough now firing)
2026-09-19T23:17:18.693046Z DEBUG awase_windows::tsf::gji_monitor: [gji-io] WRITE: w_ops=+2 w_KB=+0.0 (r_ops=+4 x_ops=+4 x_KB=+0.0)
2026-09-19T23:17:18.804426Z DEBUG awase_windows::runtime::key_pipeline: [engine-input] vk=0x1D KeyUp ts=90308251us delay=0ms state=Idle mods(c=false s=false a=false w=false) gas_ctrl=false phys_ctrl=false extra=0x5350494B pending_drain=0 gate_active=false l_thumb=None r_thumb=None [diag-ctx] ime_on=
2026-09-19T23:17:18.804494Z DEBUG awase::engine::engine: [diag-engine-active] ime_on=true なのに非活性: reason=Inactive(NotRomajiInput) romaji_capable=false japanese=true user_enabled=true was_active=false input_mode=ObservedEisu
2026-09-19T23:17:18.804600Z DEBUG awase::journal: key input seq=304 elapsed_ms=90309 vk_code=29 is_down=false injected=false key_class="LeftThumb" state_before="Idle" state_after="Idle" decision="PassThrough" physical="Allow" repeat_count=1 last_timestamp_us=90308251 last_elapsed_ms=0
2026-09-19T23:17:18.804811Z DEBUG execute_one{generation=None}: awase_windows::runtime::executor: [reinject] vk=0x1d up (queued passthrough now firing)
2026-09-19T23:17:19.361347Z DEBUG awase_windows::runtime::key_pipeline: [engine-input] vk=0x4B KeyDown ts=90863234us delay=2ms state=Idle mods(c=false s=false a=false w=false) gas_ctrl=false phys_ctrl=false extra=0x5350494B pending_drain=0 gate_active=false l_thumb=None r_thumb=None [diag-ctx] ime_o
2026-09-19T23:17:19.361418Z DEBUG awase::engine::engine: [diag-engine-active] ime_on=true なのに非活性: reason=Inactive(NotRomajiInput) romaji_capable=false japanese=true user_enabled=true was_active=false input_mode=ObservedEisu
2026-09-19T23:17:19.361514Z DEBUG awase::journal: key input seq=305 elapsed_ms=90866 vk_code=75 is_down=true injected=false key_class="Char" state_before="Idle" state_after="Idle" decision="PassThrough" physical="Allow" repeat_count=1 last_timestamp_us=90863234 last_elapsed_ms=0
2026-09-19T23:17:19.361783Z DEBUG execute_one{generation=None}: awase_windows::runtime::executor: [reinject] vk=0x4b down (queued passthrough now firing)
2026-09-19T23:17:19.553041Z DEBUG awase_windows::runtime::key_pipeline: [engine-input] vk=0x4B KeyUp ts=91056929us delay=0ms state=Idle mods(c=false s=false a=false w=false) gas_ctrl=false phys_ctrl=false extra=0x5350494B pending_drain=0 gate_active=false l_thumb=None r_thumb=None [diag-ctx] ime_on=
2026-09-19T23:17:19.553093Z DEBUG awase::engine::engine: [diag-engine-active] ime_on=true なのに非活性: reason=Inactive(NotRomajiInput) romaji_capable=false japanese=true user_enabled=true was_active=false input_mode=ObservedEisu
2026-09-19T23:17:19.553172Z DEBUG awase::journal: key input seq=306 elapsed_ms=91058 vk_code=75 is_down=false injected=false key_class="Char" state_before="Idle" state_after="Idle" decision="PassThrough" physical="Allow" repeat_count=1 last_timestamp_us=91056929 last_elapsed_ms=0
2026-09-19T23:17:19.553331Z DEBUG execute_one{generation=None}: awase_windows::runtime::executor: [reinject] vk=0x4b up (queued passthrough now firing)
2026-09-19T23:17:19.867744Z DEBUG awase_windows::runtime::key_pipeline: [engine-input] vk=0x1B KeyDown ts=91371448us delay=0ms state=Idle mods(c=false s=false a=false w=false) gas_ctrl=false phys_ctrl=false extra=0x5350494B pending_drain=0 gate_active=false l_thumb=None r_thumb=None [diag-ctx] ime_o
2026-09-19T23:17:19.867826Z DEBUG awase::engine::engine: [diag-engine-active] ime_on=true なのに非活性: reason=Inactive(NotRomajiInput) romaji_capable=false japanese=true user_enabled=true was_active=false input_mode=ObservedEisu
2026-09-19T23:17:19.867935Z DEBUG awase::journal: key input seq=307 elapsed_ms=91372 vk_code=27 is_down=true injected=false key_class="Passthrough" state_before="Idle" state_after="Idle" decision="PassThrough" physical="Allow" repeat_count=1 last_timestamp_us=91371448 last_elapsed_ms=0
2026-09-19T23:17:19.868075Z DEBUG execute_from_hook: awase_windows::runtime::executor: [relay-passthrough] PassThrough idle: direct OS pass-through (vk=0x1b down)
2026-09-19T23:17:19.868182Z DEBUG execute_one{generation=None}: awase_windows::runtime::executor: [reinject] vk=0x1b down (queued passthrough now firing)
2026-09-19T23:17:20.053938Z DEBUG awase_windows::runtime::key_pipeline: [engine-input] vk=0x1B KeyUp ts=91557747us delay=0ms state=Idle mods(c=false s=false a=false w=false) gas_ctrl=false phys_ctrl=false extra=0x5350494B pending_drain=0 gate_active=false l_thumb=None r_thumb=None [diag-ctx] ime_on=
2026-09-19T23:17:20.053985Z DEBUG awase::engine::engine: [diag-engine-active] ime_on=true なのに非活性: reason=Inactive(NotRomajiInput) romaji_capable=false japanese=true user_enabled=true was_active=false input_mode=ObservedEisu
2026-09-19T23:17:20.054052Z DEBUG awase::journal: key input seq=308 elapsed_ms=91559 vk_code=27 is_down=false injected=false key_class="Passthrough" state_before="Idle" state_after="Idle" decision="PassThrough" physical="Allow" repeat_count=1 last_timestamp_us=91557747 last_elapsed_ms=0
2026-09-19T23:17:20.054144Z DEBUG execute_from_hook: awase_windows::runtime::executor: [relay-passthrough] PassThrough idle: direct OS pass-through (vk=0x1b up)
2026-09-19T23:17:20.054295Z DEBUG execute_one{generation=None}: awase_windows::runtime::executor: [reinject] vk=0x1b up (queued passthrough now firing)
2026-09-19T23:17:21.799587Z DEBUG awase_windows::runtime::key_pipeline: [shadow-toggle] vk=0x1DはFSM delegate所有 → belief書き込み/actuationをスキップ w_ops0=110246 x_ops0=244391 x_KB0=23.6
2026-09-19T23:17:21.799632Z DEBUG awase_windows::runtime::key_pipeline: [shadow-toggle] no-op: vk=0x1D action=Toggle source=PhysicalImeKey effective_open は既に true → apply-ime 見送り
2026-09-19T23:17:21.799674Z DEBUG awase_windows::runtime::key_pipeline: [engine-input] vk=0x1D KeyDown ts=93303462us delay=0ms state=Idle mods(c=false s=false a=false w=false) gas_ctrl=false phys_ctrl=false extra=0x5350494B pending_drain=0 gate_active=false l_thumb=Some(93303447) r_thumb=None [diag-
2026-09-19T23:17:21.799720Z DEBUG awase::engine::engine: [diag-engine-active] ime_on=true なのに非活性: reason=Inactive(NotRomajiInput) romaji_capable=false japanese=true user_enabled=true was_active=false input_mode=ObservedEisu
2026-09-19T23:17:21.799801Z DEBUG awase::journal: key input seq=309 elapsed_ms=93304 vk_code=29 is_down=true injected=false key_class="LeftThumb" state_before="Idle" state_after="Idle" decision="PassThrough" physical="Allow" repeat_count=1 last_timestamp_us=93303462 last_elapsed_ms=0
2026-09-19T23:17:21.799969Z DEBUG execute_one{generation=None}: awase_windows::runtime::executor: [reinject] vk=0x1d down (queued passthrough now firing)
2026-09-19T23:17:21.812006Z DEBUG awase_windows::tsf::gji_monitor: [gji-io] WRITE: w_ops=+2 w_KB=+0.0 (r_ops=+4 x_ops=+4 x_KB=+0.0)
2026-09-19T23:17:21.923846Z DEBUG awase_windows::runtime::key_pipeline: [engine-input] vk=0x1D KeyUp ts=93427653us delay=0ms state=Idle mods(c=false s=false a=false w=false) gas_ctrl=false phys_ctrl=false extra=0x5350494B pending_drain=0 gate_active=false l_thumb=None r_thumb=None [diag-ctx] ime_on=
2026-09-19T23:17:21.923907Z DEBUG awase::engine::engine: [diag-engine-active] ime_on=true なのに非活性: reason=Inactive(NotRomajiInput) romaji_capable=false japanese=true user_enabled=true was_active=false input_mode=ObservedEisu
2026-09-19T23:17:21.923995Z DEBUG awase::journal: key input seq=310 elapsed_ms=93428 vk_code=29 is_down=false injected=false key_class="LeftThumb" state_before="Idle" state_after="Idle" decision="PassThrough" physical="Allow" repeat_count=1 last_timestamp_us=93427653 last_elapsed_ms=0
2026-09-19T23:17:21.924169Z DEBUG execute_one{generation=None}: awase_windows::runtime::executor: [reinject] vk=0x1d up (queued passthrough now firing)
2026-09-19T23:17:22.479371Z DEBUG awase_windows::runtime::key_pipeline: [engine-input] vk=0x4B KeyDown ts=93983207us delay=0ms state=Idle mods(c=false s=false a=false w=false) gas_ctrl=false phys_ctrl=false extra=0x5350494B pending_drain=0 gate_active=false l_thumb=None r_thumb=None [diag-ctx] ime_o
2026-09-19T23:17:22.479430Z DEBUG awase::engine::engine: [diag-engine-active] ime_on=true なのに非活性: reason=Inactive(NotRomajiInput) romaji_capable=false japanese=true user_enabled=true was_active=false input_mode=ObservedEisu
2026-09-19T23:17:22.479509Z DEBUG awase::journal: key input seq=311 elapsed_ms=93984 vk_code=75 is_down=true injected=false key_class="Char" state_before="Idle" state_after="Idle" decision="PassThrough" physical="Allow" repeat_count=1 last_timestamp_us=93983207 last_elapsed_ms=0
2026-09-19T23:17:22.479662Z DEBUG execute_one{generation=None}: awase_windows::runtime::executor: [reinject] vk=0x4b down (queued passthrough now firing)
2026-09-19T23:17:22.485586Z DEBUG awase_windows::tsf::gji_monitor: [gji-io] WRITE: w_ops=+2 w_KB=+0.4 (r_ops=+4 x_ops=+4 x_KB=+0.0)
2026-09-19T23:17:22.497109Z  INFO awase_windows::tsf::win_event_obs: [gji-obs] candidate SHOW #13: last_gji_write=15ms ago
2026-09-19T23:17:22.682121Z DEBUG awase_windows::runtime::key_pipeline: [engine-input] vk=0x4B KeyUp ts=94186023us delay=0ms state=Idle mods(c=false s=false a=false w=false) gas_ctrl=false phys_ctrl=false extra=0x5350494B pending_drain=0 gate_active=false l_thumb=None r_thumb=None [diag-ctx] ime_on=
2026-09-19T23:17:22.682175Z DEBUG awase::engine::engine: [diag-engine-active] ime_on=true なのに非活性: reason=Inactive(NotRomajiInput) romaji_capable=false japanese=true user_enabled=true was_active=false input_mode=ObservedEisu
2026-09-19T23:17:22.682253Z DEBUG awase::journal: key input seq=312 elapsed_ms=94187 vk_code=75 is_down=false injected=false key_class="Char" state_before="Idle" state_after="Idle" decision="PassThrough" physical="Allow" repeat_count=1 last_timestamp_us=94186023 last_elapsed_ms=0
2026-09-19T23:17:22.682467Z DEBUG execute_one{generation=None}: awase_windows::runtime::executor: [reinject] vk=0x4b up (queued passthrough now firing)
2026-09-19T23:17:22.687652Z DEBUG awase_windows::platform: [gji-fsm] StartComposition (candidate SHOW)
2026-09-19T23:17:22.687695Z DEBUG gji_on_event{event=StartComposition}: awase_windows::tsf::gji_fsm: [gji-fsm] StartComposition: OnWarm → OnComposing(AlreadyWarm)
2026-09-19T23:17:22.687888Z DEBUG awase::journal: gji fsm transition seq=313 elapsed_ms=94192 trigger="StartComposition(candidate SHOW)" state_before="OnWarm" state_after="OnComposing(Warm)"
2026-09-19T23:17:22.988565Z DEBUG awase_windows::runtime::key_pipeline: [engine-input] vk=0x1B KeyDown ts=94492320us delay=0ms state=Idle mods(c=false s=false a=false w=false) gas_ctrl=false phys_ctrl=false extra=0x5350494B pending_drain=0 gate_active=false l_thumb=None r_thumb=None [diag-ctx] ime_o
2026-09-19T23:17:22.988732Z DEBUG awase::engine::engine: [diag-engine-active] ime_on=true なのに非活性: reason=Inactive(NotRomajiInput) romaji_capable=false japanese=true user_enabled=true was_active=false input_mode=ObservedEisu
2026-09-19T23:17:22.988838Z DEBUG awase::journal: key input seq=314 elapsed_ms=94493 vk_code=27 is_down=true injected=false key_class="Passthrough" state_before="Idle" state_after="Idle" decision="PassThrough" physical="Allow" repeat_count=1 last_timestamp_us=94492320 last_elapsed_ms=0
2026-09-19T23:17:22.988977Z DEBUG execute_from_hook: awase_windows::runtime::executor: [relay-passthrough] PassThrough idle: direct OS pass-through (vk=0x1b down)
2026-09-19T23:17:22.989090Z DEBUG execute_one{generation=None}: awase_windows::runtime::executor: [reinject] vk=0x1b down (queued passthrough now firing)
2026-09-19T23:17:22.999674Z DEBUG awase_windows::tsf::gji_monitor: [gji-io] WRITE: w_ops=+2 w_KB=+0.4 (r_ops=+4 x_ops=+4 x_KB=+0.0)
2026-09-19T23:17:23.001990Z  INFO awase_windows::tsf::win_event_obs: [gji-obs] candidate HIDE: last_gji_write=0ms ago
2026-09-19T23:17:23.176657Z DEBUG awase_windows::runtime::key_pipeline: [engine-input] vk=0x1B KeyUp ts=94680191us delay=0ms state=Idle mods(c=false s=false a=false w=false) gas_ctrl=false phys_ctrl=false extra=0x5350494B pending_drain=0 gate_active=false l_thumb=None r_thumb=None [diag-ctx] ime_on=
2026-09-19T23:17:23.176711Z DEBUG awase::engine::engine: [diag-engine-active] ime_on=true なのに非活性: reason=Inactive(NotRomajiInput) romaji_capable=false japanese=true user_enabled=true was_active=false input_mode=ObservedEisu
2026-09-19T23:17:23.176793Z DEBUG awase::journal: key input seq=315 elapsed_ms=94681 vk_code=27 is_down=false injected=false key_class="Passthrough" state_before="Idle" state_after="Idle" decision="PassThrough" physical="Allow" repeat_count=1 last_timestamp_us=94680191 last_elapsed_ms=0
2026-09-19T23:17:23.176890Z DEBUG execute_from_hook: awase_windows::runtime::executor: [relay-passthrough] PassThrough idle: direct OS pass-through (vk=0x1b up)
2026-09-19T23:17:23.176964Z DEBUG execute_one{generation=None}: awase_windows::runtime::executor: [reinject] vk=0x1b up (queued passthrough now firing)
2026-09-19T23:17:23.179206Z DEBUG awase_windows::platform: [gji-fsm] EndComposition (candidate HIDE) epoch=FocusEpoch(13)
2026-09-19T23:17:23.179322Z DEBUG awase::journal: gji fsm transition seq=316 elapsed_ms=94684 trigger="EndComposition(candidate HIDE, epoch=FocusEpoch(13))" state_before="OnComposing(Warm)" state_after="OnWarm"
2026-09-19T23:17:24.924377Z DEBUG awase_windows::hook: [hook] IME-mode vk=0xF0 up self_injected=false injected=false scan=0x70 extra=0x5350494B since_actuation_us=Some(28986722)
2026-09-19T23:17:24.924561Z DEBUG awase::journal: hook ime-mode diagnostic seq=317 elapsed_ms=96429 vk_code=240 is_down=false self_injected=false injected=false scan=112
2026-09-19T23:17:24.924812Z DEBUG awase_windows::runtime::key_pipeline: [engine-input] vk=0xF0 KeyUp ts=96428721us delay=0ms state=Idle mods(c=false s=false a=false w=false) gas_ctrl=false phys_ctrl=false extra=0x5350494B pending_drain=0 gate_active=false l_thumb=None r_thumb=None [diag-ctx] ime_on=
2026-09-19T23:17:24.924822Z DEBUG awase_windows::hook: [hook] IME-mode vk=0xF2 down self_injected=false injected=false scan=0x70 extra=0x5350494B since_actuation_us=Some(28987187)
2026-09-19T23:17:24.924865Z DEBUG awase::engine::engine: [diag-engine-active] ime_on=true なのに非活性: reason=Inactive(NotRomajiInput) romaji_capable=false japanese=true user_enabled=true was_active=false input_mode=ObservedEisu
2026-09-19T23:17:24.925047Z DEBUG awase::journal: key input seq=318 elapsed_ms=96430 vk_code=240 is_down=false injected=false key_class="Passthrough" state_before="Idle" state_after="Idle" decision="PassThrough" physical="Suppress" repeat_count=1 last_timestamp_us=96428721 last_elapsed_ms=0
2026-09-19T23:17:24.925125Z DEBUG awase_windows::runtime::key_pipeline: [imm-cross] key suppress vk=0xf0 KeyUp (physical disposition)
2026-09-19T23:17:24.925199Z DEBUG awase::journal: hook ime-mode diagnostic seq=319 elapsed_ms=96430 vk_code=242 is_down=true self_injected=false injected=false scan=112
2026-09-19T23:17:24.925320Z  INFO awase_windows::runtime::key_pipeline: [shadow-toggle] intent 昇格: vk=0xF2 scan=0x70 action=TurnOn kind=PhysicalImeKey injected=false true→true w_ops0=110252 x_ops0=244403 x_KB0=23.6
2026-09-19T23:17:24.925382Z DEBUG awase::journal: ime event seq=320 elapsed_ms=96430 event_kind="UserImeSetIntent"
2026-09-19T23:17:24.925416Z DEBUG awase_windows::runtime::key_pipeline: [shadow-toggle] no-op: vk=0xF2 action=TurnOn source=PhysicalImeKey effective_open は既に true → apply-ime 見送り
2026-09-19T23:17:24.925448Z DEBUG awase_windows::runtime::key_pipeline: [engine-input] vk=0xF2 KeyDown ts=96429042us delay=0ms state=Idle mods(c=false s=false a=false w=false) gas_ctrl=false phys_ctrl=false extra=0x5350494B pending_drain=0 gate_active=false l_thumb=None r_thumb=None [diag-ctx] ime_o
2026-09-19T23:17:24.925494Z DEBUG awase::engine::engine: [diag-engine-active] ime_on=true なのに非活性: reason=Inactive(NotRomajiInput) romaji_capable=false japanese=true user_enabled=true was_active=false input_mode=ObservedEisu
2026-09-19T23:17:24.925571Z DEBUG awase::journal: key input seq=321 elapsed_ms=96430 vk_code=242 is_down=true injected=false key_class="Passthrough" state_before="Idle" state_after="Idle" decision="PassThrough" physical="Allow" repeat_count=1 last_timestamp_us=96429042 last_elapsed_ms=0
2026-09-19T23:17:24.925769Z DEBUG awase_windows::runtime::key_pipeline: may_change_ime key passed through → IME refresh scheduled (20ms)
2026-09-19T23:17:24.925870Z DEBUG execute_from_hook: awase_windows::runtime::executor: [relay-passthrough] PassThrough idle: direct OS pass-through (vk=0xf2 down)
2026-09-19T23:17:24.925967Z DEBUG execute_one{generation=None}: awase_windows::runtime::executor: [reinject] vk=0xf2 down (queued passthrough now firing)
2026-09-19T23:17:24.929510Z DEBUG awase_windows::hook: [hook] IME-mode vk=0xF0 up self_injected=true injected=false scan=0x0 extra=0x4B45594D since_actuation_us=Some(28991870)
2026-09-19T23:17:24.933154Z DEBUG awase_windows::hook: [hook] IME-mode vk=0xF2 down self_injected=true injected=true scan=0x0 extra=0x4B45594D since_actuation_us=Some(28995496)
2026-09-19T23:17:24.935741Z DEBUG awase::journal: hook ime-mode diagnostic seq=322 elapsed_ms=96440 vk_code=240 is_down=false self_injected=true injected=false scan=0
2026-09-19T23:17:24.935802Z DEBUG awase::journal: hook ime-mode diagnostic seq=323 elapsed_ms=96440 vk_code=242 is_down=true self_injected=true injected=true scan=0
2026-09-19T23:17:24.937982Z DEBUG awase_windows::tsf::gji_monitor: [gji-io] WRITE: w_ops=+1 w_KB=+0.0 (r_ops=+1 x_ops=+0 x_KB=+0.0)
2026-09-19T23:17:24.953460Z DEBUG awase_windows::tsf::gji_monitor: [gji-io] WRITE: w_ops=+1 w_KB=+0.0 (r_ops=+3 x_ops=+4 x_KB=+0.0)
2026-09-19T23:17:24.964565Z DEBUG awase_windows::runtime::ime_refresh: Explicit intent: bypassing typing-idle guard for IME verify (idle=47ms)
2026-09-19T23:17:24.964634Z  INFO awase_windows::observer::ime_observer: IME input method changed: kana → romaji (focused_class=Some("Edit"))
2026-09-19T23:17:24.964662Z DEBUG awase_windows::observer::ime_observer: IME snapshot: japanese=Some(true) ime_on=Some(true) romaji=Some(true) conv=Some("0x00000019") guard=false
2026-09-19T23:17:24.964794Z DEBUG awase::journal: ime event seq=324 elapsed_ms=96469 event_kind="ObserverReported"
2026-09-19T23:17:24.964866Z DEBUG awase::journal: ime event seq=325 elapsed_ms=96469 event_kind="InputModeObserved"
2026-09-19T23:17:24.964954Z  INFO awase::engine::engine: Engine activated (ime=true, romaji=true, japanese=true, user=true, reason=Active)
2026-09-19T23:17:24.965149Z DEBUG execute_from_loop:execute_one{generation=None}:dispatch_ime_set_open{open=true generation=None}: awase_windows::runtime::executor: [dispatch-ime] ImmCross async: optimistic applied_snapshot=true (suppress send_engine_state_ime_key)
2026-09-19T23:17:24.967456Z DEBUG execute_from_loop:execute_one{generation=None}: awase_windows::platform: [engine-state-key] suppressed (polling/focus-triggered, enabled=true)
2026-09-19T23:17:24.971656Z DEBUG run_open_chain_async: awase_windows::ime_controller: [warrant-shadow] chain=async open=true origin=EventOrigin { source: SelfActuated { strategy: "engine_decision_async" }, epoch: Generation(0) } warranted
2026-09-19T23:17:24.971798Z  INFO run_open_chain_async:imm_cross_write{open=true}: awase_windows::runtime::open_chain: [apply-ime] ImmCross async: open=true composition_active=false show_seq=0 change_seq=0 (issue #138診断)
2026-09-19T23:17:24.976785Z DEBUG awase_windows::shadow_send_trace: [shadow-send] channel=ImeControl cmd=0x0006 lparam=1 issue_us=96480621
2026-09-19T23:17:24.976809Z DEBUG awase_windows::ime: set_ime_open_for_target: hwnd=HWND(0xbb1c7a) ime_wnd=HWND(0xfb125c) open=true success=true send_elapsed=0ms candidate_visible=false
2026-09-19T23:17:24.978162Z DEBUG run_open_chain_async:imm_cross_write{open=true}: awase_windows::ime: [imm-cross-actuate] hwnd=HWND(0xbb1c7a) open=Written conv=Some(Written)
2026-09-19T23:17:24.978259Z DEBUG run_open_chain_async:imm_cross_write{open=true}: awase_windows::runtime::open_chain: [apply-ime] ROMAN 補完結果: Written
2026-09-19T23:17:24.978344Z DEBUG run_open_chain_async: awase::journal: actuation decision seq=326 elapsed_ms=96483 site="DispatchImeSetOpen" caller="None" open=true chain_len=4 attempts_len=1 gate_profile="Standard" gate_kind="Gji" gate_shadow_known=true gate_shadow_on=true gate_input_mode="Observe
2026-09-19T23:17:24.978560Z DEBUG on_ime_apply_complete{open=true outcome=AppliedWithoutSendInput generation=None reason=EngineDecision}: awase::journal: ime open applied seq=327 elapsed_ms=96483 open=true outcome="AppliedWithoutSendInput" reason="EngineDecision"
2026-09-19T23:17:24.978668Z DEBUG on_ime_apply_complete{open=true outcome=AppliedWithoutSendInput generation=None reason=EngineDecision}: awase_windows::tsf::ime_mode_fsm: [ime-mode] SetOpen(true) applied → Hiragana (belief, unconfirmed)
2026-09-19T23:17:24.978705Z DEBUG on_ime_apply_complete{open=true outcome=AppliedWithoutSendInput generation=None reason=EngineDecision}: awase_windows::platform: [composition] ImeEffect::SetOpen(true) → marking cold
2026-09-19T23:17:24.978734Z DEBUG on_ime_apply_complete{open=true outcome=AppliedWithoutSendInput generation=None reason=EngineDecision}: awase_windows::tsf::probe: [composition] marked cold reason=SetOpenTrue idle=11703ms → next VK/TSF output will send VK_DBE_HIRAGANA warmup
2026-09-19T23:17:24.978885Z DEBUG on_ime_apply_complete{open=true outcome=AppliedWithoutSendInput generation=None reason=EngineDecision}:gji_on_event{event=ImeOn { injection_mode: Unicode, gji_idle_ms: 31 }}: awase_windows::tsf::gji_fsm: [gji-fsm] ImeOn: already on (OnWarm), ignored
2026-09-19T23:17:24.979773Z DEBUG awase::journal: gji fsm transition seq=328 elapsed_ms=96483 trigger="ImeOn(gji_idle_ms=31)" state_before="OnWarm" state_after="OnWarm"
2026-09-19T23:17:25.021110Z DEBUG awase_windows::runtime::ime_refresh: Explicit intent: bypassing typing-idle guard for IME verify (idle=94ms)
2026-09-19T23:17:25.021159Z DEBUG awase_windows::observer::ime_observer: IME snapshot: japanese=Some(true) ime_on=Some(true) romaji=Some(true) conv=Some("0x00000019") guard=false
2026-09-19T23:17:25.021248Z DEBUG awase::journal: ime event seq=329 elapsed_ms=96526 event_kind="ObserverReported"
2026-09-19T23:17:25.021289Z DEBUG awase::journal: ime event seq=330 elapsed_ms=96526 event_kind="InputModeObserved"
2026-09-19T23:17:25.613497Z DEBUG awase_windows::runtime::key_pipeline: [engine-input] vk=0x4B KeyDown ts=97117358us delay=0ms state=Idle mods(c=false s=false a=false w=false) gas_ctrl=false phys_ctrl=false extra=0x5350494B pending_drain=0 gate_active=false l_thumb=None r_thumb=None [diag-ctx] ime_o
2026-09-19T23:17:25.613658Z DEBUG awase::journal: key input seq=331 elapsed_ms=97118 vk_code=75 is_down=true injected=false key_class="Char" state_before="Idle" state_after="PendingChar(vk=0x4B)" decision="Consume" physical="Allow" repeat_count=1 last_timestamp_us=97117358 last_elapsed_ms=0
2026-09-19T23:17:25.720830Z DEBUG execute_from_loop:execute_one{generation=None}: awase_windows::output: send_keys: mode=Unicode actions=[Char('き')] prev_elapsed=12437ms
2026-09-19T23:17:25.720866Z DEBUG execute_from_loop:execute_one{generation=None}: awase_windows::tsf::probe: [mark-send] last_send_ms=335879765
2026-09-19T23:17:25.720889Z DEBUG execute_from_loop:execute_one{generation=None}: awase_windows::output:   → Char('き') via Unicode
2026-09-19T23:17:25.726640Z DEBUG execute_from_loop:execute_one{generation=None}: awase_windows::tsf::probe: [mark-send] last_send_ms=335879781
2026-09-19T23:17:25.735534Z DEBUG awase_windows::tsf::gji_monitor: [gji-io] WRITE: w_ops=+2 w_KB=+0.3 (r_ops=+4 x_ops=+4 x_KB=+0.0)
2026-09-19T23:17:25.741413Z  INFO awase_windows::tsf::win_event_obs: [gji-obs] candidate SHOW #14: last_gji_write=15ms ago
2026-09-19T23:17:25.828913Z DEBUG awase_windows::runtime::key_pipeline: [engine-input] vk=0x4B KeyUp ts=97332776us delay=0ms state=Idle mods(c=false s=false a=false w=false) gas_ctrl=false phys_ctrl=false extra=0x5350494B pending_drain=0 gate_active=false l_thumb=None r_thumb=None [diag-ctx] ime_on=
2026-09-19T23:17:25.829047Z DEBUG awase::journal: key input seq=333 elapsed_ms=97334 vk_code=75 is_down=false injected=false key_class="Char" state_before="Idle" state_after="Idle" decision="Consume" physical="Allow" repeat_count=1 last_timestamp_us=97332776 last_elapsed_ms=0
2026-09-19T23:17:25.829226Z DEBUG execute_one{generation=None}: awase_windows::output: send_keys: mode=Unicode actions=[Suppress] prev_elapsed=94ms
2026-09-19T23:17:25.829267Z DEBUG execute_one{generation=None}: awase_windows::tsf::probe: [mark-send] last_send_ms=335879875
2026-09-19T23:17:25.829291Z DEBUG execute_one{generation=None}: awase_windows::output:   → Suppress
2026-09-19T23:17:25.829311Z DEBUG execute_one{generation=None}: awase_windows::tsf::probe: [mark-send] last_send_ms=335879875
2026-09-19T23:17:25.829376Z DEBUG execute_one{generation=None}: awase_windows::platform: [gji-fsm] StartComposition (candidate SHOW)
2026-09-19T23:17:25.829420Z DEBUG execute_one{generation=None}:gji_on_event{event=StartComposition}: awase_windows::tsf::gji_fsm: [gji-fsm] StartComposition: OnWarm → OnComposing(AlreadyWarm)
2026-09-19T23:17:25.829590Z DEBUG awase::journal: gji fsm transition seq=334 elapsed_ms=97334 trigger="StartComposition(candidate SHOW)" state_before="OnWarm" state_after="OnComposing(Warm)"
2026-09-19T23:17:26.112944Z DEBUG awase_windows::runtime::key_pipeline: [engine-input] vk=0x1B KeyDown ts=97616833us delay=0ms state=Idle mods(c=false s=false a=false w=false) gas_ctrl=false phys_ctrl=false extra=0x5350494B pending_drain=0 gate_active=false l_thumb=None r_thumb=None [diag-ctx] ime_o
2026-09-19T23:17:26.113062Z DEBUG awase::journal: key input seq=335 elapsed_ms=97618 vk_code=27 is_down=true injected=false key_class="Passthrough" state_before="Idle" state_after="Idle" decision="PassThrough" physical="Allow" repeat_count=1 last_timestamp_us=97616833 last_elapsed_ms=0
2026-09-19T23:17:26.113190Z DEBUG execute_from_hook: awase_windows::runtime::executor: [relay-passthrough] PassThrough idle: direct OS pass-through (vk=0x1b down)
2026-09-19T23:17:26.113382Z DEBUG execute_one{generation=None}: awase_windows::runtime::executor: [reinject] vk=0x1b down (queued passthrough now firing)
2026-09-19T23:17:26.123485Z  INFO awase_windows::tsf::win_event_obs: [gji-obs] candidate HIDE: last_gji_write=390ms ago
2026-09-19T23:17:26.125447Z DEBUG awase_windows::tsf::gji_monitor: [gji-io] WRITE: w_ops=+2 w_KB=+0.3 (r_ops=+4 x_ops=+4 x_KB=+0.0)
2026-09-19T23:17:26.298643Z DEBUG awase_windows::runtime::key_pipeline: [engine-input] vk=0x1B KeyUp ts=97802432us delay=0ms state=Idle mods(c=false s=false a=false w=false) gas_ctrl=false phys_ctrl=false extra=0x5350494B pending_drain=0 gate_active=false l_thumb=None r_thumb=None [diag-ctx] ime_on=
2026-09-19T23:17:26.298741Z DEBUG awase::journal: key input seq=336 elapsed_ms=97803 vk_code=27 is_down=false injected=false key_class="Passthrough" state_before="Idle" state_after="Idle" decision="PassThrough" physical="Allow" repeat_count=1 last_timestamp_us=97802432 last_elapsed_ms=0
2026-09-19T23:17:26.298846Z DEBUG execute_from_hook: awase_windows::runtime::executor: [relay-passthrough] PassThrough idle: direct OS pass-through (vk=0x1b up)
2026-09-19T23:17:26.298915Z DEBUG execute_one{generation=None}: awase_windows::runtime::executor: [reinject] vk=0x1b up (queued passthrough now firing)
2026-09-19T23:17:26.300654Z DEBUG awase_windows::platform: [gji-fsm] EndComposition (candidate HIDE) epoch=FocusEpoch(14)
2026-09-19T23:17:26.300881Z DEBUG awase::journal: gji fsm transition seq=337 elapsed_ms=97805 trigger="EndComposition(candidate HIDE, epoch=FocusEpoch(14))" state_before="OnComposing(Warm)" state_after="OnWarm"
2026-09-19T23:17:29.599934Z DEBUG awase_windows::tsf::gji_monitor: [gji-io] WRITE: w_ops=+1 w_KB=+0.0 (r_ops=+2 x_ops=+2 x_KB=+0.0)
2026-09-19T23:17:29.643128Z DEBUG awase_windows::runtime: [focus-sync] hwnd=0x3042C class="CASCADIA_HOSTING_WINDOW_CLASS" app_kind=Win32 hint=ForceTsf → mode=Tsf
2026-09-19T23:17:29.643183Z DEBUG awase_windows::runtime: [focus-sync] belief=ON かつ実状態を問い合わせられないプロファイル (profile=Imm32Unavailable) → 次の入力で再プライムするため cold mark
2026-09-19T23:17:29.643204Z DEBUG awase_windows::tsf::probe: [composition] marked cold reason=FocusChange idle=3812ms → next VK/TSF output will send VK_DBE_HIRAGANA warmup
2026-09-19T23:17:29.643232Z DEBUG awase_windows::tsf::tsf_gate: [tsf-gate] focus change → PendingWarmup (held cleared)
2026-09-19T23:17:29.647479Z DEBUG awase_windows::runtime: [focus-sync] hwnd=0x30580 class="Windows.UI.Composition.DesktopWindowContentBridge" app_kind=Win32 hint=Default → mode=Unicode
2026-09-19T23:17:29.647529Z DEBUG awase_windows::output: [tsf-gate] focus change while PendingWarmup — held バッファを保持して再初期化スキップ (Chrome等の連続フォーカスイベント対策)
2026-09-19T23:17:29.651851Z DEBUG awase_windows::runtime: [focus-sync] hwnd=0x5058A class="Windows.UI.Input.InputSite.WindowClass" app_kind=Uwp hint=ForceTsf → mode=Tsf
2026-09-19T23:17:29.651893Z DEBUG awase_windows::runtime: [focus-sync] belief=ON かつ実状態を問い合わせられないプロファイル (profile=TsfNative) → 次の入力で再プライムするため cold mark
2026-09-19T23:17:29.651918Z DEBUG awase_windows::tsf::probe: [composition] marked cold reason=FocusChange idle=3828ms → next VK/TSF output will send VK_DBE_HIRAGANA warmup
2026-09-19T23:17:29.651941Z DEBUG awase_windows::output: [tsf-gate] focus change while PendingWarmup — held バッファを保持して再初期化スキップ (Chrome等の連続フォーカスイベント対策)
2026-09-19T23:17:29.716911Z  INFO apply_focus_probe_result: awase_windows::runtime::focus_tracking: AppKind changed: Win32 → Uwp (class=Windows.UI.Input.InputSite.WindowClass)
2026-09-19T23:17:29.721603Z DEBUG apply_focus_probe_result: awase_windows::runtime::focus_tracking: Focus kind changed: TextInput → Undetermined (reason=Undetermined)
2026-09-19T23:17:29.721937Z DEBUG apply_focus_probe_result: awase::journal: focus transition seq=338 elapsed_ms=101226 changed_process=true changed_window=true changed_app_kind=true changed_focus_kind=true dwell_ms=33562 profile="TsfNative"
2026-09-19T23:17:29.722212Z  INFO apply_focus_probe_result: awase_windows::runtime::focus_tracking: FocusChange [43724→19612] Windows.UI.Input.InputSite.WindowClass: stale ime_on=true intent=Some(true) mode=ObservedRomaji japanese=true
2026-09-19T23:17:29.722242Z DEBUG apply_focus_probe_result: awase_windows::tsf::probe: [composition] focus changed → marked cold
2026-09-19T23:17:29.722265Z DEBUG apply_focus_probe_result: awase_windows::runtime: [keymap] active rules recomputed: 0 rule(s) for process="windowsterminal.exe"
2026-09-19T23:17:29.722284Z DEBUG apply_focus_probe_result: awase_windows::runtime::focus_tracking: [keymap] active rules updated on focus change: 0 rule(s) (hwnd=HWND(0x5058a) kind=Undetermined focus_epoch=5)
2026-09-19T23:17:29.722318Z DEBUG apply_focus_probe_result:reduce: awase_windows::state::ime_model: [explicit-intent] cleared (focus change)
2026-09-19T23:17:29.722349Z DEBUG apply_focus_probe_result: awase::journal: ime event seq=339 elapsed_ms=101227 event_kind="FocusChanged"
2026-09-19T23:17:29.722444Z DEBUG apply_focus_probe_result: awase_windows::runtime::focus_tracking: [focus] TsfNative/SSOT: cache restore スキップ (desired_open=true cache_hwnd=Some(329098) new_hwnd=329098) — 最初のキー入力で dispatch_ime が apply
2026-09-19T23:17:29.722688Z DEBUG awase_windows::runtime::ime_refresh: Skipping IMM query for known-broken class (shadow state SSOT)
2026-09-19T23:17:29.722699Z DEBUG awase_windows::observer::gji_observer: [gji-poll] GJI I/O 125ms ago predates focus change (125ms before focus) → skipped
2026-09-19T23:17:29.722720Z DEBUG awase_windows::runtime::ime_refresh: [composition] focus change → marking cold
2026-09-19T23:17:29.722731Z DEBUG awase_windows::tsf::probe: [composition] marked cold reason=FocusChange idle=3890ms → next VK/TSF output will send VK_DBE_HIRAGANA warmup
2026-09-19T23:17:29.722768Z DEBUG gji_on_event{event=FocusChange { injection_mode: Tsf, gji_idle_ms: 125 }}: awase_windows::tsf::gji_fsm: [gji-fsm] FocusChange gji_idle=125ms → Short
2026-09-19T23:17:29.722899Z DEBUG awase_windows::platform: [gji-fsm] StartProbe probe_id=ProbeId(7) forces_f2=false long=false
2026-09-19T23:17:29.722920Z DEBUG awase_windows::tsf::ime_mode_fsm: [ime-mode] FocusChange → Unknown
2026-09-19T23:17:29.722971Z DEBUG awase::journal: gji fsm transition seq=340 elapsed_ms=101227 trigger="FocusChange(gji_idle_ms=125)" state_before="OnWarm" state_after="OnCold(Short)"
2026-09-19T23:17:29.722993Z DEBUG awase::journal: tsf probe started seq=341 elapsed_ms=101227 source="GjiAction::StartProbe" cold_seq=0 probe_id=7 probe_id_present=true gji_state="OnCold(Short)" consecutive_at_start=0 pending_deferred_len=0
2026-09-19T23:17:29.723059Z DEBUG awase_windows::shadow_send_trace: [shadow-send] channel=SendInput kind=tsf_marker_warmup vk=[16] issue_us=101227193
2026-09-19T23:17:29.723185Z DEBUG awase_windows::hook: [hook] IME-mode vk=0x16 down self_injected=true injected=true scan=0xF2 extra=0x4B455946 since_actuation_us=Some(142)
2026-09-19T23:17:29.724648Z DEBUG awase_windows::hook: [hook] IME-mode vk=0x16 up self_injected=true injected=true scan=0xF2 extra=0x4B455946 since_actuation_us=Some(1604)
2026-09-19T23:17:29.725575Z  INFO awase_windows::output: [tsf-eager-warmup] VK_IME_ON 送信 (origin=gated), eager_warmup_sent_ms=335883765ms
2026-09-19T23:17:29.725615Z DEBUG awase_windows::runtime::ime_refresh: [composition] FocusChange: send_eager_tsf_warmup called (ime_on via warmup_ime_on())
2026-09-19T23:17:29.726117Z DEBUG awase_windows::tsf::gji_monitor: [gji-io] WRITE: w_ops=+1 w_KB=+0.0 (r_ops=+2 x_ops=+2 x_KB=+0.0)
2026-09-19T23:17:29.726515Z DEBUG awase_windows::platform: [ime-mode] FocusProbe: GJI actuation との交錯を検知 → hint更新をabandon
2026-09-19T23:17:29.726739Z DEBUG awase::journal: hook ime-mode diagnostic seq=342 elapsed_ms=101231 vk_code=22 is_down=true self_injected=true injected=true scan=242
2026-09-19T23:17:29.726786Z DEBUG awase::journal: hook ime-mode diagnostic seq=343 elapsed_ms=101231 vk_code=22 is_down=false self_injected=true injected=true scan=242
2026-09-19T23:17:36.566730Z  WARN awase_windows::runtime::message_handlers: Hook watchdog: no activity for 6844ms (OS全体の最終入力は6844ms前、OSも無操作のため単なるアイドルの可能性が高い)
2026-09-19T23:17:39.559899Z  WARN awase_windows::runtime::message_handlers: Hook watchdog: no activity for 9844ms (OS全体の最終入力は9844ms前、OSも無操作のため単なるアイドルの可能性が高い)
2026-09-19T23:17:42.555900Z  WARN awase_windows::runtime::message_handlers: Hook watchdog: no activity for 12844ms (OS全体の最終入力は12844ms前、OSも無操作のため単なるアイドルの可能性が高い)
2026-09-19T23:17:45.560242Z  WARN awase_windows::runtime::message_handlers: Hook watchdog: no activity for 15844ms (OS全体の最終入力は15844ms前、OSも無操作のため単なるアイドルの可能性が高い)
2026-09-19T23:17:48.566876Z  WARN awase_windows::runtime::message_handlers: Hook watchdog: no activity for 18844ms (OS全体の最終入力は18844ms前、OSも無操作のため単なるアイドルの可能性が高い)
script error: Output type incorrect: bool (expecting ())
