2026-09-19T23:17:54.553690Z  WARN awase_windows::runtime::message_handlers: Hook watchdog: no activity for 24844ms (OS全体の最終入力は24844ms前、OSも無操作のため単なるアイドルの可能性が高い)
2026-09-19T23:17:54.835577Z DEBUG awase_windows::runtime: [focus-sync] hwnd=0xFF18F6 class="ImeKeyMatrixSpikeWindowClass" app_kind=Win32 hint=Default → mode=Unicode
2026-09-19T23:17:54.835647Z DEBUG awase_windows::tsf::tsf_gate: [tsf-gate] focus change → PendingWarmup (held cleared)
2026-09-19T23:17:54.939386Z DEBUG awase_windows::runtime: [focus-sync] hwnd=0xBC1C7A class="Edit" app_kind=Win32 hint=Default → mode=Unicode
2026-09-19T23:17:54.939449Z DEBUG awase_windows::output: [tsf-gate] focus change while PendingWarmup — held バッファを保持して再初期化スキップ (Chrome等の連続フォーカスイベント対策)
2026-09-19T23:17:54.998080Z  INFO apply_focus_probe_result: awase_windows::runtime::focus_tracking: AppKind changed: Uwp → Win32 (class=ImeKeyMatrixSpikeWindowClass)
2026-09-19T23:17:55.003104Z DEBUG apply_focus_probe_result: awase::journal: focus transition seq=344 elapsed_ms=126508 changed_process=true changed_window=true changed_app_kind=true changed_focus_kind=false dwell_ms=25281 profile="ImmCross"
2026-09-19T23:17:55.003762Z  INFO apply_focus_probe_result: awase_windows::runtime::focus_tracking: FocusChange [19612→27940] ImeKeyMatrixSpikeWindowClass: stale ime_on=true intent=None mode=ObservedRomaji japanese=true
2026-09-19T23:17:55.003822Z DEBUG apply_focus_probe_result: awase_windows::tsf::probe: [composition] focus changed → marked cold
2026-09-19T23:17:55.003850Z DEBUG apply_focus_probe_result: awase_windows::runtime: [keymap] active rules recomputed: 0 rule(s) for process="ime_key_matrix_spike.exe"
2026-09-19T23:17:55.003870Z DEBUG apply_focus_probe_result: awase_windows::runtime::focus_tracking: [keymap] active rules updated on focus change: 0 rule(s) (hwnd=HWND(0xff18f6) kind=Undetermined focus_epoch=6)
2026-09-19T23:17:55.003916Z DEBUG apply_focus_probe_result:reduce: awase_windows::state::ime_model: [explicit-intent] cleared (focus change)
2026-09-19T23:17:55.003952Z DEBUG apply_focus_probe_result: awase::journal: ime event seq=345 elapsed_ms=126509 event_kind="FocusChanged"
2026-09-19T23:17:55.004083Z DEBUG apply_focus_probe_result: awase_windows::runtime::focus_tracking: [focus] Imm32Unavailable hard pre-sync applied=true (prevent spurious VK_KANJI on first character key)
2026-09-19T23:17:55.004291Z DEBUG apply_focus_probe_result:gji_on_event{event=ImeOn { injection_mode: Unicode, gji_idle_ms: 25265 }}: awase_windows::tsf::gji_fsm: [gji-fsm] ImeOn: already on (OnCold(Short)), ignored
2026-09-19T23:17:55.004390Z DEBUG apply_focus_probe_result: awase::journal: gji fsm transition seq=346 elapsed_ms=126509 trigger="ImeOn(gji_idle_ms=25265)" state_before="OnCold(Short)" state_after="OnCold(Short)"
2026-09-19T23:17:55.006106Z DEBUG awase_windows::observer::ime_observer: IME snapshot: japanese=Some(true) ime_on=None romaji=None conv=Some("0x00000009") guard=false
2026-09-19T23:17:55.006157Z DEBUG awase_windows::runtime::ime_refresh: ObserverPoll +0ms since focus: detection failed (miss=1), stale ime_on=true mode=ObservedRomaji
2026-09-19T23:17:55.016690Z DEBUG awase_windows::ime_diagnostic: [ime-diag] label=focus_changed t=335909046 hwnd=0x0 pid=0 tid=27788 class="" hkl=04110411 lang=0411 imm_bridge=true imc_open=- imc_conv=- shadow_on=false shadow_romaji=false shadow_jp=false inject=Unknown dt_focus_ms=- dt_activity_ms=-
2026-09-19T23:17:55.016800Z DEBUG awase_windows::runtime::ime_refresh: [composition] focus change → marking cold
2026-09-19T23:17:55.016874Z DEBUG awase_windows::tsf::probe: [composition] marked cold reason=FocusChange idle=29187ms → next VK/TSF output will send VK_DBE_HIRAGANA warmup
2026-09-19T23:17:55.017010Z DEBUG gji_on_event{event=FocusChange { injection_mode: Unicode, gji_idle_ms: 25281 }}: awase_windows::tsf::gji_fsm: [gji-fsm] FocusChange gji_idle=25281ms → Long
2026-09-19T23:17:55.017134Z DEBUG awase_windows::platform: [gji-fsm] CancelProbe probe_id=ProbeId(7)
2026-09-19T23:17:55.017173Z DEBUG awase_windows::platform: [gji-fsm] StartProbe probe_id=ProbeId(8) forces_f2=true long=true
2026-09-19T23:17:55.017203Z DEBUG awase_windows::platform: [gji-fsm] Unicode long-cold StartProbe: VK_IME_OFF→VK_IME_ON reinit (chars なし)
2026-09-19T23:17:55.017228Z DEBUG awase_windows::output::probe_io: [chrome-reinit] cold=0 VK_IME_OFF→VK_IME_ON 強制リセット送信 + IMC ポーリング開始 (write_bytes_baseline=185771430)
2026-09-19T23:17:55.017297Z DEBUG awase_windows::shadow_send_trace: [shadow-send] channel=SendInput kind=kanji_marker vk=[1A, 16] issue_us=126521412
2026-09-19T23:17:55.021618Z DEBUG awase_windows::hook: [hook] IME-mode vk=0x1A down self_injected=true injected=true scan=0x0 extra=0x4B45594A since_actuation_us=Some(4329)
2026-09-19T23:17:55.045498Z DEBUG awase_windows::hook: [hook] IME-mode vk=0x1A up self_injected=true injected=true scan=0x0 extra=0x4B45594A since_actuation_us=Some(28214)
2026-09-19T23:17:55.058749Z DEBUG awase_windows::hook: [hook] IME-mode vk=0x16 down self_injected=true injected=true scan=0x0 extra=0x4B45594A since_actuation_us=Some(41471)
2026-09-19T23:17:55.064442Z DEBUG awase_windows::hook: [hook] IME-mode vk=0x16 up self_injected=true injected=true scan=0x0 extra=0x4B45594A since_actuation_us=Some(47170)
2026-09-19T23:17:55.065705Z DEBUG awase_windows::tsf::ime_mode_fsm: [ime-mode] VK_IME_OFF 送信 → Off (belief, unconfirmed)
2026-09-19T23:17:55.065743Z DEBUG awase_windows::tsf::ime_mode_fsm: [ime-mode] VK_IME_ON 送信 → Hiragana (belief, unconfirmed)
2026-09-19T23:17:55.066922Z DEBUG awase_windows::tsf::ime_mode_fsm: [ime-mode] FocusChange (0ms after VK send) → confirmed=false のみ（state=Hiragana 維持）
2026-09-19T23:17:55.066978Z DEBUG awase::journal: gji fsm transition seq=347 elapsed_ms=126522 trigger="FocusChange(gji_idle_ms=25281)" state_before="OnCold(Short)" state_after="OnCold(Long)"
2026-09-19T23:17:55.067005Z DEBUG awase::journal: tsf probe completed seq=348 elapsed_ms=126522 outcome="Canceled" cold_seq=18446744073709551615 cold_seq_present=false probe_id=7 probe_id_present=true duration_ms=25297 tick_count=0 gji_state="OnCold(Long)"
2026-09-19T23:17:55.067028Z DEBUG awase::journal: tsf probe started seq=349 elapsed_ms=126522 source="GjiAction::StartProbe" cold_seq=0 probe_id=8 probe_id_present=true gji_state="OnCold(Long)" consecutive_at_start=0 pending_deferred_len=0
2026-09-19T23:17:55.067048Z DEBUG awase::journal: gji fsm transition seq=350 elapsed_ms=126571 trigger="WarmupComplete(unicode)" state_before="OnCold(Long)" state_after="OnWarm"
2026-09-19T23:17:55.067063Z DEBUG awase::journal: tsf probe completed seq=351 elapsed_ms=126571 outcome="UnicodeImmediate" cold_seq=18446744073709551615 cold_seq_present=false probe_id=8 probe_id_present=true duration_ms=47 tick_count=0 gji_state="OnWarm"
2026-09-19T23:17:55.067112Z DEBUG awase_windows::runtime::ime_refresh: [composition] FocusChange: send_eager_tsf_warmup called (ime_on via warmup_ime_on())
2026-09-19T23:17:55.068849Z DEBUG awase::journal: hook ime-mode diagnostic seq=352 elapsed_ms=126574 vk_code=26 is_down=true self_injected=true injected=true scan=0
2026-09-19T23:17:55.068916Z DEBUG awase::journal: hook ime-mode diagnostic seq=353 elapsed_ms=126574 vk_code=26 is_down=false self_injected=true injected=true scan=0
2026-09-19T23:17:55.068951Z DEBUG awase::journal: hook ime-mode diagnostic seq=354 elapsed_ms=126574 vk_code=22 is_down=true self_injected=true injected=true scan=0
2026-09-19T23:17:55.068985Z DEBUG awase::journal: hook ime-mode diagnostic seq=355 elapsed_ms=126574 vk_code=22 is_down=false self_injected=true injected=true scan=0
2026-09-19T23:17:55.075675Z DEBUG awase_windows::ime: [idle-conv-check-diag] focused_hwnd=HWND(0xbc1c7a) ime_wnd=Some(HWND(0xbb10f0))
2026-09-19T23:17:55.079734Z DEBUG awase_windows::ime: [idle-conv-check-diag] focused_hwnd=HWND(0xbc1c7a) ime_wnd=Some(HWND(0xbb10f0))
2026-09-19T23:17:55.079934Z DEBUG awase::journal: ime event seq=356 elapsed_ms=126585 event_kind="ObserverReported"
2026-09-19T23:17:55.079956Z DEBUG awase_windows::runtime::focus_tracking: [ImmCrossProbe/focus] child-hwnd IME=true → High confidence 観測記録
2026-09-19T23:17:55.081448Z DEBUG awase_windows::tsf::gji_monitor: [gji-io] WRITE: w_ops=+5 w_KB=+0.1 (r_ops=+10 x_ops=+10 x_KB=+0.0)
2026-09-19T23:17:55.086868Z DEBUG apply_focus_probe_result: awase_windows::runtime::focus_tracking: Focus kind changed: Undetermined → TextInput (reason=KnownTextClass(Edit))
2026-09-19T23:17:55.087277Z DEBUG apply_focus_probe_result:reduce: awase_windows::state::observation_store: [focus-hwnd-track] update_focus_window: current_fence.hwnd HwndId(16718070) -> HwndId(12328058)
2026-09-19T23:17:55.087384Z DEBUG apply_focus_probe_result: awase::journal: ime event seq=357 elapsed_ms=126592 event_kind="FocusHwndUpdated"
2026-09-19T23:17:55.087463Z DEBUG apply_focus_probe_result: awase::journal: focus transition seq=358 elapsed_ms=126592 changed_process=false changed_window=true changed_app_kind=false changed_focus_kind=true dwell_ms=94 profile="ImmCross"
2026-09-19T23:17:55.088096Z DEBUG awase_windows::state::observation_store: [identity-gate] hwnd不一致で除外: source=ImmCrossProbe obs_hwnd=HwndId(16718070) current_hwnd=HwndId(12328058) confidence=High
2026-09-19T23:17:55.088138Z DEBUG awase_windows::state::observation_store: [identity-gate] hwnd不一致で除外: source=ImmCrossProbe obs_hwnd=HwndId(16718070) current_hwnd=HwndId(12328058) confidence=High
2026-09-19T23:17:55.088310Z DEBUG awase_windows::state::observation_store: [identity-gate] hwnd不一致で除外: source=ImmCrossProbe obs_hwnd=HwndId(16718070) current_hwnd=HwndId(12328058) confidence=High
2026-09-19T23:17:55.088334Z DEBUG awase_windows::state::observation_store: [identity-gate] hwnd不一致で除外: source=ImmCrossProbe obs_hwnd=HwndId(16718070) current_hwnd=HwndId(12328058) confidence=High
2026-09-19T23:17:55.088377Z DEBUG awase_windows::observer::ime_observer: IME snapshot: japanese=Some(true) ime_on=Some(true) romaji=None conv=Some("0x00000009") guard=false
2026-09-19T23:17:55.088741Z DEBUG awase::journal: ime event seq=359 elapsed_ms=126593 event_kind="ObserverReported"
2026-09-19T23:17:55.088774Z DEBUG awase_windows::state::observation_store: [identity-gate] hwnd不一致で除外: source=ImmCrossProbe obs_hwnd=HwndId(16718070) current_hwnd=HwndId(12328058) confidence=High
2026-09-19T23:17:55.088797Z DEBUG awase_windows::state::observation_store: [identity-gate] hwnd不一致で除外: source=ImmCrossProbe obs_hwnd=HwndId(16718070) current_hwnd=HwndId(12328058) confidence=High
2026-09-19T23:17:55.089032Z DEBUG awase_windows::state::observation_store: [identity-gate] hwnd不一致で除外: source=ImmCrossProbe obs_hwnd=HwndId(16718070) current_hwnd=HwndId(12328058) confidence=High
2026-09-19T23:17:55.089059Z DEBUG awase_windows::state::observation_store: [identity-gate] hwnd不一致で除外: source=ImmCrossProbe obs_hwnd=HwndId(16718070) current_hwnd=HwndId(12328058) confidence=High
2026-09-19T23:17:55.091086Z DEBUG awase_windows::output::probe_io: [chrome-reinit] cold=0 IMC poll #0: conv=0x00000009 NATIVE=true write_delta=+0B
2026-09-19T23:17:55.091216Z DEBUG awase_windows::output::probe_io: [chrome-reinit] cold=0 stale focus_gen=4 → ポーリング終了
2026-09-19T23:17:55.091242Z  INFO awase_windows::output::probe_io: [chrome-reinit] cold=0 ポーリング完了: total_write_delta=+56B first_write_tick=None
2026-09-19T23:17:55.141318Z DEBUG awase_windows::runtime: [focus-sync] hwnd=0xFC125C class="RICHEDIT50W" app_kind=Win32 hint=Default → mode=Unicode
2026-09-19T23:17:55.141361Z DEBUG awase_windows::state::observation_store: [identity-gate] hwnd不一致で除外: source=ImmCrossProbe obs_hwnd=HwndId(16718070) current_hwnd=HwndId(12328058) confidence=High
2026-09-19T23:17:55.141380Z DEBUG awase_windows::state::observation_store: [identity-gate] hwnd不一致で除外: source=ImmCrossProbe obs_hwnd=HwndId(16718070) current_hwnd=HwndId(12328058) confidence=High
2026-09-19T23:17:55.141412Z DEBUG awase_windows::tsf::tsf_gate: [tsf-gate] focus change → PendingWarmup (held cleared)
2026-09-19T23:17:55.202161Z DEBUG awase_windows::runtime: [focus-sync] hwnd=0xBC1C7A class="Edit" app_kind=Win32 hint=Default → mode=Unicode
2026-09-19T23:17:55.202247Z DEBUG awase_windows::state::observation_store: [identity-gate] hwnd不一致で除外: source=ImmCrossProbe obs_hwnd=HwndId(16718070) current_hwnd=HwndId(12328058) confidence=High
2026-09-19T23:17:55.202289Z DEBUG awase_windows::state::observation_store: [identity-gate] hwnd不一致で除外: source=ImmCrossProbe obs_hwnd=HwndId(16718070) current_hwnd=HwndId(12328058) confidence=High
2026-09-19T23:17:55.202340Z DEBUG awase_windows::output: [tsf-gate] focus change while PendingWarmup — held バッファを保持して再初期化スキップ (Chrome等の連続フォーカスイベント対策)
2026-09-19T23:17:55.259699Z DEBUG awase_windows::state::observation_store: [identity-gate] hwnd不一致で除外: source=ImmCrossProbe obs_hwnd=HwndId(16718070) current_hwnd=HwndId(12328058) confidence=High
2026-09-19T23:17:55.259734Z DEBUG awase_windows::state::observation_store: [identity-gate] hwnd不一致で除外: source=ImmCrossProbe obs_hwnd=HwndId(16718070) current_hwnd=HwndId(12328058) confidence=High
2026-09-19T23:17:55.259792Z DEBUG awase_windows::state::observation_store: [identity-gate] hwnd不一致で除外: source=ImmCrossProbe obs_hwnd=HwndId(16718070) current_hwnd=HwndId(12328058) confidence=High
2026-09-19T23:17:55.259814Z DEBUG awase_windows::state::observation_store: [identity-gate] hwnd不一致で除外: source=ImmCrossProbe obs_hwnd=HwndId(16718070) current_hwnd=HwndId(12328058) confidence=High
2026-09-19T23:17:55.259858Z DEBUG awase_windows::observer::ime_observer: IME snapshot: japanese=Some(true) ime_on=Some(true) romaji=None conv=Some("0x00000009") guard=false
2026-09-19T23:17:55.259992Z DEBUG awase::journal: ime event seq=360 elapsed_ms=126765 event_kind="ObserverReported"
2026-09-19T23:17:55.260024Z DEBUG awase_windows::state::observation_store: [identity-gate] hwnd不一致で除外: source=ImmCrossProbe obs_hwnd=HwndId(16718070) current_hwnd=HwndId(12328058) confidence=High
2026-09-19T23:17:55.260045Z DEBUG awase_windows::state::observation_store: [identity-gate] hwnd不一致で除外: source=ImmCrossProbe obs_hwnd=HwndId(16718070) current_hwnd=HwndId(12328058) confidence=High
2026-09-19T23:17:55.260385Z DEBUG awase_windows::state::observation_store: [identity-gate] hwnd不一致で除外: source=ImmCrossProbe obs_hwnd=HwndId(16718070) current_hwnd=HwndId(12328058) confidence=High
2026-09-19T23:17:55.260483Z DEBUG awase_windows::state::observation_store: [identity-gate] hwnd不一致で除外: source=ImmCrossProbe obs_hwnd=HwndId(16718070) current_hwnd=HwndId(12328058) confidence=High
2026-09-19T23:17:55.508085Z DEBUG awase_windows::hook: [hook] IME-mode vk=0xF2 down self_injected=false injected=false scan=0x70 extra=0x5350494B since_actuation_us=Some(490807)
2026-09-19T23:17:55.508275Z DEBUG awase::journal: hook ime-mode diagnostic seq=361 elapsed_ms=127013 vk_code=242 is_down=true self_injected=false injected=false scan=112
2026-09-19T23:17:55.508408Z DEBUG awase_windows::state::observation_store: [identity-gate] hwnd不一致で除外: source=ImmCrossProbe obs_hwnd=HwndId(16718070) current_hwnd=HwndId(12328058) confidence=High
2026-09-19T23:17:55.508430Z DEBUG awase_windows::state::observation_store: [identity-gate] hwnd不一致で除外: source=ImmCrossProbe obs_hwnd=HwndId(16718070) current_hwnd=HwndId(12328058) confidence=High
2026-09-19T23:17:55.508576Z DEBUG awase_windows::state::observation_store: [identity-gate] hwnd不一致で除外: source=ImmCrossProbe obs_hwnd=HwndId(16718070) current_hwnd=HwndId(12328058) confidence=High
2026-09-19T23:17:55.508590Z DEBUG awase_windows::state::observation_store: [identity-gate] hwnd不一致で除外: source=ImmCrossProbe obs_hwnd=HwndId(16718070) current_hwnd=HwndId(12328058) confidence=High
2026-09-19T23:17:55.508607Z  INFO awase_windows::runtime::key_pipeline: [shadow-toggle] intent 昇格: vk=0xF2 scan=0x70 action=TurnOn kind=PhysicalImeKey injected=false true→true w_ops0=110265 x_ops0=244429 x_KB0=23.6
2026-09-19T23:17:55.508637Z DEBUG awase::journal: ime event seq=362 elapsed_ms=127013 event_kind="UserImeSetIntent"
2026-09-19T23:17:55.508727Z DEBUG awase_windows::runtime::key_pipeline: [shadow-toggle] no-op: vk=0xF2 action=TurnOn source=PhysicalImeKey effective_open は既に true → apply-ime 見送り
2026-09-19T23:17:55.508751Z DEBUG awase_windows::runtime::key_pipeline: [engine-input] vk=0xF2 KeyDown ts=127012332us delay=0ms state=Idle mods(c=false s=false a=false w=false) gas_ctrl=false phys_ctrl=false extra=0x5350494B pending_drain=0 gate_active=false l_thumb=None r_thumb=None [diag-ctx] ime_
2026-09-19T23:17:55.508829Z DEBUG awase::journal: key input seq=363 elapsed_ms=127014 vk_code=242 is_down=true injected=false key_class="Passthrough" state_before="Idle" state_after="Idle" decision="PassThrough" physical="Allow" repeat_count=1 last_timestamp_us=127012332 last_elapsed_ms=0
2026-09-19T23:17:55.508897Z DEBUG awase_windows::runtime::key_pipeline: may_change_ime key passed through → IME refresh scheduled (20ms)
2026-09-19T23:17:55.508949Z DEBUG execute_from_hook: awase_windows::runtime::executor: [relay-passthrough] PassThrough idle: direct OS pass-through (vk=0xf2 down)
2026-09-19T23:17:55.509116Z DEBUG execute_one{generation=None}: awase_windows::runtime::executor: [reinject] vk=0xf2 down (queued passthrough now firing)
2026-09-19T23:17:55.511734Z DEBUG awase_windows::hook: [hook] IME-mode vk=0xF2 down self_injected=true injected=true scan=0x0 extra=0x4B45594D since_actuation_us=Some(494468)
2026-09-19T23:17:55.514655Z DEBUG awase::journal: hook ime-mode diagnostic seq=364 elapsed_ms=127019 vk_code=242 is_down=true self_injected=true injected=true scan=0
2026-09-19T23:17:55.515007Z DEBUG awase::journal: ime event seq=365 elapsed_ms=127020 event_kind="ObserverReported"
2026-09-19T23:17:55.515066Z  INFO awase_windows::runtime::key_pipeline: FocusProbe +0ms: ime_on=true mode=ObservedRomaji [ime=GoogleJapaneseInput sig1=false gji_io=437ms sig2=false]
2026-09-19T23:17:55.519797Z DEBUG awase_windows::tsf::gji_monitor: [gji-io] WRITE: w_ops=+2 w_KB=+0.0 (r_ops=+4 x_ops=+4 x_KB=+0.0)
2026-09-19T23:17:55.520334Z DEBUG awase::journal: ime event seq=366 elapsed_ms=127025 event_kind="ObserverReported"
2026-09-19T23:17:55.520385Z DEBUG awase_windows::runtime::key_pipeline: [ImmCrossProbe] child-hwnd IME=true → High confidence 観測記録
2026-09-19T23:17:55.520418Z DEBUG awase_windows::observer::ime_observer: IME snapshot: japanese=Some(true) ime_on=Some(true) romaji=None conv=Some("0x00000010") guard=false
2026-09-19T23:17:55.520444Z DEBUG awase::journal: ime event seq=367 elapsed_ms=127025 event_kind="InputModeObserved"
2026-09-19T23:17:55.565828Z DEBUG awase_windows::runtime::ime_refresh: Explicit intent: bypassing typing-idle guard for IME verify (idle=47ms)
2026-09-19T23:17:55.565872Z DEBUG awase_windows::observer::ime_observer: IME snapshot: japanese=Some(true) ime_on=Some(true) romaji=None conv=Some("0x00000010") guard=false
2026-09-19T23:17:55.565947Z DEBUG awase::journal: ime event seq=368 elapsed_ms=127071 event_kind="ObserverReported"
2026-09-19T23:17:55.566002Z DEBUG awase::engine::engine: [diag-engine-active] ime_on=true なのに非活性: reason=Inactive(NotRomajiInput) romaji_capable=false japanese=true user_enabled=true was_active=true input_mode=ObservedEisu
2026-09-19T23:17:55.566048Z  INFO awase::engine::engine: Engine deactivated (ime=true, romaji=false, japanese=true, user=true, reason=Inactive(NotRomajiInput))
2026-09-19T23:17:56.191553Z DEBUG awase_windows::runtime::message_handlers: [drain] vk=0x4B KeyDown
2026-09-19T23:17:56.191560Z DEBUG awase_windows::runtime::message_handlers: [output-drain] replay vk=0x4B KeyDown event_ts=127695445us now=127695713us delta=0ms
2026-09-19T23:17:56.191595Z DEBUG awase_windows::runtime::key_pipeline: [engine-input] vk=0x4B KeyDown ts=127695445us delay=0ms state=Idle mods(c=false s=false a=false w=false) gas_ctrl=false phys_ctrl=false extra=0x5350494B pending_drain=0 gate_active=false l_thumb=None r_thumb=None [diag-ctx] ime_
2026-09-19T23:17:56.191614Z DEBUG awase::engine::engine: [diag-engine-active] ime_on=true なのに非活性: reason=Inactive(NotRomajiInput) romaji_capable=false japanese=true user_enabled=true was_active=false input_mode=ObservedEisu
2026-09-19T23:17:56.191649Z DEBUG awase::journal: key input seq=369 elapsed_ms=127696 vk_code=75 is_down=true injected=false key_class="Char" state_before="Idle" state_after="Idle" decision="PassThrough" physical="Allow" repeat_count=1 last_timestamp_us=127695445 last_elapsed_ms=0
2026-09-19T23:17:56.191692Z DEBUG awase_windows::runtime::message_handlers: [output-drain] PassThrough → enqueue ReinjectKey vk=0x4B KeyDown (drain has no hook→OS path)
2026-09-19T23:17:56.191717Z DEBUG execute_one{generation=None}: awase_windows::runtime::executor: [reinject] vk=0x4b down (queued passthrough now firing)
2026-09-19T23:17:56.204864Z DEBUG awase_windows::tsf::gji_monitor: [gji-io] WRITE: w_ops=+2 w_KB=+0.4 (r_ops=+4 x_ops=+4 x_KB=+0.0)
2026-09-19T23:17:56.207604Z  INFO awase_windows::tsf::win_event_obs: [gji-obs] candidate SHOW #15: last_gji_write=0ms ago
2026-09-19T23:17:56.316159Z DEBUG awase_windows::runtime::key_pipeline: [engine-input] vk=0x4B KeyUp ts=127820069us delay=0ms state=Idle mods(c=false s=false a=false w=false) gas_ctrl=false phys_ctrl=false extra=0x5350494B pending_drain=0 gate_active=false l_thumb=None r_thumb=None [diag-ctx] ime_on
2026-09-19T23:17:56.316206Z DEBUG awase::engine::engine: [diag-engine-active] ime_on=true なのに非活性: reason=Inactive(NotRomajiInput) romaji_capable=false japanese=true user_enabled=true was_active=false input_mode=ObservedEisu
2026-09-19T23:17:56.316272Z DEBUG awase::journal: key input seq=370 elapsed_ms=127821 vk_code=75 is_down=false injected=false key_class="Char" state_before="Idle" state_after="Idle" decision="PassThrough" physical="Allow" repeat_count=1 last_timestamp_us=127820069 last_elapsed_ms=0
2026-09-19T23:17:56.316409Z DEBUG execute_one{generation=None}: awase_windows::runtime::executor: [reinject] vk=0x4b up (queued passthrough now firing)
2026-09-19T23:17:56.320581Z DEBUG awase_windows::platform: [gji-fsm] StartComposition (candidate SHOW)
2026-09-19T23:17:56.320614Z DEBUG gji_on_event{event=StartComposition}: awase_windows::tsf::gji_fsm: [gji-fsm] StartComposition: OnWarm → OnComposing(AlreadyWarm)
2026-09-19T23:17:56.320835Z DEBUG awase::journal: gji fsm transition seq=371 elapsed_ms=127825 trigger="StartComposition(candidate SHOW)" state_before="OnWarm" state_after="OnComposing(Warm)"
2026-09-19T23:17:56.793390Z DEBUG awase_windows::runtime::key_pipeline: [engine-input] vk=0x1B KeyDown ts=128297261us delay=0ms state=Idle mods(c=false s=false a=false w=false) gas_ctrl=false phys_ctrl=false extra=0x5350494B pending_drain=0 gate_active=false l_thumb=None r_thumb=None [diag-ctx] ime_
2026-09-19T23:17:56.793439Z DEBUG awase::engine::engine: [diag-engine-active] ime_on=true なのに非活性: reason=Inactive(NotRomajiInput) romaji_capable=false japanese=true user_enabled=true was_active=false input_mode=ObservedEisu
2026-09-19T23:17:56.793502Z DEBUG awase::journal: key input seq=372 elapsed_ms=128298 vk_code=27 is_down=true injected=false key_class="Passthrough" state_before="Idle" state_after="Idle" decision="PassThrough" physical="Allow" repeat_count=1 last_timestamp_us=128297261 last_elapsed_ms=0
2026-09-19T23:17:56.793591Z DEBUG execute_from_hook: awase_windows::runtime::executor: [relay-passthrough] PassThrough idle: direct OS pass-through (vk=0x1b down)
2026-09-19T23:17:56.793661Z DEBUG execute_one{generation=None}: awase_windows::runtime::executor: [reinject] vk=0x1b down (queued passthrough now firing)
2026-09-19T23:17:56.800719Z DEBUG awase_windows::tsf::gji_monitor: [gji-io] WRITE: w_ops=+2 w_KB=+0.4 (r_ops=+4 x_ops=+4 x_KB=+0.0)
2026-09-19T23:17:56.802529Z  INFO awase_windows::tsf::win_event_obs: [gji-obs] candidate HIDE: last_gji_write=0ms ago
2026-09-19T23:17:56.823456Z DEBUG awase_windows::runtime::key_pipeline: [engine-input] vk=0x1B KeyUp ts=128327341us delay=0ms state=Idle mods(c=false s=false a=false w=false) gas_ctrl=false phys_ctrl=false extra=0x5350494B pending_drain=0 gate_active=false l_thumb=None r_thumb=None [diag-ctx] ime_on
2026-09-19T23:17:56.823506Z DEBUG awase::engine::engine: [diag-engine-active] ime_on=true なのに非活性: reason=Inactive(NotRomajiInput) romaji_capable=false japanese=true user_enabled=true was_active=false input_mode=ObservedEisu
2026-09-19T23:17:56.823574Z DEBUG awase::journal: key input seq=373 elapsed_ms=128328 vk_code=27 is_down=false injected=false key_class="Passthrough" state_before="Idle" state_after="Idle" decision="PassThrough" physical="Allow" repeat_count=1 last_timestamp_us=128327341 last_elapsed_ms=0
2026-09-19T23:17:56.823667Z DEBUG execute_from_hook: awase_windows::runtime::executor: [relay-passthrough] PassThrough idle: direct OS pass-through (vk=0x1b up)
2026-09-19T23:17:56.823735Z DEBUG execute_one{generation=None}: awase_windows::runtime::executor: [reinject] vk=0x1b up (queued passthrough now firing)
2026-09-19T23:17:56.826826Z DEBUG awase_windows::platform: [gji-fsm] EndComposition (candidate HIDE) epoch=FocusEpoch(15)
2026-09-19T23:17:56.826906Z DEBUG awase::journal: gji fsm transition seq=374 elapsed_ms=128332 trigger="EndComposition(candidate HIDE, epoch=FocusEpoch(15))" state_before="OnComposing(Warm)" state_after="OnWarm"
2026-09-19T23:17:58.623599Z DEBUG awase_windows::runtime::key_pipeline: [shadow-toggle] vk=0x1DはFSM delegate所有 → belief書き込み/actuationをスキップ w_ops0=110271 x_ops0=244441 x_KB0=23.6
2026-09-19T23:17:58.623633Z DEBUG awase_windows::runtime::key_pipeline: [shadow-toggle] no-op: vk=0x1D action=Toggle source=PhysicalImeKey effective_open は既に true → apply-ime 見送り
2026-09-19T23:17:58.623664Z DEBUG awase_windows::runtime::key_pipeline: [engine-input] vk=0x1D KeyDown ts=130127491us delay=0ms state=Idle mods(c=false s=false a=false w=false) gas_ctrl=false phys_ctrl=false extra=0x5350494B pending_drain=0 gate_active=false l_thumb=Some(130127479) r_thumb=None [dia
2026-09-19T23:17:58.623698Z DEBUG awase::engine::engine: [diag-engine-active] ime_on=true なのに非活性: reason=Inactive(NotRomajiInput) romaji_capable=false japanese=true user_enabled=true was_active=false input_mode=ObservedEisu
2026-09-19T23:17:58.623758Z DEBUG awase::journal: key input seq=375 elapsed_ms=130129 vk_code=29 is_down=true injected=false key_class="LeftThumb" state_before="Idle" state_after="Idle" decision="PassThrough" physical="Allow" repeat_count=1 last_timestamp_us=130127491 last_elapsed_ms=0
2026-09-19T23:17:58.623939Z DEBUG execute_one{generation=None}: awase_windows::runtime::executor: [reinject] vk=0x1d down (queued passthrough now firing)
2026-09-19T23:17:58.643264Z DEBUG awase_windows::tsf::gji_monitor: [gji-io] WRITE: w_ops=+2 w_KB=+0.0 (r_ops=+4 x_ops=+4 x_KB=+0.0)
2026-09-19T23:17:58.755079Z DEBUG awase_windows::runtime::key_pipeline: [engine-input] vk=0x1D KeyUp ts=130258964us delay=0ms state=Idle mods(c=false s=false a=false w=false) gas_ctrl=false phys_ctrl=false extra=0x5350494B pending_drain=0 gate_active=false l_thumb=None r_thumb=None [diag-ctx] ime_on
2026-09-19T23:17:58.755135Z DEBUG awase::engine::engine: [diag-engine-active] ime_on=true なのに非活性: reason=Inactive(NotRomajiInput) romaji_capable=false japanese=true user_enabled=true was_active=false input_mode=ObservedEisu
2026-09-19T23:17:58.755229Z DEBUG awase::journal: key input seq=376 elapsed_ms=130260 vk_code=29 is_down=false injected=false key_class="LeftThumb" state_before="Idle" state_after="Idle" decision="PassThrough" physical="Allow" repeat_count=1 last_timestamp_us=130258964 last_elapsed_ms=0
2026-09-19T23:17:58.755395Z DEBUG execute_one{generation=None}: awase_windows::runtime::executor: [reinject] vk=0x1d up (queued passthrough now firing)
2026-09-19T23:17:59.314680Z DEBUG awase_windows::runtime::key_pipeline: [engine-input] vk=0x4B KeyDown ts=130818511us delay=0ms state=Idle mods(c=false s=false a=false w=false) gas_ctrl=false phys_ctrl=false extra=0x5350494B pending_drain=0 gate_active=false l_thumb=None r_thumb=None [diag-ctx] ime_
2026-09-19T23:17:59.314731Z DEBUG awase::engine::engine: [diag-engine-active] ime_on=true なのに非活性: reason=Inactive(NotRomajiInput) romaji_capable=false japanese=true user_enabled=true was_active=false input_mode=ObservedEisu
2026-09-19T23:17:59.314799Z DEBUG awase::journal: key input seq=377 elapsed_ms=130820 vk_code=75 is_down=true injected=false key_class="Char" state_before="Idle" state_after="Idle" decision="PassThrough" physical="Allow" repeat_count=1 last_timestamp_us=130818511 last_elapsed_ms=0
2026-09-19T23:17:59.315158Z DEBUG execute_one{generation=None}: awase_windows::runtime::executor: [reinject] vk=0x4b down (queued passthrough now firing)
2026-09-19T23:17:59.500643Z DEBUG awase_windows::runtime::key_pipeline: [engine-input] vk=0x4B KeyUp ts=131004560us delay=0ms state=Idle mods(c=false s=false a=false w=false) gas_ctrl=false phys_ctrl=false extra=0x5350494B pending_drain=0 gate_active=false l_thumb=None r_thumb=None [diag-ctx] ime_on
2026-09-19T23:17:59.500700Z DEBUG awase::engine::engine: [diag-engine-active] ime_on=true なのに非活性: reason=Inactive(NotRomajiInput) romaji_capable=false japanese=true user_enabled=true was_active=false input_mode=ObservedEisu
2026-09-19T23:17:59.500779Z DEBUG awase::journal: key input seq=378 elapsed_ms=131006 vk_code=75 is_down=false injected=false key_class="Char" state_before="Idle" state_after="Idle" decision="PassThrough" physical="Allow" repeat_count=1 last_timestamp_us=131004560 last_elapsed_ms=0
2026-09-19T23:17:59.500963Z DEBUG execute_one{generation=None}: awase_windows::runtime::executor: [reinject] vk=0x4b up (queued passthrough now firing)
2026-09-19T23:17:59.814985Z DEBUG awase_windows::runtime::key_pipeline: [engine-input] vk=0x1B KeyDown ts=131318856us delay=0ms state=Idle mods(c=false s=false a=false w=false) gas_ctrl=false phys_ctrl=false extra=0x5350494B pending_drain=0 gate_active=false l_thumb=None r_thumb=None [diag-ctx] ime_
2026-09-19T23:17:59.815056Z DEBUG awase::engine::engine: [diag-engine-active] ime_on=true なのに非活性: reason=Inactive(NotRomajiInput) romaji_capable=false japanese=true user_enabled=true was_active=false input_mode=ObservedEisu
2026-09-19T23:17:59.815203Z DEBUG awase::journal: key input seq=379 elapsed_ms=131320 vk_code=27 is_down=true injected=false key_class="Passthrough" state_before="Idle" state_after="Idle" decision="PassThrough" physical="Allow" repeat_count=1 last_timestamp_us=131318856 last_elapsed_ms=0
2026-09-19T23:17:59.815321Z DEBUG execute_from_hook: awase_windows::runtime::executor: [relay-passthrough] PassThrough idle: direct OS pass-through (vk=0x1b down)
2026-09-19T23:17:59.815416Z DEBUG execute_one{generation=None}: awase_windows::runtime::executor: [reinject] vk=0x1b down (queued passthrough now firing)
2026-09-19T23:18:00.003163Z DEBUG awase_windows::runtime::key_pipeline: [engine-input] vk=0x1B KeyUp ts=131507149us delay=0ms state=Idle mods(c=false s=false a=false w=false) gas_ctrl=false phys_ctrl=false extra=0x5350494B pending_drain=0 gate_active=false l_thumb=None r_thumb=None [diag-ctx] ime_on
2026-09-19T23:18:00.003193Z DEBUG awase::engine::engine: [diag-engine-active] ime_on=true なのに非活性: reason=Inactive(NotRomajiInput) romaji_capable=false japanese=true user_enabled=true was_active=false input_mode=ObservedEisu
2026-09-19T23:18:00.003232Z DEBUG awase::journal: key input seq=380 elapsed_ms=131508 vk_code=27 is_down=false injected=false key_class="Passthrough" state_before="Idle" state_after="Idle" decision="PassThrough" physical="Allow" repeat_count=1 last_timestamp_us=131507149 last_elapsed_ms=0
2026-09-19T23:18:00.003285Z DEBUG execute_from_hook: awase_windows::runtime::executor: [relay-passthrough] PassThrough idle: direct OS pass-through (vk=0x1b up)
2026-09-19T23:18:00.003323Z DEBUG execute_one{generation=None}: awase_windows::runtime::executor: [reinject] vk=0x1b up (queued passthrough now firing)
2026-09-19T23:18:01.810521Z DEBUG awase_windows::runtime::key_pipeline: [shadow-toggle] vk=0x1DはFSM delegate所有 → belief書き込み/actuationをスキップ w_ops0=110273 x_ops0=244445 x_KB0=23.6
2026-09-19T23:18:01.810562Z DEBUG awase_windows::runtime::key_pipeline: [shadow-toggle] no-op: vk=0x1D action=Toggle source=PhysicalImeKey effective_open は既に true → apply-ime 見送り
2026-09-19T23:18:01.810599Z DEBUG awase_windows::runtime::key_pipeline: [engine-input] vk=0x1D KeyDown ts=133314388us delay=0ms state=Idle mods(c=false s=false a=false w=false) gas_ctrl=false phys_ctrl=false extra=0x5350494B pending_drain=0 gate_active=false l_thumb=Some(133314374) r_thumb=None [dia
2026-09-19T23:18:01.810640Z DEBUG awase::engine::engine: [diag-engine-active] ime_on=true なのに非活性: reason=Inactive(NotRomajiInput) romaji_capable=false japanese=true user_enabled=true was_active=false input_mode=ObservedEisu
2026-09-19T23:18:01.810713Z DEBUG awase::journal: key input seq=381 elapsed_ms=133316 vk_code=29 is_down=true injected=false key_class="LeftThumb" state_before="Idle" state_after="Idle" decision="PassThrough" physical="Allow" repeat_count=1 last_timestamp_us=133314388 last_elapsed_ms=0
2026-09-19T23:18:01.810861Z DEBUG execute_one{generation=None}: awase_windows::runtime::executor: [reinject] vk=0x1d down (queued passthrough now firing)
2026-09-19T23:18:01.830148Z DEBUG awase_windows::tsf::gji_monitor: [gji-io] WRITE: w_ops=+2 w_KB=+0.0 (r_ops=+4 x_ops=+4 x_KB=+0.0)
2026-09-19T23:18:01.936370Z DEBUG awase_windows::runtime::key_pipeline: [engine-input] vk=0x1D KeyUp ts=133440126us delay=0ms state=Idle mods(c=false s=false a=false w=false) gas_ctrl=false phys_ctrl=false extra=0x5350494B pending_drain=0 gate_active=false l_thumb=None r_thumb=None [diag-ctx] ime_on
2026-09-19T23:18:01.936436Z DEBUG awase::engine::engine: [diag-engine-active] ime_on=true なのに非活性: reason=Inactive(NotRomajiInput) romaji_capable=false japanese=true user_enabled=true was_active=false input_mode=ObservedEisu
2026-09-19T23:18:01.936537Z DEBUG awase::journal: key input seq=382 elapsed_ms=133441 vk_code=29 is_down=false injected=false key_class="LeftThumb" state_before="Idle" state_after="Idle" decision="PassThrough" physical="Allow" repeat_count=1 last_timestamp_us=133440126 last_elapsed_ms=0
2026-09-19T23:18:01.936743Z DEBUG execute_one{generation=None}: awase_windows::runtime::executor: [reinject] vk=0x1d up (queued passthrough now firing)
2026-09-19T23:18:02.505976Z DEBUG awase_windows::runtime::key_pipeline: [engine-input] vk=0x4B KeyDown ts=134009772us delay=0ms state=Idle mods(c=false s=false a=false w=false) gas_ctrl=false phys_ctrl=false extra=0x5350494B pending_drain=0 gate_active=false l_thumb=None r_thumb=None [diag-ctx] ime_
2026-09-19T23:18:02.506028Z DEBUG awase::engine::engine: [diag-engine-active] ime_on=true なのに非活性: reason=Inactive(NotRomajiInput) romaji_capable=false japanese=true user_enabled=true was_active=false input_mode=ObservedEisu
2026-09-19T23:18:02.506099Z DEBUG awase::journal: key input seq=383 elapsed_ms=134011 vk_code=75 is_down=true injected=false key_class="Char" state_before="Idle" state_after="Idle" decision="PassThrough" physical="Allow" repeat_count=1 last_timestamp_us=134009772 last_elapsed_ms=0
2026-09-19T23:18:02.506237Z DEBUG execute_one{generation=None}: awase_windows::runtime::executor: [reinject] vk=0x4b down (queued passthrough now firing)
2026-09-19T23:18:02.518821Z DEBUG awase_windows::tsf::gji_monitor: [gji-io] WRITE: w_ops=+2 w_KB=+0.4 (r_ops=+4 x_ops=+4 x_KB=+0.0)
2026-09-19T23:18:02.522977Z  INFO awase_windows::tsf::win_event_obs: [gji-obs] candidate SHOW #16: last_gji_write=16ms ago
2026-09-19T23:18:02.685525Z DEBUG awase_windows::runtime::key_pipeline: [engine-input] vk=0x4B KeyUp ts=134189432us delay=0ms state=Idle mods(c=false s=false a=false w=false) gas_ctrl=false phys_ctrl=false extra=0x5350494B pending_drain=0 gate_active=false l_thumb=None r_thumb=None [diag-ctx] ime_on
2026-09-19T23:18:02.685558Z DEBUG awase::engine::engine: [diag-engine-active] ime_on=true なのに非活性: reason=Inactive(NotRomajiInput) romaji_capable=false japanese=true user_enabled=true was_active=false input_mode=ObservedEisu
2026-09-19T23:18:02.685600Z DEBUG awase::journal: key input seq=384 elapsed_ms=134190 vk_code=75 is_down=false injected=false key_class="Char" state_before="Idle" state_after="Idle" decision="PassThrough" physical="Allow" repeat_count=1 last_timestamp_us=134189432 last_elapsed_ms=0
2026-09-19T23:18:02.685678Z DEBUG execute_one{generation=None}: awase_windows::runtime::executor: [reinject] vk=0x4b up (queued passthrough now firing)
2026-09-19T23:18:02.689973Z DEBUG awase_windows::platform: [gji-fsm] StartComposition (candidate SHOW)
2026-09-19T23:18:02.690017Z DEBUG gji_on_event{event=StartComposition}: awase_windows::tsf::gji_fsm: [gji-fsm] StartComposition: OnWarm → OnComposing(AlreadyWarm)
2026-09-19T23:18:02.690093Z DEBUG awase::journal: gji fsm transition seq=385 elapsed_ms=134195 trigger="StartComposition(candidate SHOW)" state_before="OnWarm" state_after="OnComposing(Warm)"
2026-09-19T23:18:03.005040Z DEBUG awase_windows::runtime::key_pipeline: [engine-input] vk=0x1B KeyDown ts=134508912us delay=0ms state=Idle mods(c=false s=false a=false w=false) gas_ctrl=false phys_ctrl=false extra=0x5350494B pending_drain=0 gate_active=false l_thumb=None r_thumb=None [diag-ctx] ime_
2026-09-19T23:18:03.005091Z DEBUG awase::engine::engine: [diag-engine-active] ime_on=true なのに非活性: reason=Inactive(NotRomajiInput) romaji_capable=false japanese=true user_enabled=true was_active=false input_mode=ObservedEisu
2026-09-19T23:18:03.005222Z DEBUG awase::journal: key input seq=386 elapsed_ms=134510 vk_code=27 is_down=true injected=false key_class="Passthrough" state_before="Idle" state_after="Idle" decision="PassThrough" physical="Allow" repeat_count=1 last_timestamp_us=134508912 last_elapsed_ms=0
2026-09-19T23:18:03.005314Z DEBUG execute_from_hook: awase_windows::runtime::executor: [relay-passthrough] PassThrough idle: direct OS pass-through (vk=0x1b down)
2026-09-19T23:18:03.005390Z DEBUG execute_one{generation=None}: awase_windows::runtime::executor: [reinject] vk=0x1b down (queued passthrough now firing)
2026-09-19T23:18:03.011493Z  INFO awase_windows::tsf::win_event_obs: [gji-obs] candidate HIDE: last_gji_write=500ms ago
2026-09-19T23:18:03.017852Z DEBUG awase_windows::tsf::gji_monitor: [gji-io] WRITE: w_ops=+2 w_KB=+0.4 (r_ops=+4 x_ops=+4 x_KB=+0.0)
2026-09-19T23:18:03.191381Z DEBUG awase_windows::runtime::key_pipeline: [engine-input] vk=0x1B KeyUp ts=134695301us delay=0ms state=Idle mods(c=false s=false a=false w=false) gas_ctrl=false phys_ctrl=false extra=0x5350494B pending_drain=0 gate_active=false l_thumb=None r_thumb=None [diag-ctx] ime_on
2026-09-19T23:18:03.191426Z DEBUG awase::engine::engine: [diag-engine-active] ime_on=true なのに非活性: reason=Inactive(NotRomajiInput) romaji_capable=false japanese=true user_enabled=true was_active=false input_mode=ObservedEisu
2026-09-19T23:18:03.191490Z DEBUG awase::journal: key input seq=387 elapsed_ms=134696 vk_code=27 is_down=false injected=false key_class="Passthrough" state_before="Idle" state_after="Idle" decision="PassThrough" physical="Allow" repeat_count=1 last_timestamp_us=134695301 last_elapsed_ms=0
2026-09-19T23:18:03.191581Z DEBUG execute_from_hook: awase_windows::runtime::executor: [relay-passthrough] PassThrough idle: direct OS pass-through (vk=0x1b up)
2026-09-19T23:18:03.191647Z DEBUG execute_one{generation=None}: awase_windows::runtime::executor: [reinject] vk=0x1b up (queued passthrough now firing)
2026-09-19T23:18:03.194652Z DEBUG awase_windows::platform: [gji-fsm] EndComposition (candidate HIDE) epoch=FocusEpoch(16)
2026-09-19T23:18:03.194795Z DEBUG awase::journal: gji fsm transition seq=388 elapsed_ms=134700 trigger="EndComposition(candidate HIDE, epoch=FocusEpoch(16))" state_before="OnComposing(Warm)" state_after="OnWarm"
2026-09-19T23:18:05.000389Z DEBUG awase_windows::hook: [hook] IME-mode vk=0xF0 up self_injected=false injected=false scan=0x70 extra=0x5350494B since_actuation_us=Some(9983108)
2026-09-19T23:18:05.000657Z DEBUG awase::journal: hook ime-mode diagnostic seq=389 elapsed_ms=136505 vk_code=240 is_down=false self_injected=false injected=false scan=112
2026-09-19T23:18:05.000854Z DEBUG awase_windows::hook: [hook] IME-mode vk=0xF2 down self_injected=false injected=false scan=0x70 extra=0x5350494B since_actuation_us=Some(9983583)
2026-09-19T23:18:05.000959Z DEBUG awase_windows::runtime::key_pipeline: [engine-input] vk=0xF0 KeyUp ts=136504684us delay=0ms state=Idle mods(c=false s=false a=false w=false) gas_ctrl=false phys_ctrl=false extra=0x5350494B pending_drain=0 gate_active=false l_thumb=None r_thumb=None [diag-ctx] ime_on
2026-09-19T23:18:05.001013Z DEBUG awase::engine::engine: [diag-engine-active] ime_on=true なのに非活性: reason=Inactive(NotRomajiInput) romaji_capable=false japanese=true user_enabled=true was_active=false input_mode=ObservedEisu
2026-09-19T23:18:05.001193Z DEBUG awase::journal: key input seq=390 elapsed_ms=136506 vk_code=240 is_down=false injected=false key_class="Passthrough" state_before="Idle" state_after="Idle" decision="PassThrough" physical="Suppress" repeat_count=1 last_timestamp_us=136504684 last_elapsed_ms=0
2026-09-19T23:18:05.001268Z DEBUG awase_windows::runtime::key_pipeline: [imm-cross] key suppress vk=0xf0 KeyUp (physical disposition)
2026-09-19T23:18:05.001348Z DEBUG awase::journal: hook ime-mode diagnostic seq=391 elapsed_ms=136506 vk_code=242 is_down=true self_injected=false injected=false scan=112
2026-09-19T23:18:05.001466Z  INFO awase_windows::runtime::key_pipeline: [shadow-toggle] intent 昇格: vk=0xF2 scan=0x70 action=TurnOn kind=PhysicalImeKey injected=false true→true w_ops0=110279 x_ops0=244457 x_KB0=23.6
2026-09-19T23:18:05.001526Z DEBUG awase::journal: ime event seq=392 elapsed_ms=136506 event_kind="UserImeSetIntent"
2026-09-19T23:18:05.001561Z DEBUG awase_windows::runtime::key_pipeline: [shadow-toggle] no-op: vk=0xF2 action=TurnOn source=PhysicalImeKey effective_open は既に true → apply-ime 見送り
2026-09-19T23:18:05.001594Z DEBUG awase_windows::runtime::key_pipeline: [engine-input] vk=0xF2 KeyDown ts=136505193us delay=0ms state=Idle mods(c=false s=false a=false w=false) gas_ctrl=false phys_ctrl=false extra=0x5350494B pending_drain=0 gate_active=false l_thumb=None r_thumb=None [diag-ctx] ime_
2026-09-19T23:18:05.001640Z DEBUG awase::engine::engine: [diag-engine-active] ime_on=true なのに非活性: reason=Inactive(NotRomajiInput) romaji_capable=false japanese=true user_enabled=true was_active=false input_mode=ObservedEisu
2026-09-19T23:18:05.001722Z DEBUG awase::journal: key input seq=393 elapsed_ms=136507 vk_code=242 is_down=true injected=false key_class="Passthrough" state_before="Idle" state_after="Idle" decision="PassThrough" physical="Allow" repeat_count=1 last_timestamp_us=136505193 last_elapsed_ms=0
2026-09-19T23:18:05.001813Z DEBUG awase_windows::runtime::key_pipeline: may_change_ime key passed through → IME refresh scheduled (20ms)
2026-09-19T23:18:05.002001Z DEBUG execute_from_hook: awase_windows::runtime::executor: [relay-passthrough] PassThrough idle: direct OS pass-through (vk=0xf2 down)
2026-09-19T23:18:05.002136Z DEBUG execute_one{generation=None}: awase_windows::runtime::executor: [reinject] vk=0xf2 down (queued passthrough now firing)
2026-09-19T23:18:05.005316Z DEBUG awase_windows::hook: [hook] IME-mode vk=0xF0 up self_injected=true injected=false scan=0x0 extra=0x4B45594D since_actuation_us=Some(9988037)
2026-09-19T23:18:05.007887Z DEBUG awase_windows::hook: [hook] IME-mode vk=0xF2 down self_injected=true injected=true scan=0x0 extra=0x4B45594D since_actuation_us=Some(9990607)
2026-09-19T23:18:05.010329Z DEBUG awase::journal: hook ime-mode diagnostic seq=394 elapsed_ms=136515 vk_code=240 is_down=false self_injected=true injected=false scan=0
2026-09-19T23:18:05.010381Z DEBUG awase::journal: hook ime-mode diagnostic seq=395 elapsed_ms=136515 vk_code=242 is_down=true self_injected=true injected=true scan=0
2026-09-19T23:18:05.014375Z DEBUG awase_windows::tsf::gji_monitor: [gji-io] WRITE: w_ops=+2 w_KB=+0.0 (r_ops=+4 x_ops=+4 x_KB=+0.0)
2026-09-19T23:18:05.035264Z DEBUG awase_windows::runtime::ime_refresh: Explicit intent: bypassing typing-idle guard for IME verify (idle=32ms)
2026-09-19T23:18:05.035309Z  INFO awase_windows::observer::ime_observer: IME input method changed: kana → romaji (focused_class=Some("Edit"))
2026-09-19T23:18:05.035327Z DEBUG awase_windows::observer::ime_observer: IME snapshot: japanese=Some(true) ime_on=Some(true) romaji=Some(true) conv=Some("0x00000019") guard=false
2026-09-19T23:18:05.035414Z DEBUG awase::journal: ime event seq=396 elapsed_ms=136540 event_kind="ObserverReported"
2026-09-19T23:18:05.035449Z DEBUG awase::journal: ime event seq=397 elapsed_ms=136540 event_kind="InputModeObserved"
2026-09-19T23:18:05.035505Z  INFO awase::engine::engine: Engine activated (ime=true, romaji=true, japanese=true, user=true, reason=Active)
2026-09-19T23:18:05.035629Z DEBUG execute_from_loop:execute_one{generation=None}:dispatch_ime_set_open{open=true generation=None}: awase_windows::runtime::executor: [dispatch-ime] ImmCross async: optimistic applied_snapshot=true (suppress send_engine_state_ime_key)
2026-09-19T23:18:05.037249Z DEBUG execute_from_loop:execute_one{generation=None}: awase_windows::platform: [engine-state-key] suppressed (polling/focus-triggered, enabled=true)
2026-09-19T23:18:05.039814Z DEBUG run_open_chain_async: awase_windows::ime_controller: [warrant-shadow] chain=async open=true origin=EventOrigin { source: SelfActuated { strategy: "engine_decision_async" }, epoch: Generation(0) } warranted
2026-09-19T23:18:05.039894Z  INFO run_open_chain_async:imm_cross_write{open=true}: awase_windows::runtime::open_chain: [apply-ime] ImmCross async: open=true composition_active=false show_seq=0 change_seq=0 (issue #138診断)
2026-09-19T23:18:05.043266Z DEBUG awase_windows::shadow_send_trace: [shadow-send] channel=ImeControl cmd=0x0006 lparam=1 issue_us=136547175
2026-09-19T23:18:05.043282Z DEBUG awase_windows::ime: set_ime_open_for_target: hwnd=HWND(0xbc1c7a) ime_wnd=HWND(0xbb10f0) open=true success=true send_elapsed=0ms candidate_visible=false
2026-09-19T23:18:05.043562Z DEBUG run_open_chain_async:imm_cross_write{open=true}: awase_windows::ime: [imm-cross-actuate] hwnd=HWND(0xbc1c7a) open=Written conv=Some(Written)
2026-09-19T23:18:05.043611Z DEBUG run_open_chain_async:imm_cross_write{open=true}: awase_windows::runtime::open_chain: [apply-ime] ROMAN 補完結果: Written
2026-09-19T23:18:05.043663Z DEBUG run_open_chain_async: awase::journal: actuation decision seq=398 elapsed_ms=136548 site="DispatchImeSetOpen" caller="None" open=true chain_len=4 attempts_len=1 gate_profile="Standard" gate_kind="Gji" gate_shadow_known=true gate_shadow_on=true gate_input_mode="Observ
2026-09-19T23:18:05.044084Z DEBUG on_ime_apply_complete{open=true outcome=AppliedWithoutSendInput generation=None reason=EngineDecision}: awase::journal: ime open applied seq=399 elapsed_ms=136549 open=true outcome="AppliedWithoutSendInput" reason="EngineDecision"
2026-09-19T23:18:05.044164Z DEBUG on_ime_apply_complete{open=true outcome=AppliedWithoutSendInput generation=None reason=EngineDecision}: awase_windows::tsf::ime_mode_fsm: [ime-mode] SetOpen(true) applied → Hiragana (belief, unconfirmed)
2026-09-19T23:18:05.044189Z DEBUG on_ime_apply_complete{open=true outcome=AppliedWithoutSendInput generation=None reason=EngineDecision}: awase_windows::platform: [composition] ImeEffect::SetOpen(true) → marking cold
2026-09-19T23:18:05.044209Z DEBUG on_ime_apply_complete{open=true outcome=AppliedWithoutSendInput generation=None reason=EngineDecision}: awase_windows::tsf::probe: [composition] marked cold reason=SetOpenTrue idle=39218ms → next VK/TSF output will send VK_DBE_HIRAGANA warmup
2026-09-19T23:18:05.044253Z DEBUG on_ime_apply_complete{open=true outcome=AppliedWithoutSendInput generation=None reason=EngineDecision}:gji_on_event{event=ImeOn { injection_mode: Unicode, gji_idle_ms: 31 }}: awase_windows::tsf::gji_fsm: [gji-fsm] ImeOn: already on (OnWarm), ignored
2026-09-19T23:18:05.044574Z DEBUG awase::journal: gji fsm transition seq=400 elapsed_ms=136549 trigger="ImeOn(gji_idle_ms=31)" state_before="OnWarm" state_after="OnWarm"
2026-09-19T23:18:05.086482Z DEBUG awase_windows::runtime::ime_refresh: Explicit intent: bypassing typing-idle guard for IME verify (idle=94ms)
2026-09-19T23:18:05.086532Z DEBUG awase_windows::observer::ime_observer: IME snapshot: japanese=Some(true) ime_on=Some(true) romaji=Some(true) conv=Some("0x00000019") guard=false
2026-09-19T23:18:05.086621Z DEBUG awase::journal: ime event seq=401 elapsed_ms=136591 event_kind="ObserverReported"
2026-09-19T23:18:05.086658Z DEBUG awase::journal: ime event seq=402 elapsed_ms=136591 event_kind="InputModeObserved"
2026-09-19T23:18:05.691595Z DEBUG awase_windows::runtime::key_pipeline: [engine-input] vk=0x4B KeyDown ts=137195553us delay=0ms state=Idle mods(c=false s=false a=false w=false) gas_ctrl=false phys_ctrl=false extra=0x5350494B pending_drain=0 gate_active=false l_thumb=None r_thumb=None [diag-ctx] ime_
2026-09-19T23:18:05.691670Z DEBUG awase::journal: key input seq=403 elapsed_ms=137197 vk_code=75 is_down=true injected=false key_class="Char" state_before="Idle" state_after="PendingChar(vk=0x4B)" decision="Consume" physical="Allow" repeat_count=1 last_timestamp_us=137195553 last_elapsed_ms=0
2026-09-19T23:18:05.799084Z DEBUG execute_from_loop:execute_one{generation=None}: awase_windows::output: send_keys: mode=Unicode actions=[Char('き')] prev_elapsed=39968ms
2026-09-19T23:18:05.799101Z DEBUG execute_from_loop:execute_one{generation=None}: awase_windows::tsf::probe: [mark-send] last_send_ms=335919843
2026-09-19T23:18:05.799111Z DEBUG execute_from_loop:execute_one{generation=None}: awase_windows::output:   → Char('き') via Unicode
2026-09-19T23:18:05.801706Z DEBUG execute_from_loop:execute_one{generation=None}: awase_windows::tsf::probe: [mark-send] last_send_ms=335919843
2026-09-19T23:18:05.814202Z DEBUG awase_windows::tsf::gji_monitor: [gji-io] WRITE: w_ops=+2 w_KB=+0.3 (r_ops=+4 x_ops=+4 x_KB=+0.0)
2026-09-19T23:18:05.814659Z  INFO awase_windows::tsf::win_event_obs: [gji-obs] candidate SHOW #17: last_gji_write=0ms ago
2026-09-19T23:18:05.857834Z DEBUG awase_windows::runtime::key_pipeline: [engine-input] vk=0x4B KeyUp ts=137361757us delay=0ms state=Idle mods(c=false s=false a=false w=false) gas_ctrl=false phys_ctrl=false extra=0x5350494B pending_drain=0 gate_active=false l_thumb=None r_thumb=None [diag-ctx] ime_on
2026-09-19T23:18:05.857947Z DEBUG awase::journal: key input seq=405 elapsed_ms=137363 vk_code=75 is_down=false injected=false key_class="Char" state_before="Idle" state_after="Idle" decision="Consume" physical="Allow" repeat_count=1 last_timestamp_us=137361757 last_elapsed_ms=0
2026-09-19T23:18:05.858095Z DEBUG execute_one{generation=None}: awase_windows::output: send_keys: mode=Unicode actions=[Suppress] prev_elapsed=63ms
2026-09-19T23:18:05.858128Z DEBUG execute_one{generation=None}: awase_windows::tsf::probe: [mark-send] last_send_ms=335919906
2026-09-19T23:18:05.858148Z DEBUG execute_one{generation=None}: awase_windows::output:   → Suppress
2026-09-19T23:18:05.858164Z DEBUG execute_one{generation=None}: awase_windows::tsf::probe: [mark-send] last_send_ms=335919906
2026-09-19T23:18:05.858217Z DEBUG execute_one{generation=None}: awase_windows::platform: [gji-fsm] StartComposition (candidate SHOW)
2026-09-19T23:18:05.858252Z DEBUG execute_one{generation=None}:gji_on_event{event=StartComposition}: awase_windows::tsf::gji_fsm: [gji-fsm] StartComposition: OnWarm → OnComposing(AlreadyWarm)
2026-09-19T23:18:05.858384Z DEBUG awase::journal: gji fsm transition seq=406 elapsed_ms=137363 trigger="StartComposition(candidate SHOW)" state_before="OnWarm" state_after="OnComposing(Warm)"
2026-09-19T23:18:06.191759Z DEBUG awase_windows::runtime::key_pipeline: [engine-input] vk=0x1B KeyDown ts=137695724us delay=0ms state=Idle mods(c=false s=false a=false w=false) gas_ctrl=false phys_ctrl=false extra=0x5350494B pending_drain=0 gate_active=false l_thumb=None r_thumb=None [diag-ctx] ime_
2026-09-19T23:18:06.191830Z DEBUG awase::journal: key input seq=407 elapsed_ms=137697 vk_code=27 is_down=true injected=false key_class="Passthrough" state_before="Idle" state_after="Idle" decision="PassThrough" physical="Allow" repeat_count=1 last_timestamp_us=137695724 last_elapsed_ms=0
2026-09-19T23:18:06.192063Z DEBUG execute_from_hook: awase_windows::runtime::executor: [relay-passthrough] PassThrough idle: direct OS pass-through (vk=0x1b down)
2026-09-19T23:18:06.192102Z DEBUG execute_one{generation=None}: awase_windows::runtime::executor: [reinject] vk=0x1b down (queued passthrough now firing)
2026-09-19T23:18:06.198539Z  INFO awase_windows::tsf::win_event_obs: [gji-obs] candidate HIDE: last_gji_write=391ms ago
2026-09-19T23:18:06.205699Z DEBUG awase_windows::tsf::gji_monitor: [gji-io] WRITE: w_ops=+2 w_KB=+0.3 (r_ops=+4 x_ops=+4 x_KB=+0.0)
2026-09-19T23:18:06.371845Z DEBUG awase_windows::runtime::key_pipeline: [engine-input] vk=0x1B KeyUp ts=137875748us delay=0ms state=Idle mods(c=false s=false a=false w=false) gas_ctrl=false phys_ctrl=false extra=0x5350494B pending_drain=0 gate_active=false l_thumb=None r_thumb=None [diag-ctx] ime_on
2026-09-19T23:18:06.371947Z DEBUG awase::journal: key input seq=408 elapsed_ms=137877 vk_code=27 is_down=false injected=false key_class="Passthrough" state_before="Idle" state_after="Idle" decision="PassThrough" physical="Allow" repeat_count=1 last_timestamp_us=137875748 last_elapsed_ms=0
2026-09-19T23:18:06.372040Z DEBUG execute_from_hook: awase_windows::runtime::executor: [relay-passthrough] PassThrough idle: direct OS pass-through (vk=0x1b up)
2026-09-19T23:18:06.372439Z DEBUG execute_one{generation=None}: awase_windows::runtime::executor: [reinject] vk=0x1b up (queued passthrough now firing)
2026-09-19T23:18:06.374927Z DEBUG awase_windows::platform: [gji-fsm] EndComposition (candidate HIDE) epoch=FocusEpoch(17)
2026-09-19T23:18:06.375032Z DEBUG awase::journal: gji fsm transition seq=409 elapsed_ms=137880 trigger="EndComposition(candidate HIDE, epoch=FocusEpoch(17))" state_before="OnComposing(Warm)" state_after="OnWarm"
2026-09-19T23:18:08.131259Z DEBUG awase_windows::runtime::key_pipeline: [shadow-toggle] vk=0x1DはFSM delegate所有 → belief書き込み/actuationをスキップ w_ops0=110285 x_ops0=244469 x_KB0=23.6
2026-09-19T23:18:08.131282Z DEBUG awase_windows::runtime::key_pipeline: [shadow-toggle] no-op: vk=0x1D action=Toggle source=PhysicalImeKey effective_open は既に true → apply-ime 見送り
2026-09-19T23:18:08.131301Z DEBUG awase_windows::runtime::key_pipeline: [engine-input] vk=0x1D KeyDown ts=139635248us delay=0ms state=Idle mods(c=false s=false a=false w=false) gas_ctrl=false phys_ctrl=false extra=0x5350494B pending_drain=0 gate_active=false l_thumb=Some(139635237) r_thumb=None [dia
2026-09-19T23:18:08.131360Z DEBUG awase::journal: key input seq=410 elapsed_ms=139636 vk_code=29 is_down=true injected=false key_class="LeftThumb" state_before="Idle" state_after="PendingThumb(vk=0x1D,left=true)" decision="Consume" physical="Allow" repeat_count=1 last_timestamp_us=139635248 last_ela
2026-09-19T23:18:08.256521Z DEBUG awase_windows::runtime::key_pipeline: [engine-input] vk=0x1D KeyUp ts=139760414us delay=0ms state=PendingThumb(vk=0x1D,left=true) mods(c=false s=false a=false w=false) gas_ctrl=false phys_ctrl=false extra=0x5350494B pending_drain=0 gate_active=false l_thumb=None r_t
2026-09-19T23:18:08.256593Z  INFO awase::engine::engine: IME open axis delegated (solo tap, key semantics absorption) → false (origin=ExplicitUserAction)
2026-09-19T23:18:08.256653Z DEBUG awase::journal: key input seq=412 elapsed_ms=139762 vk_code=29 is_down=false injected=false key_class="LeftThumb" state_before="PendingThumb(vk=0x1D,left=true)" state_after="Idle" decision="Consume" physical="Allow" repeat_count=1 last_timestamp_us=139760414 last_el
2026-09-19T23:18:08.256714Z DEBUG awase::journal: ime event seq=413 elapsed_ms=139762 event_kind="UserImeSetIntent"
2026-09-19T23:18:08.256746Z DEBUG awase::journal: ime event seq=414 elapsed_ms=139762 event_kind="ImeApplyRequested"
2026-09-19T23:18:08.256766Z  INFO awase_windows::runtime::key_pipeline: IME control: preconditions.ime_on = false (SetOpenRequest, origin=ExplicitUserAction), was_open_before=true last_intent_before=Some(true) poll suspended
2026-09-19T23:18:08.256966Z DEBUG execute_one{generation=Some(ApplyGeneration(6))}:dispatch_ime_set_open{open=false generation=Some(ApplyGeneration(6))}: awase_windows::runtime::executor: [dispatch-ime] ImmCross async: optimistic applied_snapshot=false (suppress send_engine_state_ime_key)
2026-09-19T23:18:08.258869Z DEBUG execute_one{generation=Some(ApplyGeneration(6))}: awase_windows::platform: [engine-state-key] skipped (apply_ime_open aligned ime=false, profile=Standard)
2026-09-19T23:18:08.260976Z DEBUG run_open_chain_async: awase_windows::ime_controller: [warrant-shadow] chain=async open=false origin=EventOrigin { source: SelfActuated { strategy: "engine_decision_async" }, epoch: Generation(0) } warranted
2026-09-19T23:18:08.261017Z  INFO run_open_chain_async:imm_cross_write{open=false}: awase_windows::runtime::open_chain: [apply-ime] ImmCross async: open=false composition_active=false show_seq=0 change_seq=0 (issue #138診断)
2026-09-19T23:18:08.263722Z DEBUG awase_windows::shadow_send_trace: [shadow-send] channel=ImeControl cmd=0x0006 lparam=0 issue_us=139767289
2026-09-19T23:18:08.263730Z DEBUG awase_windows::ime: set_ime_open_for_target: hwnd=HWND(0xbc1c7a) ime_wnd=HWND(0xbb10f0) open=false success=true send_elapsed=0ms candidate_visible=false
2026-09-19T23:18:08.263951Z DEBUG run_open_chain_async:imm_cross_write{open=false}: awase_windows::ime: [imm-cross-actuate] hwnd=HWND(0xbc1c7a) open=Written conv=None
2026-09-19T23:18:08.264003Z DEBUG run_open_chain_async: awase::journal: actuation decision seq=415 elapsed_ms=139769 site="DispatchImeSetOpen" caller="None" open=false chain_len=4 attempts_len=1 gate_profile="Standard" gate_kind="Gji" gate_shadow_known=true gate_shadow_on=true gate_input_mode="Obser
2026-09-19T23:18:08.264686Z DEBUG on_ime_apply_complete{open=false outcome=AppliedWithoutSendInput generation=Some(ApplyGeneration(6)) reason=EngineDecision}: awase::journal: ime open applied seq=416 elapsed_ms=139770 open=false outcome="AppliedWithoutSendInput" reason="EngineDecision"
2026-09-19T23:18:08.265090Z DEBUG on_ime_apply_complete{open=false outcome=AppliedWithoutSendInput generation=Some(ApplyGeneration(6)) reason=EngineDecision}: awase::journal: ime event seq=417 elapsed_ms=139770 event_kind="ImeApplySucceeded"
2026-09-19T23:18:08.265123Z DEBUG on_ime_apply_complete{open=false outcome=AppliedWithoutSendInput generation=Some(ApplyGeneration(6)) reason=EngineDecision}: awase_windows::tsf::ime_mode_fsm: [ime-mode] SetOpen(false) applied → Off (belief, unconfirmed)
2026-09-19T23:18:08.265147Z DEBUG on_ime_apply_complete{open=false outcome=AppliedWithoutSendInput generation=Some(ApplyGeneration(6)) reason=EngineDecision}: awase_windows::platform: [composition] ImeEffect::SetOpen(false) → marking cold (prevent warm+TSF Enter leak)
2026-09-19T23:18:08.265168Z DEBUG on_ime_apply_complete{open=false outcome=AppliedWithoutSendInput generation=Some(ApplyGeneration(6)) reason=EngineDecision}: awase_windows::tsf::probe: [composition] marked cold reason=SetOpenFalse idle=2406ms → next VK/TSF output will send VK_DBE_HIRAGANA warmup
2026-09-19T23:18:08.266871Z DEBUG awase::journal: gji fsm transition seq=418 elapsed_ms=139770 trigger="ImeOff" state_before="OnWarm" state_after="OffCold"
2026-09-19T23:18:08.306814Z DEBUG awase_windows::runtime::ime_refresh: Explicit intent: bypassing typing-idle guard for IME verify (idle=63ms)
2026-09-19T23:18:08.306844Z DEBUG awase_windows::observer::ime_observer: IME snapshot: japanese=Some(true) ime_on=Some(false) romaji=Some(true) conv=Some("0x00000019") guard=false
2026-09-19T23:18:08.306889Z DEBUG awase::journal: ime event seq=419 elapsed_ms=139812 event_kind="ObserverReported"
2026-09-19T23:18:08.306909Z DEBUG awase::journal: ime event seq=420 elapsed_ms=139812 event_kind="InputModeObserved"
2026-09-19T23:18:08.814545Z DEBUG awase_windows::runtime::key_pipeline: [engine-input] vk=0x4B KeyDown ts=140318479us delay=0ms state=Idle mods(c=false s=false a=false w=false) gas_ctrl=false phys_ctrl=false extra=0x5350494B pending_drain=0 gate_active=false l_thumb=None r_thumb=None [diag-ctx] ime_
2026-09-19T23:18:08.814601Z DEBUG awase::journal: key input seq=421 elapsed_ms=140319 vk_code=75 is_down=true injected=false key_class="Char" state_before="Idle" state_after="Idle" decision="PassThrough" physical="Allow" repeat_count=1 last_timestamp_us=140318479 last_elapsed_ms=0
2026-09-19T23:18:08.814671Z DEBUG execute_one{generation=None}: awase_windows::runtime::executor: [reinject] vk=0x4b down (queued passthrough now firing)
2026-09-19T23:18:09.000503Z DEBUG awase_windows::runtime::key_pipeline: [engine-input] vk=0x4B KeyUp ts=140504421us delay=0ms state=Idle mods(c=false s=false a=false w=false) gas_ctrl=false phys_ctrl=false extra=0x5350494B pending_drain=0 gate_active=false l_thumb=None r_thumb=None [diag-ctx] ime_on
2026-09-19T23:18:09.000596Z DEBUG awase::journal: key input seq=422 elapsed_ms=140505 vk_code=75 is_down=false injected=false key_class="Char" state_before="Idle" state_after="Idle" decision="PassThrough" physical="Allow" repeat_count=1 last_timestamp_us=140504421 last_elapsed_ms=0
2026-09-19T23:18:09.000755Z DEBUG execute_one{generation=None}: awase_windows::runtime::executor: [reinject] vk=0x4b up (queued passthrough now firing)
2026-09-19T23:18:09.315231Z DEBUG awase_windows::runtime::key_pipeline: [engine-input] vk=0x1B KeyDown ts=140819048us delay=0ms state=Idle mods(c=false s=false a=false w=false) gas_ctrl=false phys_ctrl=false extra=0x5350494B pending_drain=0 gate_active=false l_thumb=None r_thumb=None [diag-ctx] ime_
2026-09-19T23:18:09.315332Z DEBUG awase::journal: key input seq=423 elapsed_ms=140820 vk_code=27 is_down=true injected=false key_class="Passthrough" state_before="Idle" state_after="Idle" decision="PassThrough" physical="Allow" repeat_count=1 last_timestamp_us=140819048 last_elapsed_ms=0
2026-09-19T23:18:09.315429Z DEBUG execute_from_hook: awase_windows::tsf::probe: [composition] marked cold reason=PassthroughConfirmKey idle=3453ms → next VK/TSF output will send VK_DBE_HIRAGANA warmup
2026-09-19T23:18:09.315454Z DEBUG execute_from_hook: awase_windows::tsf::probe: [mark-send] last_send_ms=335923359
2026-09-19T23:18:09.315510Z DEBUG execute_from_hook: awase_windows::platform: [composition-fsm] EmitWarmup (ConfirmKeyDown)
2026-09-19T23:18:09.315533Z DEBUG execute_from_hook: awase_windows::runtime::executor: [relay-passthrough] PassThrough idle: direct OS pass-through (vk=0x1b down)
2026-09-19T23:18:09.315563Z DEBUG awase::journal: gji fsm transition seq=424 elapsed_ms=140820 trigger="CompositionReset(gji_idle_ms=3109)" state_before="OffCold" state_after="OffCold"
2026-09-19T23:18:09.315612Z DEBUG awase_windows::runtime::executor: [reinject-guard] suspending drain for 50ms (vk=0x1b)
2026-09-19T23:18:09.375714Z DEBUG execute_one{generation=None}: awase_windows::runtime::executor: [reinject] vk=0x1b down (queued passthrough now firing)
2026-09-19T23:18:09.375808Z DEBUG execute_one{generation=None}: awase_windows::platform: [composition] reinject KeyDown vk=0x1b → marking cold + eager warmup
2026-09-19T23:18:09.375847Z DEBUG execute_one{generation=None}: awase_windows::tsf::probe: [composition] marked cold reason=ReinjectConfirmKey idle=62ms → next VK/TSF output will send VK_DBE_HIRAGANA warmup
2026-09-19T23:18:09.375889Z DEBUG execute_one{generation=None}: awase_windows::tsf::probe: [mark-send] last_send_ms=335923421
2026-09-19T23:18:09.386542Z DEBUG awase::journal: gji fsm transition seq=425 elapsed_ms=140881 trigger="CompositionReset(gji_idle_ms=3171)" state_before="OffCold" state_after="OffCold"
2026-09-19T23:18:09.502179Z DEBUG awase_windows::runtime::key_pipeline: [engine-input] vk=0x1B KeyUp ts=141006029us delay=0ms state=Idle mods(c=false s=false a=false w=false) gas_ctrl=false phys_ctrl=false extra=0x5350494B pending_drain=0 gate_active=false l_thumb=None r_thumb=None [diag-ctx] ime_on
2026-09-19T23:18:09.502274Z DEBUG awase::journal: key input seq=426 elapsed_ms=141007 vk_code=27 is_down=false injected=false key_class="Passthrough" state_before="Idle" state_after="Idle" decision="PassThrough" physical="Allow" repeat_count=1 last_timestamp_us=141006029 last_elapsed_ms=0
2026-09-19T23:18:09.502379Z DEBUG execute_from_hook: awase_windows::runtime::executor: [relay-passthrough] PassThrough idle: direct OS pass-through (vk=0x1b up)
2026-09-19T23:18:09.502451Z DEBUG execute_one{generation=None}: awase_windows::runtime::executor: [reinject] vk=0x1b up (queued passthrough now firing)
2026-09-19T23:18:11.307304Z  INFO awase_windows::runtime::key_pipeline: [shadow-toggle] intent 昇格: vk=0x1D scan=0x7B action=Toggle kind=PhysicalImeKey injected=false false→true w_ops0=110285 x_ops0=244469 x_KB0=23.6
2026-09-19T23:18:11.307345Z DEBUG awase::journal: ime event seq=427 elapsed_ms=142812 event_kind="UserImeSetIntent"
2026-09-19T23:18:11.307366Z DEBUG awase_windows::runtime::key_pipeline: Shadow IME toggle: OFF → ON (vk=0x1D, source=PhysicalImeKey)
2026-09-19T23:18:11.307385Z DEBUG awase_windows::runtime::key_pipeline: [engine-input] vk=0x1D KeyDown ts=142811283us delay=0ms state=Idle mods(c=false s=false a=false w=false) gas_ctrl=false phys_ctrl=false extra=0x5350494B pending_drain=0 gate_active=false l_thumb=Some(142811270) r_thumb=None [dia
2026-09-19T23:18:11.307412Z  INFO awase::engine::engine: Engine activated (ime=true, romaji=true, japanese=true, user=true, reason=Active)
2026-09-19T23:18:11.307475Z DEBUG awase::journal: key input seq=428 elapsed_ms=142812 vk_code=29 is_down=true injected=false key_class="LeftThumb" state_before="Idle" state_after="PendingThumb(vk=0x1D,left=true)" decision="Consume" physical="Allow" repeat_count=1 last_timestamp_us=142811283 last_ela
2026-09-19T23:18:11.307501Z DEBUG awase::journal: ime event seq=429 elapsed_ms=142812 event_kind="EngineActivationSync"
2026-09-19T23:18:11.307514Z DEBUG awase::journal: ime event seq=430 elapsed_ms=142812 event_kind="ImeApplyRequested"
2026-09-19T23:18:11.307521Z  INFO awase_windows::runtime::key_pipeline: IME control: preconditions.ime_on = true (SetOpenRequest, origin=ActivationSync), was_open_before=true last_intent_before=Some(true) poll suspended
2026-09-19T23:18:11.307659Z DEBUG execute_one{generation=Some(ApplyGeneration(7))}:dispatch_ime_set_open{open=true generation=Some(ApplyGeneration(7))}: awase_windows::runtime::executor: [dispatch-ime] ImmCross async: optimistic applied_snapshot=true (suppress send_engine_state_ime_key)
2026-09-19T23:18:11.308853Z DEBUG execute_one{generation=Some(ApplyGeneration(7))}: awase_windows::platform: [engine-state-key] skipped (apply_ime_open aligned ime=true, profile=Standard)
2026-09-19T23:18:11.310401Z DEBUG run_open_chain_async: awase_windows::ime_controller: [warrant-shadow] chain=async open=true origin=EventOrigin { source: SelfActuated { strategy: "engine_decision_async" }, epoch: Generation(0) } warranted
2026-09-19T23:18:11.310452Z  INFO run_open_chain_async:imm_cross_write{open=true}: awase_windows::runtime::open_chain: [apply-ime] ImmCross async: open=true composition_active=false show_seq=0 change_seq=0 (issue #138診断)
2026-09-19T23:18:11.313308Z DEBUG awase_windows::shadow_send_trace: [shadow-send] channel=ImeControl cmd=0x0006 lparam=1 issue_us=142816785
2026-09-19T23:18:11.313316Z DEBUG awase_windows::ime: set_ime_open_for_target: hwnd=HWND(0xbc1c7a) ime_wnd=HWND(0xbb10f0) open=true success=true send_elapsed=0ms candidate_visible=false
2026-09-19T23:18:11.313594Z DEBUG run_open_chain_async:imm_cross_write{open=true}: awase_windows::ime: [imm-cross-actuate] hwnd=HWND(0xbc1c7a) open=Written conv=Some(Written)
2026-09-19T23:18:11.313626Z DEBUG run_open_chain_async:imm_cross_write{open=true}: awase_windows::runtime::open_chain: [apply-ime] ROMAN 補完結果: Written
2026-09-19T23:18:11.313658Z DEBUG run_open_chain_async: awase::journal: actuation decision seq=431 elapsed_ms=142819 site="DispatchImeSetOpen" caller="None" open=true chain_len=4 attempts_len=1 gate_profile="Standard" gate_kind="Gji" gate_shadow_known=true gate_shadow_on=false gate_input_mode="Obser
2026-09-19T23:18:11.315090Z DEBUG on_ime_apply_complete{open=true outcome=AppliedWithoutSendInput generation=Some(ApplyGeneration(7)) reason=EngineDecision}: awase::journal: ime open applied seq=432 elapsed_ms=142820 open=true outcome="AppliedWithoutSendInput" reason="EngineDecision"
2026-09-19T23:18:11.315587Z DEBUG on_ime_apply_complete{open=true outcome=AppliedWithoutSendInput generation=Some(ApplyGeneration(7)) reason=EngineDecision}: awase::journal: ime event seq=433 elapsed_ms=142820 event_kind="ImeApplySucceeded"
2026-09-19T23:18:11.315625Z DEBUG on_ime_apply_complete{open=true outcome=AppliedWithoutSendInput generation=Some(ApplyGeneration(7)) reason=EngineDecision}: awase_windows::tsf::ime_mode_fsm: [ime-mode] SetOpen(true) applied → Hiragana (belief, unconfirmed)
2026-09-19T23:18:11.315651Z DEBUG on_ime_apply_complete{open=true outcome=AppliedWithoutSendInput generation=Some(ApplyGeneration(7)) reason=EngineDecision}: awase_windows::platform: [composition] ImeEffect::SetOpen(true) → marking cold
2026-09-19T23:18:11.315671Z DEBUG on_ime_apply_complete{open=true outcome=AppliedWithoutSendInput generation=Some(ApplyGeneration(7)) reason=EngineDecision}: awase_windows::tsf::probe: [composition] marked cold reason=SetOpenTrue idle=1938ms → next VK/TSF output will send VK_DBE_HIRAGANA warmup
2026-09-19T23:18:11.315717Z DEBUG on_ime_apply_complete{open=true outcome=AppliedWithoutSendInput generation=Some(ApplyGeneration(7)) reason=EngineDecision}:gji_on_event{event=ImeOn { injection_mode: Unicode, gji_idle_ms: 5109 }}: awase_windows::tsf::gji_fsm: [gji-fsm] ImeOn gji_idle=5109ms → Short
2026-09-19T23:18:11.315759Z DEBUG on_ime_apply_complete{open=true outcome=AppliedWithoutSendInput generation=Some(ApplyGeneration(7)) reason=EngineDecision}: awase_windows::platform: [gji-fsm] StartProbe probe_id=ProbeId(9) forces_f2=false long=false
2026-09-19T23:18:11.317609Z DEBUG awase::journal: gji fsm transition seq=434 elapsed_ms=142821 trigger="ImeOn(gji_idle_ms=5109)" state_before="OffCold" state_after="OnCold(Short)"
2026-09-19T23:18:11.317655Z DEBUG awase::journal: tsf probe started seq=435 elapsed_ms=142821 source="GjiAction::StartProbe" cold_seq=0 probe_id=9 probe_id_present=true gji_state="OnCold(Short)" consecutive_at_start=0 pending_deferred_len=0
2026-09-19T23:18:11.317718Z DEBUG awase::journal: gji fsm transition seq=436 elapsed_ms=142821 trigger="WarmupComplete(unicode)" state_before="OnCold(Short)" state_after="OnWarm"
2026-09-19T23:18:11.317741Z DEBUG awase::journal: tsf probe completed seq=437 elapsed_ms=142821 outcome="UnicodeImmediate" cold_seq=18446744073709551615 cold_seq_present=false probe_id=9 probe_id_present=true duration_ms=0 tick_count=0 gji_state="OnWarm"
2026-09-19T23:18:11.343103Z DEBUG awase_windows::runtime::ime_refresh: Explicit intent: bypassing typing-idle guard for IME verify (idle=31ms)
2026-09-19T23:18:11.343149Z DEBUG awase_windows::observer::ime_observer: IME snapshot: japanese=Some(true) ime_on=Some(true) romaji=Some(true) conv=Some("0x00000019") guard=false
2026-09-19T23:18:11.343231Z DEBUG awase::journal: ime event seq=438 elapsed_ms=142848 event_kind="ObserverReported"
2026-09-19T23:18:11.343266Z DEBUG awase::journal: ime event seq=439 elapsed_ms=142848 event_kind="InputModeObserved"
2026-09-19T23:18:11.435290Z DEBUG awase_windows::runtime::key_pipeline: [engine-input] vk=0x1D KeyUp ts=142939146us delay=0ms state=PendingThumb(vk=0x1D,left=true) mods(c=false s=false a=false w=false) gas_ctrl=false phys_ctrl=false extra=0x5350494B pending_drain=0 gate_active=false l_thumb=None r_t
2026-09-19T23:18:11.435411Z DEBUG awase::journal: key input seq=441 elapsed_ms=142940 vk_code=29 is_down=false injected=false key_class="LeftThumb" state_before="PendingThumb(vk=0x1D,left=true)" state_after="Idle" decision="Consume" physical="Allow" repeat_count=1 last_timestamp_us=142939146 last_el
2026-09-19T23:18:11.992809Z DEBUG awase_windows::runtime::key_pipeline: [engine-input] vk=0x4B KeyDown ts=143496719us delay=0ms state=Idle mods(c=false s=false a=false w=false) gas_ctrl=false phys_ctrl=false extra=0x5350494B pending_drain=0 gate_active=false l_thumb=None r_thumb=None [diag-ctx] ime_
2026-09-19T23:18:11.992921Z DEBUG awase::journal: key input seq=442 elapsed_ms=143498 vk_code=75 is_down=true injected=false key_class="Char" state_before="Idle" state_after="PendingChar(vk=0x4B)" decision="Consume" physical="Allow" repeat_count=1 last_timestamp_us=143496719 last_elapsed_ms=0
2026-09-19T23:18:12.102152Z DEBUG execute_from_loop:execute_one{generation=None}: awase_windows::output: send_keys: mode=Unicode actions=[Char('き')] prev_elapsed=2735ms
2026-09-19T23:18:12.102207Z DEBUG execute_from_loop:execute_one{generation=None}: awase_windows::tsf::probe: [mark-send] last_send_ms=335926156
2026-09-19T23:18:12.102276Z DEBUG execute_from_loop:execute_one{generation=None}: awase_windows::output:   → Char('き') via Unicode
2026-09-19T23:18:12.104770Z DEBUG execute_from_loop:execute_one{generation=None}: awase_windows::tsf::probe: [mark-send] last_send_ms=335926156
2026-09-19T23:18:12.114958Z  INFO awase_windows::tsf::win_event_obs: [gji-obs] candidate SHOW #18: last_gji_write=5906ms ago
2026-09-19T23:18:12.116539Z DEBUG awase_windows::tsf::gji_monitor: [gji-io] WRITE: w_ops=+2 w_KB=+0.3 (r_ops=+4 x_ops=+4 x_KB=+0.0)
2026-09-19T23:18:12.168714Z DEBUG awase_windows::runtime::key_pipeline: [engine-input] vk=0x4B KeyUp ts=143672704us delay=0ms state=Idle mods(c=false s=false a=false w=false) gas_ctrl=false phys_ctrl=false extra=0x5350494B pending_drain=0 gate_active=false l_thumb=None r_thumb=None [diag-ctx] ime_on
2026-09-19T23:18:12.168803Z DEBUG awase::journal: key input seq=444 elapsed_ms=143674 vk_code=75 is_down=false injected=false key_class="Char" state_before="Idle" state_after="Idle" decision="Consume" physical="Allow" repeat_count=1 last_timestamp_us=143672704 last_elapsed_ms=0
2026-09-19T23:18:12.168874Z DEBUG execute_one{generation=None}: awase_windows::output: send_keys: mode=Unicode actions=[Suppress] prev_elapsed=62ms
2026-09-19T23:18:12.168891Z DEBUG execute_one{generation=None}: awase_windows::tsf::probe: [mark-send] last_send_ms=335926218
2026-09-19T23:18:12.168899Z DEBUG execute_one{generation=None}: awase_windows::output:   → Suppress
2026-09-19T23:18:12.168905Z DEBUG execute_one{generation=None}: awase_windows::tsf::probe: [mark-send] last_send_ms=335926218
2026-09-19T23:18:12.168930Z DEBUG execute_one{generation=None}: awase_windows::platform: [gji-fsm] StartComposition (candidate SHOW)
2026-09-19T23:18:12.168942Z DEBUG execute_one{generation=None}:gji_on_event{event=StartComposition}: awase_windows::tsf::gji_fsm: [gji-fsm] StartComposition: OnWarm → OnComposing(AlreadyWarm)
2026-09-19T23:18:12.168998Z DEBUG awase::journal: gji fsm transition seq=445 elapsed_ms=143674 trigger="StartComposition(candidate SHOW)" state_before="OnWarm" state_after="OnComposing(Warm)"
2026-09-19T23:18:12.494901Z DEBUG awase_windows::runtime::key_pipeline: [engine-input] vk=0x1B KeyDown ts=143998831us delay=0ms state=Idle mods(c=false s=false a=false w=false) gas_ctrl=false phys_ctrl=false extra=0x5350494B pending_drain=0 gate_active=false l_thumb=None r_thumb=None [diag-ctx] ime_
2026-09-19T23:18:12.494967Z DEBUG awase::journal: key input seq=446 elapsed_ms=144000 vk_code=27 is_down=true injected=false key_class="Passthrough" state_before="Idle" state_after="Idle" decision="PassThrough" physical="Allow" repeat_count=1 last_timestamp_us=143998831 last_elapsed_ms=0
2026-09-19T23:18:12.495015Z DEBUG execute_from_hook: awase_windows::runtime::executor: [relay-passthrough] PassThrough idle: direct OS pass-through (vk=0x1b down)
2026-09-19T23:18:12.495049Z DEBUG execute_one{generation=None}: awase_windows::runtime::executor: [reinject] vk=0x1b down (queued passthrough now firing)
2026-09-19T23:18:12.505087Z  INFO awase_windows::tsf::win_event_obs: [gji-obs] candidate HIDE: last_gji_write=375ms ago
2026-09-19T23:18:12.506416Z DEBUG awase_windows::tsf::gji_monitor: [gji-io] WRITE: w_ops=+2 w_KB=+0.3 (r_ops=+4 x_ops=+4 x_KB=+0.0)
2026-09-19T23:18:12.681471Z DEBUG awase_windows::runtime::key_pipeline: [engine-input] vk=0x1B KeyUp ts=144185301us delay=0ms state=Idle mods(c=false s=false a=false w=false) gas_ctrl=false phys_ctrl=false extra=0x5350494B pending_drain=0 gate_active=false l_thumb=None r_thumb=None [diag-ctx] ime_on
2026-09-19T23:18:12.681582Z DEBUG awase::journal: key input seq=447 elapsed_ms=144186 vk_code=27 is_down=false injected=false key_class="Passthrough" state_before="Idle" state_after="Idle" decision="PassThrough" physical="Allow" repeat_count=1 last_timestamp_us=144185301 last_elapsed_ms=0
2026-09-19T23:18:12.681689Z DEBUG execute_from_hook: awase_windows::runtime::executor: [relay-passthrough] PassThrough idle: direct OS pass-through (vk=0x1b up)
2026-09-19T23:18:12.681764Z DEBUG execute_one{generation=None}: awase_windows::runtime::executor: [reinject] vk=0x1b up (queued passthrough now firing)
2026-09-19T23:18:12.685555Z DEBUG awase_windows::platform: [gji-fsm] EndComposition (candidate HIDE) epoch=FocusEpoch(18)
2026-09-19T23:18:12.685694Z DEBUG awase::journal: gji fsm transition seq=448 elapsed_ms=144191 trigger="EndComposition(candidate HIDE, epoch=FocusEpoch(18))" state_before="OnComposing(Warm)" state_after="OnWarm"
2026-09-19T23:18:14.508136Z DEBUG awase_windows::hook: [hook] IME-mode vk=0xF2 down self_injected=false injected=false scan=0x70 extra=0x5350494B since_actuation_us=Some(19490862)
2026-09-19T23:18:14.508262Z DEBUG awase::journal: hook ime-mode diagnostic seq=449 elapsed_ms=146013 vk_code=242 is_down=true self_injected=false injected=false scan=112
2026-09-19T23:18:14.508457Z  INFO awase_windows::runtime::key_pipeline: [shadow-toggle] intent 昇格: vk=0xF2 scan=0x70 action=TurnOn kind=PhysicalImeKey injected=false true→true w_ops0=110289 x_ops0=244477 x_KB0=23.6
2026-09-19T23:18:14.508503Z DEBUG awase::journal: ime event seq=450 elapsed_ms=146013 event_kind="UserImeSetIntent"
2026-09-19T23:18:14.508527Z DEBUG awase_windows::runtime::key_pipeline: [shadow-toggle] no-op: vk=0xF2 action=TurnOn source=PhysicalImeKey effective_open は既に true → apply-ime 見送り
2026-09-19T23:18:14.508559Z DEBUG awase_windows::runtime::key_pipeline: [engine-input] vk=0xF2 KeyDown ts=146012392us delay=0ms state=Idle mods(c=false s=false a=false w=false) gas_ctrl=false phys_ctrl=false extra=0x5350494B pending_drain=0 gate_active=false l_thumb=None r_thumb=None [diag-ctx] ime_
2026-09-19T23:18:14.508641Z DEBUG awase::journal: key input seq=451 elapsed_ms=146014 vk_code=242 is_down=true injected=false key_class="Passthrough" state_before="Idle" state_after="Idle" decision="PassThrough" physical="Allow" repeat_count=1 last_timestamp_us=146012392 last_elapsed_ms=0
2026-09-19T23:18:14.508695Z DEBUG awase_windows::runtime::key_pipeline: may_change_ime key passed through → IME refresh scheduled (20ms)
2026-09-19T23:18:14.508821Z DEBUG execute_from_hook: awase_windows::runtime::executor: [relay-passthrough] PassThrough idle: direct OS pass-through (vk=0xf2 down)
2026-09-19T23:18:14.508897Z DEBUG execute_one{generation=None}: awase_windows::runtime::executor: [reinject] vk=0xf2 down (queued passthrough now firing)
2026-09-19T23:18:14.509898Z DEBUG awase_windows::hook: [hook] IME-mode vk=0xF2 down self_injected=true injected=true scan=0x0 extra=0x4B45594D since_actuation_us=Some(19492634)
2026-09-19T23:18:14.511750Z DEBUG awase::journal: hook ime-mode diagnostic seq=452 elapsed_ms=146017 vk_code=242 is_down=true self_injected=true injected=true scan=0
2026-09-19T23:18:14.521417Z DEBUG awase_windows::tsf::gji_monitor: [gji-io] WRITE: w_ops=+2 w_KB=+0.0 (r_ops=+4 x_ops=+4 x_KB=+0.0)
2026-09-19T23:18:14.542962Z DEBUG awase_windows::runtime::ime_refresh: Explicit intent: bypassing typing-idle guard for IME verify (idle=31ms)
2026-09-19T23:18:14.542989Z DEBUG awase_windows::observer::ime_observer: IME snapshot: japanese=Some(true) ime_on=Some(true) romaji=None conv=Some("0x00000010") guard=false
2026-09-19T23:18:14.543029Z DEBUG awase::journal: ime event seq=453 elapsed_ms=146048 event_kind="ObserverReported"
2026-09-19T23:18:14.543043Z DEBUG awase::journal: ime event seq=454 elapsed_ms=146048 event_kind="InputModeObserved"
2026-09-19T23:18:14.543071Z DEBUG awase::engine::engine: [diag-engine-active] ime_on=true なのに非活性: reason=Inactive(NotRomajiInput) romaji_capable=false japanese=true user_enabled=true was_active=true input_mode=ObservedEisu
2026-09-19T23:18:14.543102Z  INFO awase::engine::engine: Engine deactivated (ime=true, romaji=false, japanese=true, user=true, reason=Inactive(NotRomajiInput))
2026-09-19T23:18:15.163423Z DEBUG awase_windows::runtime::key_pipeline: [engine-input] vk=0x4B KeyDown ts=146667348us delay=0ms state=Idle mods(c=false s=false a=false w=false) gas_ctrl=false phys_ctrl=false extra=0x5350494B pending_drain=0 gate_active=false l_thumb=None r_thumb=None [diag-ctx] ime_
2026-09-19T23:18:15.163479Z DEBUG awase::engine::engine: [diag-engine-active] ime_on=true なのに非活性: reason=Inactive(NotRomajiInput) romaji_capable=false japanese=true user_enabled=true was_active=false input_mode=ObservedEisu
2026-09-19T23:18:15.163552Z DEBUG awase::journal: key input seq=455 elapsed_ms=146668 vk_code=75 is_down=true injected=false key_class="Char" state_before="Idle" state_after="Idle" decision="PassThrough" physical="Allow" repeat_count=1 last_timestamp_us=146667348 last_elapsed_ms=0
2026-09-19T23:18:15.163719Z DEBUG execute_one{generation=None}: awase_windows::runtime::executor: [reinject] vk=0x4b down (queued passthrough now firing)
2026-09-19T23:18:15.176240Z DEBUG awase_windows::tsf::gji_monitor: [gji-io] WRITE: w_ops=+2 w_KB=+0.4 (r_ops=+4 x_ops=+4 x_KB=+0.0)
2026-09-19T23:18:15.180419Z  INFO awase_windows::tsf::win_event_obs: [gji-obs] candidate SHOW #19: last_gji_write=16ms ago
2026-09-19T23:18:15.350339Z DEBUG awase_windows::runtime::key_pipeline: [engine-input] vk=0x4B KeyUp ts=146854030us delay=0ms state=Idle mods(c=false s=false a=false w=false) gas_ctrl=false phys_ctrl=false extra=0x5350494B pending_drain=0 gate_active=false l_thumb=None r_thumb=None [diag-ctx] ime_on
2026-09-19T23:18:15.350368Z DEBUG awase::engine::engine: [diag-engine-active] ime_on=true なのに非活性: reason=Inactive(NotRomajiInput) romaji_capable=false japanese=true user_enabled=true was_active=false input_mode=ObservedEisu
2026-09-19T23:18:15.350408Z DEBUG awase::journal: key input seq=456 elapsed_ms=146855 vk_code=75 is_down=false injected=false key_class="Char" state_before="Idle" state_after="Idle" decision="PassThrough" physical="Allow" repeat_count=1 last_timestamp_us=146854030 last_elapsed_ms=0
2026-09-19T23:18:15.350481Z DEBUG execute_one{generation=None}: awase_windows::runtime::executor: [reinject] vk=0x4b up (queued passthrough now firing)
2026-09-19T23:18:15.353323Z DEBUG awase_windows::platform: [gji-fsm] StartComposition (candidate SHOW)
2026-09-19T23:18:15.353380Z DEBUG gji_on_event{event=StartComposition}: awase_windows::tsf::gji_fsm: [gji-fsm] StartComposition: OnWarm → OnComposing(AlreadyWarm)
2026-09-19T23:18:15.353525Z DEBUG awase::journal: gji fsm transition seq=457 elapsed_ms=146858 trigger="StartComposition(candidate SHOW)" state_before="OnWarm" state_after="OnComposing(Warm)"
2026-09-19T23:18:15.662756Z DEBUG awase_windows::runtime::key_pipeline: [engine-input] vk=0x1B KeyDown ts=147166747us delay=0ms state=Idle mods(c=false s=false a=false w=false) gas_ctrl=false phys_ctrl=false extra=0x5350494B pending_drain=0 gate_active=false l_thumb=None r_thumb=None [diag-ctx] ime_
2026-09-19T23:18:15.662786Z DEBUG awase::engine::engine: [diag-engine-active] ime_on=true なのに非活性: reason=Inactive(NotRomajiInput) romaji_capable=false japanese=true user_enabled=true was_active=false input_mode=ObservedEisu
2026-09-19T23:18:15.662821Z DEBUG awase::journal: key input seq=458 elapsed_ms=147168 vk_code=27 is_down=true injected=false key_class="Passthrough" state_before="Idle" state_after="Idle" decision="PassThrough" physical="Allow" repeat_count=1 last_timestamp_us=147166747 last_elapsed_ms=0
2026-09-19T23:18:15.662914Z DEBUG execute_from_hook: awase_windows::runtime::executor: [relay-passthrough] PassThrough idle: direct OS pass-through (vk=0x1b down)
2026-09-19T23:18:15.662949Z DEBUG execute_one{generation=None}: awase_windows::runtime::executor: [reinject] vk=0x1b down (queued passthrough now firing)
2026-09-19T23:18:15.670384Z  INFO awase_windows::tsf::win_event_obs: [gji-obs] candidate HIDE: last_gji_write=500ms ago
2026-09-19T23:18:15.677301Z DEBUG awase_windows::tsf::gji_monitor: [gji-io] WRITE: w_ops=+2 w_KB=+0.4 (r_ops=+4 x_ops=+4 x_KB=+0.0)
2026-09-19T23:18:15.851529Z DEBUG awase_windows::runtime::key_pipeline: [engine-input] vk=0x1B KeyUp ts=147355012us delay=0ms state=Idle mods(c=false s=false a=false w=false) gas_ctrl=false phys_ctrl=false extra=0x5350494B pending_drain=0 gate_active=false l_thumb=None r_thumb=None [diag-ctx] ime_on
2026-09-19T23:18:15.851583Z DEBUG awase::engine::engine: [diag-engine-active] ime_on=true なのに非活性: reason=Inactive(NotRomajiInput) romaji_capable=false japanese=true user_enabled=true was_active=false input_mode=ObservedEisu
2026-09-19T23:18:15.851664Z DEBUG awase::journal: key input seq=459 elapsed_ms=147357 vk_code=27 is_down=false injected=false key_class="Passthrough" state_before="Idle" state_after="Idle" decision="PassThrough" physical="Allow" repeat_count=1 last_timestamp_us=147355012 last_elapsed_ms=0
2026-09-19T23:18:15.851724Z DEBUG execute_from_hook: awase_windows::runtime::executor: [relay-passthrough] PassThrough idle: direct OS pass-through (vk=0x1b up)
2026-09-19T23:18:15.851766Z DEBUG execute_one{generation=None}: awase_windows::runtime::executor: [reinject] vk=0x1b up (queued passthrough now firing)
2026-09-19T23:18:15.854915Z DEBUG awase_windows::platform: [gji-fsm] EndComposition (candidate HIDE) epoch=FocusEpoch(19)
2026-09-19T23:18:15.855037Z DEBUG awase::journal: gji fsm transition seq=460 elapsed_ms=147360 trigger="EndComposition(candidate HIDE, epoch=FocusEpoch(19))" state_before="OnComposing(Warm)" state_after="OnWarm"
2026-09-19T23:18:17.658231Z DEBUG awase_windows::runtime::key_pipeline: [shadow-toggle] vk=0x1DはFSM delegate所有 → belief書き込み/actuationをスキップ w_ops0=110295 x_ops0=244489 x_KB0=23.6
2026-09-19T23:18:17.658252Z DEBUG awase_windows::runtime::key_pipeline: [shadow-toggle] no-op: vk=0x1D action=Toggle source=PhysicalImeKey effective_open は既に true → apply-ime 見送り
2026-09-19T23:18:17.658295Z DEBUG awase_windows::runtime::key_pipeline: [engine-input] vk=0x1D KeyDown ts=149162202us delay=0ms state=Idle mods(c=false s=false a=false w=false) gas_ctrl=false phys_ctrl=false extra=0x5350494B pending_drain=0 gate_active=false l_thumb=Some(149162182) r_thumb=None [dia
2026-09-19T23:18:17.658315Z DEBUG awase::engine::engine: [diag-engine-active] ime_on=true なのに非活性: reason=Inactive(NotRomajiInput) romaji_capable=false japanese=true user_enabled=true was_active=false input_mode=ObservedEisu
2026-09-19T23:18:17.658349Z DEBUG awase::journal: key input seq=461 elapsed_ms=149163 vk_code=29 is_down=true injected=false key_class="LeftThumb" state_before="Idle" state_after="Idle" decision="PassThrough" physical="Allow" repeat_count=1 last_timestamp_us=149162202 last_elapsed_ms=0
2026-09-19T23:18:17.658767Z DEBUG execute_one{generation=None}: awase_windows::runtime::executor: [reinject] vk=0x1d down (queued passthrough now firing)
2026-09-19T23:18:17.672317Z DEBUG awase_windows::tsf::gji_monitor: [gji-io] WRITE: w_ops=+2 w_KB=+0.0 (r_ops=+4 x_ops=+4 x_KB=+0.0)
2026-09-19T23:18:17.781604Z DEBUG awase_windows::runtime::key_pipeline: [engine-input] vk=0x1D KeyUp ts=149285493us delay=0ms state=Idle mods(c=false s=false a=false w=false) gas_ctrl=false phys_ctrl=false extra=0x5350494B pending_drain=0 gate_active=false l_thumb=None r_thumb=None [diag-ctx] ime_on
2026-09-19T23:18:17.781650Z DEBUG awase::engine::engine: [diag-engine-active] ime_on=true なのに非活性: reason=Inactive(NotRomajiInput) romaji_capable=false japanese=true user_enabled=true was_active=false input_mode=ObservedEisu
2026-09-19T23:18:17.781716Z DEBUG awase::journal: key input seq=462 elapsed_ms=149287 vk_code=29 is_down=false injected=false key_class="LeftThumb" state_before="Idle" state_after="Idle" decision="PassThrough" physical="Allow" repeat_count=1 last_timestamp_us=149285493 last_elapsed_ms=0
2026-09-19T23:18:17.781848Z DEBUG execute_one{generation=None}: awase_windows::runtime::executor: [reinject] vk=0x1d up (queued passthrough now firing)
2026-09-19T23:18:18.346681Z DEBUG awase_windows::runtime::key_pipeline: [engine-input] vk=0x4B KeyDown ts=149850368us delay=0ms state=Idle mods(c=false s=false a=false w=false) gas_ctrl=false phys_ctrl=false extra=0x5350494B pending_drain=0 gate_active=false l_thumb=None r_thumb=None [diag-ctx] ime_
2026-09-19T23:18:18.346752Z DEBUG awase::engine::engine: [diag-engine-active] ime_on=true なのに非活性: reason=Inactive(NotRomajiInput) romaji_capable=false japanese=true user_enabled=true was_active=false input_mode=ObservedEisu
2026-09-19T23:18:18.346853Z DEBUG awase::journal: key input seq=463 elapsed_ms=149852 vk_code=75 is_down=true injected=false key_class="Char" state_before="Idle" state_after="Idle" decision="PassThrough" physical="Allow" repeat_count=1 last_timestamp_us=149850368 last_elapsed_ms=0
2026-09-19T23:18:18.346975Z DEBUG execute_one{generation=None}: awase_windows::runtime::executor: [reinject] vk=0x4b down (queued passthrough now firing)
2026-09-19T23:18:18.533437Z DEBUG awase_windows::runtime::key_pipeline: [engine-input] vk=0x4B KeyUp ts=150037325us delay=0ms state=Idle mods(c=false s=false a=false w=false) gas_ctrl=false phys_ctrl=false extra=0x5350494B pending_drain=0 gate_active=false l_thumb=None r_thumb=None [diag-ctx] ime_on
2026-09-19T23:18:18.533487Z DEBUG awase::engine::engine: [diag-engine-active] ime_on=true なのに非活性: reason=Inactive(NotRomajiInput) romaji_capable=false japanese=true user_enabled=true was_active=false input_mode=ObservedEisu
2026-09-19T23:18:18.533562Z DEBUG awase::journal: key input seq=464 elapsed_ms=150038 vk_code=75 is_down=false injected=false key_class="Char" state_before="Idle" state_after="Idle" decision="PassThrough" physical="Allow" repeat_count=1 last_timestamp_us=150037325 last_elapsed_ms=0
2026-09-19T23:18:18.533738Z DEBUG execute_one{generation=None}: awase_windows::runtime::executor: [reinject] vk=0x4b up (queued passthrough now firing)
2026-09-19T23:18:18.845130Z DEBUG awase_windows::runtime::key_pipeline: [engine-input] vk=0x1B KeyDown ts=150348969us delay=0ms state=Idle mods(c=false s=false a=false w=false) gas_ctrl=false phys_ctrl=false extra=0x5350494B pending_drain=0 gate_active=false l_thumb=None r_thumb=None [diag-ctx] ime_
2026-09-19T23:18:18.845197Z DEBUG awase::engine::engine: [diag-engine-active] ime_on=true なのに非活性: reason=Inactive(NotRomajiInput) romaji_capable=false japanese=true user_enabled=true was_active=false input_mode=ObservedEisu
2026-09-19T23:18:18.845282Z DEBUG awase::journal: key input seq=465 elapsed_ms=150350 vk_code=27 is_down=true injected=false key_class="Passthrough" state_before="Idle" state_after="Idle" decision="PassThrough" physical="Allow" repeat_count=1 last_timestamp_us=150348969 last_elapsed_ms=0
2026-09-19T23:18:18.845401Z DEBUG execute_from_hook: awase_windows::runtime::executor: [relay-passthrough] PassThrough idle: direct OS pass-through (vk=0x1b down)
2026-09-19T23:18:18.845504Z DEBUG execute_one{generation=None}: awase_windows::runtime::executor: [reinject] vk=0x1b down (queued passthrough now firing)
2026-09-19T23:18:19.033249Z DEBUG awase_windows::runtime::key_pipeline: [engine-input] vk=0x1B KeyUp ts=150537137us delay=0ms state=Idle mods(c=false s=false a=false w=false) gas_ctrl=false phys_ctrl=false extra=0x5350494B pending_drain=0 gate_active=false l_thumb=None r_thumb=None [diag-ctx] ime_on
2026-09-19T23:18:19.033295Z DEBUG awase::engine::engine: [diag-engine-active] ime_on=true なのに非活性: reason=Inactive(NotRomajiInput) romaji_capable=false japanese=true user_enabled=true was_active=false input_mode=ObservedEisu
2026-09-19T23:18:19.033380Z DEBUG awase::journal: key input seq=466 elapsed_ms=150538 vk_code=27 is_down=false injected=false key_class="Passthrough" state_before="Idle" state_after="Idle" decision="PassThrough" physical="Allow" repeat_count=1 last_timestamp_us=150537137 last_elapsed_ms=0
2026-09-19T23:18:19.033477Z DEBUG execute_from_hook: awase_windows::runtime::executor: [relay-passthrough] PassThrough idle: direct OS pass-through (vk=0x1b up)
2026-09-19T23:18:19.033546Z DEBUG execute_one{generation=None}: awase_windows::runtime::executor: [reinject] vk=0x1b up (queued passthrough now firing)
2026-09-19T23:18:20.838096Z DEBUG awase_windows::runtime::key_pipeline: [shadow-toggle] vk=0x1DはFSM delegate所有 → belief書き込み/actuationをスキップ w_ops0=110297 x_ops0=244493 x_KB0=23.6
2026-09-19T23:18:20.838119Z DEBUG awase_windows::runtime::key_pipeline: [shadow-toggle] no-op: vk=0x1D action=Toggle source=PhysicalImeKey effective_open は既に true → apply-ime 見送り
2026-09-19T23:18:20.838137Z DEBUG awase_windows::runtime::key_pipeline: [engine-input] vk=0x1D KeyDown ts=152342093us delay=0ms state=Idle mods(c=false s=false a=false w=false) gas_ctrl=false phys_ctrl=false extra=0x5350494B pending_drain=0 gate_active=false l_thumb=Some(152342081) r_thumb=None [dia
2026-09-19T23:18:20.838156Z DEBUG awase::engine::engine: [diag-engine-active] ime_on=true なのに非活性: reason=Inactive(NotRomajiInput) romaji_capable=false japanese=true user_enabled=true was_active=false input_mode=ObservedEisu
2026-09-19T23:18:20.838192Z DEBUG awase::journal: key input seq=467 elapsed_ms=152343 vk_code=29 is_down=true injected=false key_class="LeftThumb" state_before="Idle" state_after="Idle" decision="PassThrough" physical="Allow" repeat_count=1 last_timestamp_us=152342093 last_elapsed_ms=0
2026-09-19T23:18:20.838259Z DEBUG execute_one{generation=None}: awase_windows::runtime::executor: [reinject] vk=0x1d down (queued passthrough now firing)
2026-09-19T23:18:20.852905Z DEBUG awase_windows::tsf::gji_monitor: [gji-io] WRITE: w_ops=+2 w_KB=+0.0 (r_ops=+4 x_ops=+4 x_KB=+0.0)
2026-09-19T23:18:20.965251Z DEBUG awase_windows::runtime::key_pipeline: [engine-input] vk=0x1D KeyUp ts=152469128us delay=0ms state=Idle mods(c=false s=false a=false w=false) gas_ctrl=false phys_ctrl=false extra=0x5350494B pending_drain=0 gate_active=false l_thumb=None r_thumb=None [diag-ctx] ime_on
2026-09-19T23:18:20.965301Z DEBUG awase::engine::engine: [diag-engine-active] ime_on=true なのに非活性: reason=Inactive(NotRomajiInput) romaji_capable=false japanese=true user_enabled=true was_active=false input_mode=ObservedEisu
2026-09-19T23:18:20.965370Z DEBUG awase::journal: key input seq=468 elapsed_ms=152470 vk_code=29 is_down=false injected=false key_class="LeftThumb" state_before="Idle" state_after="Idle" decision="PassThrough" physical="Allow" repeat_count=1 last_timestamp_us=152469128 last_elapsed_ms=0
2026-09-19T23:18:20.965726Z DEBUG execute_one{generation=None}: awase_windows::runtime::executor: [reinject] vk=0x1d up (queued passthrough now firing)
2026-09-19T23:18:21.528308Z DEBUG awase_windows::runtime::key_pipeline: [engine-input] vk=0x4B KeyDown ts=153032237us delay=0ms state=Idle mods(c=false s=false a=false w=false) gas_ctrl=false phys_ctrl=false extra=0x5350494B pending_drain=0 gate_active=false l_thumb=None r_thumb=None [diag-ctx] ime_
2026-09-19T23:18:21.528349Z DEBUG awase::engine::engine: [diag-engine-active] ime_on=true なのに非活性: reason=Inactive(NotRomajiInput) romaji_capable=false japanese=true user_enabled=true was_active=false input_mode=ObservedEisu
2026-09-19T23:18:21.528398Z DEBUG awase::journal: key input seq=469 elapsed_ms=153033 vk_code=75 is_down=true injected=false key_class="Char" state_before="Idle" state_after="Idle" decision="PassThrough" physical="Allow" repeat_count=1 last_timestamp_us=153032237 last_elapsed_ms=0
2026-09-19T23:18:21.528489Z DEBUG execute_one{generation=None}: awase_windows::runtime::executor: [reinject] vk=0x4b down (queued passthrough now firing)
2026-09-19T23:18:21.542543Z DEBUG awase_windows::tsf::gji_monitor: [gji-io] WRITE: w_ops=+2 w_KB=+0.4 (r_ops=+4 x_ops=+4 x_KB=+0.0)
2026-09-19T23:18:21.551293Z  INFO awase_windows::tsf::win_event_obs: [gji-obs] candidate SHOW #20: last_gji_write=0ms ago
2026-09-19T23:18:21.717769Z DEBUG awase_windows::runtime::key_pipeline: [engine-input] vk=0x4B KeyUp ts=153221672us delay=0ms state=Idle mods(c=false s=false a=false w=false) gas_ctrl=false phys_ctrl=false extra=0x5350494B pending_drain=0 gate_active=false l_thumb=None r_thumb=None [diag-ctx] ime_on
2026-09-19T23:18:21.717934Z DEBUG awase::engine::engine: [diag-engine-active] ime_on=true なのに非活性: reason=Inactive(NotRomajiInput) romaji_capable=false japanese=true user_enabled=true was_active=false input_mode=ObservedEisu
2026-09-19T23:18:21.718001Z DEBUG awase::journal: key input seq=470 elapsed_ms=153223 vk_code=75 is_down=false injected=false key_class="Char" state_before="Idle" state_after="Idle" decision="PassThrough" physical="Allow" repeat_count=1 last_timestamp_us=153221672 last_elapsed_ms=0
2026-09-19T23:18:21.718117Z DEBUG execute_one{generation=None}: awase_windows::runtime::executor: [reinject] vk=0x4b up (queued passthrough now firing)
2026-09-19T23:18:21.721764Z DEBUG awase_windows::platform: [gji-fsm] StartComposition (candidate SHOW)
2026-09-19T23:18:21.721814Z DEBUG gji_on_event{event=StartComposition}: awase_windows::tsf::gji_fsm: [gji-fsm] StartComposition: OnWarm → OnComposing(AlreadyWarm)
2026-09-19T23:18:21.721908Z DEBUG awase::journal: gji fsm transition seq=471 elapsed_ms=153227 trigger="StartComposition(candidate SHOW)" state_before="OnWarm" state_after="OnComposing(Warm)"
2026-09-19T23:18:22.031071Z DEBUG awase_windows::runtime::key_pipeline: [engine-input] vk=0x1B KeyDown ts=153534955us delay=0ms state=Idle mods(c=false s=false a=false w=false) gas_ctrl=false phys_ctrl=false extra=0x5350494B pending_drain=0 gate_active=false l_thumb=None r_thumb=None [diag-ctx] ime_
2026-09-19T23:18:22.031135Z DEBUG awase::engine::engine: [diag-engine-active] ime_on=true なのに非活性: reason=Inactive(NotRomajiInput) romaji_capable=false japanese=true user_enabled=true was_active=false input_mode=ObservedEisu
2026-09-19T23:18:22.031219Z DEBUG awase::journal: key input seq=472 elapsed_ms=153536 vk_code=27 is_down=true injected=false key_class="Passthrough" state_before="Idle" state_after="Idle" decision="PassThrough" physical="Allow" repeat_count=1 last_timestamp_us=153534955 last_elapsed_ms=0
2026-09-19T23:18:22.031327Z DEBUG execute_from_hook: awase_windows::runtime::executor: [relay-passthrough] PassThrough idle: direct OS pass-through (vk=0x1b down)
2026-09-19T23:18:22.031417Z DEBUG execute_one{generation=None}: awase_windows::runtime::executor: [reinject] vk=0x1b down (queued passthrough now firing)
2026-09-19T23:18:22.043783Z DEBUG awase_windows::tsf::gji_monitor: [gji-io] WRITE: w_ops=+2 w_KB=+0.4 (r_ops=+4 x_ops=+4 x_KB=+0.0)
2026-09-19T23:18:22.044168Z  INFO awase_windows::tsf::win_event_obs: [gji-obs] candidate HIDE: last_gji_write=0ms ago
2026-09-19T23:18:22.219164Z DEBUG awase_windows::runtime::key_pipeline: [engine-input] vk=0x1B KeyUp ts=153723078us delay=0ms state=Idle mods(c=false s=false a=false w=false) gas_ctrl=false phys_ctrl=false extra=0x5350494B pending_drain=0 gate_active=false l_thumb=None r_thumb=None [diag-ctx] ime_on
2026-09-19T23:18:22.219213Z DEBUG awase::engine::engine: [diag-engine-active] ime_on=true なのに非活性: reason=Inactive(NotRomajiInput) romaji_capable=false japanese=true user_enabled=true was_active=false input_mode=ObservedEisu
2026-09-19T23:18:22.219285Z DEBUG awase::journal: key input seq=473 elapsed_ms=153724 vk_code=27 is_down=false injected=false key_class="Passthrough" state_before="Idle" state_after="Idle" decision="PassThrough" physical="Allow" repeat_count=1 last_timestamp_us=153723078 last_elapsed_ms=0
2026-09-19T23:18:22.219383Z DEBUG execute_from_hook: awase_windows::runtime::executor: [relay-passthrough] PassThrough idle: direct OS pass-through (vk=0x1b up)
2026-09-19T23:18:22.219461Z DEBUG execute_one{generation=None}: awase_windows::runtime::executor: [reinject] vk=0x1b up (queued passthrough now firing)
2026-09-19T23:18:22.222838Z DEBUG awase_windows::platform: [gji-fsm] EndComposition (candidate HIDE) epoch=FocusEpoch(20)
2026-09-19T23:18:22.223044Z DEBUG awase::journal: gji fsm transition seq=474 elapsed_ms=153728 trigger="EndComposition(candidate HIDE, epoch=FocusEpoch(20))" state_before="OnComposing(Warm)" state_after="OnWarm"
2026-09-19T23:18:24.038682Z DEBUG awase_windows::hook: [hook] IME-mode vk=0xF0 up self_injected=false injected=false scan=0x70 extra=0x5350494B since_actuation_us=Some(29021410)
2026-09-19T23:18:24.038841Z DEBUG awase::journal: hook ime-mode diagnostic seq=475 elapsed_ms=155544 vk_code=240 is_down=false self_injected=false injected=false scan=112
2026-09-19T23:18:24.038897Z DEBUG awase_windows::hook: [hook] IME-mode vk=0xF2 down self_injected=false injected=false scan=0x70 extra=0x5350494B since_actuation_us=Some(29021639)
2026-09-19T23:18:24.039030Z DEBUG awase_windows::runtime::key_pipeline: [engine-input] vk=0xF0 KeyUp ts=155542896us delay=0ms state=Idle mods(c=false s=false a=false w=false) gas_ctrl=false phys_ctrl=false extra=0x5350494B pending_drain=0 gate_active=false l_thumb=None r_thumb=None [diag-ctx] ime_on
2026-09-19T23:18:24.039066Z DEBUG awase::engine::engine: [diag-engine-active] ime_on=true なのに非活性: reason=Inactive(NotRomajiInput) romaji_capable=false japanese=true user_enabled=true was_active=false input_mode=ObservedEisu
2026-09-19T23:18:24.039185Z DEBUG awase::journal: key input seq=476 elapsed_ms=155544 vk_code=240 is_down=false injected=false key_class="Passthrough" state_before="Idle" state_after="Idle" decision="PassThrough" physical="Suppress" repeat_count=1 last_timestamp_us=155542896 last_elapsed_ms=0
2026-09-19T23:18:24.039236Z DEBUG awase_windows::runtime::key_pipeline: [imm-cross] key suppress vk=0xf0 KeyUp (physical disposition)
2026-09-19T23:18:24.039285Z DEBUG awase::journal: hook ime-mode diagnostic seq=477 elapsed_ms=155544 vk_code=242 is_down=true self_injected=false injected=false scan=112
2026-09-19T23:18:24.039360Z  INFO awase_windows::runtime::key_pipeline: [shadow-toggle] intent 昇格: vk=0xF2 scan=0x70 action=TurnOn kind=PhysicalImeKey injected=false true→true w_ops0=110303 x_ops0=244505 x_KB0=23.6
2026-09-19T23:18:24.039400Z DEBUG awase::journal: ime event seq=478 elapsed_ms=155544 event_kind="UserImeSetIntent"
2026-09-19T23:18:24.039423Z DEBUG awase_windows::runtime::key_pipeline: [shadow-toggle] no-op: vk=0xF2 action=TurnOn source=PhysicalImeKey effective_open は既に true → apply-ime 見送り
2026-09-19T23:18:24.039443Z DEBUG awase_windows::runtime::key_pipeline: [engine-input] vk=0xF2 KeyDown ts=155543068us delay=0ms state=Idle mods(c=false s=false a=false w=false) gas_ctrl=false phys_ctrl=false extra=0x5350494B pending_drain=0 gate_active=false l_thumb=None r_thumb=None [diag-ctx] ime_
2026-09-19T23:18:24.039473Z DEBUG awase::engine::engine: [diag-engine-active] ime_on=true なのに非活性: reason=Inactive(NotRomajiInput) romaji_capable=false japanese=true user_enabled=true was_active=false input_mode=ObservedEisu
2026-09-19T23:18:24.039521Z DEBUG awase::journal: key input seq=479 elapsed_ms=155545 vk_code=242 is_down=true injected=false key_class="Passthrough" state_before="Idle" state_after="Idle" decision="PassThrough" physical="Allow" repeat_count=1 last_timestamp_us=155543068 last_elapsed_ms=0
2026-09-19T23:18:24.039587Z DEBUG awase_windows::runtime::key_pipeline: may_change_ime key passed through → IME refresh scheduled (20ms)
2026-09-19T23:18:24.039647Z DEBUG execute_from_hook: awase_windows::runtime::executor: [relay-passthrough] PassThrough idle: direct OS pass-through (vk=0xf2 down)
2026-09-19T23:18:24.039712Z DEBUG execute_one{generation=None}: awase_windows::runtime::executor: [reinject] vk=0xf2 down (queued passthrough now firing)
2026-09-19T23:18:24.042028Z DEBUG awase_windows::hook: [hook] IME-mode vk=0xF0 up self_injected=true injected=false scan=0x0 extra=0x4B45594D since_actuation_us=Some(29024762)
2026-09-19T23:18:24.043262Z DEBUG awase_windows::hook: [hook] IME-mode vk=0xF2 down self_injected=true injected=true scan=0x0 extra=0x4B45594D since_actuation_us=Some(29026003)
2026-09-19T23:18:24.044181Z DEBUG awase::journal: hook ime-mode diagnostic seq=480 elapsed_ms=155549 vk_code=240 is_down=false self_injected=true injected=false scan=0
2026-09-19T23:18:24.044195Z DEBUG awase::journal: hook ime-mode diagnostic seq=481 elapsed_ms=155549 vk_code=242 is_down=true self_injected=true injected=true scan=0
2026-09-19T23:18:24.051181Z DEBUG awase_windows::tsf::gji_monitor: [gji-io] WRITE: w_ops=+2 w_KB=+0.0 (r_ops=+4 x_ops=+4 x_KB=+0.0)
2026-09-19T23:18:24.093097Z DEBUG awase_windows::runtime::ime_refresh: Explicit intent: bypassing typing-idle guard for IME verify (idle=47ms)
2026-09-19T23:18:24.093125Z  INFO awase_windows::observer::ime_observer: IME input method changed: kana → romaji (focused_class=Some("Edit"))
2026-09-19T23:18:24.093136Z DEBUG awase_windows::observer::ime_observer: IME snapshot: japanese=Some(true) ime_on=Some(true) romaji=Some(true) conv=Some("0x00000019") guard=false
2026-09-19T23:18:24.093186Z DEBUG awase::journal: ime event seq=482 elapsed_ms=155598 event_kind="ObserverReported"
2026-09-19T23:18:24.093203Z DEBUG awase::journal: ime event seq=483 elapsed_ms=155598 event_kind="InputModeObserved"
2026-09-19T23:18:24.093270Z  INFO awase::engine::engine: Engine activated (ime=true, romaji=true, japanese=true, user=true, reason=Active)
2026-09-19T23:18:24.093337Z DEBUG execute_from_loop:execute_one{generation=None}:dispatch_ime_set_open{open=true generation=None}: awase_windows::runtime::executor: [dispatch-ime] ImmCross async: optimistic applied_snapshot=true (suppress send_engine_state_ime_key)
2026-09-19T23:18:24.094455Z DEBUG execute_from_loop:execute_one{generation=None}: awase_windows::platform: [engine-state-key] suppressed (polling/focus-triggered, enabled=true)
2026-09-19T23:18:24.096516Z DEBUG run_open_chain_async: awase_windows::ime_controller: [warrant-shadow] chain=async open=true origin=EventOrigin { source: SelfActuated { strategy: "engine_decision_async" }, epoch: Generation(0) } warranted
2026-09-19T23:18:24.096556Z  INFO run_open_chain_async:imm_cross_write{open=true}: awase_windows::runtime::open_chain: [apply-ime] ImmCross async: open=true composition_active=false show_seq=0 change_seq=0 (issue #138診断)
2026-09-19T23:18:24.099973Z DEBUG awase_windows::shadow_send_trace: [shadow-send] channel=ImeControl cmd=0x0006 lparam=1 issue_us=155603693
2026-09-19T23:18:24.099996Z DEBUG awase_windows::ime: set_ime_open_for_target: hwnd=HWND(0xbc1c7a) ime_wnd=HWND(0xbb10f0) open=true success=true send_elapsed=0ms candidate_visible=false
2026-09-19T23:18:24.100339Z DEBUG run_open_chain_async:imm_cross_write{open=true}: awase_windows::ime: [imm-cross-actuate] hwnd=HWND(0xbc1c7a) open=Written conv=Some(Written)
2026-09-19T23:18:24.100409Z DEBUG run_open_chain_async:imm_cross_write{open=true}: awase_windows::runtime::open_chain: [apply-ime] ROMAN 補完結果: Written
2026-09-19T23:18:24.100493Z DEBUG run_open_chain_async: awase::journal: actuation decision seq=484 elapsed_ms=155605 site="DispatchImeSetOpen" caller="None" open=true chain_len=4 attempts_len=1 gate_profile="Standard" gate_kind="Gji" gate_shadow_known=true gate_shadow_on=true gate_input_mode="Observ
2026-09-19T23:18:24.101058Z DEBUG on_ime_apply_complete{open=true outcome=AppliedWithoutSendInput generation=None reason=EngineDecision}: awase::journal: ime open applied seq=485 elapsed_ms=155606 open=true outcome="AppliedWithoutSendInput" reason="EngineDecision"
2026-09-19T23:18:24.101184Z DEBUG on_ime_apply_complete{open=true outcome=AppliedWithoutSendInput generation=None reason=EngineDecision}: awase_windows::tsf::ime_mode_fsm: [ime-mode] SetOpen(true) applied → Hiragana (belief, unconfirmed)
2026-09-19T23:18:24.101199Z DEBUG on_ime_apply_complete{open=true outcome=AppliedWithoutSendInput generation=None reason=EngineDecision}: awase_windows::platform: [composition] ImeEffect::SetOpen(true) → marking cold
2026-09-19T23:18:24.101209Z DEBUG on_ime_apply_complete{open=true outcome=AppliedWithoutSendInput generation=None reason=EngineDecision}: awase_windows::tsf::probe: [composition] marked cold reason=SetOpenTrue idle=11938ms → next VK/TSF output will send VK_DBE_HIRAGANA warmup
2026-09-19T23:18:24.101246Z DEBUG on_ime_apply_complete{open=true outcome=AppliedWithoutSendInput generation=None reason=EngineDecision}:gji_on_event{event=ImeOn { injection_mode: Unicode, gji_idle_ms: 63 }}: awase_windows::tsf::gji_fsm: [gji-fsm] ImeOn: already on (OnWarm), ignored
2026-09-19T23:18:24.101502Z DEBUG awase::journal: gji fsm transition seq=486 elapsed_ms=155606 trigger="ImeOn(gji_idle_ms=63)" state_before="OnWarm" state_after="OnWarm"
2026-09-19T23:18:24.137067Z DEBUG awase_windows::runtime::ime_refresh: Explicit intent: bypassing typing-idle guard for IME verify (idle=94ms)
2026-09-19T23:18:24.137096Z DEBUG awase_windows::observer::ime_observer: IME snapshot: japanese=Some(true) ime_on=Some(true) romaji=Some(true) conv=Some("0x00000019") guard=false
2026-09-19T23:18:24.137141Z DEBUG awase::journal: ime event seq=487 elapsed_ms=155642 event_kind="ObserverReported"
2026-09-19T23:18:24.137156Z DEBUG awase::journal: ime event seq=488 elapsed_ms=155642 event_kind="InputModeObserved"
2026-09-19T23:18:24.721725Z DEBUG awase_windows::runtime::key_pipeline: [engine-input] vk=0x4B KeyDown ts=156225518us delay=0ms state=Idle mods(c=false s=false a=false w=false) gas_ctrl=false phys_ctrl=false extra=0x5350494B pending_drain=0 gate_active=false l_thumb=None r_thumb=None [diag-ctx] ime_
2026-09-19T23:18:24.721873Z DEBUG awase::journal: key input seq=489 elapsed_ms=156227 vk_code=75 is_down=true injected=false key_class="Char" state_before="Idle" state_after="PendingChar(vk=0x4B)" decision="Consume" physical="Allow" repeat_count=1 last_timestamp_us=156225518 last_elapsed_ms=0
2026-09-19T23:18:24.827489Z DEBUG execute_from_loop:execute_one{generation=None}: awase_windows::output: send_keys: mode=Unicode actions=[Char('き')] prev_elapsed=12657ms
2026-09-19T23:18:24.827541Z DEBUG execute_from_loop:execute_one{generation=None}: awase_windows::tsf::probe: [mark-send] last_send_ms=335938875
2026-09-19T23:18:24.827566Z DEBUG execute_from_loop:execute_one{generation=None}: awase_windows::output:   → Char('き') via Unicode
2026-09-19T23:18:24.830564Z DEBUG execute_from_loop:execute_one{generation=None}: awase_windows::tsf::probe: [mark-send] last_send_ms=335938875
2026-09-19T23:18:24.842170Z DEBUG awase_windows::tsf::gji_monitor: [gji-io] WRITE: w_ops=+2 w_KB=+0.3 (r_ops=+4 x_ops=+4 x_KB=+0.0)
2026-09-19T23:18:24.842462Z  INFO awase_windows::tsf::win_event_obs: [gji-obs] candidate SHOW #21: last_gji_write=0ms ago
2026-09-19T23:18:24.907340Z DEBUG awase_windows::runtime::key_pipeline: [engine-input] vk=0x4B KeyUp ts=156411262us delay=0ms state=Idle mods(c=false s=false a=false w=false) gas_ctrl=false phys_ctrl=false extra=0x5350494B pending_drain=0 gate_active=false l_thumb=None r_thumb=None [diag-ctx] ime_on
2026-09-19T23:18:24.907493Z DEBUG awase::journal: key input seq=491 elapsed_ms=156412 vk_code=75 is_down=false injected=false key_class="Char" state_before="Idle" state_after="Idle" decision="Consume" physical="Allow" repeat_count=1 last_timestamp_us=156411262 last_elapsed_ms=0
2026-09-19T23:18:24.907682Z DEBUG execute_one{generation=None}: awase_windows::output: send_keys: mode=Unicode actions=[Suppress] prev_elapsed=78ms
2026-09-19T23:18:24.907729Z DEBUG execute_one{generation=None}: awase_windows::tsf::probe: [mark-send] last_send_ms=335938953
2026-09-19T23:18:24.907791Z DEBUG execute_one{generation=None}: awase_windows::output:   → Suppress
2026-09-19T23:18:24.907825Z DEBUG execute_one{generation=None}: awase_windows::tsf::probe: [mark-send] last_send_ms=335938953
2026-09-19T23:18:24.907909Z DEBUG execute_one{generation=None}: awase_windows::platform: [gji-fsm] StartComposition (candidate SHOW)
2026-09-19T23:18:24.907945Z DEBUG execute_one{generation=None}:gji_on_event{event=StartComposition}: awase_windows::tsf::gji_fsm: [gji-fsm] StartComposition: OnWarm → OnComposing(AlreadyWarm)
2026-09-19T23:18:24.908094Z DEBUG awase::journal: gji fsm transition seq=492 elapsed_ms=156413 trigger="StartComposition(candidate SHOW)" state_before="OnWarm" state_after="OnComposing(Warm)"
2026-09-19T23:18:25.221472Z DEBUG awase_windows::runtime::key_pipeline: [engine-input] vk=0x1B KeyDown ts=156725256us delay=0ms state=Idle mods(c=false s=false a=false w=false) gas_ctrl=false phys_ctrl=false extra=0x5350494B pending_drain=0 gate_active=false l_thumb=None r_thumb=None [diag-ctx] ime_
2026-09-19T23:18:25.221598Z DEBUG awase::journal: key input seq=493 elapsed_ms=156727 vk_code=27 is_down=true injected=false key_class="Passthrough" state_before="Idle" state_after="Idle" decision="PassThrough" physical="Allow" repeat_count=1 last_timestamp_us=156725256 last_elapsed_ms=0
2026-09-19T23:18:25.221693Z DEBUG execute_from_hook: awase_windows::runtime::executor: [relay-passthrough] PassThrough idle: direct OS pass-through (vk=0x1b down)
2026-09-19T23:18:25.221771Z DEBUG execute_one{generation=None}: awase_windows::runtime::executor: [reinject] vk=0x1b down (queued passthrough now firing)
2026-09-19T23:18:25.233158Z  INFO awase_windows::tsf::win_event_obs: [gji-obs] candidate HIDE: last_gji_write=391ms ago
2026-09-19T23:18:25.233470Z DEBUG awase_windows::tsf::gji_monitor: [gji-io] WRITE: w_ops=+2 w_KB=+0.3 (r_ops=+4 x_ops=+4 x_KB=+0.0)
2026-09-19T23:18:25.347732Z DEBUG awase_windows::runtime::key_pipeline: [engine-input] vk=0x1B KeyUp ts=156851445us delay=0ms state=Idle mods(c=false s=false a=false w=false) gas_ctrl=false phys_ctrl=false extra=0x5350494B pending_drain=0 gate_active=false l_thumb=None r_thumb=None [diag-ctx] ime_on
2026-09-19T23:18:25.347925Z DEBUG awase::journal: key input seq=494 elapsed_ms=156853 vk_code=27 is_down=false injected=false key_class="Passthrough" state_before="Idle" state_after="Idle" decision="PassThrough" physical="Allow" repeat_count=1 last_timestamp_us=156851445 last_elapsed_ms=0
2026-09-19T23:18:25.348106Z DEBUG execute_from_hook: awase_windows::runtime::executor: [relay-passthrough] PassThrough idle: direct OS pass-through (vk=0x1b up)
2026-09-19T23:18:25.348262Z DEBUG execute_one{generation=None}: awase_windows::runtime::executor: [reinject] vk=0x1b up (queued passthrough now firing)
2026-09-19T23:18:25.352898Z DEBUG awase_windows::platform: [gji-fsm] EndComposition (candidate HIDE) epoch=FocusEpoch(21)
2026-09-19T23:18:25.353150Z DEBUG awase::journal: gji fsm transition seq=495 elapsed_ms=156858 trigger="EndComposition(candidate HIDE, epoch=FocusEpoch(21))" state_before="OnComposing(Warm)" state_after="OnWarm"
2026-09-19T23:18:28.660507Z DEBUG awase_windows::tsf::gji_monitor: [gji-io] WRITE: w_ops=+1 w_KB=+0.0 (r_ops=+2 x_ops=+2 x_KB=+0.0)
2026-09-19T23:18:28.690269Z DEBUG awase_windows::runtime: [focus-sync] hwnd=0x3042C class="CASCADIA_HOSTING_WINDOW_CLASS" app_kind=Win32 hint=ForceTsf → mode=Tsf
2026-09-19T23:18:28.690323Z DEBUG awase_windows::runtime: [focus-sync] belief=ON かつ実状態を問い合わせられないプロファイル (profile=Imm32Unavailable) → 次の入力で再プライムするため cold mark
2026-09-19T23:18:28.690345Z DEBUG awase_windows::tsf::probe: [composition] marked cold reason=FocusChange idle=3781ms → next VK/TSF output will send VK_DBE_HIRAGANA warmup
2026-09-19T23:18:28.690373Z DEBUG awase_windows::tsf::tsf_gate: [tsf-gate] focus change → PendingWarmup (held cleared)
2026-09-19T23:18:28.693902Z DEBUG awase_windows::runtime: [focus-sync] hwnd=0x30580 class="Windows.UI.Composition.DesktopWindowContentBridge" app_kind=Win32 hint=Default → mode=Unicode
2026-09-19T23:18:28.694012Z DEBUG awase_windows::output: [tsf-gate] focus change while PendingWarmup — held バッファを保持して再初期化スキップ (Chrome等の連続フォーカスイベント対策)
2026-09-19T23:18:28.696212Z DEBUG awase_windows::runtime: [focus-sync] hwnd=0x5058A class="Windows.UI.Input.InputSite.WindowClass" app_kind=Uwp hint=ForceTsf → mode=Tsf
2026-09-19T23:18:28.696231Z DEBUG awase_windows::runtime: [focus-sync] belief=ON かつ実状態を問い合わせられないプロファイル (profile=TsfNative) → 次の入力で再プライムするため cold mark
2026-09-19T23:18:28.696242Z DEBUG awase_windows::tsf::probe: [composition] marked cold reason=FocusChange idle=3797ms → next VK/TSF output will send VK_DBE_HIRAGANA warmup
2026-09-19T23:18:28.696251Z DEBUG awase_windows::output: [tsf-gate] focus change while PendingWarmup — held バッファを保持して再初期化スキップ (Chrome等の連続フォーカスイベント対策)
2026-09-19T23:18:28.776161Z  INFO apply_focus_probe_result: awase_windows::runtime::focus_tracking: AppKind changed: Win32 → Uwp (class=Windows.UI.Input.InputSite.WindowClass)
2026-09-19T23:18:28.781916Z DEBUG apply_focus_probe_result: awase_windows::runtime::focus_tracking: Focus kind changed: TextInput → Undetermined (reason=Undetermined)
2026-09-19T23:18:28.782322Z DEBUG apply_focus_probe_result: awase::journal: focus transition seq=496 elapsed_ms=160287 changed_process=true changed_window=true changed_app_kind=true changed_focus_kind=true dwell_ms=33688 profile="TsfNative"
2026-09-19T23:18:28.782651Z  INFO apply_focus_probe_result: awase_windows::runtime::focus_tracking: FocusChange [27940→19612] Windows.UI.Input.InputSite.WindowClass: stale ime_on=true intent=Some(true) mode=ObservedRomaji japanese=true
2026-09-19T23:18:28.782686Z DEBUG apply_focus_probe_result: awase_windows::tsf::probe: [composition] focus changed → marked cold
2026-09-19T23:18:28.782714Z DEBUG apply_focus_probe_result: awase_windows::runtime: [keymap] active rules recomputed: 0 rule(s) for process="windowsterminal.exe"
2026-09-19T23:18:28.782737Z DEBUG apply_focus_probe_result: awase_windows::runtime::focus_tracking: [keymap] active rules updated on focus change: 0 rule(s) (hwnd=HWND(0x5058a) kind=Undetermined focus_epoch=7)
2026-09-19T23:18:28.782779Z DEBUG apply_focus_probe_result:reduce: awase_windows::state::ime_model: [explicit-intent] cleared (focus change)
2026-09-19T23:18:28.782817Z DEBUG apply_focus_probe_result: awase::journal: ime event seq=497 elapsed_ms=160288 event_kind="FocusChanged"
2026-09-19T23:18:28.782877Z DEBUG apply_focus_probe_result: awase_windows::runtime::focus_tracking: [focus] TsfNative/SSOT: cache restore スキップ (desired_open=true cache_hwnd=Some(329098) new_hwnd=329098) — 最初のキー入力で dispatch_ime が apply
2026-09-19T23:18:28.783170Z DEBUG awase_windows::runtime::ime_refresh: Skipping IMM query for known-broken class (shadow state SSOT)
2026-09-19T23:18:28.783184Z DEBUG awase_windows::observer::gji_observer: [gji-poll] GJI I/O 125ms ago predates focus change (125ms before focus) → skipped
2026-09-19T23:18:28.783210Z DEBUG awase_windows::runtime::ime_refresh: [composition] focus change → marking cold
2026-09-19T23:18:28.783223Z DEBUG awase_windows::tsf::probe: [composition] marked cold reason=FocusChange idle=3875ms → next VK/TSF output will send VK_DBE_HIRAGANA warmup
2026-09-19T23:18:28.783269Z DEBUG gji_on_event{event=FocusChange { injection_mode: Tsf, gji_idle_ms: 125 }}: awase_windows::tsf::gji_fsm: [gji-fsm] FocusChange gji_idle=125ms → Short
2026-09-19T23:18:28.783346Z DEBUG awase_windows::platform: [gji-fsm] StartProbe probe_id=ProbeId(10) forces_f2=false long=false
2026-09-19T23:18:28.783366Z DEBUG awase_windows::tsf::ime_mode_fsm: [ime-mode] FocusChange → Unknown
2026-09-19T23:18:28.783416Z DEBUG awase::journal: gji fsm transition seq=498 elapsed_ms=160288 trigger="FocusChange(gji_idle_ms=125)" state_before="OnWarm" state_after="OnCold(Short)"
2026-09-19T23:18:28.783440Z DEBUG awase::journal: tsf probe started seq=499 elapsed_ms=160288 source="GjiAction::StartProbe" cold_seq=0 probe_id=10 probe_id_present=true gji_state="OnCold(Short)" consecutive_at_start=0 pending_deferred_len=0
2026-09-19T23:18:28.783694Z DEBUG awase_windows::shadow_send_trace: [shadow-send] channel=SendInput kind=tsf_marker_warmup vk=[16] issue_us=160287760
2026-09-19T23:18:28.783898Z DEBUG awase_windows::hook: [hook] IME-mode vk=0x16 down self_injected=true injected=true scan=0xF2 extra=0x4B455946 since_actuation_us=Some(280)
2026-09-19T23:18:28.785550Z DEBUG awase_windows::hook: [hook] IME-mode vk=0x16 up self_injected=true injected=true scan=0xF2 extra=0x4B455946 since_actuation_us=Some(1932)
2026-09-19T23:18:28.792110Z  INFO awase_windows::output: [tsf-eager-warmup] VK_IME_ON 送信 (origin=gated), eager_warmup_sent_ms=335942843ms
2026-09-19T23:18:28.792182Z DEBUG awase_windows::runtime::ime_refresh: [composition] FocusChange: send_eager_tsf_warmup called (ime_on via warmup_ime_on())
2026-09-19T23:18:28.793369Z DEBUG awase_windows::platform: [ime-mode] FocusProbe: GJI actuation との交錯を検知 → hint更新をabandon
2026-09-19T23:18:28.793423Z DEBUG awase::journal: hook ime-mode diagnostic seq=500 elapsed_ms=160298 vk_code=22 is_down=true self_injected=true injected=true scan=242
2026-09-19T23:18:28.793460Z DEBUG awase::journal: hook ime-mode diagnostic seq=501 elapsed_ms=160298 vk_code=22 is_down=false self_injected=true injected=true scan=242
2026-09-19T23:18:28.802745Z DEBUG awase_windows::tsf::gji_monitor: [gji-io] WRITE: w_ops=+1 w_KB=+0.0 (r_ops=+2 x_ops=+2 x_KB=+0.0)
2026-09-19T23:18:36.554851Z  WARN awase_windows::runtime::message_handlers: Hook watchdog: no activity for 7781ms (OS全体の最終入力は7781ms前、OSも無操作のため単なるアイドルの可能性が高い)
2026-09-19T23:18:39.563986Z  WARN awase_windows::runtime::message_handlers: Hook watchdog: no activity for 10781ms (OS全体の最終入力は10781ms前、OSも無操作のため単なるアイドルの可能性が高い)
2026-09-19T23:18:42.565958Z  WARN awase_windows::runtime::message_handlers: Hook watchdog: no activity for 13781ms (OS全体の最終入力は13781ms前、OSも無操作のため単なるアイドルの可能性が高い)
2026-09-19T23:18:45.561405Z  WARN awase_windows::runtime::message_handlers: Hook watchdog: no activity for 16781ms (OS全体の最終入力は16781ms前、OSも無操作のため単なるアイドルの可能性が高い)
2026-09-19T23:18:48.565711Z  WARN awase_windows::runtime::message_handlers: Hook watchdog: no activity for 19781ms (OS全体の最終入力は19781ms前、OSも無操作のため単なるアイドルの可能性が高い)
script error: Output type incorrect: bool (expecting ())
