2026-09-19T23:31:53.958894Z DEBUG awase_windows::runtime: [focus-sync] hwnd=0xF72A74 class="ImeKeyMatrixSpikeWindowClass" app_kind=Win32 hint=Default → mode=Unicode
2026-09-19T23:31:53.958964Z DEBUG awase_windows::tsf::tsf_gate: [tsf-gate] focus change → PendingWarmup (held cleared)
2026-09-19T23:31:54.064579Z DEBUG awase_windows::runtime: [focus-sync] hwnd=0x9E03F2 class="Edit" app_kind=Win32 hint=Default → mode=Unicode
2026-09-19T23:31:54.064624Z DEBUG awase_windows::output: [tsf-gate] focus change while PendingWarmup — held バッファを保持して再初期化スキップ (Chrome等の連続フォーカスイベント対策)
2026-09-19T23:31:54.115208Z  INFO apply_focus_probe_result: awase_windows::runtime::focus_tracking: AppKind changed: Uwp → Win32 (class=ImeKeyMatrixSpikeWindowClass)
2026-09-19T23:31:54.119934Z DEBUG apply_focus_probe_result: awase::journal: focus transition seq=15 elapsed_ms=19856 changed_process=true changed_window=true changed_app_kind=true changed_focus_kind=false dwell_ms=19781 profile="ImmCross"
2026-09-19T23:31:54.120127Z  INFO apply_focus_probe_result: awase_windows::runtime::focus_tracking: FocusChange [19612→29728] ImeKeyMatrixSpikeWindowClass: stale ime_on=true intent=None mode=ObservedRomaji japanese=true
2026-09-19T23:31:54.120144Z DEBUG apply_focus_probe_result: awase_windows::tsf::probe: [composition] focus changed → marked cold
2026-09-19T23:31:54.120156Z DEBUG apply_focus_probe_result: awase_windows::runtime: [keymap] active rules recomputed: 0 rule(s) for process="ime_key_matrix_spike.exe"
2026-09-19T23:31:54.120164Z DEBUG apply_focus_probe_result: awase_windows::runtime::focus_tracking: [keymap] active rules updated on focus change: 0 rule(s) (hwnd=HWND(0xf72a74) kind=Undetermined focus_epoch=2)
2026-09-19T23:31:54.120182Z DEBUG apply_focus_probe_result:reduce: awase_windows::state::ime_model: [explicit-intent] cleared (focus change)
2026-09-19T23:31:54.120194Z DEBUG apply_focus_probe_result: awase::journal: ime event seq=16 elapsed_ms=19856 event_kind="FocusChanged"
2026-09-19T23:31:54.120221Z DEBUG apply_focus_probe_result: awase_windows::runtime::focus_tracking: [focus] Imm32Unavailable hard pre-sync applied=true (prevent spurious VK_KANJI on first character key)
2026-09-19T23:31:54.120240Z DEBUG apply_focus_probe_result:gji_on_event{event=ImeOn { injection_mode: Unicode, gji_idle_ms: 19750 }}: awase_windows::tsf::gji_fsm: [gji-fsm] ImeOn: already on (OnCold(Long)), ignored
2026-09-19T23:31:54.120256Z DEBUG apply_focus_probe_result: awase::journal: gji fsm transition seq=17 elapsed_ms=19856 trigger="ImeOn(gji_idle_ms=19750)" state_before="OnCold(Long)" state_after="OnCold(Long)"
2026-09-19T23:31:54.120835Z DEBUG awase_windows::observer::ime_observer: IME snapshot: japanese=Some(true) ime_on=None romaji=None conv=Some("0x00000009") guard=false
2026-09-19T23:31:54.120880Z DEBUG awase_windows::runtime::ime_refresh: ObserverPoll +0ms since focus: detection failed (miss=1), stale ime_on=true mode=ObservedRomaji
2026-09-19T23:31:54.123387Z DEBUG awase_windows::ime_diagnostic: [ime-diag] label=focus_changed t=336748171 hwnd=0x0 pid=0 tid=28812 class="" hkl=04110411 lang=0411 imm_bridge=true imc_open=- imc_conv=- shadow_on=false shadow_romaji=false shadow_jp=false inject=Unknown dt_focus_ms=- dt_activity_ms=-
2026-09-19T23:31:54.123435Z DEBUG awase_windows::runtime::ime_refresh: [composition] focus change → marking cold
2026-09-19T23:31:54.123465Z DEBUG awase_windows::tsf::probe: [composition] marked cold reason=FocusChange idle=18446744073709551615ms → next VK/TSF output will send VK_DBE_HIRAGANA warmup
2026-09-19T23:31:54.123548Z DEBUG gji_on_event{event=FocusChange { injection_mode: Unicode, gji_idle_ms: 19750 }}: awase_windows::tsf::gji_fsm: [gji-fsm] FocusChange gji_idle=19750ms → Long
2026-09-19T23:31:54.123616Z DEBUG awase_windows::platform: [gji-fsm] CancelProbe probe_id=ProbeId(0)
2026-09-19T23:31:54.123653Z DEBUG awase_windows::platform: [gji-fsm] StartProbe probe_id=ProbeId(1) forces_f2=true long=true
2026-09-19T23:31:54.123684Z DEBUG awase_windows::platform: [gji-fsm] Unicode long-cold StartProbe: VK_IME_OFF→VK_IME_ON reinit (chars なし)
2026-09-19T23:31:54.123711Z DEBUG awase_windows::output::probe_io: [chrome-reinit] cold=0 VK_IME_OFF→VK_IME_ON 強制リセット送信 + IMC ポーリング開始 (write_bytes_baseline=185820818)
2026-09-19T23:31:54.123752Z DEBUG awase_windows::shadow_send_trace: [shadow-send] channel=SendInput kind=kanji_marker vk=[1A, 16] issue_us=19859914
2026-09-19T23:31:54.124877Z DEBUG awase_windows::hook: [hook] IME-mode vk=0x1A down self_injected=true injected=true scan=0x0 extra=0x4B45594A since_actuation_us=Some(1138)
2026-09-19T23:31:54.130491Z DEBUG awase_windows::hook: [hook] IME-mode vk=0x1A up self_injected=true injected=true scan=0x0 extra=0x4B45594A since_actuation_us=Some(6740)
2026-09-19T23:31:54.135383Z DEBUG awase_windows::hook: [hook] IME-mode vk=0x16 down self_injected=true injected=true scan=0x0 extra=0x4B45594A since_actuation_us=Some(11634)
2026-09-19T23:31:54.137688Z DEBUG awase_windows::hook: [hook] IME-mode vk=0x16 up self_injected=true injected=true scan=0x0 extra=0x4B45594A since_actuation_us=Some(13948)
2026-09-19T23:31:54.138183Z DEBUG awase_windows::tsf::ime_mode_fsm: [ime-mode] VK_IME_OFF 送信 → Off (belief, unconfirmed)
2026-09-19T23:31:54.138209Z DEBUG awase_windows::tsf::ime_mode_fsm: [ime-mode] VK_IME_ON 送信 → Hiragana (belief, unconfirmed)
2026-09-19T23:31:54.138527Z DEBUG awase_windows::tsf::ime_mode_fsm: [ime-mode] FocusChange (0ms after VK send) → confirmed=false のみ（state=Hiragana 維持）
2026-09-19T23:31:54.138589Z DEBUG awase::journal: gji fsm transition seq=18 elapsed_ms=19859 trigger="FocusChange(gji_idle_ms=19750)" state_before="OnCold(Long)" state_after="OnCold(Long)"
2026-09-19T23:31:54.138604Z DEBUG awase::journal: tsf probe completed seq=19 elapsed_ms=19860 outcome="Canceled" cold_seq=18446744073709551615 cold_seq_present=false probe_id=0 probe_id_present=true duration_ms=19750 tick_count=0 gji_state="OnCold(Long)"
2026-09-19T23:31:54.138614Z DEBUG awase::journal: tsf probe started seq=20 elapsed_ms=19860 source="GjiAction::StartProbe" cold_seq=0 probe_id=1 probe_id_present=true gji_state="OnCold(Long)" consecutive_at_start=0 pending_deferred_len=0
2026-09-19T23:31:54.138623Z DEBUG awase::journal: gji fsm transition seq=21 elapsed_ms=19874 trigger="WarmupComplete(unicode)" state_before="OnCold(Long)" state_after="OnWarm"
2026-09-19T23:31:54.138629Z DEBUG awase::journal: tsf probe completed seq=22 elapsed_ms=19874 outcome="UnicodeImmediate" cold_seq=18446744073709551615 cold_seq_present=false probe_id=1 probe_id_present=true duration_ms=16 tick_count=0 gji_state="OnWarm"
2026-09-19T23:31:54.138658Z DEBUG awase_windows::runtime::ime_refresh: [composition] FocusChange: send_eager_tsf_warmup called (ime_on via warmup_ime_on())
2026-09-19T23:31:54.139188Z DEBUG awase::journal: hook ime-mode diagnostic seq=23 elapsed_ms=19875 vk_code=26 is_down=true self_injected=true injected=true scan=0
2026-09-19T23:31:54.139199Z DEBUG awase::journal: hook ime-mode diagnostic seq=24 elapsed_ms=19875 vk_code=26 is_down=false self_injected=true injected=true scan=0
2026-09-19T23:31:54.139207Z DEBUG awase::journal: hook ime-mode diagnostic seq=25 elapsed_ms=19875 vk_code=22 is_down=true self_injected=true injected=true scan=0
2026-09-19T23:31:54.139215Z DEBUG awase::journal: hook ime-mode diagnostic seq=26 elapsed_ms=19875 vk_code=22 is_down=false self_injected=true injected=true scan=0
2026-09-19T23:31:54.141394Z DEBUG awase_windows::ime: [idle-conv-check-diag] focused_hwnd=HWND(0x9e03f2) ime_wnd=Some(HWND(0xb403f8))
2026-09-19T23:31:54.144963Z DEBUG awase::journal: ime event seq=27 elapsed_ms=19881 event_kind="ObserverReported"
2026-09-19T23:31:54.144989Z DEBUG awase_windows::runtime::focus_tracking: [ImmCrossProbe/focus] child-hwnd IME=true → High confidence 観測記録
2026-09-19T23:31:54.146599Z DEBUG awase_windows::tsf::gji_monitor: [gji-io] WRITE: w_ops=+5 w_KB=+0.1 (r_ops=+10 x_ops=+10 x_KB=+0.0)
2026-09-19T23:31:54.149181Z  INFO awase_windows::output::probe_io: [chrome-reinit] cold=0 GJI write_bytes 上昇検出: tick=#0 delta=+56B (+0.1KB)
2026-09-19T23:31:54.153743Z DEBUG awase_windows::ime: [idle-conv-check-diag] focused_hwnd=HWND(0x9e03f2) ime_wnd=Some(HWND(0xb403f8))
2026-09-19T23:31:54.159478Z DEBUG awase_windows::output::probe_io: [chrome-reinit] cold=0 IMC poll #0: conv=0x00000009 NATIVE=true write_delta=+56B
2026-09-19T23:31:54.159505Z DEBUG awase_windows::output::probe_io: [chrome-reinit] cold=0 stale focus_gen=0 → ポーリング終了
2026-09-19T23:31:54.159519Z  INFO awase_windows::output::probe_io: [chrome-reinit] cold=0 ポーリング完了: total_write_delta=+56B first_write_tick=Some(1)
2026-09-19T23:31:54.168911Z DEBUG awase_windows::runtime: [focus-sync] hwnd=0xE83B90 class="RICHEDIT50W" app_kind=Win32 hint=Default → mode=Unicode
2026-09-19T23:31:54.169129Z DEBUG awase_windows::tsf::tsf_gate: [tsf-gate] focus change → PendingWarmup (held cleared)
2026-09-19T23:31:54.185639Z DEBUG awase_windows::runtime: [focus-sync] hwnd=0x9E03F2 class="Edit" app_kind=Win32 hint=Default → mode=Unicode
2026-09-19T23:31:54.185692Z DEBUG awase_windows::output: [tsf-gate] focus change while PendingWarmup — held バッファを保持して再初期化スキップ (Chrome等の連続フォーカスイベント対策)
2026-09-19T23:31:54.250982Z DEBUG apply_focus_probe_result: awase_windows::runtime::focus_tracking: Focus kind changed: Undetermined → TextInput (reason=KnownTextClass(Edit))
2026-09-19T23:31:54.251108Z DEBUG apply_focus_probe_result:reduce: awase_windows::state::observation_store: [focus-hwnd-track] update_focus_window: current_fence.hwnd HwndId(16198260) -> HwndId(10355698)
2026-09-19T23:31:54.251155Z DEBUG apply_focus_probe_result: awase::journal: ime event seq=28 elapsed_ms=19987 event_kind="FocusHwndUpdated"
2026-09-19T23:31:54.251196Z DEBUG apply_focus_probe_result: awase::journal: focus transition seq=29 elapsed_ms=19987 changed_process=false changed_window=true changed_app_kind=false changed_focus_kind=true dwell_ms=125 profile="ImmCross"
2026-09-19T23:31:54.251478Z DEBUG awase_windows::state::observation_store: [identity-gate] hwnd不一致で除外: source=ImmCrossProbe obs_hwnd=HwndId(16198260) current_hwnd=HwndId(10355698) confidence=High
2026-09-19T23:31:54.251498Z DEBUG awase_windows::state::observation_store: [identity-gate] hwnd不一致で除外: source=ImmCrossProbe obs_hwnd=HwndId(16198260) current_hwnd=HwndId(10355698) confidence=High
2026-09-19T23:31:54.251727Z DEBUG awase_windows::state::observation_store: [identity-gate] hwnd不一致で除外: source=ImmCrossProbe obs_hwnd=HwndId(16198260) current_hwnd=HwndId(10355698) confidence=High
2026-09-19T23:31:54.251742Z DEBUG awase_windows::state::observation_store: [identity-gate] hwnd不一致で除外: source=ImmCrossProbe obs_hwnd=HwndId(16198260) current_hwnd=HwndId(10355698) confidence=High
2026-09-19T23:31:54.251769Z DEBUG awase_windows::observer::ime_observer: IME snapshot: japanese=Some(true) ime_on=Some(true) romaji=None conv=Some("0x00000009") guard=false
2026-09-19T23:31:54.251852Z DEBUG awase::journal: ime event seq=30 elapsed_ms=19988 event_kind="ObserverReported"
2026-09-19T23:31:54.251872Z DEBUG awase_windows::state::observation_store: [identity-gate] hwnd不一致で除外: source=ImmCrossProbe obs_hwnd=HwndId(16198260) current_hwnd=HwndId(10355698) confidence=High
2026-09-19T23:31:54.251889Z DEBUG awase_windows::state::observation_store: [identity-gate] hwnd不一致で除外: source=ImmCrossProbe obs_hwnd=HwndId(16198260) current_hwnd=HwndId(10355698) confidence=High
2026-09-19T23:31:54.251925Z DEBUG awase_windows::state::observation_store: [identity-gate] hwnd不一致で除外: source=ImmCrossProbe obs_hwnd=HwndId(16198260) current_hwnd=HwndId(10355698) confidence=High
2026-09-19T23:31:54.251942Z DEBUG awase_windows::state::observation_store: [identity-gate] hwnd不一致で除外: source=ImmCrossProbe obs_hwnd=HwndId(16198260) current_hwnd=HwndId(10355698) confidence=High
2026-09-19T23:31:54.540980Z DEBUG awase_windows::hook: [hook] IME-mode vk=0xF2 down self_injected=false injected=false scan=0x70 extra=0x5350494B since_actuation_us=Some(417233)
2026-09-19T23:31:54.541105Z DEBUG awase::journal: hook ime-mode diagnostic seq=31 elapsed_ms=20277 vk_code=242 is_down=true self_injected=false injected=false scan=112
2026-09-19T23:31:54.541326Z DEBUG awase_windows::state::observation_store: [identity-gate] hwnd不一致で除外: source=ImmCrossProbe obs_hwnd=HwndId(16198260) current_hwnd=HwndId(10355698) confidence=High
2026-09-19T23:31:54.541380Z DEBUG awase_windows::state::observation_store: [identity-gate] hwnd不一致で除外: source=ImmCrossProbe obs_hwnd=HwndId(16198260) current_hwnd=HwndId(10355698) confidence=High
2026-09-19T23:31:54.541619Z DEBUG awase_windows::state::observation_store: [identity-gate] hwnd不一致で除外: source=ImmCrossProbe obs_hwnd=HwndId(16198260) current_hwnd=HwndId(10355698) confidence=High
2026-09-19T23:31:54.541646Z DEBUG awase_windows::state::observation_store: [identity-gate] hwnd不一致で除外: source=ImmCrossProbe obs_hwnd=HwndId(16198260) current_hwnd=HwndId(10355698) confidence=High
2026-09-19T23:31:54.541692Z  INFO awase_windows::runtime::key_pipeline: [shadow-toggle] intent 昇格: vk=0xF2 scan=0x70 action=TurnOn kind=PhysicalImeKey injected=false true→true w_ops0=110769 x_ops0=245443 x_KB0=23.6
2026-09-19T23:31:54.541760Z DEBUG awase::journal: ime event seq=32 elapsed_ms=20278 event_kind="UserImeSetIntent"
2026-09-19T23:31:54.541850Z DEBUG awase_windows::runtime::key_pipeline: [shadow-toggle] no-op: vk=0xF2 action=TurnOn source=PhysicalImeKey effective_open は既に true → apply-ime 見送り
2026-09-19T23:31:54.541900Z DEBUG awase_windows::runtime::key_pipeline: [engine-input] vk=0xF2 KeyDown ts=20277264us delay=0ms state=Idle mods(c=false s=false a=false w=false) gas_ctrl=false phys_ctrl=false extra=0x5350494B pending_drain=0 gate_active=false l_thumb=None r_thumb=None [diag-ctx] ime_o
2026-09-19T23:31:54.542127Z DEBUG awase::journal: key input seq=33 elapsed_ms=20278 vk_code=242 is_down=true injected=false key_class="Passthrough" state_before="Idle" state_after="Idle" decision="PassThrough" physical="Allow" repeat_count=1 last_timestamp_us=20277264 last_elapsed_ms=0
2026-09-19T23:31:54.542321Z DEBUG awase_windows::runtime::key_pipeline: may_change_ime key passed through → IME refresh scheduled (20ms)
2026-09-19T23:31:54.542415Z DEBUG execute_from_hook: awase_windows::runtime::executor: [relay-passthrough] PassThrough idle: direct OS pass-through (vk=0xf2 down)
2026-09-19T23:31:54.542633Z DEBUG execute_one{generation=None}: awase_windows::runtime::executor: [reinject] vk=0xf2 down (queued passthrough now firing)
2026-09-19T23:31:54.544928Z DEBUG awase_windows::hook: [hook] IME-mode vk=0xF2 down self_injected=true injected=true scan=0x0 extra=0x4B45594D since_actuation_us=Some(421188)
2026-09-19T23:31:54.547245Z DEBUG awase::journal: hook ime-mode diagnostic seq=34 elapsed_ms=20283 vk_code=242 is_down=true self_injected=true injected=true scan=0
2026-09-19T23:31:54.547391Z DEBUG awase::journal: ime event seq=35 elapsed_ms=20283 event_kind="ObserverReported"
2026-09-19T23:31:54.547443Z  INFO awase_windows::runtime::key_pipeline: FocusProbe +0ms: ime_on=true mode=ObservedRomaji [ime=GoogleJapaneseInput sig1=false gji_io=406ms sig2=false]
2026-09-19T23:31:54.551699Z DEBUG awase::journal: ime event seq=36 elapsed_ms=20288 event_kind="ObserverReported"
2026-09-19T23:31:54.551720Z DEBUG awase_windows::runtime::key_pipeline: [ImmCrossProbe] child-hwnd IME=true → High confidence 観測記録
2026-09-19T23:31:54.551739Z DEBUG awase_windows::observer::ime_observer: IME snapshot: japanese=Some(true) ime_on=Some(true) romaji=None conv=Some("0x00000010") guard=false
2026-09-19T23:31:54.551754Z DEBUG awase::journal: ime event seq=37 elapsed_ms=20288 event_kind="InputModeObserved"
2026-09-19T23:31:54.555924Z DEBUG awase_windows::tsf::gji_monitor: [gji-io] WRITE: w_ops=+2 w_KB=+0.0 (r_ops=+4 x_ops=+4 x_KB=+0.0)
2026-09-19T23:31:54.577003Z DEBUG awase_windows::runtime::ime_refresh: Explicit intent: bypassing typing-idle guard for IME verify (idle=32ms)
2026-09-19T23:31:54.577051Z DEBUG awase_windows::observer::ime_observer: IME snapshot: japanese=Some(true) ime_on=Some(true) romaji=None conv=Some("0x00000010") guard=false
2026-09-19T23:31:54.577137Z DEBUG awase::journal: ime event seq=38 elapsed_ms=20313 event_kind="ObserverReported"
2026-09-19T23:31:54.577202Z DEBUG awase::engine::engine: [diag-engine-active] ime_on=true なのに非活性: reason=Inactive(NotRomajiInput) romaji_capable=false japanese=true user_enabled=true was_active=true input_mode=ObservedEisu
2026-09-19T23:31:54.577248Z  INFO awase::engine::engine: Engine deactivated (ime=true, romaji=false, japanese=true, user=true, reason=Inactive(NotRomajiInput))
2026-09-19T23:31:55.236022Z DEBUG awase_windows::runtime::key_pipeline: [engine-input] vk=0x4B KeyDown ts=20971904us delay=0ms state=Idle mods(c=false s=false a=false w=false) gas_ctrl=false phys_ctrl=false extra=0x5350494B pending_drain=0 gate_active=false l_thumb=None r_thumb=None [diag-ctx] ime_o
2026-09-19T23:31:55.236085Z DEBUG awase::engine::engine: [diag-engine-active] ime_on=true なのに非活性: reason=Inactive(NotRomajiInput) romaji_capable=false japanese=true user_enabled=true was_active=false input_mode=ObservedEisu
2026-09-19T23:31:55.236161Z DEBUG awase::journal: key input seq=39 elapsed_ms=20972 vk_code=75 is_down=true injected=false key_class="Char" state_before="Idle" state_after="Idle" decision="PassThrough" physical="Allow" repeat_count=1 last_timestamp_us=20971904 last_elapsed_ms=0
2026-09-19T23:31:55.236348Z DEBUG execute_one{generation=None}: awase_windows::runtime::executor: [reinject] vk=0x4b down (queued passthrough now firing)
2026-09-19T23:31:55.248354Z DEBUG awase_windows::tsf::gji_monitor: [gji-io] WRITE: w_ops=+2 w_KB=+0.4 (r_ops=+4 x_ops=+4 x_KB=+0.0)
2026-09-19T23:31:55.270165Z  INFO awase_windows::tsf::win_event_obs: [gji-obs] candidate SHOW #1: last_gji_write=16ms ago
2026-09-19T23:31:55.379646Z DEBUG awase_windows::runtime::key_pipeline: [engine-input] vk=0x4B KeyUp ts=21115533us delay=0ms state=Idle mods(c=false s=false a=false w=false) gas_ctrl=false phys_ctrl=false extra=0x5350494B pending_drain=0 gate_active=false l_thumb=None r_thumb=None [diag-ctx] ime_on=
2026-09-19T23:31:55.379697Z DEBUG awase::engine::engine: [diag-engine-active] ime_on=true なのに非活性: reason=Inactive(NotRomajiInput) romaji_capable=false japanese=true user_enabled=true was_active=false input_mode=ObservedEisu
2026-09-19T23:31:55.379764Z DEBUG awase::journal: key input seq=40 elapsed_ms=21116 vk_code=75 is_down=false injected=false key_class="Char" state_before="Idle" state_after="Idle" decision="PassThrough" physical="Allow" repeat_count=1 last_timestamp_us=21115533 last_elapsed_ms=0
2026-09-19T23:31:55.379915Z DEBUG execute_one{generation=None}: awase_windows::runtime::executor: [reinject] vk=0x4b up (queued passthrough now firing)
2026-09-19T23:31:55.382769Z DEBUG awase_windows::platform: [gji-fsm] StartComposition (candidate SHOW)
2026-09-19T23:31:55.382808Z DEBUG gji_on_event{event=StartComposition}: awase_windows::tsf::gji_fsm: [gji-fsm] StartComposition: OnWarm → OnComposing(AlreadyWarm)
2026-09-19T23:31:55.382904Z DEBUG awase::journal: gji fsm transition seq=41 elapsed_ms=21119 trigger="StartComposition(candidate SHOW)" state_before="OnWarm" state_after="OnComposing(Warm)"
2026-09-19T23:31:55.868269Z DEBUG awase_windows::runtime::key_pipeline: [engine-input] vk=0x1B KeyDown ts=21604277us delay=0ms state=Idle mods(c=false s=false a=false w=false) gas_ctrl=false phys_ctrl=false extra=0x5350494B pending_drain=0 gate_active=false l_thumb=None r_thumb=None [diag-ctx] ime_o
2026-09-19T23:31:55.868301Z DEBUG awase::engine::engine: [diag-engine-active] ime_on=true なのに非活性: reason=Inactive(NotRomajiInput) romaji_capable=false japanese=true user_enabled=true was_active=false input_mode=ObservedEisu
2026-09-19T23:31:55.868337Z DEBUG awase::journal: key input seq=42 elapsed_ms=21604 vk_code=27 is_down=true injected=false key_class="Passthrough" state_before="Idle" state_after="Idle" decision="PassThrough" physical="Allow" repeat_count=1 last_timestamp_us=21604277 last_elapsed_ms=0
2026-09-19T23:31:55.868384Z DEBUG execute_from_hook: awase_windows::runtime::executor: [relay-passthrough] PassThrough idle: direct OS pass-through (vk=0x1b down)
2026-09-19T23:31:55.868426Z DEBUG awase_windows::runtime::key_pipeline: [engine-input] vk=0x1B KeyUp ts=21604468us delay=0ms state=Idle mods(c=false s=false a=false w=false) gas_ctrl=false phys_ctrl=false extra=0x5350494B pending_drain=0 gate_active=false l_thumb=None r_thumb=None [diag-ctx] ime_on=
2026-09-19T23:31:55.868439Z DEBUG awase::engine::engine: [diag-engine-active] ime_on=true なのに非活性: reason=Inactive(NotRomajiInput) romaji_capable=false japanese=true user_enabled=true was_active=false input_mode=ObservedEisu
2026-09-19T23:31:55.868456Z DEBUG awase::journal: key input seq=43 elapsed_ms=21604 vk_code=27 is_down=false injected=false key_class="Passthrough" state_before="Idle" state_after="Idle" decision="PassThrough" physical="Allow" repeat_count=1 last_timestamp_us=21604468 last_elapsed_ms=0
2026-09-19T23:31:55.868486Z DEBUG execute_from_hook: awase_windows::runtime::transport: [relay-defer] PassThrough deferred: pending effects, reinject(vk=0x1b up)
2026-09-19T23:31:55.868548Z DEBUG execute_one{generation=None}: awase_windows::runtime::executor: [reinject] vk=0x1b down (queued passthrough now firing)
2026-09-19T23:31:55.868571Z DEBUG execute_one{generation=None}: awase_windows::runtime::executor: [reinject] vk=0x1b up (queued passthrough now firing)
2026-09-19T23:31:55.872074Z DEBUG awase_windows::tsf::gji_monitor: [gji-io] WRITE: w_ops=+1 w_KB=+0.3 (r_ops=+2 x_ops=+2 x_KB=+0.0)
2026-09-19T23:31:55.888620Z DEBUG awase_windows::tsf::gji_monitor: [gji-io] WRITE: w_ops=+1 w_KB=+0.0 (r_ops=+2 x_ops=+2 x_KB=+0.0)
2026-09-19T23:31:55.894435Z  INFO awase_windows::tsf::win_event_obs: [gji-obs] candidate HIDE: last_gji_write=0ms ago
2026-09-19T23:31:57.668315Z DEBUG awase_windows::runtime::key_pipeline: [shadow-toggle] vk=0x1DはFSM delegate所有 → belief書き込み/actuationをスキップ w_ops0=110775 x_ops0=245455 x_KB0=23.6
2026-09-19T23:31:57.668338Z DEBUG awase_windows::runtime::key_pipeline: [shadow-toggle] no-op: vk=0x1D action=Toggle source=PhysicalImeKey effective_open は既に true → apply-ime 見送り
2026-09-19T23:31:57.668356Z DEBUG awase_windows::runtime::key_pipeline: [engine-input] vk=0x1D KeyDown ts=23404298us delay=0ms state=Idle mods(c=false s=false a=false w=false) gas_ctrl=false phys_ctrl=false extra=0x5350494B pending_drain=0 gate_active=false l_thumb=Some(23404291) r_thumb=None [diag-
2026-09-19T23:31:57.668377Z DEBUG awase::engine::engine: [diag-engine-active] ime_on=true なのに非活性: reason=Inactive(NotRomajiInput) romaji_capable=false japanese=true user_enabled=true was_active=false input_mode=ObservedEisu
2026-09-19T23:31:57.668414Z DEBUG awase::journal: key input seq=44 elapsed_ms=23404 vk_code=29 is_down=true injected=false key_class="LeftThumb" state_before="Idle" state_after="Idle" decision="PassThrough" physical="Allow" repeat_count=1 last_timestamp_us=23404298 last_elapsed_ms=0
2026-09-19T23:31:57.668480Z DEBUG execute_one{generation=None}: awase_windows::runtime::executor: [reinject] vk=0x1d down (queued passthrough now firing)
2026-09-19T23:31:57.672310Z DEBUG awase_windows::platform: [gji-fsm] EndComposition (candidate HIDE) epoch=FocusEpoch(1)
2026-09-19T23:31:57.672621Z DEBUG awase::journal: gji fsm transition seq=45 elapsed_ms=23408 trigger="EndComposition(candidate HIDE, epoch=FocusEpoch(1))" state_before="OnComposing(Warm)" state_after="OnWarm"
2026-09-19T23:31:57.676641Z DEBUG awase_windows::tsf::gji_monitor: [gji-io] WRITE: w_ops=+2 w_KB=+0.0 (r_ops=+4 x_ops=+4 x_KB=+0.0)
2026-09-19T23:31:57.744690Z DEBUG awase_windows::runtime::key_pipeline: [engine-input] vk=0x1D KeyUp ts=23480568us delay=0ms state=Idle mods(c=false s=false a=false w=false) gas_ctrl=false phys_ctrl=false extra=0x5350494B pending_drain=0 gate_active=false l_thumb=None r_thumb=None [diag-ctx] ime_on=
2026-09-19T23:31:57.744756Z DEBUG awase::engine::engine: [diag-engine-active] ime_on=true なのに非活性: reason=Inactive(NotRomajiInput) romaji_capable=false japanese=true user_enabled=true was_active=false input_mode=ObservedEisu
2026-09-19T23:31:57.744851Z DEBUG awase::journal: key input seq=46 elapsed_ms=23481 vk_code=29 is_down=false injected=false key_class="LeftThumb" state_before="Idle" state_after="Idle" decision="PassThrough" physical="Allow" repeat_count=1 last_timestamp_us=23480568 last_elapsed_ms=0
2026-09-19T23:31:57.745042Z DEBUG execute_one{generation=None}: awase_windows::runtime::executor: [reinject] vk=0x1d up (queued passthrough now firing)
2026-09-19T23:31:58.366769Z DEBUG awase_windows::runtime::key_pipeline: [engine-input] vk=0x4B KeyDown ts=24102567us delay=0ms state=Idle mods(c=false s=false a=false w=false) gas_ctrl=false phys_ctrl=false extra=0x5350494B pending_drain=0 gate_active=false l_thumb=None r_thumb=None [diag-ctx] ime_o
2026-09-19T23:31:58.366837Z DEBUG awase::engine::engine: [diag-engine-active] ime_on=true なのに非活性: reason=Inactive(NotRomajiInput) romaji_capable=false japanese=true user_enabled=true was_active=false input_mode=ObservedEisu
2026-09-19T23:31:58.366943Z DEBUG awase::journal: key input seq=47 elapsed_ms=24103 vk_code=75 is_down=true injected=false key_class="Char" state_before="Idle" state_after="Idle" decision="PassThrough" physical="Allow" repeat_count=1 last_timestamp_us=24102567 last_elapsed_ms=0
2026-09-19T23:31:58.367123Z DEBUG execute_one{generation=None}: awase_windows::runtime::executor: [reinject] vk=0x4b down (queued passthrough now firing)
2026-09-19T23:31:58.428052Z DEBUG awase_windows::runtime::key_pipeline: [engine-input] vk=0x4B KeyUp ts=24163896us delay=0ms state=Idle mods(c=false s=false a=false w=false) gas_ctrl=false phys_ctrl=false extra=0x5350494B pending_drain=0 gate_active=false l_thumb=None r_thumb=None [diag-ctx] ime_on=
2026-09-19T23:31:58.428106Z DEBUG awase::engine::engine: [diag-engine-active] ime_on=true なのに非活性: reason=Inactive(NotRomajiInput) romaji_capable=false japanese=true user_enabled=true was_active=false input_mode=ObservedEisu
2026-09-19T23:31:58.428179Z DEBUG awase::journal: key input seq=48 elapsed_ms=24164 vk_code=75 is_down=false injected=false key_class="Char" state_before="Idle" state_after="Idle" decision="PassThrough" physical="Allow" repeat_count=1 last_timestamp_us=24163896 last_elapsed_ms=0
2026-09-19T23:31:58.428757Z DEBUG execute_one{generation=None}: awase_windows::runtime::executor: [reinject] vk=0x4b up (queued passthrough now firing)
2026-09-19T23:31:58.867306Z DEBUG awase_windows::runtime::key_pipeline: [engine-input] vk=0x1B KeyDown ts=24603132us delay=0ms state=Idle mods(c=false s=false a=false w=false) gas_ctrl=false phys_ctrl=false extra=0x5350494B pending_drain=0 gate_active=false l_thumb=None r_thumb=None [diag-ctx] ime_o
2026-09-19T23:31:58.867420Z DEBUG awase::engine::engine: [diag-engine-active] ime_on=true なのに非活性: reason=Inactive(NotRomajiInput) romaji_capable=false japanese=true user_enabled=true was_active=false input_mode=ObservedEisu
2026-09-19T23:31:58.867487Z DEBUG awase::journal: key input seq=49 elapsed_ms=24603 vk_code=27 is_down=true injected=false key_class="Passthrough" state_before="Idle" state_after="Idle" decision="PassThrough" physical="Allow" repeat_count=1 last_timestamp_us=24603132 last_elapsed_ms=0
2026-09-19T23:31:58.867576Z DEBUG execute_from_hook: awase_windows::runtime::executor: [relay-passthrough] PassThrough idle: direct OS pass-through (vk=0x1b down)
2026-09-19T23:31:58.867649Z DEBUG execute_one{generation=None}: awase_windows::runtime::executor: [reinject] vk=0x1b down (queued passthrough now firing)
2026-09-19T23:31:58.929051Z DEBUG awase_windows::runtime::key_pipeline: [engine-input] vk=0x1B KeyUp ts=24664949us delay=0ms state=Idle mods(c=false s=false a=false w=false) gas_ctrl=false phys_ctrl=false extra=0x5350494B pending_drain=0 gate_active=false l_thumb=None r_thumb=None [diag-ctx] ime_on=
2026-09-19T23:31:58.929094Z DEBUG awase::engine::engine: [diag-engine-active] ime_on=true なのに非活性: reason=Inactive(NotRomajiInput) romaji_capable=false japanese=true user_enabled=true was_active=false input_mode=ObservedEisu
2026-09-19T23:31:58.929149Z DEBUG awase::journal: key input seq=50 elapsed_ms=24665 vk_code=27 is_down=false injected=false key_class="Passthrough" state_before="Idle" state_after="Idle" decision="PassThrough" physical="Allow" repeat_count=1 last_timestamp_us=24664949 last_elapsed_ms=0
2026-09-19T23:31:58.929223Z DEBUG execute_from_hook: awase_windows::runtime::executor: [relay-passthrough] PassThrough idle: direct OS pass-through (vk=0x1b up)
2026-09-19T23:31:58.929278Z DEBUG execute_one{generation=None}: awase_windows::runtime::executor: [reinject] vk=0x1b up (queued passthrough now firing)
2026-09-19T23:32:00.863961Z DEBUG awase_windows::runtime::key_pipeline: [shadow-toggle] vk=0x1DはFSM delegate所有 → belief書き込み/actuationをスキップ w_ops0=110777 x_ops0=245459 x_KB0=23.6
2026-09-19T23:32:00.864004Z DEBUG awase_windows::runtime::key_pipeline: [shadow-toggle] no-op: vk=0x1D action=Toggle source=PhysicalImeKey effective_open は既に true → apply-ime 見送り
2026-09-19T23:32:00.864052Z DEBUG awase_windows::runtime::key_pipeline: [engine-input] vk=0x1D KeyDown ts=26599731us delay=0ms state=Idle mods(c=false s=false a=false w=false) gas_ctrl=false phys_ctrl=false extra=0x5350494B pending_drain=0 gate_active=false l_thumb=Some(26599710) r_thumb=None [diag-
2026-09-19T23:32:00.864097Z DEBUG awase::engine::engine: [diag-engine-active] ime_on=true なのに非活性: reason=Inactive(NotRomajiInput) romaji_capable=false japanese=true user_enabled=true was_active=false input_mode=ObservedEisu
2026-09-19T23:32:00.864177Z DEBUG awase::journal: key input seq=51 elapsed_ms=26600 vk_code=29 is_down=true injected=false key_class="LeftThumb" state_before="Idle" state_after="Idle" decision="PassThrough" physical="Allow" repeat_count=1 last_timestamp_us=26599731 last_elapsed_ms=0
2026-09-19T23:32:00.864334Z DEBUG execute_one{generation=None}: awase_windows::runtime::executor: [reinject] vk=0x1d down (queued passthrough now firing)
2026-09-19T23:32:00.888392Z DEBUG awase_windows::tsf::gji_monitor: [gji-io] WRITE: w_ops=+2 w_KB=+0.0 (r_ops=+4 x_ops=+4 x_KB=+0.0)
2026-09-19T23:32:00.921907Z DEBUG awase_windows::runtime::key_pipeline: [engine-input] vk=0x1D KeyUp ts=26657873us delay=0ms state=Idle mods(c=false s=false a=false w=false) gas_ctrl=false phys_ctrl=false extra=0x5350494B pending_drain=0 gate_active=false l_thumb=None r_thumb=None [diag-ctx] ime_on=
2026-09-19T23:32:00.921951Z DEBUG awase::engine::engine: [diag-engine-active] ime_on=true なのに非活性: reason=Inactive(NotRomajiInput) romaji_capable=false japanese=true user_enabled=true was_active=false input_mode=ObservedEisu
2026-09-19T23:32:00.922006Z DEBUG awase::journal: key input seq=52 elapsed_ms=26658 vk_code=29 is_down=false injected=false key_class="LeftThumb" state_before="Idle" state_after="Idle" decision="PassThrough" physical="Allow" repeat_count=1 last_timestamp_us=26657873 last_elapsed_ms=0
2026-09-19T23:32:00.922426Z DEBUG execute_one{generation=None}: awase_windows::runtime::executor: [reinject] vk=0x1d up (queued passthrough now firing)
2026-09-19T23:32:01.544980Z DEBUG awase_windows::runtime::key_pipeline: [engine-input] vk=0x4B KeyDown ts=27280944us delay=0ms state=Idle mods(c=false s=false a=false w=false) gas_ctrl=false phys_ctrl=false extra=0x5350494B pending_drain=0 gate_active=false l_thumb=None r_thumb=None [diag-ctx] ime_o
2026-09-19T23:32:01.545027Z DEBUG awase::engine::engine: [diag-engine-active] ime_on=true なのに非活性: reason=Inactive(NotRomajiInput) romaji_capable=false japanese=true user_enabled=true was_active=false input_mode=ObservedEisu
2026-09-19T23:32:01.545082Z DEBUG awase::journal: key input seq=53 elapsed_ms=27281 vk_code=75 is_down=true injected=false key_class="Char" state_before="Idle" state_after="Idle" decision="PassThrough" physical="Allow" repeat_count=1 last_timestamp_us=27280944 last_elapsed_ms=0
2026-09-19T23:32:01.545185Z DEBUG execute_one{generation=None}: awase_windows::runtime::executor: [reinject] vk=0x4b down (queued passthrough now firing)
2026-09-19T23:32:01.567760Z DEBUG awase_windows::tsf::gji_monitor: [gji-io] WRITE: w_ops=+2 w_KB=+0.4 (r_ops=+4 x_ops=+4 x_KB=+0.0)
2026-09-19T23:32:01.570024Z  INFO awase_windows::tsf::win_event_obs: [gji-obs] candidate SHOW #2: last_gji_write=16ms ago
2026-09-19T23:32:01.626534Z DEBUG awase_windows::runtime::key_pipeline: [engine-input] vk=0x4B KeyUp ts=27362452us delay=0ms state=Idle mods(c=false s=false a=false w=false) gas_ctrl=false phys_ctrl=false extra=0x5350494B pending_drain=0 gate_active=false l_thumb=None r_thumb=None [diag-ctx] ime_on=
2026-09-19T23:32:01.626587Z DEBUG awase::engine::engine: [diag-engine-active] ime_on=true なのに非活性: reason=Inactive(NotRomajiInput) romaji_capable=false japanese=true user_enabled=true was_active=false input_mode=ObservedEisu
2026-09-19T23:32:01.626672Z DEBUG awase::journal: key input seq=54 elapsed_ms=27363 vk_code=75 is_down=false injected=false key_class="Char" state_before="Idle" state_after="Idle" decision="PassThrough" physical="Allow" repeat_count=1 last_timestamp_us=27362452 last_elapsed_ms=0
2026-09-19T23:32:01.626846Z DEBUG execute_one{generation=None}: awase_windows::runtime::executor: [reinject] vk=0x4b up (queued passthrough now firing)
2026-09-19T23:32:01.631327Z DEBUG awase_windows::platform: [gji-fsm] StartComposition (candidate SHOW)
2026-09-19T23:32:01.631368Z DEBUG gji_on_event{event=StartComposition}: awase_windows::tsf::gji_fsm: [gji-fsm] StartComposition: OnWarm → OnComposing(AlreadyWarm)
2026-09-19T23:32:01.631533Z DEBUG awase::journal: gji fsm transition seq=55 elapsed_ms=27367 trigger="StartComposition(candidate SHOW)" state_before="OnWarm" state_after="OnComposing(Warm)"
2026-09-19T23:32:02.044174Z DEBUG awase_windows::runtime::key_pipeline: [engine-input] vk=0x1B KeyDown ts=27779930us delay=0ms state=Idle mods(c=false s=false a=false w=false) gas_ctrl=false phys_ctrl=false extra=0x5350494B pending_drain=0 gate_active=false l_thumb=None r_thumb=None [diag-ctx] ime_o
2026-09-19T23:32:02.044261Z DEBUG awase::engine::engine: [diag-engine-active] ime_on=true なのに非活性: reason=Inactive(NotRomajiInput) romaji_capable=false japanese=true user_enabled=true was_active=false input_mode=ObservedEisu
2026-09-19T23:32:02.044350Z DEBUG awase::journal: key input seq=56 elapsed_ms=27780 vk_code=27 is_down=true injected=false key_class="Passthrough" state_before="Idle" state_after="Idle" decision="PassThrough" physical="Allow" repeat_count=1 last_timestamp_us=27779930 last_elapsed_ms=0
2026-09-19T23:32:02.044466Z DEBUG execute_from_hook: awase_windows::runtime::executor: [relay-passthrough] PassThrough idle: direct OS pass-through (vk=0x1b down)
2026-09-19T23:32:02.044571Z DEBUG execute_one{generation=None}: awase_windows::runtime::executor: [reinject] vk=0x1b down (queued passthrough now firing)
2026-09-19T23:32:02.057591Z DEBUG awase_windows::tsf::gji_monitor: [gji-io] WRITE: w_ops=+2 w_KB=+0.4 (r_ops=+4 x_ops=+4 x_KB=+0.0)
2026-09-19T23:32:02.063138Z  INFO awase_windows::tsf::win_event_obs: [gji-obs] candidate HIDE: last_gji_write=0ms ago
2026-09-19T23:32:02.117337Z DEBUG awase_windows::runtime::key_pipeline: [engine-input] vk=0x1B KeyUp ts=27853052us delay=0ms state=Idle mods(c=false s=false a=false w=false) gas_ctrl=false phys_ctrl=false extra=0x5350494B pending_drain=0 gate_active=false l_thumb=None r_thumb=None [diag-ctx] ime_on=
2026-09-19T23:32:02.117429Z DEBUG awase::engine::engine: [diag-engine-active] ime_on=true なのに非活性: reason=Inactive(NotRomajiInput) romaji_capable=false japanese=true user_enabled=true was_active=false input_mode=ObservedEisu
2026-09-19T23:32:02.117565Z DEBUG awase::journal: key input seq=57 elapsed_ms=27853 vk_code=27 is_down=false injected=false key_class="Passthrough" state_before="Idle" state_after="Idle" decision="PassThrough" physical="Allow" repeat_count=1 last_timestamp_us=27853052 last_elapsed_ms=0
2026-09-19T23:32:02.117772Z DEBUG execute_from_hook: awase_windows::runtime::executor: [relay-passthrough] PassThrough idle: direct OS pass-through (vk=0x1b up)
2026-09-19T23:32:02.117943Z DEBUG execute_one{generation=None}: awase_windows::runtime::executor: [reinject] vk=0x1b up (queued passthrough now firing)
2026-09-19T23:32:02.126204Z DEBUG awase_windows::platform: [gji-fsm] EndComposition (candidate HIDE) epoch=FocusEpoch(2)
2026-09-19T23:32:02.126452Z DEBUG awase::journal: gji fsm transition seq=58 elapsed_ms=27862 trigger="EndComposition(candidate HIDE, epoch=FocusEpoch(2))" state_before="OnComposing(Warm)" state_after="OnWarm"
2026-09-19T23:32:04.045696Z DEBUG awase_windows::hook: [hook] IME-mode vk=0xF0 up self_injected=false injected=false scan=0x70 extra=0x5350494B since_actuation_us=Some(9921950)
2026-09-19T23:32:04.047059Z DEBUG awase::journal: hook ime-mode diagnostic seq=59 elapsed_ms=29783 vk_code=240 is_down=false self_injected=false injected=false scan=112
2026-09-19T23:32:04.047978Z DEBUG awase_windows::runtime::key_pipeline: [engine-input] vk=0xF0 KeyUp ts=29782638us delay=1ms state=Idle mods(c=false s=false a=false w=false) gas_ctrl=false phys_ctrl=false extra=0x5350494B pending_drain=0 gate_active=false l_thumb=None r_thumb=None [diag-ctx] ime_on=
2026-09-19T23:32:04.048008Z DEBUG awase::engine::engine: [diag-engine-active] ime_on=true なのに非活性: reason=Inactive(NotRomajiInput) romaji_capable=false japanese=true user_enabled=true was_active=false input_mode=ObservedEisu
2026-09-19T23:32:04.048097Z DEBUG awase::journal: key input seq=60 elapsed_ms=29784 vk_code=240 is_down=false injected=false key_class="Passthrough" state_before="Idle" state_after="Idle" decision="PassThrough" physical="Suppress" repeat_count=1 last_timestamp_us=29782638 last_elapsed_ms=0
2026-09-19T23:32:04.048175Z DEBUG awase_windows::runtime::key_pipeline: [imm-cross] key suppress vk=0xf0 KeyUp (physical disposition)
2026-09-19T23:32:04.048841Z DEBUG awase_windows::hook: [hook] IME-mode vk=0xF2 down self_injected=false injected=false scan=0x70 extra=0x5350494B since_actuation_us=Some(9925108)
2026-09-19T23:32:04.049003Z DEBUG awase::journal: hook ime-mode diagnostic seq=61 elapsed_ms=29785 vk_code=242 is_down=true self_injected=false injected=false scan=112
2026-09-19T23:32:04.049158Z  INFO awase_windows::runtime::key_pipeline: [shadow-toggle] intent 昇格: vk=0xF2 scan=0x70 action=TurnOn kind=PhysicalImeKey injected=false true→true w_ops0=110783 x_ops0=245471 x_KB0=23.6
2026-09-19T23:32:04.049198Z DEBUG awase::journal: ime event seq=62 elapsed_ms=29785 event_kind="UserImeSetIntent"
2026-09-19T23:32:04.049221Z DEBUG awase_windows::runtime::key_pipeline: [shadow-toggle] no-op: vk=0xF2 action=TurnOn source=PhysicalImeKey effective_open は既に true → apply-ime 見送り
2026-09-19T23:32:04.049251Z DEBUG awase::journal: ime event seq=63 elapsed_ms=29785 event_kind="InputModeApplied"
2026-09-19T23:32:04.049270Z  INFO awase_windows::runtime::key_pipeline: [shadow-toggle] TurnOn (IME既にopen) + ObservedEisu → AssumedRomaji に リセット (UserTurnOnEisuReset)
2026-09-19T23:32:04.049291Z DEBUG awase_windows::runtime::key_pipeline: [engine-input] vk=0xF2 KeyDown ts=29785056us delay=0ms state=Idle mods(c=false s=false a=false w=false) gas_ctrl=false phys_ctrl=false extra=0x5350494B pending_drain=0 gate_active=false l_thumb=None r_thumb=None [diag-ctx] ime_o
2026-09-19T23:32:04.049324Z  INFO awase::engine::engine: Engine activated (ime=true, romaji=true, japanese=true, user=true, reason=Active)
2026-09-19T23:32:04.049384Z DEBUG awase::journal: key input seq=64 elapsed_ms=29785 vk_code=242 is_down=true injected=false key_class="Passthrough" state_before="Idle" state_after="Idle" decision="PassThroughWith" physical="Allow" repeat_count=1 last_timestamp_us=29785056 last_elapsed_ms=0
2026-09-19T23:32:04.049435Z DEBUG awase::journal: ime event seq=65 elapsed_ms=29785 event_kind="EngineActivationSync"
2026-09-19T23:32:04.049466Z DEBUG awase::journal: ime event seq=66 elapsed_ms=29785 event_kind="ImeApplyRequested"
2026-09-19T23:32:04.049484Z  INFO awase_windows::runtime::key_pipeline: IME control: preconditions.ime_on = true (SetOpenRequest, origin=ActivationSync), was_open_before=true last_intent_before=Some(true) poll suspended
2026-09-19T23:32:04.049528Z DEBUG awase_windows::runtime::key_pipeline: may_change_ime key passed through → IME refresh scheduled (20ms)
2026-09-19T23:32:04.049560Z DEBUG execute_from_hook: awase_windows::runtime::executor: [relay-flush] PassThroughWith: queue 2 effect(s) + reinject (vk=0xf2 down)
2026-09-19T23:32:04.049715Z DEBUG execute_one{generation=Some(ApplyGeneration(1))}:dispatch_ime_set_open{open=true generation=Some(ApplyGeneration(1))}: awase_windows::runtime::executor: [dispatch-ime] ImmCross async: optimistic applied_snapshot=true (suppress send_engine_state_ime_key)
2026-09-19T23:32:04.051436Z DEBUG execute_one{generation=Some(ApplyGeneration(1))}: awase_windows::platform: [engine-state-key] skipped (apply_ime_open aligned ime=true, profile=Standard)
2026-09-19T23:32:04.051536Z DEBUG execute_one{generation=Some(ApplyGeneration(1))}: awase_windows::runtime::executor: [reinject] vk=0xf2 down (queued passthrough now firing)
2026-09-19T23:32:04.051931Z DEBUG awase_windows::hook: [hook] IME-mode vk=0xF0 up self_injected=true injected=false scan=0x0 extra=0x4B45594D since_actuation_us=Some(9928187)
2026-09-19T23:32:04.057745Z DEBUG awase_windows::hook: [hook] IME-mode vk=0xF2 down self_injected=true injected=true scan=0x0 extra=0x4B45594D since_actuation_us=Some(9933990)
2026-09-19T23:32:04.059103Z DEBUG awase::journal: hook ime-mode diagnostic seq=67 elapsed_ms=29795 vk_code=240 is_down=false self_injected=true injected=false scan=0
2026-09-19T23:32:04.059145Z DEBUG awase::journal: hook ime-mode diagnostic seq=68 elapsed_ms=29795 vk_code=242 is_down=true self_injected=true injected=true scan=0
2026-09-19T23:32:04.059751Z DEBUG run_open_chain_async: awase_windows::ime_controller: [warrant-shadow] chain=async open=true origin=EventOrigin { source: SelfActuated { strategy: "engine_decision_async" }, epoch: Generation(0) } warranted
2026-09-19T23:32:04.059810Z  INFO run_open_chain_async:imm_cross_write{open=true}: awase_windows::runtime::open_chain: [apply-ime] ImmCross async: open=true composition_active=false show_seq=0 change_seq=0 (issue #138診断)
2026-09-19T23:32:04.066213Z DEBUG awase_windows::shadow_send_trace: [shadow-send] channel=ImeControl cmd=0x0006 lparam=1 issue_us=29801071
2026-09-19T23:32:04.066244Z DEBUG awase_windows::ime: set_ime_open_for_target: hwnd=HWND(0x9e03f2) ime_wnd=HWND(0xb403f8) open=true success=true send_elapsed=1ms candidate_visible=false
2026-09-19T23:32:04.068117Z DEBUG run_open_chain_async:imm_cross_write{open=true}: awase_windows::ime: [imm-cross-actuate] hwnd=HWND(0x9e03f2) open=Written conv=Some(Written)
2026-09-19T23:32:04.068204Z DEBUG run_open_chain_async:imm_cross_write{open=true}: awase_windows::runtime::open_chain: [apply-ime] ROMAN 補完結果: Written
2026-09-19T23:32:04.068301Z DEBUG run_open_chain_async: awase::journal: actuation decision seq=69 elapsed_ms=29804 site="DispatchImeSetOpen" caller="None" open=true chain_len=4 attempts_len=1 gate_profile="Standard" gate_kind="Gji" gate_shadow_known=true gate_shadow_on=true gate_input_mode="AssumedR
2026-09-19T23:32:04.073992Z DEBUG on_ime_apply_complete{open=true outcome=AppliedWithoutSendInput generation=Some(ApplyGeneration(1)) reason=EngineDecision}: awase::journal: ime open applied seq=70 elapsed_ms=29810 open=true outcome="AppliedWithoutSendInput" reason="EngineDecision"
2026-09-19T23:32:04.075119Z DEBUG awase_windows::tsf::gji_monitor: [gji-io] WRITE: w_ops=+2 w_KB=+0.0 (r_ops=+4 x_ops=+4 x_KB=+0.0)
2026-09-19T23:32:04.075505Z DEBUG on_ime_apply_complete{open=true outcome=AppliedWithoutSendInput generation=Some(ApplyGeneration(1)) reason=EngineDecision}: awase::journal: ime event seq=71 elapsed_ms=29811 event_kind="ImeApplySucceeded"
2026-09-19T23:32:04.075638Z DEBUG on_ime_apply_complete{open=true outcome=AppliedWithoutSendInput generation=Some(ApplyGeneration(1)) reason=EngineDecision}: awase_windows::tsf::ime_mode_fsm: [ime-mode] SetOpen(true) applied → Hiragana (belief, unconfirmed)
2026-09-19T23:32:04.075668Z DEBUG on_ime_apply_complete{open=true outcome=AppliedWithoutSendInput generation=Some(ApplyGeneration(1)) reason=EngineDecision}: awase_windows::platform: [composition] ImeEffect::SetOpen(true) → marking cold
2026-09-19T23:32:04.075688Z DEBUG on_ime_apply_complete{open=true outcome=AppliedWithoutSendInput generation=Some(ApplyGeneration(1)) reason=EngineDecision}: awase_windows::tsf::probe: [composition] marked cold reason=SetOpenTrue idle=18446744073709551615ms → next VK/TSF output will send VK_DBE_HIRA
2026-09-19T23:32:04.075744Z DEBUG on_ime_apply_complete{open=true outcome=AppliedWithoutSendInput generation=Some(ApplyGeneration(1)) reason=EngineDecision}:gji_on_event{event=ImeOn { injection_mode: Unicode, gji_idle_ms: 0 }}: awase_windows::tsf::gji_fsm: [gji-fsm] ImeOn: already on (OnWarm), ignor
2026-09-19T23:32:04.076512Z DEBUG awase::journal: gji fsm transition seq=72 elapsed_ms=29812 trigger="ImeOn(gji_idle_ms=0)" state_before="OnWarm" state_after="OnWarm"
2026-09-19T23:32:04.114301Z DEBUG awase_windows::runtime::ime_refresh: Explicit intent: bypassing typing-idle guard for IME verify (idle=63ms)
2026-09-19T23:32:04.114357Z DEBUG awase_windows::observer::ime_observer: IME snapshot: japanese=Some(true) ime_on=Some(true) romaji=Some(true) conv=Some("0x00000019") guard=false
2026-09-19T23:32:04.114445Z DEBUG awase::journal: ime event seq=73 elapsed_ms=29850 event_kind="ObserverReported"
2026-09-19T23:32:04.114477Z DEBUG awase::journal: ime event seq=74 elapsed_ms=29850 event_kind="InputModeObserved"
2026-09-19T23:32:04.114507Z  INFO awase_windows::runtime::ime_refresh: ObserverPoll +9985ms since focus: mode AssumedRomaji { reason: AppKindExcluded } → ObservedRomaji
2026-09-19T23:32:04.733378Z DEBUG awase_windows::runtime::key_pipeline: [engine-input] vk=0x4B KeyDown ts=30469314us delay=0ms state=Idle mods(c=false s=false a=false w=false) gas_ctrl=false phys_ctrl=false extra=0x5350494B pending_drain=0 gate_active=false l_thumb=None r_thumb=None [diag-ctx] ime_o
2026-09-19T23:32:04.733547Z DEBUG awase::journal: key input seq=75 elapsed_ms=30469 vk_code=75 is_down=true injected=false key_class="Char" state_before="Idle" state_after="PendingChar(vk=0x4B)" decision="Consume" physical="Allow" repeat_count=1 last_timestamp_us=30469314 last_elapsed_ms=0
2026-09-19T23:32:04.793136Z DEBUG awase_windows::runtime::key_pipeline: [engine-input] vk=0x4B KeyUp ts=30529077us delay=0ms state=PendingChar(vk=0x4B) mods(c=false s=false a=false w=false) gas_ctrl=false phys_ctrl=false extra=0x5350494B pending_drain=0 gate_active=false l_thumb=None r_thumb=None [d
2026-09-19T23:32:04.793257Z DEBUG awase::journal: key input seq=76 elapsed_ms=30529 vk_code=75 is_down=false injected=false key_class="Char" state_before="PendingChar(vk=0x4B)" state_after="Idle" decision="Consume" physical="Allow" repeat_count=1 last_timestamp_us=30529077 last_elapsed_ms=0
2026-09-19T23:32:04.793466Z DEBUG execute_one{generation=None}: awase_windows::output: send_keys: mode=Unicode actions=[Char('き')] prev_elapsed=∞ms
2026-09-19T23:32:04.793507Z DEBUG execute_one{generation=None}: awase_windows::tsf::probe: [mark-send] last_send_ms=336758843
2026-09-19T23:32:04.793536Z DEBUG execute_one{generation=None}: awase_windows::output:   → Char('き') via Unicode
2026-09-19T23:32:04.797088Z DEBUG execute_one{generation=None}: awase_windows::tsf::probe: [mark-send] last_send_ms=336758843
2026-09-19T23:32:04.808633Z DEBUG awase_windows::tsf::gji_monitor: [gji-io] WRITE: w_ops=+2 w_KB=+0.3 (r_ops=+4 x_ops=+4 x_KB=+0.0)
2026-09-19T23:32:04.811850Z  INFO awase_windows::tsf::win_event_obs: [gji-obs] candidate SHOW #3: last_gji_write=0ms ago
2026-09-19T23:32:05.232560Z DEBUG awase_windows::runtime::key_pipeline: [engine-input] vk=0x1B KeyDown ts=30968498us delay=0ms state=Idle mods(c=false s=false a=false w=false) gas_ctrl=false phys_ctrl=false extra=0x5350494B pending_drain=0 gate_active=false l_thumb=None r_thumb=None [diag-ctx] ime_o
2026-09-19T23:32:05.232662Z DEBUG awase::journal: key input seq=77 elapsed_ms=30969 vk_code=27 is_down=true injected=false key_class="Passthrough" state_before="Idle" state_after="Idle" decision="PassThrough" physical="Allow" repeat_count=1 last_timestamp_us=30968498 last_elapsed_ms=0
2026-09-19T23:32:05.232753Z DEBUG execute_from_hook: awase_windows::runtime::executor: [relay-passthrough] PassThrough idle: direct OS pass-through (vk=0x1b down)
2026-09-19T23:32:05.232824Z DEBUG execute_one{generation=None}: awase_windows::runtime::executor: [reinject] vk=0x1b down (queued passthrough now firing)
2026-09-19T23:32:05.235874Z DEBUG awase_windows::platform: [gji-fsm] StartComposition (candidate SHOW)
2026-09-19T23:32:05.235891Z DEBUG gji_on_event{event=StartComposition}: awase_windows::tsf::gji_fsm: [gji-fsm] StartComposition: OnWarm → OnComposing(AlreadyWarm)
2026-09-19T23:32:05.235974Z DEBUG awase::journal: gji fsm transition seq=78 elapsed_ms=30972 trigger="StartComposition(candidate SHOW)" state_before="OnWarm" state_after="OnComposing(Warm)"
2026-09-19T23:32:05.241386Z  INFO awase_windows::tsf::win_event_obs: [gji-obs] candidate HIDE: last_gji_write=422ms ago
2026-09-19T23:32:05.247232Z DEBUG awase_windows::tsf::gji_monitor: [gji-io] WRITE: w_ops=+2 w_KB=+0.3 (r_ops=+4 x_ops=+4 x_KB=+0.0)
2026-09-19T23:32:05.299243Z DEBUG awase_windows::runtime::key_pipeline: [engine-input] vk=0x1B KeyUp ts=31035003us delay=0ms state=Idle mods(c=false s=false a=false w=false) gas_ctrl=false phys_ctrl=false extra=0x5350494B pending_drain=0 gate_active=false l_thumb=None r_thumb=None [diag-ctx] ime_on=
2026-09-19T23:32:05.299358Z DEBUG awase::journal: key input seq=79 elapsed_ms=31035 vk_code=27 is_down=false injected=false key_class="Passthrough" state_before="Idle" state_after="Idle" decision="PassThrough" physical="Allow" repeat_count=1 last_timestamp_us=31035003 last_elapsed_ms=0
2026-09-19T23:32:05.299451Z DEBUG execute_from_hook: awase_windows::runtime::executor: [relay-passthrough] PassThrough idle: direct OS pass-through (vk=0x1b up)
2026-09-19T23:32:05.299558Z DEBUG execute_one{generation=None}: awase_windows::runtime::executor: [reinject] vk=0x1b up (queued passthrough now firing)
2026-09-19T23:32:05.302257Z DEBUG awase_windows::platform: [gji-fsm] EndComposition (candidate HIDE) epoch=FocusEpoch(3)
2026-09-19T23:32:05.302492Z DEBUG awase::journal: gji fsm transition seq=80 elapsed_ms=31038 trigger="EndComposition(candidate HIDE, epoch=FocusEpoch(3))" state_before="OnComposing(Warm)" state_after="OnWarm"
2026-09-19T23:32:07.176093Z DEBUG awase_windows::runtime::key_pipeline: [shadow-toggle] vk=0x1DはFSM delegate所有 → belief書き込み/actuationをスキップ w_ops0=110789 x_ops0=245483 x_KB0=23.6
2026-09-19T23:32:07.176153Z DEBUG awase_windows::runtime::key_pipeline: [shadow-toggle] no-op: vk=0x1D action=Toggle source=PhysicalImeKey effective_open は既に true → apply-ime 見送り
2026-09-19T23:32:07.176221Z DEBUG awase_windows::runtime::key_pipeline: [engine-input] vk=0x1D KeyDown ts=32911328us delay=1ms state=Idle mods(c=false s=false a=false w=false) gas_ctrl=false phys_ctrl=false extra=0x5350494B pending_drain=0 gate_active=false l_thumb=Some(32910995) r_thumb=None [diag-
2026-09-19T23:32:07.176390Z DEBUG awase::journal: key input seq=81 elapsed_ms=32912 vk_code=29 is_down=true injected=false key_class="LeftThumb" state_before="Idle" state_after="PendingThumb(vk=0x1D,left=true)" decision="Consume" physical="Allow" repeat_count=1 last_timestamp_us=32911328 last_elapse
2026-09-19T23:32:07.236994Z DEBUG awase_windows::runtime::key_pipeline: [engine-input] vk=0x1D KeyUp ts=32972687us delay=0ms state=PendingThumb(vk=0x1D,left=true) mods(c=false s=false a=false w=false) gas_ctrl=false phys_ctrl=false extra=0x5350494B pending_drain=0 gate_active=false l_thumb=None r_th
2026-09-19T23:32:07.237134Z  INFO awase::engine::engine: IME open axis delegated (solo tap, key semantics absorption) → false (origin=ExplicitUserAction)
2026-09-19T23:32:07.237249Z DEBUG awase::journal: key input seq=82 elapsed_ms=32973 vk_code=29 is_down=false injected=false key_class="LeftThumb" state_before="PendingThumb(vk=0x1D,left=true)" state_after="Idle" decision="Consume" physical="Allow" repeat_count=1 last_timestamp_us=32972687 last_elaps
2026-09-19T23:32:07.237364Z DEBUG awase::journal: ime event seq=83 elapsed_ms=32973 event_kind="UserImeSetIntent"
2026-09-19T23:32:07.237425Z DEBUG awase::journal: ime event seq=84 elapsed_ms=32973 event_kind="ImeApplyRequested"
2026-09-19T23:32:07.237462Z  INFO awase_windows::runtime::key_pipeline: IME control: preconditions.ime_on = false (SetOpenRequest, origin=ExplicitUserAction), was_open_before=true last_intent_before=Some(true) poll suspended
2026-09-19T23:32:07.237916Z DEBUG execute_one{generation=Some(ApplyGeneration(2))}:dispatch_ime_set_open{open=false generation=Some(ApplyGeneration(2))}: awase_windows::runtime::executor: [dispatch-ime] ImmCross async: optimistic applied_snapshot=false (suppress send_engine_state_ime_key)
2026-09-19T23:32:07.240905Z DEBUG execute_one{generation=Some(ApplyGeneration(2))}: awase_windows::platform: [engine-state-key] skipped (apply_ime_open aligned ime=false, profile=Standard)
2026-09-19T23:32:07.249474Z DEBUG run_open_chain_async: awase_windows::ime_controller: [warrant-shadow] chain=async open=false origin=EventOrigin { source: SelfActuated { strategy: "engine_decision_async" }, epoch: Generation(0) } warranted
2026-09-19T23:32:07.249684Z  INFO run_open_chain_async:imm_cross_write{open=false}: awase_windows::runtime::open_chain: [apply-ime] ImmCross async: open=false composition_active=false show_seq=0 change_seq=0 (issue #138診断)
2026-09-19T23:32:07.261063Z DEBUG awase_windows::shadow_send_trace: [shadow-send] channel=ImeControl cmd=0x0006 lparam=0 issue_us=32992735
2026-09-19T23:32:07.261097Z DEBUG awase_windows::ime: set_ime_open_for_target: hwnd=HWND(0x9e03f2) ime_wnd=HWND(0xb403f8) open=false success=true send_elapsed=4ms candidate_visible=false
2026-09-19T23:32:07.262719Z DEBUG run_open_chain_async:imm_cross_write{open=false}: awase_windows::ime: [imm-cross-actuate] hwnd=HWND(0x9e03f2) open=Written conv=None
2026-09-19T23:32:07.262897Z DEBUG run_open_chain_async: awase::journal: actuation decision seq=85 elapsed_ms=32999 site="DispatchImeSetOpen" caller="None" open=false chain_len=4 attempts_len=1 gate_profile="Standard" gate_kind="Gji" gate_shadow_known=true gate_shadow_on=true gate_input_mode="Observe
2026-09-19T23:32:07.269097Z DEBUG on_ime_apply_complete{open=false outcome=AppliedWithoutSendInput generation=Some(ApplyGeneration(2)) reason=EngineDecision}: awase::journal: ime open applied seq=86 elapsed_ms=33005 open=false outcome="AppliedWithoutSendInput" reason="EngineDecision"
2026-09-19T23:32:07.274947Z DEBUG on_ime_apply_complete{open=false outcome=AppliedWithoutSendInput generation=Some(ApplyGeneration(2)) reason=EngineDecision}: awase::journal: ime event seq=87 elapsed_ms=33011 event_kind="ImeApplySucceeded"
2026-09-19T23:32:07.275051Z DEBUG on_ime_apply_complete{open=false outcome=AppliedWithoutSendInput generation=Some(ApplyGeneration(2)) reason=EngineDecision}: awase_windows::tsf::ime_mode_fsm: [ime-mode] SetOpen(false) applied → Off (belief, unconfirmed)
2026-09-19T23:32:07.275124Z DEBUG on_ime_apply_complete{open=false outcome=AppliedWithoutSendInput generation=Some(ApplyGeneration(2)) reason=EngineDecision}: awase_windows::platform: [composition] ImeEffect::SetOpen(false) → marking cold (prevent warm+TSF Enter leak)
2026-09-19T23:32:07.275166Z DEBUG on_ime_apply_complete{open=false outcome=AppliedWithoutSendInput generation=Some(ApplyGeneration(2)) reason=EngineDecision}: awase_windows::tsf::probe: [composition] marked cold reason=SetOpenFalse idle=2485ms → next VK/TSF output will send VK_DBE_HIRAGANA warmup
2026-09-19T23:32:07.280937Z DEBUG awase::journal: gji fsm transition seq=88 elapsed_ms=33011 trigger="ImeOff" state_before="OnWarm" state_after="OffCold"
2026-09-19T23:32:07.319851Z DEBUG awase_windows::runtime::ime_refresh: Explicit intent: bypassing typing-idle guard for IME verify (idle=94ms)
2026-09-19T23:32:07.319899Z DEBUG awase_windows::observer::ime_observer: IME snapshot: japanese=Some(true) ime_on=Some(false) romaji=Some(true) conv=Some("0x00000019") guard=false
2026-09-19T23:32:07.319983Z DEBUG awase::journal: ime event seq=89 elapsed_ms=33056 event_kind="ObserverReported"
2026-09-19T23:32:07.320010Z DEBUG awase::journal: ime event seq=90 elapsed_ms=33056 event_kind="InputModeObserved"
2026-09-19T23:32:07.858101Z DEBUG awase_windows::runtime::key_pipeline: [engine-input] vk=0x4B KeyDown ts=33594010us delay=0ms state=Idle mods(c=false s=false a=false w=false) gas_ctrl=false phys_ctrl=false extra=0x5350494B pending_drain=0 gate_active=false l_thumb=None r_thumb=None [diag-ctx] ime_o
2026-09-19T23:32:07.858211Z DEBUG awase::journal: key input seq=91 elapsed_ms=33594 vk_code=75 is_down=true injected=false key_class="Char" state_before="Idle" state_after="Idle" decision="PassThrough" physical="Allow" repeat_count=1 last_timestamp_us=33594010 last_elapsed_ms=0
2026-09-19T23:32:07.858368Z DEBUG execute_one{generation=None}: awase_windows::runtime::executor: [reinject] vk=0x4b down (queued passthrough now firing)
2026-09-19T23:32:07.931602Z DEBUG awase_windows::runtime::key_pipeline: [engine-input] vk=0x4B KeyUp ts=33667431us delay=0ms state=Idle mods(c=false s=false a=false w=false) gas_ctrl=false phys_ctrl=false extra=0x5350494B pending_drain=0 gate_active=false l_thumb=None r_thumb=None [diag-ctx] ime_on=
2026-09-19T23:32:07.931743Z DEBUG awase::journal: key input seq=92 elapsed_ms=33668 vk_code=75 is_down=false injected=false key_class="Char" state_before="Idle" state_after="Idle" decision="PassThrough" physical="Allow" repeat_count=1 last_timestamp_us=33667431 last_elapsed_ms=0
2026-09-19T23:32:07.931977Z DEBUG execute_one{generation=None}: awase_windows::runtime::executor: [reinject] vk=0x4b up (queued passthrough now firing)
2026-09-19T23:32:08.357093Z DEBUG awase_windows::runtime::key_pipeline: [engine-input] vk=0x1B KeyDown ts=34093040us delay=0ms state=Idle mods(c=false s=false a=false w=false) gas_ctrl=false phys_ctrl=false extra=0x5350494B pending_drain=0 gate_active=false l_thumb=None r_thumb=None [diag-ctx] ime_o
2026-09-19T23:32:08.357187Z DEBUG awase::journal: key input seq=93 elapsed_ms=34093 vk_code=27 is_down=true injected=false key_class="Passthrough" state_before="Idle" state_after="Idle" decision="PassThrough" physical="Allow" repeat_count=1 last_timestamp_us=34093040 last_elapsed_ms=0
2026-09-19T23:32:08.357274Z DEBUG execute_from_hook: awase_windows::tsf::probe: [composition] marked cold reason=PassthroughConfirmKey idle=3563ms → next VK/TSF output will send VK_DBE_HIRAGANA warmup
2026-09-19T23:32:08.357296Z DEBUG execute_from_hook: awase_windows::tsf::probe: [mark-send] last_send_ms=336762406
2026-09-19T23:32:08.357357Z DEBUG execute_from_hook: awase_windows::platform: [composition-fsm] EmitWarmup (ConfirmKeyDown)
2026-09-19T23:32:08.357379Z DEBUG execute_from_hook: awase_windows::runtime::executor: [relay-passthrough] PassThrough idle: direct OS pass-through (vk=0x1b down)
2026-09-19T23:32:08.357407Z DEBUG awase::journal: gji fsm transition seq=94 elapsed_ms=34093 trigger="CompositionReset(gji_idle_ms=3110)" state_before="OffCold" state_after="OffCold"
2026-09-19T23:32:08.357455Z DEBUG awase_windows::runtime::executor: [reinject-guard] suspending drain for 50ms (vk=0x1b)
2026-09-19T23:32:08.418249Z DEBUG execute_one{generation=None}: awase_windows::runtime::executor: [reinject] vk=0x1b down (queued passthrough now firing)
2026-09-19T23:32:08.418350Z DEBUG execute_one{generation=None}: awase_windows::platform: [composition] reinject KeyDown vk=0x1b → marking cold + eager warmup
2026-09-19T23:32:08.418376Z DEBUG execute_one{generation=None}: awase_windows::tsf::probe: [composition] marked cold reason=ReinjectConfirmKey idle=62ms → next VK/TSF output will send VK_DBE_HIRAGANA warmup
2026-09-19T23:32:08.418400Z DEBUG execute_one{generation=None}: awase_windows::tsf::probe: [mark-send] last_send_ms=336762468
2026-09-19T23:32:08.423863Z DEBUG awase_windows::runtime::key_pipeline: [engine-input] vk=0x1B KeyUp ts=34157174us delay=2ms state=Idle mods(c=false s=false a=false w=false) gas_ctrl=false phys_ctrl=false extra=0x5350494B pending_drain=0 gate_active=false l_thumb=None r_thumb=None [diag-ctx] ime_on=
2026-09-19T23:32:08.423973Z DEBUG awase::journal: key input seq=96 elapsed_ms=34160 vk_code=27 is_down=false injected=false key_class="Passthrough" state_before="Idle" state_after="Idle" decision="PassThrough" physical="Allow" repeat_count=1 last_timestamp_us=34157174 last_elapsed_ms=0
2026-09-19T23:32:08.424074Z DEBUG execute_from_hook: awase_windows::runtime::transport: [relay-defer] PassThrough deferred: output in-flight (0ms ago), reinject(vk=0x1b up)
2026-09-19T23:32:08.424127Z DEBUG awase::journal: gji fsm transition seq=95 elapsed_ms=34154 trigger="CompositionReset(gji_idle_ms=3172)" state_before="OffCold" state_after="OffCold"
2026-09-19T23:32:08.424244Z DEBUG awase_windows::runtime::executor: [reinject-guard] suspending drain for 50ms (vk=0x1b)
2026-09-19T23:32:08.477414Z DEBUG execute_one{generation=None}: awase_windows::runtime::executor: [reinject] vk=0x1b up (queued passthrough now firing)
2026-09-19T23:32:10.356425Z  INFO awase_windows::runtime::key_pipeline: [shadow-toggle] intent 昇格: vk=0x1D scan=0x7B action=Toggle kind=PhysicalImeKey injected=false false→true w_ops0=110789 x_ops0=245483 x_KB0=23.6
2026-09-19T23:32:10.356497Z DEBUG awase::journal: ime event seq=97 elapsed_ms=36092 event_kind="UserImeSetIntent"
2026-09-19T23:32:10.356549Z DEBUG awase_windows::runtime::key_pipeline: Shadow IME toggle: OFF → ON (vk=0x1D, source=PhysicalImeKey)
2026-09-19T23:32:10.356591Z DEBUG awase_windows::runtime::key_pipeline: [engine-input] vk=0x1D KeyDown ts=36092315us delay=0ms state=Idle mods(c=false s=false a=false w=false) gas_ctrl=false phys_ctrl=false extra=0x5350494B pending_drain=0 gate_active=false l_thumb=Some(36092303) r_thumb=None [diag-
2026-09-19T23:32:10.356635Z  INFO awase::engine::engine: Engine activated (ime=true, romaji=true, japanese=true, user=true, reason=Active)
2026-09-19T23:32:10.356737Z DEBUG awase::journal: key input seq=98 elapsed_ms=36093 vk_code=29 is_down=true injected=false key_class="LeftThumb" state_before="Idle" state_after="PendingThumb(vk=0x1D,left=true)" decision="Consume" physical="Allow" repeat_count=1 last_timestamp_us=36092315 last_elapse
2026-09-19T23:32:10.356820Z DEBUG awase::journal: ime event seq=99 elapsed_ms=36093 event_kind="EngineActivationSync"
2026-09-19T23:32:10.356860Z DEBUG awase::journal: ime event seq=100 elapsed_ms=36093 event_kind="ImeApplyRequested"
2026-09-19T23:32:10.356881Z  INFO awase_windows::runtime::key_pipeline: IME control: preconditions.ime_on = true (SetOpenRequest, origin=ActivationSync), was_open_before=true last_intent_before=Some(true) poll suspended
2026-09-19T23:32:10.357227Z DEBUG execute_one{generation=Some(ApplyGeneration(3))}:dispatch_ime_set_open{open=true generation=Some(ApplyGeneration(3))}: awase_windows::runtime::executor: [dispatch-ime] ImmCross async: optimistic applied_snapshot=true (suppress send_engine_state_ime_key)
2026-09-19T23:32:10.359090Z DEBUG execute_one{generation=Some(ApplyGeneration(3))}: awase_windows::platform: [engine-state-key] skipped (apply_ime_open aligned ime=true, profile=Standard)
2026-09-19T23:32:10.361622Z DEBUG run_open_chain_async: awase_windows::ime_controller: [warrant-shadow] chain=async open=true origin=EventOrigin { source: SelfActuated { strategy: "engine_decision_async" }, epoch: Generation(0) } warranted
2026-09-19T23:32:10.361702Z  INFO run_open_chain_async:imm_cross_write{open=true}: awase_windows::runtime::open_chain: [apply-ime] ImmCross async: open=true composition_active=false show_seq=0 change_seq=0 (issue #138診断)
2026-09-19T23:32:10.365791Z DEBUG awase_windows::shadow_send_trace: [shadow-send] channel=ImeControl cmd=0x0006 lparam=1 issue_us=36100882
2026-09-19T23:32:10.365807Z DEBUG awase_windows::ime: set_ime_open_for_target: hwnd=HWND(0x9e03f2) ime_wnd=HWND(0xb403f8) open=true success=true send_elapsed=1ms candidate_visible=false
2026-09-19T23:32:10.369318Z DEBUG run_open_chain_async:imm_cross_write{open=true}: awase_windows::ime: [imm-cross-actuate] hwnd=HWND(0x9e03f2) open=Written conv=Some(Written)
2026-09-19T23:32:10.369395Z DEBUG run_open_chain_async:imm_cross_write{open=true}: awase_windows::runtime::open_chain: [apply-ime] ROMAN 補完結果: Written
2026-09-19T23:32:10.369476Z DEBUG run_open_chain_async: awase::journal: actuation decision seq=101 elapsed_ms=36105 site="DispatchImeSetOpen" caller="None" open=true chain_len=4 attempts_len=1 gate_profile="Standard" gate_kind="Gji" gate_shadow_known=true gate_shadow_on=false gate_input_mode="Observ
2026-09-19T23:32:10.377138Z DEBUG on_ime_apply_complete{open=true outcome=AppliedWithoutSendInput generation=Some(ApplyGeneration(3)) reason=EngineDecision}: awase::journal: ime open applied seq=102 elapsed_ms=36113 open=true outcome="AppliedWithoutSendInput" reason="EngineDecision"
2026-09-19T23:32:10.379058Z DEBUG on_ime_apply_complete{open=true outcome=AppliedWithoutSendInput generation=Some(ApplyGeneration(3)) reason=EngineDecision}: awase::journal: ime event seq=103 elapsed_ms=36115 event_kind="ImeApplySucceeded"
2026-09-19T23:32:10.379100Z DEBUG on_ime_apply_complete{open=true outcome=AppliedWithoutSendInput generation=Some(ApplyGeneration(3)) reason=EngineDecision}: awase_windows::tsf::ime_mode_fsm: [ime-mode] SetOpen(true) applied → Hiragana (belief, unconfirmed)
2026-09-19T23:32:10.379127Z DEBUG on_ime_apply_complete{open=true outcome=AppliedWithoutSendInput generation=Some(ApplyGeneration(3)) reason=EngineDecision}: awase_windows::platform: [composition] ImeEffect::SetOpen(true) → marking cold
2026-09-19T23:32:10.379145Z DEBUG on_ime_apply_complete{open=true outcome=AppliedWithoutSendInput generation=Some(ApplyGeneration(3)) reason=EngineDecision}: awase_windows::tsf::probe: [composition] marked cold reason=SetOpenTrue idle=1953ms → next VK/TSF output will send VK_DBE_HIRAGANA warmup
2026-09-19T23:32:10.379200Z DEBUG on_ime_apply_complete{open=true outcome=AppliedWithoutSendInput generation=Some(ApplyGeneration(3)) reason=EngineDecision}:gji_on_event{event=ImeOn { injection_mode: Unicode, gji_idle_ms: 5125 }}: awase_windows::tsf::gji_fsm: [gji-fsm] ImeOn gji_idle=5125ms → Short
2026-09-19T23:32:10.379257Z DEBUG on_ime_apply_complete{open=true outcome=AppliedWithoutSendInput generation=Some(ApplyGeneration(3)) reason=EngineDecision}: awase_windows::platform: [gji-fsm] StartProbe probe_id=ProbeId(2) forces_f2=false long=false
2026-09-19T23:32:10.380713Z DEBUG awase::journal: gji fsm transition seq=104 elapsed_ms=36115 trigger="ImeOn(gji_idle_ms=5125)" state_before="OffCold" state_after="OnCold(Short)"
2026-09-19T23:32:10.380738Z DEBUG awase::journal: tsf probe started seq=105 elapsed_ms=36115 source="GjiAction::StartProbe" cold_seq=0 probe_id=2 probe_id_present=true gji_state="OnCold(Short)" consecutive_at_start=0 pending_deferred_len=0
2026-09-19T23:32:10.380758Z DEBUG awase::journal: gji fsm transition seq=106 elapsed_ms=36115 trigger="WarmupComplete(unicode)" state_before="OnCold(Short)" state_after="OnWarm"
2026-09-19T23:32:10.380773Z DEBUG awase::journal: tsf probe completed seq=107 elapsed_ms=36115 outcome="UnicodeImmediate" cold_seq=18446744073709551615 cold_seq_present=false probe_id=2 probe_id_present=true duration_ms=0 tick_count=0 gji_state="OnWarm"
2026-09-19T23:32:10.411420Z DEBUG awase_windows::runtime::ime_refresh: Explicit intent: bypassing typing-idle guard for IME verify (idle=47ms)
2026-09-19T23:32:10.411490Z DEBUG awase_windows::observer::ime_observer: IME snapshot: japanese=Some(true) ime_on=Some(true) romaji=Some(true) conv=Some("0x00000019") guard=false
2026-09-19T23:32:10.411615Z DEBUG awase::journal: ime event seq=108 elapsed_ms=36147 event_kind="ObserverReported"
2026-09-19T23:32:10.411666Z DEBUG awase::journal: ime event seq=109 elapsed_ms=36148 event_kind="InputModeObserved"
2026-09-19T23:32:10.430195Z DEBUG awase_windows::runtime::key_pipeline: [engine-input] vk=0x1D KeyUp ts=36165991us delay=0ms state=PendingThumb(vk=0x1D,left=true) mods(c=false s=false a=false w=false) gas_ctrl=false phys_ctrl=false extra=0x5350494B pending_drain=0 gate_active=false l_thumb=None r_th
2026-09-19T23:32:10.430330Z DEBUG awase::journal: key input seq=110 elapsed_ms=36166 vk_code=29 is_down=false injected=false key_class="LeftThumb" state_before="PendingThumb(vk=0x1D,left=true)" state_after="Idle" decision="Consume" physical="Allow" repeat_count=1 last_timestamp_us=36165991 last_elap
2026-09-19T23:32:11.044814Z DEBUG awase_windows::runtime::key_pipeline: [engine-input] vk=0x4B KeyDown ts=36780747us delay=0ms state=Idle mods(c=false s=false a=false w=false) gas_ctrl=false phys_ctrl=false extra=0x5350494B pending_drain=0 gate_active=false l_thumb=None r_thumb=None [diag-ctx] ime_o
2026-09-19T23:32:11.044933Z DEBUG awase::journal: key input seq=111 elapsed_ms=36781 vk_code=75 is_down=true injected=false key_class="Char" state_before="Idle" state_after="PendingChar(vk=0x4B)" decision="Consume" physical="Allow" repeat_count=1 last_timestamp_us=36780747 last_elapsed_ms=0
2026-09-19T23:32:11.107813Z DEBUG awase_windows::runtime::key_pipeline: [engine-input] vk=0x4B KeyUp ts=36843651us delay=0ms state=PendingChar(vk=0x4B) mods(c=false s=false a=false w=false) gas_ctrl=false phys_ctrl=false extra=0x5350494B pending_drain=0 gate_active=false l_thumb=None r_thumb=None [d
2026-09-19T23:32:11.107975Z DEBUG awase::journal: key input seq=112 elapsed_ms=36844 vk_code=75 is_down=false injected=false key_class="Char" state_before="PendingChar(vk=0x4B)" state_after="Idle" decision="Consume" physical="Allow" repeat_count=1 last_timestamp_us=36843651 last_elapsed_ms=0
2026-09-19T23:32:11.108241Z DEBUG execute_one{generation=None}: awase_windows::output: send_keys: mode=Unicode actions=[Char('き')] prev_elapsed=2688ms
2026-09-19T23:32:11.108282Z DEBUG execute_one{generation=None}: awase_windows::tsf::probe: [mark-send] last_send_ms=336765156
2026-09-19T23:32:11.108308Z DEBUG execute_one{generation=None}: awase_windows::output:   → Char('き') via Unicode
2026-09-19T23:32:11.112243Z DEBUG execute_one{generation=None}: awase_windows::tsf::probe: [mark-send] last_send_ms=336765156
2026-09-19T23:32:11.115833Z DEBUG awase_windows::tsf::gji_monitor: [gji-io] WRITE: w_ops=+2 w_KB=+0.3 (r_ops=+4 x_ops=+4 x_KB=+0.0)
2026-09-19T23:32:11.130896Z  INFO awase_windows::tsf::win_event_obs: [gji-obs] candidate SHOW #4: last_gji_write=15ms ago
2026-09-19T23:32:11.551784Z DEBUG awase_windows::runtime::key_pipeline: [engine-input] vk=0x1B KeyDown ts=37287795us delay=0ms state=Idle mods(c=false s=false a=false w=false) gas_ctrl=false phys_ctrl=false extra=0x5350494B pending_drain=0 gate_active=false l_thumb=None r_thumb=None [diag-ctx] ime_o
2026-09-19T23:32:11.551852Z DEBUG awase::journal: key input seq=113 elapsed_ms=37288 vk_code=27 is_down=true injected=false key_class="Passthrough" state_before="Idle" state_after="Idle" decision="PassThrough" physical="Allow" repeat_count=1 last_timestamp_us=37287795 last_elapsed_ms=0
2026-09-19T23:32:11.551908Z DEBUG execute_from_hook: awase_windows::runtime::executor: [relay-passthrough] PassThrough idle: direct OS pass-through (vk=0x1b down)
2026-09-19T23:32:11.551945Z DEBUG execute_one{generation=None}: awase_windows::runtime::executor: [reinject] vk=0x1b down (queued passthrough now firing)
2026-09-19T23:32:11.554058Z DEBUG awase_windows::platform: [gji-fsm] StartComposition (candidate SHOW)
2026-09-19T23:32:11.554075Z DEBUG gji_on_event{event=StartComposition}: awase_windows::tsf::gji_fsm: [gji-fsm] StartComposition: OnWarm → OnComposing(AlreadyWarm)
2026-09-19T23:32:11.554253Z DEBUG awase::journal: gji fsm transition seq=114 elapsed_ms=37290 trigger="StartComposition(candidate SHOW)" state_before="OnWarm" state_after="OnComposing(Warm)"
2026-09-19T23:32:11.558235Z  INFO awase_windows::tsf::win_event_obs: [gji-obs] candidate HIDE: last_gji_write=453ms ago
2026-09-19T23:32:11.566887Z DEBUG awase_windows::tsf::gji_monitor: [gji-io] WRITE: w_ops=+2 w_KB=+0.3 (r_ops=+4 x_ops=+4 x_KB=+0.0)
2026-09-19T23:32:11.615268Z DEBUG awase_windows::runtime::key_pipeline: [engine-input] vk=0x1B KeyUp ts=37351194us delay=0ms state=Idle mods(c=false s=false a=false w=false) gas_ctrl=false phys_ctrl=false extra=0x5350494B pending_drain=0 gate_active=false l_thumb=None r_thumb=None [diag-ctx] ime_on=
2026-09-19T23:32:11.615367Z DEBUG awase::journal: key input seq=115 elapsed_ms=37351 vk_code=27 is_down=false injected=false key_class="Passthrough" state_before="Idle" state_after="Idle" decision="PassThrough" physical="Allow" repeat_count=1 last_timestamp_us=37351194 last_elapsed_ms=0
2026-09-19T23:32:11.615458Z DEBUG execute_from_hook: awase_windows::runtime::executor: [relay-passthrough] PassThrough idle: direct OS pass-through (vk=0x1b up)
2026-09-19T23:32:11.615525Z DEBUG execute_one{generation=None}: awase_windows::runtime::executor: [reinject] vk=0x1b up (queued passthrough now firing)
2026-09-19T23:32:11.617961Z DEBUG awase_windows::platform: [gji-fsm] EndComposition (candidate HIDE) epoch=FocusEpoch(4)
2026-09-19T23:32:11.618271Z DEBUG awase::journal: gji fsm transition seq=116 elapsed_ms=37354 trigger="EndComposition(candidate HIDE, epoch=FocusEpoch(4))" state_before="OnComposing(Warm)" state_after="OnWarm"
2026-09-19T23:32:13.545226Z DEBUG awase_windows::hook: [hook] IME-mode vk=0xF2 down self_injected=false injected=false scan=0x70 extra=0x5350494B since_actuation_us=Some(19421468)
2026-09-19T23:32:13.545439Z DEBUG awase::journal: hook ime-mode diagnostic seq=117 elapsed_ms=39281 vk_code=242 is_down=true self_injected=false injected=false scan=112
2026-09-19T23:32:13.545685Z  INFO awase_windows::runtime::key_pipeline: [shadow-toggle] intent 昇格: vk=0xF2 scan=0x70 action=TurnOn kind=PhysicalImeKey injected=false true→true w_ops0=110793 x_ops0=245491 x_KB0=23.6
2026-09-19T23:32:13.545730Z DEBUG awase::journal: ime event seq=118 elapsed_ms=39282 event_kind="UserImeSetIntent"
2026-09-19T23:32:13.545754Z DEBUG awase_windows::runtime::key_pipeline: [shadow-toggle] no-op: vk=0xF2 action=TurnOn source=PhysicalImeKey effective_open は既に true → apply-ime 見送り
2026-09-19T23:32:13.545792Z DEBUG awase_windows::runtime::key_pipeline: [engine-input] vk=0xF2 KeyDown ts=39281605us delay=0ms state=Idle mods(c=false s=false a=false w=false) gas_ctrl=false phys_ctrl=false extra=0x5350494B pending_drain=0 gate_active=false l_thumb=None r_thumb=None [diag-ctx] ime_o
2026-09-19T23:32:13.545888Z DEBUG awase::journal: key input seq=119 elapsed_ms=39282 vk_code=242 is_down=true injected=false key_class="Passthrough" state_before="Idle" state_after="Idle" decision="PassThrough" physical="Allow" repeat_count=1 last_timestamp_us=39281605 last_elapsed_ms=0
2026-09-19T23:32:13.545945Z DEBUG awase_windows::runtime::key_pipeline: may_change_ime key passed through → IME refresh scheduled (20ms)
2026-09-19T23:32:13.546014Z DEBUG execute_from_hook: awase_windows::runtime::executor: [relay-passthrough] PassThrough idle: direct OS pass-through (vk=0xf2 down)
2026-09-19T23:32:13.546078Z DEBUG execute_one{generation=None}: awase_windows::runtime::executor: [reinject] vk=0xf2 down (queued passthrough now firing)
2026-09-19T23:32:13.549803Z DEBUG awase_windows::hook: [hook] IME-mode vk=0xF2 down self_injected=true injected=true scan=0x0 extra=0x4B45594D since_actuation_us=Some(19426060)
2026-09-19T23:32:13.551173Z DEBUG awase::journal: hook ime-mode diagnostic seq=120 elapsed_ms=39287 vk_code=242 is_down=true self_injected=true injected=true scan=0
2026-09-19T23:32:13.565036Z DEBUG awase_windows::tsf::gji_monitor: [gji-io] WRITE: w_ops=+2 w_KB=+0.0 (r_ops=+4 x_ops=+4 x_KB=+0.0)
2026-09-19T23:32:13.590591Z DEBUG awase_windows::runtime::ime_refresh: Explicit intent: bypassing typing-idle guard for IME verify (idle=47ms)
2026-09-19T23:32:13.590643Z DEBUG awase_windows::observer::ime_observer: IME snapshot: japanese=Some(true) ime_on=Some(true) romaji=None conv=Some("0x00000010") guard=false
2026-09-19T23:32:13.590725Z DEBUG awase::journal: ime event seq=121 elapsed_ms=39327 event_kind="ObserverReported"
2026-09-19T23:32:13.590753Z DEBUG awase::journal: ime event seq=122 elapsed_ms=39327 event_kind="InputModeObserved"
2026-09-19T23:32:13.590807Z DEBUG awase::engine::engine: [diag-engine-active] ime_on=true なのに非活性: reason=Inactive(NotRomajiInput) romaji_capable=false japanese=true user_enabled=true was_active=true input_mode=ObservedEisu
2026-09-19T23:32:13.590857Z  INFO awase::engine::engine: Engine deactivated (ime=true, romaji=false, japanese=true, user=true, reason=Inactive(NotRomajiInput))
2026-09-19T23:32:14.237396Z DEBUG awase_windows::runtime::key_pipeline: [engine-input] vk=0x4B KeyDown ts=39973339us delay=0ms state=Idle mods(c=false s=false a=false w=false) gas_ctrl=false phys_ctrl=false extra=0x5350494B pending_drain=0 gate_active=false l_thumb=None r_thumb=None [diag-ctx] ime_o
2026-09-19T23:32:14.237445Z DEBUG awase::engine::engine: [diag-engine-active] ime_on=true なのに非活性: reason=Inactive(NotRomajiInput) romaji_capable=false japanese=true user_enabled=true was_active=false input_mode=ObservedEisu
2026-09-19T23:32:14.237513Z DEBUG awase::journal: key input seq=123 elapsed_ms=39973 vk_code=75 is_down=true injected=false key_class="Char" state_before="Idle" state_after="Idle" decision="PassThrough" physical="Allow" repeat_count=1 last_timestamp_us=39973339 last_elapsed_ms=0
2026-09-19T23:32:14.238120Z DEBUG execute_one{generation=None}: awase_windows::runtime::executor: [reinject] vk=0x4b down (queued passthrough now firing)
2026-09-19T23:32:14.249463Z DEBUG awase_windows::tsf::gji_monitor: [gji-io] WRITE: w_ops=+2 w_KB=+0.4 (r_ops=+4 x_ops=+4 x_KB=+0.0)
2026-09-19T23:32:14.257862Z  INFO awase_windows::tsf::win_event_obs: [gji-obs] candidate SHOW #5: last_gji_write=16ms ago
2026-09-19T23:32:14.308416Z DEBUG awase_windows::runtime::key_pipeline: [engine-input] vk=0x4B KeyUp ts=40044442us delay=0ms state=Idle mods(c=false s=false a=false w=false) gas_ctrl=false phys_ctrl=false extra=0x5350494B pending_drain=0 gate_active=false l_thumb=None r_thumb=None [diag-ctx] ime_on=
2026-09-19T23:32:14.308445Z DEBUG awase::engine::engine: [diag-engine-active] ime_on=true なのに非活性: reason=Inactive(NotRomajiInput) romaji_capable=false japanese=true user_enabled=true was_active=false input_mode=ObservedEisu
2026-09-19T23:32:14.308485Z DEBUG awase::journal: key input seq=124 elapsed_ms=40044 vk_code=75 is_down=false injected=false key_class="Char" state_before="Idle" state_after="Idle" decision="PassThrough" physical="Allow" repeat_count=1 last_timestamp_us=40044442 last_elapsed_ms=0
2026-09-19T23:32:14.308557Z DEBUG execute_one{generation=None}: awase_windows::runtime::executor: [reinject] vk=0x4b up (queued passthrough now firing)
2026-09-19T23:32:14.310913Z DEBUG awase_windows::platform: [gji-fsm] StartComposition (candidate SHOW)
2026-09-19T23:32:14.310927Z DEBUG gji_on_event{event=StartComposition}: awase_windows::tsf::gji_fsm: [gji-fsm] StartComposition: OnWarm → OnComposing(AlreadyWarm)
2026-09-19T23:32:14.310963Z DEBUG awase::journal: gji fsm transition seq=125 elapsed_ms=40047 trigger="StartComposition(candidate SHOW)" state_before="OnWarm" state_after="OnComposing(Warm)"
2026-09-19T23:32:14.735539Z DEBUG awase_windows::runtime::key_pipeline: [engine-input] vk=0x1B KeyDown ts=40471536us delay=0ms state=Idle mods(c=false s=false a=false w=false) gas_ctrl=false phys_ctrl=false extra=0x5350494B pending_drain=0 gate_active=false l_thumb=None r_thumb=None [diag-ctx] ime_o
2026-09-19T23:32:14.735576Z DEBUG awase::engine::engine: [diag-engine-active] ime_on=true なのに非活性: reason=Inactive(NotRomajiInput) romaji_capable=false japanese=true user_enabled=true was_active=false input_mode=ObservedEisu
2026-09-19T23:32:14.735620Z DEBUG awase::journal: key input seq=126 elapsed_ms=40472 vk_code=27 is_down=true injected=false key_class="Passthrough" state_before="Idle" state_after="Idle" decision="PassThrough" physical="Allow" repeat_count=1 last_timestamp_us=40471536 last_elapsed_ms=0
2026-09-19T23:32:14.735675Z DEBUG execute_from_hook: awase_windows::runtime::executor: [relay-passthrough] PassThrough idle: direct OS pass-through (vk=0x1b down)
2026-09-19T23:32:14.735717Z DEBUG execute_one{generation=None}: awase_windows::runtime::executor: [reinject] vk=0x1b down (queued passthrough now firing)
2026-09-19T23:32:14.747126Z  INFO awase_windows::tsf::win_event_obs: [gji-obs] candidate HIDE: last_gji_write=500ms ago
2026-09-19T23:32:14.749840Z DEBUG awase_windows::tsf::gji_monitor: [gji-io] WRITE: w_ops=+2 w_KB=+0.4 (r_ops=+4 x_ops=+4 x_KB=+0.0)
2026-09-19T23:32:14.799079Z DEBUG awase_windows::runtime::key_pipeline: [engine-input] vk=0x1B KeyUp ts=40534947us delay=0ms state=Idle mods(c=false s=false a=false w=false) gas_ctrl=false phys_ctrl=false extra=0x5350494B pending_drain=0 gate_active=false l_thumb=None r_thumb=None [diag-ctx] ime_on=
2026-09-19T23:32:14.799109Z DEBUG awase::engine::engine: [diag-engine-active] ime_on=true なのに非活性: reason=Inactive(NotRomajiInput) romaji_capable=false japanese=true user_enabled=true was_active=false input_mode=ObservedEisu
2026-09-19T23:32:14.799192Z DEBUG awase::journal: key input seq=127 elapsed_ms=40535 vk_code=27 is_down=false injected=false key_class="Passthrough" state_before="Idle" state_after="Idle" decision="PassThrough" physical="Allow" repeat_count=1 last_timestamp_us=40534947 last_elapsed_ms=0
2026-09-19T23:32:14.799245Z DEBUG execute_from_hook: awase_windows::runtime::executor: [relay-passthrough] PassThrough idle: direct OS pass-through (vk=0x1b up)
2026-09-19T23:32:14.799454Z DEBUG execute_one{generation=None}: awase_windows::runtime::executor: [reinject] vk=0x1b up (queued passthrough now firing)
2026-09-19T23:32:14.802339Z DEBUG awase_windows::platform: [gji-fsm] EndComposition (candidate HIDE) epoch=FocusEpoch(5)
2026-09-19T23:32:14.802579Z DEBUG awase::journal: gji fsm transition seq=128 elapsed_ms=40538 trigger="EndComposition(candidate HIDE, epoch=FocusEpoch(5))" state_before="OnComposing(Warm)" state_after="OnWarm"
2026-09-19T23:32:16.735863Z DEBUG awase_windows::runtime::key_pipeline: [shadow-toggle] vk=0x1DはFSM delegate所有 → belief書き込み/actuationをスキップ w_ops0=110799 x_ops0=245503 x_KB0=23.6
2026-09-19T23:32:16.735916Z DEBUG awase_windows::runtime::key_pipeline: [shadow-toggle] no-op: vk=0x1D action=Toggle source=PhysicalImeKey effective_open は既に true → apply-ime 見送り
2026-09-19T23:32:16.735976Z DEBUG awase_windows::runtime::key_pipeline: [engine-input] vk=0x1D KeyDown ts=42471596us delay=0ms state=Idle mods(c=false s=false a=false w=false) gas_ctrl=false phys_ctrl=false extra=0x5350494B pending_drain=0 gate_active=false l_thumb=Some(42471576) r_thumb=None [diag-
2026-09-19T23:32:16.736029Z DEBUG awase::engine::engine: [diag-engine-active] ime_on=true なのに非活性: reason=Inactive(NotRomajiInput) romaji_capable=false japanese=true user_enabled=true was_active=false input_mode=ObservedEisu
2026-09-19T23:32:16.736110Z DEBUG awase::journal: key input seq=129 elapsed_ms=42472 vk_code=29 is_down=true injected=false key_class="LeftThumb" state_before="Idle" state_after="Idle" decision="PassThrough" physical="Allow" repeat_count=1 last_timestamp_us=42471596 last_elapsed_ms=0
2026-09-19T23:32:16.736277Z DEBUG execute_one{generation=None}: awase_windows::runtime::executor: [reinject] vk=0x1d down (queued passthrough now firing)
2026-09-19T23:32:16.748398Z DEBUG awase_windows::tsf::gji_monitor: [gji-io] WRITE: w_ops=+2 w_KB=+0.0 (r_ops=+4 x_ops=+4 x_KB=+0.0)
2026-09-19T23:32:16.799681Z DEBUG awase_windows::runtime::key_pipeline: [engine-input] vk=0x1D KeyUp ts=42535508us delay=0ms state=Idle mods(c=false s=false a=false w=false) gas_ctrl=false phys_ctrl=false extra=0x5350494B pending_drain=0 gate_active=false l_thumb=None r_thumb=None [diag-ctx] ime_on=
2026-09-19T23:32:16.799749Z DEBUG awase::engine::engine: [diag-engine-active] ime_on=true なのに非活性: reason=Inactive(NotRomajiInput) romaji_capable=false japanese=true user_enabled=true was_active=false input_mode=ObservedEisu
2026-09-19T23:32:16.799848Z DEBUG awase::journal: key input seq=130 elapsed_ms=42536 vk_code=29 is_down=false injected=false key_class="LeftThumb" state_before="Idle" state_after="Idle" decision="PassThrough" physical="Allow" repeat_count=1 last_timestamp_us=42535508 last_elapsed_ms=0
2026-09-19T23:32:16.800044Z DEBUG execute_one{generation=None}: awase_windows::runtime::executor: [reinject] vk=0x1d up (queued passthrough now firing)
2026-09-19T23:32:17.417929Z DEBUG awase_windows::runtime::key_pipeline: [engine-input] vk=0x4B KeyDown ts=43153855us delay=0ms state=Idle mods(c=false s=false a=false w=false) gas_ctrl=false phys_ctrl=false extra=0x5350494B pending_drain=0 gate_active=false l_thumb=None r_thumb=None [diag-ctx] ime_o
2026-09-19T23:32:17.417980Z DEBUG awase::engine::engine: [diag-engine-active] ime_on=true なのに非活性: reason=Inactive(NotRomajiInput) romaji_capable=false japanese=true user_enabled=true was_active=false input_mode=ObservedEisu
2026-09-19T23:32:17.418049Z DEBUG awase::journal: key input seq=131 elapsed_ms=43154 vk_code=75 is_down=true injected=false key_class="Char" state_before="Idle" state_after="Idle" decision="PassThrough" physical="Allow" repeat_count=1 last_timestamp_us=43153855 last_elapsed_ms=0
2026-09-19T23:32:17.419374Z DEBUG execute_one{generation=None}: awase_windows::runtime::executor: [reinject] vk=0x4b down (queued passthrough now firing)
2026-09-19T23:32:17.481924Z DEBUG awase_windows::runtime::key_pipeline: [engine-input] vk=0x4B KeyUp ts=43217875us delay=0ms state=Idle mods(c=false s=false a=false w=false) gas_ctrl=false phys_ctrl=false extra=0x5350494B pending_drain=0 gate_active=false l_thumb=None r_thumb=None [diag-ctx] ime_on=
2026-09-19T23:32:17.481970Z DEBUG awase::engine::engine: [diag-engine-active] ime_on=true なのに非活性: reason=Inactive(NotRomajiInput) romaji_capable=false japanese=true user_enabled=true was_active=false input_mode=ObservedEisu
2026-09-19T23:32:17.482036Z DEBUG awase::journal: key input seq=132 elapsed_ms=43218 vk_code=75 is_down=false injected=false key_class="Char" state_before="Idle" state_after="Idle" decision="PassThrough" physical="Allow" repeat_count=1 last_timestamp_us=43217875 last_elapsed_ms=0
2026-09-19T23:32:17.482172Z DEBUG execute_one{generation=None}: awase_windows::runtime::executor: [reinject] vk=0x4b up (queued passthrough now firing)
2026-09-19T23:32:17.917486Z DEBUG awase_windows::runtime::key_pipeline: [engine-input] vk=0x1B KeyDown ts=43653486us delay=0ms state=Idle mods(c=false s=false a=false w=false) gas_ctrl=false phys_ctrl=false extra=0x5350494B pending_drain=0 gate_active=false l_thumb=None r_thumb=None [diag-ctx] ime_o
2026-09-19T23:32:17.917518Z DEBUG awase::engine::engine: [diag-engine-active] ime_on=true なのに非活性: reason=Inactive(NotRomajiInput) romaji_capable=false japanese=true user_enabled=true was_active=false input_mode=ObservedEisu
2026-09-19T23:32:17.917555Z DEBUG awase::journal: key input seq=133 elapsed_ms=43653 vk_code=27 is_down=true injected=false key_class="Passthrough" state_before="Idle" state_after="Idle" decision="PassThrough" physical="Allow" repeat_count=1 last_timestamp_us=43653486 last_elapsed_ms=0
2026-09-19T23:32:17.917604Z DEBUG execute_from_hook: awase_windows::runtime::executor: [relay-passthrough] PassThrough idle: direct OS pass-through (vk=0x1b down)
2026-09-19T23:32:17.917640Z DEBUG execute_one{generation=None}: awase_windows::runtime::executor: [reinject] vk=0x1b down (queued passthrough now firing)
2026-09-19T23:32:17.980638Z DEBUG awase_windows::runtime::key_pipeline: [engine-input] vk=0x1B KeyUp ts=43716579us delay=0ms state=Idle mods(c=false s=false a=false w=false) gas_ctrl=false phys_ctrl=false extra=0x5350494B pending_drain=0 gate_active=false l_thumb=None r_thumb=None [diag-ctx] ime_on=
2026-09-19T23:32:17.980685Z DEBUG awase::engine::engine: [diag-engine-active] ime_on=true なのに非活性: reason=Inactive(NotRomajiInput) romaji_capable=false japanese=true user_enabled=true was_active=false input_mode=ObservedEisu
2026-09-19T23:32:17.980754Z DEBUG awase::journal: key input seq=134 elapsed_ms=43717 vk_code=27 is_down=false injected=false key_class="Passthrough" state_before="Idle" state_after="Idle" decision="PassThrough" physical="Allow" repeat_count=1 last_timestamp_us=43716579 last_elapsed_ms=0
2026-09-19T23:32:17.980845Z DEBUG execute_from_hook: awase_windows::runtime::executor: [relay-passthrough] PassThrough idle: direct OS pass-through (vk=0x1b up)
2026-09-19T23:32:17.980914Z DEBUG execute_one{generation=None}: awase_windows::runtime::executor: [reinject] vk=0x1b up (queued passthrough now firing)
2026-09-19T23:32:19.915007Z DEBUG awase_windows::runtime::key_pipeline: [shadow-toggle] vk=0x1DはFSM delegate所有 → belief書き込み/actuationをスキップ w_ops0=110801 x_ops0=245507 x_KB0=23.6
2026-09-19T23:32:19.915056Z DEBUG awase_windows::runtime::key_pipeline: [shadow-toggle] no-op: vk=0x1D action=Toggle source=PhysicalImeKey effective_open は既に true → apply-ime 見送り
2026-09-19T23:32:19.915106Z DEBUG awase_windows::runtime::key_pipeline: [engine-input] vk=0x1D KeyDown ts=45650865us delay=0ms state=Idle mods(c=false s=false a=false w=false) gas_ctrl=false phys_ctrl=false extra=0x5350494B pending_drain=0 gate_active=false l_thumb=Some(45650842) r_thumb=None [diag-
2026-09-19T23:32:19.915159Z DEBUG awase::engine::engine: [diag-engine-active] ime_on=true なのに非活性: reason=Inactive(NotRomajiInput) romaji_capable=false japanese=true user_enabled=true was_active=false input_mode=ObservedEisu
2026-09-19T23:32:19.915248Z DEBUG awase::journal: key input seq=135 elapsed_ms=45651 vk_code=29 is_down=true injected=false key_class="LeftThumb" state_before="Idle" state_after="Idle" decision="PassThrough" physical="Allow" repeat_count=1 last_timestamp_us=45650865 last_elapsed_ms=0
2026-09-19T23:32:19.915465Z DEBUG execute_one{generation=None}: awase_windows::runtime::executor: [reinject] vk=0x1d down (queued passthrough now firing)
2026-09-19T23:32:19.928823Z DEBUG awase_windows::tsf::gji_monitor: [gji-io] WRITE: w_ops=+2 w_KB=+0.0 (r_ops=+4 x_ops=+4 x_KB=+0.0)
2026-09-19T23:32:19.987752Z DEBUG awase_windows::runtime::key_pipeline: [engine-input] vk=0x1D KeyUp ts=45723325us delay=0ms state=Idle mods(c=false s=false a=false w=false) gas_ctrl=false phys_ctrl=false extra=0x5350494B pending_drain=0 gate_active=false l_thumb=None r_thumb=None [diag-ctx] ime_on=
2026-09-19T23:32:19.987870Z DEBUG awase::engine::engine: [diag-engine-active] ime_on=true なのに非活性: reason=Inactive(NotRomajiInput) romaji_capable=false japanese=true user_enabled=true was_active=false input_mode=ObservedEisu
2026-09-19T23:32:19.988059Z DEBUG awase::journal: key input seq=136 elapsed_ms=45724 vk_code=29 is_down=false injected=false key_class="LeftThumb" state_before="Idle" state_after="Idle" decision="PassThrough" physical="Allow" repeat_count=1 last_timestamp_us=45723325 last_elapsed_ms=0
2026-09-19T23:32:19.988332Z DEBUG execute_one{generation=None}: awase_windows::runtime::executor: [reinject] vk=0x1d up (queued passthrough now firing)
2026-09-19T23:32:20.607268Z DEBUG awase_windows::runtime::key_pipeline: [engine-input] vk=0x4B KeyDown ts=46343184us delay=0ms state=Idle mods(c=false s=false a=false w=false) gas_ctrl=false phys_ctrl=false extra=0x5350494B pending_drain=0 gate_active=false l_thumb=None r_thumb=None [diag-ctx] ime_o
2026-09-19T23:32:20.607318Z DEBUG awase::engine::engine: [diag-engine-active] ime_on=true なのに非活性: reason=Inactive(NotRomajiInput) romaji_capable=false japanese=true user_enabled=true was_active=false input_mode=ObservedEisu
2026-09-19T23:32:20.607386Z DEBUG awase::journal: key input seq=137 elapsed_ms=46343 vk_code=75 is_down=true injected=false key_class="Char" state_before="Idle" state_after="Idle" decision="PassThrough" physical="Allow" repeat_count=1 last_timestamp_us=46343184 last_elapsed_ms=0
2026-09-19T23:32:20.607525Z DEBUG execute_one{generation=None}: awase_windows::runtime::executor: [reinject] vk=0x4b down (queued passthrough now firing)
2026-09-19T23:32:20.621803Z DEBUG awase_windows::tsf::gji_monitor: [gji-io] WRITE: w_ops=+2 w_KB=+0.4 (r_ops=+4 x_ops=+4 x_KB=+0.0)
2026-09-19T23:32:20.632126Z  INFO awase_windows::tsf::win_event_obs: [gji-obs] candidate SHOW #6: last_gji_write=16ms ago
2026-09-19T23:32:20.693977Z DEBUG awase_windows::runtime::key_pipeline: [engine-input] vk=0x4B KeyUp ts=46429989us delay=0ms state=Idle mods(c=false s=false a=false w=false) gas_ctrl=false phys_ctrl=false extra=0x5350494B pending_drain=0 gate_active=false l_thumb=None r_thumb=None [diag-ctx] ime_on=
2026-09-19T23:32:20.694008Z DEBUG awase::engine::engine: [diag-engine-active] ime_on=true なのに非活性: reason=Inactive(NotRomajiInput) romaji_capable=false japanese=true user_enabled=true was_active=false input_mode=ObservedEisu
2026-09-19T23:32:20.694048Z DEBUG awase::journal: key input seq=138 elapsed_ms=46430 vk_code=75 is_down=false injected=false key_class="Char" state_before="Idle" state_after="Idle" decision="PassThrough" physical="Allow" repeat_count=1 last_timestamp_us=46429989 last_elapsed_ms=0
2026-09-19T23:32:20.694123Z DEBUG execute_one{generation=None}: awase_windows::runtime::executor: [reinject] vk=0x4b up (queued passthrough now firing)
2026-09-19T23:32:20.696544Z DEBUG awase_windows::platform: [gji-fsm] StartComposition (candidate SHOW)
2026-09-19T23:32:20.696559Z DEBUG gji_on_event{event=StartComposition}: awase_windows::tsf::gji_fsm: [gji-fsm] StartComposition: OnWarm → OnComposing(AlreadyWarm)
2026-09-19T23:32:20.696624Z DEBUG awase::journal: gji fsm transition seq=139 elapsed_ms=46432 trigger="StartComposition(candidate SHOW)" state_before="OnWarm" state_after="OnComposing(Warm)"
2026-09-19T23:32:21.107570Z DEBUG awase_windows::runtime::key_pipeline: [engine-input] vk=0x1B KeyDown ts=46843584us delay=0ms state=Idle mods(c=false s=false a=false w=false) gas_ctrl=false phys_ctrl=false extra=0x5350494B pending_drain=0 gate_active=false l_thumb=None r_thumb=None [diag-ctx] ime_o
2026-09-19T23:32:21.107603Z DEBUG awase::engine::engine: [diag-engine-active] ime_on=true なのに非活性: reason=Inactive(NotRomajiInput) romaji_capable=false japanese=true user_enabled=true was_active=false input_mode=ObservedEisu
2026-09-19T23:32:21.107641Z DEBUG awase::journal: key input seq=140 elapsed_ms=46844 vk_code=27 is_down=true injected=false key_class="Passthrough" state_before="Idle" state_after="Idle" decision="PassThrough" physical="Allow" repeat_count=1 last_timestamp_us=46843584 last_elapsed_ms=0
2026-09-19T23:32:21.107689Z DEBUG execute_from_hook: awase_windows::runtime::executor: [relay-passthrough] PassThrough idle: direct OS pass-through (vk=0x1b down)
2026-09-19T23:32:21.107723Z DEBUG execute_one{generation=None}: awase_windows::runtime::executor: [reinject] vk=0x1b down (queued passthrough now firing)
2026-09-19T23:32:21.114129Z  INFO awase_windows::tsf::win_event_obs: [gji-obs] candidate HIDE: last_gji_write=485ms ago
2026-09-19T23:32:21.122643Z DEBUG awase_windows::tsf::gji_monitor: [gji-io] WRITE: w_ops=+2 w_KB=+0.4 (r_ops=+4 x_ops=+4 x_KB=+0.0)
2026-09-19T23:32:21.173727Z DEBUG awase_windows::runtime::key_pipeline: [engine-input] vk=0x1B KeyUp ts=46909300us delay=0ms state=Idle mods(c=false s=false a=false w=false) gas_ctrl=false phys_ctrl=false extra=0x5350494B pending_drain=0 gate_active=false l_thumb=None r_thumb=None [diag-ctx] ime_on=
2026-09-19T23:32:21.173790Z DEBUG awase::engine::engine: [diag-engine-active] ime_on=true なのに非活性: reason=Inactive(NotRomajiInput) romaji_capable=false japanese=true user_enabled=true was_active=false input_mode=ObservedEisu
2026-09-19T23:32:21.173881Z DEBUG awase::journal: key input seq=141 elapsed_ms=46910 vk_code=27 is_down=false injected=false key_class="Passthrough" state_before="Idle" state_after="Idle" decision="PassThrough" physical="Allow" repeat_count=1 last_timestamp_us=46909300 last_elapsed_ms=0
2026-09-19T23:32:21.174090Z DEBUG execute_from_hook: awase_windows::runtime::executor: [relay-passthrough] PassThrough idle: direct OS pass-through (vk=0x1b up)
2026-09-19T23:32:21.174388Z DEBUG execute_one{generation=None}: awase_windows::runtime::executor: [reinject] vk=0x1b up (queued passthrough now firing)
2026-09-19T23:32:21.177819Z DEBUG awase_windows::platform: [gji-fsm] EndComposition (candidate HIDE) epoch=FocusEpoch(6)
2026-09-19T23:32:21.177934Z DEBUG awase::journal: gji fsm transition seq=142 elapsed_ms=46914 trigger="EndComposition(candidate HIDE, epoch=FocusEpoch(6))" state_before="OnComposing(Warm)" state_after="OnWarm"
2026-09-19T23:32:23.106922Z DEBUG awase_windows::hook: [hook] IME-mode vk=0xF0 up self_injected=false injected=false scan=0x70 extra=0x5350494B since_actuation_us=Some(28983168)
2026-09-19T23:32:23.107180Z DEBUG awase::journal: hook ime-mode diagnostic seq=143 elapsed_ms=48843 vk_code=240 is_down=false self_injected=false injected=false scan=112
2026-09-19T23:32:23.107374Z DEBUG awase_windows::runtime::key_pipeline: [engine-input] vk=0xF0 KeyUp ts=48843337us delay=0ms state=Idle mods(c=false s=false a=false w=false) gas_ctrl=false phys_ctrl=false extra=0x5350494B pending_drain=0 gate_active=false l_thumb=None r_thumb=None [diag-ctx] ime_on=
2026-09-19T23:32:23.107391Z DEBUG awase_windows::hook: [hook] IME-mode vk=0xF2 down self_injected=false injected=false scan=0x70 extra=0x5350494B since_actuation_us=Some(28983652)
2026-09-19T23:32:23.107416Z DEBUG awase::engine::engine: [diag-engine-active] ime_on=true なのに非活性: reason=Inactive(NotRomajiInput) romaji_capable=false japanese=true user_enabled=true was_active=false input_mode=ObservedEisu
2026-09-19T23:32:23.107612Z DEBUG awase::journal: key input seq=144 elapsed_ms=48844 vk_code=240 is_down=false injected=false key_class="Passthrough" state_before="Idle" state_after="Idle" decision="PassThrough" physical="Suppress" repeat_count=1 last_timestamp_us=48843337 last_elapsed_ms=0
2026-09-19T23:32:23.107666Z DEBUG awase_windows::runtime::key_pipeline: [imm-cross] key suppress vk=0xf0 KeyUp (physical disposition)
2026-09-19T23:32:23.107717Z DEBUG awase::journal: hook ime-mode diagnostic seq=145 elapsed_ms=48844 vk_code=242 is_down=true self_injected=false injected=false scan=112
2026-09-19T23:32:23.107795Z  INFO awase_windows::runtime::key_pipeline: [shadow-toggle] intent 昇格: vk=0xF2 scan=0x70 action=TurnOn kind=PhysicalImeKey injected=false true→true w_ops0=110807 x_ops0=245519 x_KB0=23.6
2026-09-19T23:32:23.107836Z DEBUG awase::journal: ime event seq=146 elapsed_ms=48844 event_kind="UserImeSetIntent"
2026-09-19T23:32:23.107858Z DEBUG awase_windows::runtime::key_pipeline: [shadow-toggle] no-op: vk=0xF2 action=TurnOn source=PhysicalImeKey effective_open は既に true → apply-ime 見送り
2026-09-19T23:32:23.107889Z DEBUG awase::journal: ime event seq=147 elapsed_ms=48844 event_kind="InputModeApplied"
2026-09-19T23:32:23.107913Z  INFO awase_windows::runtime::key_pipeline: [shadow-toggle] TurnOn (IME既にopen) + ObservedEisu → AssumedRomaji に リセット (UserTurnOnEisuReset)
2026-09-19T23:32:23.107936Z DEBUG awase_windows::runtime::key_pipeline: [engine-input] vk=0xF2 KeyDown ts=48843632us delay=0ms state=Idle mods(c=false s=false a=false w=false) gas_ctrl=false phys_ctrl=false extra=0x5350494B pending_drain=0 gate_active=false l_thumb=None r_thumb=None [diag-ctx] ime_o
2026-09-19T23:32:23.107969Z  INFO awase::engine::engine: Engine activated (ime=true, romaji=true, japanese=true, user=true, reason=Active)
2026-09-19T23:32:23.108028Z DEBUG awase::journal: key input seq=148 elapsed_ms=48844 vk_code=242 is_down=true injected=false key_class="Passthrough" state_before="Idle" state_after="Idle" decision="PassThroughWith" physical="Allow" repeat_count=1 last_timestamp_us=48843632 last_elapsed_ms=0
2026-09-19T23:32:23.108078Z DEBUG awase::journal: ime event seq=149 elapsed_ms=48844 event_kind="EngineActivationSync"
2026-09-19T23:32:23.108111Z DEBUG awase::journal: ime event seq=150 elapsed_ms=48844 event_kind="ImeApplyRequested"
2026-09-19T23:32:23.108127Z  INFO awase_windows::runtime::key_pipeline: IME control: preconditions.ime_on = true (SetOpenRequest, origin=ActivationSync), was_open_before=true last_intent_before=Some(true) poll suspended
2026-09-19T23:32:23.108170Z DEBUG awase_windows::runtime::key_pipeline: may_change_ime key passed through → IME refresh scheduled (20ms)
2026-09-19T23:32:23.108200Z DEBUG execute_from_hook: awase_windows::runtime::executor: [relay-flush] PassThroughWith: queue 2 effect(s) + reinject (vk=0xf2 down)
2026-09-19T23:32:23.108346Z DEBUG execute_one{generation=Some(ApplyGeneration(4))}:dispatch_ime_set_open{open=true generation=Some(ApplyGeneration(4))}: awase_windows::runtime::executor: [dispatch-ime] ImmCross async: optimistic applied_snapshot=true (suppress send_engine_state_ime_key)
2026-09-19T23:32:23.109794Z DEBUG execute_one{generation=Some(ApplyGeneration(4))}: awase_windows::platform: [engine-state-key] skipped (apply_ime_open aligned ime=true, profile=Standard)
2026-09-19T23:32:23.109893Z DEBUG execute_one{generation=Some(ApplyGeneration(4))}: awase_windows::runtime::executor: [reinject] vk=0xf2 down (queued passthrough now firing)
2026-09-19T23:32:23.110159Z DEBUG awase_windows::hook: [hook] IME-mode vk=0xF0 up self_injected=true injected=false scan=0x0 extra=0x4B45594D since_actuation_us=Some(28986422)
2026-09-19T23:32:23.113683Z DEBUG awase_windows::hook: [hook] IME-mode vk=0xF2 down self_injected=true injected=true scan=0x0 extra=0x4B45594D since_actuation_us=Some(28989942)
2026-09-19T23:32:23.115054Z DEBUG awase::journal: hook ime-mode diagnostic seq=151 elapsed_ms=48851 vk_code=240 is_down=false self_injected=true injected=false scan=0
2026-09-19T23:32:23.115092Z DEBUG awase::journal: hook ime-mode diagnostic seq=152 elapsed_ms=48851 vk_code=242 is_down=true self_injected=true injected=true scan=0
2026-09-19T23:32:23.115778Z DEBUG run_open_chain_async: awase_windows::ime_controller: [warrant-shadow] chain=async open=true origin=EventOrigin { source: SelfActuated { strategy: "engine_decision_async" }, epoch: Generation(0) } warranted
2026-09-19T23:32:23.115819Z  INFO run_open_chain_async:imm_cross_write{open=true}: awase_windows::runtime::open_chain: [apply-ime] ImmCross async: open=true composition_active=false show_seq=0 change_seq=0 (issue #138診断)
2026-09-19T23:32:23.120465Z DEBUG awase_windows::shadow_send_trace: [shadow-send] channel=ImeControl cmd=0x0006 lparam=1 issue_us=48855699
2026-09-19T23:32:23.120473Z DEBUG awase_windows::ime: set_ime_open_for_target: hwnd=HWND(0x9e03f2) ime_wnd=HWND(0xb403f8) open=true success=true send_elapsed=0ms candidate_visible=false
2026-09-19T23:32:23.120992Z DEBUG awase_windows::tsf::gji_monitor: [gji-io] WRITE: w_ops=+2 w_KB=+0.0 (r_ops=+4 x_ops=+4 x_KB=+0.0)
2026-09-19T23:32:23.121032Z DEBUG run_open_chain_async:imm_cross_write{open=true}: awase_windows::ime: [imm-cross-actuate] hwnd=HWND(0x9e03f2) open=Written conv=Some(Written)
2026-09-19T23:32:23.121071Z DEBUG run_open_chain_async:imm_cross_write{open=true}: awase_windows::runtime::open_chain: [apply-ime] ROMAN 補完結果: Written
2026-09-19T23:32:23.121133Z DEBUG run_open_chain_async: awase::journal: actuation decision seq=153 elapsed_ms=48857 site="DispatchImeSetOpen" caller="None" open=true chain_len=4 attempts_len=1 gate_profile="Standard" gate_kind="Gji" gate_shadow_known=true gate_shadow_on=true gate_input_mode="Assumed
2026-09-19T23:32:23.123643Z DEBUG on_ime_apply_complete{open=true outcome=AppliedWithoutSendInput generation=Some(ApplyGeneration(4)) reason=EngineDecision}: awase::journal: ime open applied seq=154 elapsed_ms=48860 open=true outcome="AppliedWithoutSendInput" reason="EngineDecision"
2026-09-19T23:32:23.127798Z DEBUG on_ime_apply_complete{open=true outcome=AppliedWithoutSendInput generation=Some(ApplyGeneration(4)) reason=EngineDecision}: awase::journal: ime event seq=155 elapsed_ms=48864 event_kind="ImeApplySucceeded"
2026-09-19T23:32:23.127926Z DEBUG on_ime_apply_complete{open=true outcome=AppliedWithoutSendInput generation=Some(ApplyGeneration(4)) reason=EngineDecision}: awase_windows::tsf::ime_mode_fsm: [ime-mode] SetOpen(true) applied → Hiragana (belief, unconfirmed)
2026-09-19T23:32:23.127956Z DEBUG on_ime_apply_complete{open=true outcome=AppliedWithoutSendInput generation=Some(ApplyGeneration(4)) reason=EngineDecision}: awase_windows::platform: [composition] ImeEffect::SetOpen(true) → marking cold
2026-09-19T23:32:23.127975Z DEBUG on_ime_apply_complete{open=true outcome=AppliedWithoutSendInput generation=Some(ApplyGeneration(4)) reason=EngineDecision}: awase_windows::tsf::probe: [composition] marked cold reason=SetOpenTrue idle=12015ms → next VK/TSF output will send VK_DBE_HIRAGANA warmup
2026-09-19T23:32:23.128031Z DEBUG on_ime_apply_complete{open=true outcome=AppliedWithoutSendInput generation=Some(ApplyGeneration(4)) reason=EngineDecision}:gji_on_event{event=ImeOn { injection_mode: Unicode, gji_idle_ms: 0 }}: awase_windows::tsf::gji_fsm: [gji-fsm] ImeOn: already on (OnWarm), ignor
2026-09-19T23:32:23.129013Z DEBUG awase::journal: gji fsm transition seq=156 elapsed_ms=48864 trigger="ImeOn(gji_idle_ms=0)" state_before="OnWarm" state_after="OnWarm"
2026-09-19T23:32:23.158514Z DEBUG awase_windows::runtime::ime_refresh: Explicit intent: bypassing typing-idle guard for IME verify (idle=47ms)
2026-09-19T23:32:23.158544Z DEBUG awase_windows::observer::ime_observer: IME snapshot: japanese=Some(true) ime_on=Some(true) romaji=Some(true) conv=Some("0x00000019") guard=false
2026-09-19T23:32:23.158586Z DEBUG awase::journal: ime event seq=157 elapsed_ms=48894 event_kind="ObserverReported"
2026-09-19T23:32:23.158602Z DEBUG awase::journal: ime event seq=158 elapsed_ms=48895 event_kind="InputModeObserved"
2026-09-19T23:32:23.789562Z DEBUG awase_windows::runtime::key_pipeline: [engine-input] vk=0x4B KeyDown ts=49525483us delay=0ms state=Idle mods(c=false s=false a=false w=false) gas_ctrl=false phys_ctrl=false extra=0x5350494B pending_drain=0 gate_active=false l_thumb=None r_thumb=None [diag-ctx] ime_o
2026-09-19T23:32:23.789682Z DEBUG awase::journal: key input seq=159 elapsed_ms=49526 vk_code=75 is_down=true injected=false key_class="Char" state_before="Idle" state_after="PendingChar(vk=0x4B)" decision="Consume" physical="Allow" repeat_count=1 last_timestamp_us=49525483 last_elapsed_ms=0
2026-09-19T23:32:23.852837Z DEBUG awase_windows::runtime::key_pipeline: [engine-input] vk=0x4B KeyUp ts=49588446us delay=0ms state=PendingChar(vk=0x4B) mods(c=false s=false a=false w=false) gas_ctrl=false phys_ctrl=false extra=0x5350494B pending_drain=0 gate_active=false l_thumb=None r_thumb=None [d
2026-09-19T23:32:23.852953Z DEBUG awase::journal: key input seq=160 elapsed_ms=49589 vk_code=75 is_down=false injected=false key_class="Char" state_before="PendingChar(vk=0x4B)" state_after="Idle" decision="Consume" physical="Allow" repeat_count=1 last_timestamp_us=49588446 last_elapsed_ms=0
2026-09-19T23:32:23.853133Z DEBUG execute_one{generation=None}: awase_windows::output: send_keys: mode=Unicode actions=[Char('き')] prev_elapsed=12750ms
2026-09-19T23:32:23.853161Z DEBUG execute_one{generation=None}: awase_windows::tsf::probe: [mark-send] last_send_ms=336777906
2026-09-19T23:32:23.853180Z DEBUG execute_one{generation=None}: awase_windows::output:   → Char('き') via Unicode
2026-09-19T23:32:23.855515Z DEBUG execute_one{generation=None}: awase_windows::tsf::probe: [mark-send] last_send_ms=336777906
2026-09-19T23:32:23.866420Z DEBUG awase_windows::tsf::gji_monitor: [gji-io] WRITE: w_ops=+2 w_KB=+0.3 (r_ops=+4 x_ops=+4 x_KB=+0.0)
2026-09-19T23:32:23.869350Z  INFO awase_windows::tsf::win_event_obs: [gji-obs] candidate SHOW #7: last_gji_write=0ms ago
2026-09-19T23:32:24.293774Z DEBUG awase_windows::runtime::key_pipeline: [engine-input] vk=0x1B KeyDown ts=50029712us delay=0ms state=Idle mods(c=false s=false a=false w=false) gas_ctrl=false phys_ctrl=false extra=0x5350494B pending_drain=0 gate_active=false l_thumb=None r_thumb=None [diag-ctx] ime_o
2026-09-19T23:32:24.293881Z DEBUG awase::journal: key input seq=161 elapsed_ms=50030 vk_code=27 is_down=true injected=false key_class="Passthrough" state_before="Idle" state_after="Idle" decision="PassThrough" physical="Allow" repeat_count=1 last_timestamp_us=50029712 last_elapsed_ms=0
2026-09-19T23:32:24.293970Z DEBUG execute_from_hook: awase_windows::runtime::executor: [relay-passthrough] PassThrough idle: direct OS pass-through (vk=0x1b down)
2026-09-19T23:32:24.294042Z DEBUG execute_one{generation=None}: awase_windows::runtime::executor: [reinject] vk=0x1b down (queued passthrough now firing)
2026-09-19T23:32:24.296149Z DEBUG awase_windows::platform: [gji-fsm] StartComposition (candidate SHOW)
2026-09-19T23:32:24.296182Z DEBUG gji_on_event{event=StartComposition}: awase_windows::tsf::gji_fsm: [gji-fsm] StartComposition: OnWarm → OnComposing(AlreadyWarm)
2026-09-19T23:32:24.296256Z DEBUG awase::journal: gji fsm transition seq=162 elapsed_ms=50032 trigger="StartComposition(candidate SHOW)" state_before="OnWarm" state_after="OnComposing(Warm)"
2026-09-19T23:32:24.302547Z  INFO awase_windows::tsf::win_event_obs: [gji-obs] candidate HIDE: last_gji_write=422ms ago
2026-09-19T23:32:24.307451Z DEBUG awase_windows::tsf::gji_monitor: [gji-io] WRITE: w_ops=+2 w_KB=+0.3 (r_ops=+4 x_ops=+4 x_KB=+0.0)
2026-09-19T23:32:24.360880Z DEBUG awase_windows::runtime::key_pipeline: [engine-input] vk=0x1B KeyUp ts=50096783us delay=0ms state=Idle mods(c=false s=false a=false w=false) gas_ctrl=false phys_ctrl=false extra=0x5350494B pending_drain=0 gate_active=false l_thumb=None r_thumb=None [diag-ctx] ime_on=
2026-09-19T23:32:24.361012Z DEBUG awase::journal: key input seq=163 elapsed_ms=50097 vk_code=27 is_down=false injected=false key_class="Passthrough" state_before="Idle" state_after="Idle" decision="PassThrough" physical="Allow" repeat_count=1 last_timestamp_us=50096783 last_elapsed_ms=0
2026-09-19T23:32:24.361109Z DEBUG execute_from_hook: awase_windows::runtime::executor: [relay-passthrough] PassThrough idle: direct OS pass-through (vk=0x1b up)
2026-09-19T23:32:24.361193Z DEBUG execute_one{generation=None}: awase_windows::runtime::executor: [reinject] vk=0x1b up (queued passthrough now firing)
2026-09-19T23:32:24.363871Z DEBUG awase_windows::platform: [gji-fsm] EndComposition (candidate HIDE) epoch=FocusEpoch(7)
2026-09-19T23:32:24.364065Z DEBUG awase::journal: gji fsm transition seq=164 elapsed_ms=50100 trigger="EndComposition(candidate HIDE, epoch=FocusEpoch(7))" state_before="OnComposing(Warm)" state_after="OnWarm"
2026-09-19T23:32:27.753033Z DEBUG awase_windows::tsf::gji_monitor: [gji-io] WRITE: w_ops=+1 w_KB=+0.0 (r_ops=+2 x_ops=+2 x_KB=+0.0)
2026-09-19T23:32:27.849874Z DEBUG awase_windows::runtime: [focus-sync] hwnd=0x3042C class="CASCADIA_HOSTING_WINDOW_CLASS" app_kind=Win32 hint=ForceTsf → mode=Tsf
2026-09-19T23:32:27.850004Z DEBUG awase_windows::runtime: [focus-sync] belief=ON かつ実状態を問い合わせられないプロファイル (profile=Imm32Unavailable) → 次の入力で再プライムするため cold mark
2026-09-19T23:32:27.850046Z DEBUG awase_windows::tsf::probe: [composition] marked cold reason=FocusChange idle=3984ms → next VK/TSF output will send VK_DBE_HIRAGANA warmup
2026-09-19T23:32:27.850104Z DEBUG awase_windows::tsf::tsf_gate: [tsf-gate] focus change → PendingWarmup (held cleared)
2026-09-19T23:32:27.857642Z DEBUG awase_windows::runtime: [focus-sync] hwnd=0x30580 class="Windows.UI.Composition.DesktopWindowContentBridge" app_kind=Win32 hint=Default → mode=Unicode
2026-09-19T23:32:27.857736Z DEBUG awase_windows::output: [tsf-gate] focus change while PendingWarmup — held バッファを保持して再初期化スキップ (Chrome等の連続フォーカスイベント対策)
2026-09-19T23:32:27.863993Z DEBUG awase_windows::runtime: [focus-sync] hwnd=0x5058A class="Windows.UI.Input.InputSite.WindowClass" app_kind=Uwp hint=ForceTsf → mode=Tsf
2026-09-19T23:32:27.864019Z DEBUG awase_windows::runtime: [focus-sync] belief=ON かつ実状態を問い合わせられないプロファイル (profile=TsfNative) → 次の入力で再プライムするため cold mark
2026-09-19T23:32:27.864032Z DEBUG awase_windows::tsf::probe: [composition] marked cold reason=FocusChange idle=4000ms → next VK/TSF output will send VK_DBE_HIRAGANA warmup
2026-09-19T23:32:27.864043Z DEBUG awase_windows::output: [tsf-gate] focus change while PendingWarmup — held バッファを保持して再初期化スキップ (Chrome等の連続フォーカスイベント対策)
2026-09-19T23:32:27.922550Z  INFO apply_focus_probe_result: awase_windows::runtime::focus_tracking: AppKind changed: Win32 → Uwp (class=Windows.UI.Input.InputSite.WindowClass)
2026-09-19T23:32:27.928632Z DEBUG apply_focus_probe_result: awase_windows::runtime::focus_tracking: Focus kind changed: TextInput → Undetermined (reason=Undetermined)
2026-09-19T23:32:27.928859Z DEBUG apply_focus_probe_result: awase::journal: focus transition seq=165 elapsed_ms=53665 changed_process=true changed_window=true changed_app_kind=true changed_focus_kind=true dwell_ms=33672 profile="TsfNative"
2026-09-19T23:32:27.929007Z  INFO apply_focus_probe_result: awase_windows::runtime::focus_tracking: FocusChange [29728→19612] Windows.UI.Input.InputSite.WindowClass: stale ime_on=true intent=Some(true) mode=ObservedRomaji japanese=true
2026-09-19T23:32:27.929027Z DEBUG apply_focus_probe_result: awase_windows::tsf::probe: [composition] focus changed → marked cold
2026-09-19T23:32:27.929039Z DEBUG apply_focus_probe_result: awase_windows::runtime: [keymap] active rules recomputed: 0 rule(s) for process="windowsterminal.exe"
2026-09-19T23:32:27.929048Z DEBUG apply_focus_probe_result: awase_windows::runtime::focus_tracking: [keymap] active rules updated on focus change: 0 rule(s) (hwnd=HWND(0x5058a) kind=Undetermined focus_epoch=3)
2026-09-19T23:32:27.929066Z DEBUG apply_focus_probe_result:reduce: awase_windows::state::ime_model: [explicit-intent] cleared (focus change)
2026-09-19T23:32:27.929081Z DEBUG apply_focus_probe_result: awase::journal: ime event seq=166 elapsed_ms=53665 event_kind="FocusChanged"
2026-09-19T23:32:27.929112Z DEBUG apply_focus_probe_result: awase_windows::runtime::focus_tracking: [focus] TsfNative/SSOT: cache restore スキップ (desired_open=true cache_hwnd=Some(329098) new_hwnd=329098) — 最初のキー入力で dispatch_ime が apply
2026-09-19T23:32:27.929294Z DEBUG awase_windows::runtime::ime_refresh: Skipping IMM query for known-broken class (shadow state SSOT)
2026-09-19T23:32:27.929302Z DEBUG awase_windows::observer::gji_observer: [gji-poll] GJI I/O 188ms ago predates focus change (188ms before focus) → skipped
2026-09-19T23:32:27.929313Z DEBUG awase_windows::runtime::ime_refresh: [composition] focus change → marking cold
2026-09-19T23:32:27.929319Z DEBUG awase_windows::tsf::probe: [composition] marked cold reason=FocusChange idle=4078ms → next VK/TSF output will send VK_DBE_HIRAGANA warmup
2026-09-19T23:32:27.929341Z DEBUG gji_on_event{event=FocusChange { injection_mode: Tsf, gji_idle_ms: 188 }}: awase_windows::tsf::gji_fsm: [gji-fsm] FocusChange gji_idle=188ms → Short
2026-09-19T23:32:27.929404Z DEBUG awase_windows::platform: [gji-fsm] StartProbe probe_id=ProbeId(3) forces_f2=false long=false
2026-09-19T23:32:27.929416Z DEBUG awase_windows::tsf::ime_mode_fsm: [ime-mode] FocusChange → Unknown
2026-09-19T23:32:27.929441Z DEBUG awase::journal: gji fsm transition seq=167 elapsed_ms=53665 trigger="FocusChange(gji_idle_ms=188)" state_before="OnWarm" state_after="OnCold(Short)"
2026-09-19T23:32:27.929452Z DEBUG awase::journal: tsf probe started seq=168 elapsed_ms=53665 source="GjiAction::StartProbe" cold_seq=0 probe_id=3 probe_id_present=true gji_state="OnCold(Short)" consecutive_at_start=0 pending_deferred_len=0
2026-09-19T23:32:27.929494Z DEBUG awase_windows::shadow_send_trace: [shadow-send] channel=SendInput kind=tsf_marker_warmup vk=[16] issue_us=53665667
2026-09-19T23:32:27.929604Z DEBUG awase_windows::hook: [hook] IME-mode vk=0x16 down self_injected=true injected=true scan=0xF2 extra=0x4B455946 since_actuation_us=Some(118)
2026-09-19T23:32:27.930904Z DEBUG awase_windows::hook: [hook] IME-mode vk=0x16 up self_injected=true injected=true scan=0xF2 extra=0x4B455946 since_actuation_us=Some(1412)
2026-09-19T23:32:27.931624Z  INFO awase_windows::output: [tsf-eager-warmup] VK_IME_ON 送信 (origin=gated), eager_warmup_sent_ms=336781984ms
2026-09-19T23:32:27.931643Z DEBUG awase_windows::runtime::ime_refresh: [composition] FocusChange: send_eager_tsf_warmup called (ime_on via warmup_ime_on())
2026-09-19T23:32:27.932666Z DEBUG awase_windows::platform: [ime-mode] FocusProbe: GJI actuation との交錯を検知 → hint更新をabandon
2026-09-19T23:32:27.932855Z DEBUG awase::journal: hook ime-mode diagnostic seq=169 elapsed_ms=53669 vk_code=22 is_down=true self_injected=true injected=true scan=242
2026-09-19T23:32:27.932893Z DEBUG awase::journal: hook ime-mode diagnostic seq=170 elapsed_ms=53669 vk_code=22 is_down=false self_injected=true injected=true scan=242
2026-09-19T23:32:27.938200Z DEBUG awase_windows::tsf::gji_monitor: [gji-io] WRITE: w_ops=+1 w_KB=+0.0 (r_ops=+2 x_ops=+2 x_KB=+0.0)
2026-09-19T23:32:34.341701Z  WARN awase_windows::runtime::message_handlers: Hook watchdog: no activity for 6406ms (OS全体の最終入力は6406ms前、OSも無操作のため単なるアイドルの可能性が高い)
2026-09-19T23:32:37.338727Z  WARN awase_windows::runtime::message_handlers: Hook watchdog: no activity for 9406ms (OS全体の最終入力は9406ms前、OSも無操作のため単なるアイドルの可能性が高い)
2026-09-19T23:32:40.336285Z  WARN awase_windows::runtime::message_handlers: Hook watchdog: no activity for 12406ms (OS全体の最終入力は12406ms前、OSも無操作のため単なるアイドルの可能性が高い)
2026-09-19T23:32:43.346205Z  WARN awase_windows::runtime::message_handlers: Hook watchdog: no activity for 15406ms (OS全体の最終入力は15406ms前、OSも無操作のため単なるアイドルの可能性が高い)
2026-09-19T23:32:46.341976Z  WARN awase_windows::runtime::message_handlers: Hook watchdog: no activity for 18406ms (OS全体の最終入力は18406ms前、OSも無操作のため単なるアイドルの可能性が高い)
2026-09-19T23:32:49.335490Z  WARN awase_windows::runtime::message_handlers: Hook watchdog: no activity for 21406ms (OS全体の最終入力は21406ms前、OSも無操作のため単なるアイドルの可能性が高い)
script error: Output type incorrect: bool (expecting ())
