2026-09-19T23:47:44.023710Z  WARN awase_windows::runtime::message_handlers: Hook watchdog: no activity for 24657ms (OS全体の最終入力は1078ms前 → フックにイベントが届いていない疑い(issue #165))
2026-09-19T23:47:44.907618Z DEBUG awase_windows::runtime: [focus-sync] hwnd=0xA50BA4 class="ImeKeyMatrixSpikeWindowClass" app_kind=Win32 hint=Default → mode=Unicode
2026-09-19T23:47:44.907699Z DEBUG awase_windows::tsf::tsf_gate: [tsf-gate] focus change → PendingWarmup (held cleared)
2026-09-19T23:47:45.000867Z DEBUG awase_windows::runtime: [focus-sync] hwnd=0x9504F2 class="Edit" app_kind=Win32 hint=Default → mode=Unicode
2026-09-19T23:47:45.000932Z DEBUG awase_windows::output: [tsf-gate] focus change while PendingWarmup — held バッファを保持して再初期化スキップ (Chrome等の連続フォーカスイベント対策)
2026-09-19T23:47:45.050566Z  INFO apply_focus_probe_result: awase_windows::runtime::focus_tracking: AppKind changed: Uwp → Win32 (class=ImeKeyMatrixSpikeWindowClass)
2026-09-19T23:47:45.053844Z DEBUG apply_focus_probe_result: awase::journal: focus transition seq=1776 elapsed_ms=646142 changed_process=true changed_window=true changed_app_kind=true changed_focus_kind=false dwell_ms=25672 profile="ImmCross"
2026-09-19T23:47:45.054007Z  INFO apply_focus_probe_result: awase_windows::runtime::focus_tracking: FocusChange [19612→33880] ImeKeyMatrixSpikeWindowClass: stale ime_on=true intent=None mode=ObservedRomaji japanese=true
2026-09-19T23:47:45.054025Z DEBUG apply_focus_probe_result: awase_windows::tsf::probe: [composition] focus changed → marked cold
2026-09-19T23:47:45.054037Z DEBUG apply_focus_probe_result: awase_windows::runtime: [keymap] active rules recomputed: 0 rule(s) for process="ime_key_matrix_spike.exe"
2026-09-19T23:47:45.054046Z DEBUG apply_focus_probe_result: awase_windows::runtime::focus_tracking: [keymap] active rules updated on focus change: 0 rule(s) (hwnd=HWND(0xa50ba4) kind=Undetermined focus_epoch=34)
2026-09-19T23:47:45.054064Z DEBUG apply_focus_probe_result:reduce: awase_windows::state::ime_model: [explicit-intent] cleared (focus change)
2026-09-19T23:47:45.054076Z DEBUG apply_focus_probe_result: awase::journal: ime event seq=1777 elapsed_ms=646142 event_kind="FocusChanged"
2026-09-19T23:47:45.054101Z DEBUG apply_focus_probe_result: awase_windows::runtime::focus_tracking: [focus] Imm32Unavailable hard pre-sync applied=true (prevent spurious VK_KANJI on first character key)
2026-09-19T23:47:45.054121Z DEBUG apply_focus_probe_result:gji_on_event{event=ImeOn { injection_mode: Unicode, gji_idle_ms: 25656 }}: awase_windows::tsf::gji_fsm: [gji-fsm] ImeOn: already on (OnCold(Short)), ignored
2026-09-19T23:47:45.054138Z DEBUG apply_focus_probe_result: awase::journal: gji fsm transition seq=1778 elapsed_ms=646142 trigger="ImeOn(gji_idle_ms=25656)" state_before="OnCold(Short)" state_after="OnCold(Short)"
2026-09-19T23:47:45.054720Z DEBUG awase_windows::observer::ime_observer: IME snapshot: japanese=Some(true) ime_on=None romaji=None conv=Some("0x00000009") guard=false
2026-09-19T23:47:45.054761Z DEBUG awase_windows::runtime::ime_refresh: ObserverPoll +0ms since focus: detection failed (miss=1), stale ime_on=true mode=ObservedRomaji
2026-09-19T23:47:45.057866Z DEBUG awase_windows::ime_diagnostic: [ime-diag] label=focus_changed t=337699109 hwnd=0x0 pid=0 tid=46944 class="" hkl=04110411 lang=0411 imm_bridge=true imc_open=- imc_conv=- shadow_on=false shadow_romaji=false shadow_jp=false inject=Unknown dt_focus_ms=- dt_activity_ms=-
2026-09-19T23:47:45.057922Z DEBUG awase_windows::runtime::ime_refresh: [composition] focus change → marking cold
2026-09-19T23:47:45.057960Z DEBUG awase_windows::tsf::probe: [composition] marked cold reason=FocusChange idle=29703ms → next VK/TSF output will send VK_DBE_HIRAGANA warmup
2026-09-19T23:47:45.058032Z DEBUG gji_on_event{event=FocusChange { injection_mode: Unicode, gji_idle_ms: 25656 }}: awase_windows::tsf::gji_fsm: [gji-fsm] FocusChange gji_idle=25656ms → Long
2026-09-19T23:47:45.058098Z DEBUG awase_windows::platform: [gji-fsm] CancelProbe probe_id=ProbeId(43)
2026-09-19T23:47:45.058118Z DEBUG awase_windows::platform: [gji-fsm] StartProbe probe_id=ProbeId(44) forces_f2=true long=true
2026-09-19T23:47:45.058135Z DEBUG awase_windows::platform: [gji-fsm] Unicode long-cold StartProbe: VK_IME_OFF→VK_IME_ON reinit (chars なし)
2026-09-19T23:47:45.058149Z DEBUG awase_windows::output::probe_io: [chrome-reinit] cold=0 VK_IME_OFF→VK_IME_ON 強制リセット送信 + IMC ポーリング開始 (write_bytes_baseline=187073607)
2026-09-19T23:47:45.058184Z DEBUG awase_windows::shadow_send_trace: [shadow-send] channel=SendInput kind=kanji_marker vk=[1A, 16] issue_us=646146699
2026-09-19T23:47:45.061485Z DEBUG awase_windows::hook: [hook] IME-mode vk=0x1A down self_injected=true injected=true scan=0x0 extra=0x4B45594A since_actuation_us=Some(3302)
2026-09-19T23:47:45.069743Z DEBUG awase_windows::hook: [hook] IME-mode vk=0x1A up self_injected=true injected=true scan=0x0 extra=0x4B45594A since_actuation_us=Some(11559)
2026-09-19T23:47:45.073576Z DEBUG awase_windows::hook: [hook] IME-mode vk=0x16 down self_injected=true injected=true scan=0x0 extra=0x4B45594A since_actuation_us=Some(15393)
2026-09-19T23:47:45.076375Z DEBUG awase_windows::hook: [hook] IME-mode vk=0x16 up self_injected=true injected=true scan=0x0 extra=0x4B45594A since_actuation_us=Some(18197)
2026-09-19T23:47:45.077675Z DEBUG awase_windows::tsf::ime_mode_fsm: [ime-mode] VK_IME_OFF 送信 → Off (belief, unconfirmed)
2026-09-19T23:47:45.077708Z DEBUG awase_windows::tsf::ime_mode_fsm: [ime-mode] VK_IME_ON 送信 → Hiragana (belief, unconfirmed)
2026-09-19T23:47:45.078205Z DEBUG awase_windows::tsf::ime_mode_fsm: [ime-mode] FocusChange (0ms after VK send) → confirmed=false のみ（state=Hiragana 維持）
2026-09-19T23:47:45.078278Z DEBUG awase::journal: gji fsm transition seq=1779 elapsed_ms=646146 trigger="FocusChange(gji_idle_ms=25656)" state_before="OnCold(Short)" state_after="OnCold(Long)"
2026-09-19T23:47:45.078296Z DEBUG awase::journal: tsf probe completed seq=1780 elapsed_ms=646146 outcome="Canceled" cold_seq=18446744073709551615 cold_seq_present=false probe_id=43 probe_id_present=true duration_ms=25688 tick_count=0 gji_state="OnCold(Long)"
2026-09-19T23:47:45.078307Z DEBUG awase::journal: tsf probe started seq=1781 elapsed_ms=646146 source="GjiAction::StartProbe" cold_seq=2 probe_id=44 probe_id_present=true gji_state="OnCold(Long)" consecutive_at_start=0 pending_deferred_len=0
2026-09-19T23:47:45.078317Z DEBUG awase::journal: gji fsm transition seq=1782 elapsed_ms=646166 trigger="WarmupComplete(unicode)" state_before="OnCold(Long)" state_after="OnWarm"
2026-09-19T23:47:45.078323Z DEBUG awase::journal: tsf probe completed seq=1783 elapsed_ms=646166 outcome="UnicodeImmediate" cold_seq=18446744073709551615 cold_seq_present=false probe_id=44 probe_id_present=true duration_ms=16 tick_count=0 gji_state="OnWarm"
2026-09-19T23:47:45.078358Z DEBUG awase_windows::runtime::ime_refresh: [composition] FocusChange: send_eager_tsf_warmup called (ime_on via warmup_ime_on())
2026-09-19T23:47:45.078702Z DEBUG awase::journal: hook ime-mode diagnostic seq=1784 elapsed_ms=646167 vk_code=26 is_down=true self_injected=true injected=true scan=0
2026-09-19T23:47:45.078714Z DEBUG awase::journal: hook ime-mode diagnostic seq=1785 elapsed_ms=646167 vk_code=26 is_down=false self_injected=true injected=true scan=0
2026-09-19T23:47:45.078723Z DEBUG awase::journal: hook ime-mode diagnostic seq=1786 elapsed_ms=646167 vk_code=22 is_down=true self_injected=true injected=true scan=0
2026-09-19T23:47:45.078732Z DEBUG awase::journal: hook ime-mode diagnostic seq=1787 elapsed_ms=646167 vk_code=22 is_down=false self_injected=true injected=true scan=0
2026-09-19T23:47:45.080363Z DEBUG awase_windows::ime: [idle-conv-check-diag] focused_hwnd=HWND(0x9504f2) ime_wnd=Some(HWND(0x1122af0))
2026-09-19T23:47:45.083959Z DEBUG awase::journal: ime event seq=1788 elapsed_ms=646172 event_kind="ObserverReported"
2026-09-19T23:47:45.083985Z DEBUG awase_windows::runtime::focus_tracking: [ImmCrossProbe/focus] child-hwnd IME=true → High confidence 観測記録
2026-09-19T23:47:45.084757Z DEBUG awase_windows::tsf::gji_monitor: [gji-io] WRITE: w_ops=+5 w_KB=+0.1 (r_ops=+10 x_ops=+10 x_KB=+0.0)
2026-09-19T23:47:45.086330Z  INFO awase_windows::output::probe_io: [chrome-reinit] cold=0 GJI write_bytes 上昇検出: tick=#0 delta=+56B (+0.1KB)
2026-09-19T23:47:45.089453Z DEBUG awase_windows::ime: [idle-conv-check-diag] focused_hwnd=HWND(0x9504f2) ime_wnd=Some(HWND(0x1122af0))
2026-09-19T23:47:45.091228Z DEBUG awase_windows::output::probe_io: [chrome-reinit] cold=0 IMC poll #0: conv=0x00000009 NATIVE=true write_delta=+56B
2026-09-19T23:47:45.091257Z DEBUG awase_windows::output::probe_io: [chrome-reinit] cold=0 stale focus_gen=32 → ポーリング終了
2026-09-19T23:47:45.091271Z  INFO awase_windows::output::probe_io: [chrome-reinit] cold=0 ポーリング完了: total_write_delta=+56B first_write_tick=Some(1)
2026-09-19T23:47:45.109749Z DEBUG awase_windows::runtime: [focus-sync] hwnd=0xA21812 class="RICHEDIT50W" app_kind=Win32 hint=Default → mode=Unicode
2026-09-19T23:47:45.109823Z DEBUG awase_windows::tsf::tsf_gate: [tsf-gate] focus change → PendingWarmup (held cleared)
2026-09-19T23:47:45.126620Z DEBUG awase_windows::runtime: [focus-sync] hwnd=0x9504F2 class="Edit" app_kind=Win32 hint=Default → mode=Unicode
2026-09-19T23:47:45.126679Z DEBUG awase_windows::output: [tsf-gate] focus change while PendingWarmup — held バッファを保持して再初期化スキップ (Chrome等の連続フォーカスイベント対策)
2026-09-19T23:47:45.188511Z DEBUG apply_focus_probe_result: awase_windows::runtime::focus_tracking: Focus kind changed: Undetermined → TextInput (reason=KnownTextClass(Edit))
2026-09-19T23:47:45.188612Z DEBUG apply_focus_probe_result:reduce: awase_windows::state::observation_store: [focus-hwnd-track] update_focus_window: current_fence.hwnd HwndId(10816420) -> HwndId(9766130)
2026-09-19T23:47:45.188661Z DEBUG apply_focus_probe_result: awase::journal: ime event seq=1789 elapsed_ms=646277 event_kind="FocusHwndUpdated"
2026-09-19T23:47:45.188701Z DEBUG apply_focus_probe_result: awase::journal: focus transition seq=1790 elapsed_ms=646277 changed_process=false changed_window=true changed_app_kind=false changed_focus_kind=true dwell_ms=141 profile="ImmCross"
2026-09-19T23:47:45.188987Z DEBUG awase_windows::state::observation_store: [identity-gate] hwnd不一致で除外: source=ImmCrossProbe obs_hwnd=HwndId(10816420) current_hwnd=HwndId(9766130) confidence=High
2026-09-19T23:47:45.189007Z DEBUG awase_windows::state::observation_store: [identity-gate] hwnd不一致で除外: source=ImmCrossProbe obs_hwnd=HwndId(10816420) current_hwnd=HwndId(9766130) confidence=High
2026-09-19T23:47:45.189096Z DEBUG awase_windows::state::observation_store: [identity-gate] hwnd不一致で除外: source=ImmCrossProbe obs_hwnd=HwndId(10816420) current_hwnd=HwndId(9766130) confidence=High
2026-09-19T23:47:45.189112Z DEBUG awase_windows::state::observation_store: [identity-gate] hwnd不一致で除外: source=ImmCrossProbe obs_hwnd=HwndId(10816420) current_hwnd=HwndId(9766130) confidence=High
2026-09-19T23:47:45.189139Z DEBUG awase_windows::observer::ime_observer: IME snapshot: japanese=Some(true) ime_on=Some(true) romaji=None conv=Some("0x00000009") guard=false
2026-09-19T23:47:45.189221Z DEBUG awase::journal: ime event seq=1791 elapsed_ms=646277 event_kind="ObserverReported"
2026-09-19T23:47:45.189241Z DEBUG awase_windows::state::observation_store: [identity-gate] hwnd不一致で除外: source=ImmCrossProbe obs_hwnd=HwndId(10816420) current_hwnd=HwndId(9766130) confidence=High
2026-09-19T23:47:45.189258Z DEBUG awase_windows::state::observation_store: [identity-gate] hwnd不一致で除外: source=ImmCrossProbe obs_hwnd=HwndId(10816420) current_hwnd=HwndId(9766130) confidence=High
2026-09-19T23:47:45.189505Z DEBUG awase_windows::state::observation_store: [identity-gate] hwnd不一致で除外: source=ImmCrossProbe obs_hwnd=HwndId(10816420) current_hwnd=HwndId(9766130) confidence=High
2026-09-19T23:47:45.189527Z DEBUG awase_windows::state::observation_store: [identity-gate] hwnd不一致で除外: source=ImmCrossProbe obs_hwnd=HwndId(10816420) current_hwnd=HwndId(9766130) confidence=High
2026-09-19T23:47:45.480107Z DEBUG awase_windows::hook: [hook] IME-mode vk=0xF2 down self_injected=false injected=false scan=0x70 extra=0x5350494B since_actuation_us=Some(421925)
2026-09-19T23:47:45.480270Z DEBUG awase::journal: hook ime-mode diagnostic seq=1792 elapsed_ms=646568 vk_code=242 is_down=true self_injected=false injected=false scan=112
2026-09-19T23:47:45.480415Z DEBUG awase_windows::state::observation_store: [identity-gate] hwnd不一致で除外: source=ImmCrossProbe obs_hwnd=HwndId(10816420) current_hwnd=HwndId(9766130) confidence=High
2026-09-19T23:47:45.480430Z DEBUG awase_windows::state::observation_store: [identity-gate] hwnd不一致で除外: source=ImmCrossProbe obs_hwnd=HwndId(10816420) current_hwnd=HwndId(9766130) confidence=High
2026-09-19T23:47:45.480513Z DEBUG awase_windows::state::observation_store: [identity-gate] hwnd不一致で除外: source=ImmCrossProbe obs_hwnd=HwndId(10816420) current_hwnd=HwndId(9766130) confidence=High
2026-09-19T23:47:45.480521Z DEBUG awase_windows::state::observation_store: [identity-gate] hwnd不一致で除外: source=ImmCrossProbe obs_hwnd=HwndId(10816420) current_hwnd=HwndId(9766130) confidence=High
2026-09-19T23:47:45.480531Z  INFO awase_windows::runtime::key_pipeline: [shadow-toggle] intent 昇格: vk=0xF2 scan=0x70 action=TurnOn kind=PhysicalImeKey injected=false true→true w_ops0=111442 x_ops0=246965 x_KB0=23.7
2026-09-19T23:47:45.480551Z DEBUG awase::journal: ime event seq=1793 elapsed_ms=646569 event_kind="UserImeSetIntent"
2026-09-19T23:47:45.480564Z DEBUG awase_windows::runtime::key_pipeline: [shadow-toggle] no-op: vk=0xF2 action=TurnOn source=PhysicalImeKey effective_open は既に true → apply-ime 見送り
2026-09-19T23:47:45.480579Z DEBUG awase_windows::runtime::key_pipeline: [engine-input] vk=0xF2 KeyDown ts=646568802us delay=0ms state=Idle mods(c=false s=false a=false w=false) gas_ctrl=false phys_ctrl=false extra=0x5350494B pending_drain=0 gate_active=false l_thumb=None r_thumb=None [diag-ctx] ime_
2026-09-19T23:47:45.480624Z DEBUG awase::journal: key input seq=1794 elapsed_ms=646569 vk_code=242 is_down=true injected=false key_class="Passthrough" state_before="Idle" state_after="Idle" decision="PassThrough" physical="Allow" repeat_count=1 last_timestamp_us=646568802 last_elapsed_ms=0
2026-09-19T23:47:45.480658Z DEBUG awase_windows::runtime::key_pipeline: may_change_ime key passed through → IME refresh scheduled (20ms)
2026-09-19T23:47:45.480691Z DEBUG execute_from_hook: awase_windows::runtime::executor: [relay-passthrough] PassThrough idle: direct OS pass-through (vk=0xf2 down)
2026-09-19T23:47:45.480840Z DEBUG execute_one{generation=None}: awase_windows::runtime::executor: [reinject] vk=0xf2 down (queued passthrough now firing)
2026-09-19T23:47:45.484089Z DEBUG awase_windows::hook: [hook] IME-mode vk=0xF2 down self_injected=true injected=true scan=0x0 extra=0x4B45594D since_actuation_us=Some(425922)
2026-09-19T23:47:45.486201Z DEBUG awase::journal: hook ime-mode diagnostic seq=1795 elapsed_ms=646574 vk_code=242 is_down=true self_injected=true injected=true scan=0
2026-09-19T23:47:45.486393Z DEBUG awase::journal: ime event seq=1796 elapsed_ms=646574 event_kind="ObserverReported"
2026-09-19T23:47:45.486454Z  INFO awase_windows::runtime::key_pipeline: FocusProbe +0ms: ime_on=true mode=ObservedRomaji [ime=GoogleJapaneseInput sig1=false gji_io=391ms sig2=false]
2026-09-19T23:47:45.490641Z DEBUG awase::journal: ime event seq=1797 elapsed_ms=646579 event_kind="ObserverReported"
2026-09-19T23:47:45.490658Z DEBUG awase_windows::runtime::key_pipeline: [ImmCrossProbe] child-hwnd IME=true → High confidence 観測記録
2026-09-19T23:47:45.490679Z DEBUG awase_windows::observer::ime_observer: IME snapshot: japanese=Some(true) ime_on=Some(true) romaji=None conv=Some("0x00000010") guard=false
2026-09-19T23:47:45.490694Z DEBUG awase::journal: ime event seq=1798 elapsed_ms=646579 event_kind="InputModeObserved"
2026-09-19T23:47:45.491141Z DEBUG awase_windows::tsf::gji_monitor: [gji-io] WRITE: w_ops=+2 w_KB=+0.0 (r_ops=+4 x_ops=+4 x_KB=+0.0)
2026-09-19T23:47:45.513049Z DEBUG awase_windows::runtime::ime_refresh: Explicit intent: bypassing typing-idle guard for IME verify (idle=31ms)
2026-09-19T23:47:45.513095Z DEBUG awase_windows::observer::ime_observer: IME snapshot: japanese=Some(true) ime_on=Some(true) romaji=None conv=Some("0x00000010") guard=false
2026-09-19T23:47:45.513179Z DEBUG awase::journal: ime event seq=1799 elapsed_ms=646601 event_kind="ObserverReported"
2026-09-19T23:47:45.513278Z DEBUG awase::engine::engine: [diag-engine-active] ime_on=true なのに非活性: reason=Inactive(NotRomajiInput) romaji_capable=false japanese=true user_enabled=true was_active=true input_mode=ObservedEisu
2026-09-19T23:47:45.513324Z  INFO awase::engine::engine: Engine deactivated (ime=true, romaji=false, japanese=true, user=true, reason=Inactive(NotRomajiInput))
2026-09-19T23:47:46.170757Z DEBUG awase_windows::runtime::message_handlers: [drain] vk=0x4B KeyDown
2026-09-19T23:47:46.170780Z DEBUG awase_windows::runtime::message_handlers: [output-drain] replay vk=0x4B KeyDown event_ts=647258807us now=647259311us delta=0ms
2026-09-19T23:47:46.170879Z DEBUG awase_windows::runtime::key_pipeline: [engine-input] vk=0x4B KeyDown ts=647258807us delay=0ms state=Idle mods(c=false s=false a=false w=false) gas_ctrl=false phys_ctrl=false extra=0x5350494B pending_drain=0 gate_active=false l_thumb=None r_thumb=None [diag-ctx] ime_
2026-09-19T23:47:46.170934Z DEBUG awase::engine::engine: [diag-engine-active] ime_on=true なのに非活性: reason=Inactive(NotRomajiInput) romaji_capable=false japanese=true user_enabled=true was_active=false input_mode=ObservedEisu
2026-09-19T23:47:46.171027Z DEBUG awase::journal: key input seq=1800 elapsed_ms=647259 vk_code=75 is_down=true injected=false key_class="Char" state_before="Idle" state_after="Idle" decision="PassThrough" physical="Allow" repeat_count=1 last_timestamp_us=647258807 last_elapsed_ms=0
2026-09-19T23:47:46.171167Z DEBUG awase_windows::runtime::message_handlers: [output-drain] PassThrough → enqueue ReinjectKey vk=0x4B KeyDown (drain has no hook→OS path)
2026-09-19T23:47:46.171248Z DEBUG execute_one{generation=None}: awase_windows::runtime::executor: [reinject] vk=0x4b down (queued passthrough now firing)
2026-09-19T23:47:46.176663Z DEBUG awase_windows::tsf::gji_monitor: [gji-io] r_ops=+1 w_ops=+0 x_ops=+0 read_KB=+0.0 x_KB=+0.0
2026-09-19T23:47:46.192359Z DEBUG awase_windows::tsf::gji_monitor: [gji-io] WRITE: w_ops=+2 w_KB=+0.3 (r_ops=+3 x_ops=+4 x_KB=+0.0)
2026-09-19T23:47:46.203591Z  INFO awase_windows::tsf::win_event_obs: [gji-obs] candidate SHOW #56: last_gji_write=16ms ago
2026-09-19T23:47:46.294366Z DEBUG awase_windows::runtime::key_pipeline: [engine-input] vk=0x4B KeyUp ts=647382695us delay=0ms state=Idle mods(c=false s=false a=false w=false) gas_ctrl=false phys_ctrl=false extra=0x5350494B pending_drain=0 gate_active=false l_thumb=None r_thumb=None [diag-ctx] ime_on
2026-09-19T23:47:46.294409Z DEBUG awase::engine::engine: [diag-engine-active] ime_on=true なのに非活性: reason=Inactive(NotRomajiInput) romaji_capable=false japanese=true user_enabled=true was_active=false input_mode=ObservedEisu
2026-09-19T23:47:46.294463Z DEBUG awase::journal: key input seq=1801 elapsed_ms=647382 vk_code=75 is_down=false injected=false key_class="Char" state_before="Idle" state_after="Idle" decision="PassThrough" physical="Allow" repeat_count=1 last_timestamp_us=647382695 last_elapsed_ms=0
2026-09-19T23:47:46.294570Z DEBUG execute_one{generation=None}: awase_windows::runtime::executor: [reinject] vk=0x4b up (queued passthrough now firing)
2026-09-19T23:47:46.297457Z DEBUG awase_windows::platform: [gji-fsm] StartComposition (candidate SHOW)
2026-09-19T23:47:46.297489Z DEBUG gji_on_event{event=StartComposition}: awase_windows::tsf::gji_fsm: [gji-fsm] StartComposition: OnWarm → OnComposing(AlreadyWarm)
2026-09-19T23:47:46.297588Z DEBUG awase::journal: gji fsm transition seq=1802 elapsed_ms=647385 trigger="StartComposition(candidate SHOW)" state_before="OnWarm" state_after="OnComposing(Warm)"
2026-09-19T23:47:46.795540Z DEBUG awase_windows::runtime::key_pipeline: [engine-input] vk=0x1B KeyDown ts=647883898us delay=0ms state=Idle mods(c=false s=false a=false w=false) gas_ctrl=false phys_ctrl=false extra=0x5350494B pending_drain=0 gate_active=false l_thumb=None r_thumb=None [diag-ctx] ime_
2026-09-19T23:47:46.795571Z DEBUG awase::engine::engine: [diag-engine-active] ime_on=true なのに非活性: reason=Inactive(NotRomajiInput) romaji_capable=false japanese=true user_enabled=true was_active=false input_mode=ObservedEisu
2026-09-19T23:47:46.795608Z DEBUG awase::journal: key input seq=1803 elapsed_ms=647884 vk_code=27 is_down=true injected=false key_class="Passthrough" state_before="Idle" state_after="Idle" decision="PassThrough" physical="Allow" repeat_count=1 last_timestamp_us=647883898 last_elapsed_ms=0
2026-09-19T23:47:46.795659Z DEBUG execute_from_hook: awase_windows::runtime::executor: [relay-passthrough] PassThrough idle: direct OS pass-through (vk=0x1b down)
2026-09-19T23:47:46.795701Z DEBUG awase_windows::runtime::key_pipeline: [engine-input] vk=0x1B KeyUp ts=647884082us delay=0ms state=Idle mods(c=false s=false a=false w=false) gas_ctrl=false phys_ctrl=false extra=0x5350494B pending_drain=0 gate_active=false l_thumb=None r_thumb=None [diag-ctx] ime_on
2026-09-19T23:47:46.795762Z DEBUG awase::engine::engine: [diag-engine-active] ime_on=true なのに非活性: reason=Inactive(NotRomajiInput) romaji_capable=false japanese=true user_enabled=true was_active=false input_mode=ObservedEisu
2026-09-19T23:47:46.795782Z DEBUG awase::journal: key input seq=1804 elapsed_ms=647884 vk_code=27 is_down=false injected=false key_class="Passthrough" state_before="Idle" state_after="Idle" decision="PassThrough" physical="Allow" repeat_count=1 last_timestamp_us=647884082 last_elapsed_ms=0
2026-09-19T23:47:46.795811Z DEBUG execute_from_hook: awase_windows::runtime::transport: [relay-defer] PassThrough deferred: pending effects, reinject(vk=0x1b up)
2026-09-19T23:47:46.795835Z DEBUG execute_one{generation=None}: awase_windows::runtime::executor: [reinject] vk=0x1b down (queued passthrough now firing)
2026-09-19T23:47:46.795858Z DEBUG execute_one{generation=None}: awase_windows::runtime::executor: [reinject] vk=0x1b up (queued passthrough now firing)
2026-09-19T23:47:46.799364Z DEBUG awase_windows::tsf::gji_monitor: [gji-io] WRITE: w_ops=+2 w_KB=+0.4 (r_ops=+4 x_ops=+4 x_KB=+0.0)
2026-09-19T23:47:46.813125Z  INFO awase_windows::tsf::win_event_obs: [gji-obs] candidate HIDE: last_gji_write=16ms ago
2026-09-19T23:47:48.613875Z DEBUG awase_windows::runtime::key_pipeline: [shadow-toggle] vk=0x1DはFSM delegate所有 → belief書き込み/actuationをスキップ w_ops0=111448 x_ops0=246977 x_KB0=23.7
2026-09-19T23:47:48.613910Z DEBUG awase_windows::runtime::key_pipeline: [shadow-toggle] no-op: vk=0x1D action=Toggle source=PhysicalImeKey effective_open は既に true → apply-ime 見送り
2026-09-19T23:47:48.613982Z DEBUG awase_windows::runtime::key_pipeline: [engine-input] vk=0x1D KeyDown ts=649702015us delay=0ms state=Idle mods(c=false s=false a=false w=false) gas_ctrl=false phys_ctrl=false extra=0x5350494B pending_drain=0 gate_active=false l_thumb=Some(649701772) r_thumb=None [dia
2026-09-19T23:47:48.614043Z DEBUG awase::engine::engine: [diag-engine-active] ime_on=true なのに非活性: reason=Inactive(NotRomajiInput) romaji_capable=false japanese=true user_enabled=true was_active=false input_mode=ObservedEisu
2026-09-19T23:47:48.614135Z DEBUG awase::journal: key input seq=1805 elapsed_ms=649702 vk_code=29 is_down=true injected=false key_class="LeftThumb" state_before="Idle" state_after="Idle" decision="PassThrough" physical="Allow" repeat_count=1 last_timestamp_us=649702015 last_elapsed_ms=0
2026-09-19T23:47:48.614383Z DEBUG execute_one{generation=None}: awase_windows::runtime::executor: [reinject] vk=0x1d down (queued passthrough now firing)
2026-09-19T23:47:48.618731Z DEBUG awase_windows::platform: [gji-fsm] EndComposition (candidate HIDE) epoch=FocusEpoch(55)
2026-09-19T23:47:48.618818Z DEBUG awase::journal: gji fsm transition seq=1806 elapsed_ms=649707 trigger="EndComposition(candidate HIDE, epoch=FocusEpoch(55))" state_before="OnComposing(Warm)" state_after="OnWarm"
2026-09-19T23:47:48.625527Z DEBUG awase_windows::tsf::gji_monitor: [gji-io] WRITE: w_ops=+2 w_KB=+0.0 (r_ops=+4 x_ops=+4 x_KB=+0.0)
2026-09-19T23:47:48.737215Z DEBUG awase_windows::runtime::key_pipeline: [engine-input] vk=0x1D KeyUp ts=649825532us delay=0ms state=Idle mods(c=false s=false a=false w=false) gas_ctrl=false phys_ctrl=false extra=0x5350494B pending_drain=0 gate_active=false l_thumb=None r_thumb=None [diag-ctx] ime_on
2026-09-19T23:47:48.737243Z DEBUG awase::engine::engine: [diag-engine-active] ime_on=true なのに非活性: reason=Inactive(NotRomajiInput) romaji_capable=false japanese=true user_enabled=true was_active=false input_mode=ObservedEisu
2026-09-19T23:47:48.737280Z DEBUG awase::journal: key input seq=1807 elapsed_ms=649825 vk_code=29 is_down=false injected=false key_class="LeftThumb" state_before="Idle" state_after="Idle" decision="PassThrough" physical="Allow" repeat_count=1 last_timestamp_us=649825532 last_elapsed_ms=0
2026-09-19T23:47:48.737346Z DEBUG execute_one{generation=None}: awase_windows::runtime::executor: [reinject] vk=0x1d up (queued passthrough now firing)
2026-09-19T23:47:49.299589Z DEBUG awase_windows::runtime::key_pipeline: [engine-input] vk=0x4B KeyDown ts=650387848us delay=0ms state=Idle mods(c=false s=false a=false w=false) gas_ctrl=false phys_ctrl=false extra=0x5350494B pending_drain=0 gate_active=false l_thumb=None r_thumb=None [diag-ctx] ime_
2026-09-19T23:47:49.299643Z DEBUG awase::engine::engine: [diag-engine-active] ime_on=true なのに非活性: reason=Inactive(NotRomajiInput) romaji_capable=false japanese=true user_enabled=true was_active=false input_mode=ObservedEisu
2026-09-19T23:47:49.299712Z DEBUG awase::journal: key input seq=1808 elapsed_ms=650388 vk_code=75 is_down=true injected=false key_class="Char" state_before="Idle" state_after="Idle" decision="PassThrough" physical="Allow" repeat_count=1 last_timestamp_us=650387848 last_elapsed_ms=0
2026-09-19T23:47:49.299861Z DEBUG execute_one{generation=None}: awase_windows::runtime::executor: [reinject] vk=0x4b down (queued passthrough now firing)
2026-09-19T23:47:49.489331Z DEBUG awase_windows::runtime::key_pipeline: [engine-input] vk=0x4B KeyUp ts=650577561us delay=0ms state=Idle mods(c=false s=false a=false w=false) gas_ctrl=false phys_ctrl=false extra=0x5350494B pending_drain=0 gate_active=false l_thumb=None r_thumb=None [diag-ctx] ime_on
2026-09-19T23:47:49.489385Z DEBUG awase::engine::engine: [diag-engine-active] ime_on=true なのに非活性: reason=Inactive(NotRomajiInput) romaji_capable=false japanese=true user_enabled=true was_active=false input_mode=ObservedEisu
2026-09-19T23:47:49.489470Z DEBUG awase::journal: key input seq=1809 elapsed_ms=650577 vk_code=75 is_down=false injected=false key_class="Char" state_before="Idle" state_after="Idle" decision="PassThrough" physical="Allow" repeat_count=1 last_timestamp_us=650577561 last_elapsed_ms=0
2026-09-19T23:47:49.489699Z DEBUG execute_one{generation=None}: awase_windows::runtime::executor: [reinject] vk=0x4b up (queued passthrough now firing)
2026-09-19T23:47:49.803182Z DEBUG awase_windows::runtime::key_pipeline: [engine-input] vk=0x1B KeyDown ts=650891313us delay=0ms state=Idle mods(c=false s=false a=false w=false) gas_ctrl=false phys_ctrl=false extra=0x5350494B pending_drain=0 gate_active=false l_thumb=None r_thumb=None [diag-ctx] ime_
2026-09-19T23:47:49.803265Z DEBUG awase::engine::engine: [diag-engine-active] ime_on=true なのに非活性: reason=Inactive(NotRomajiInput) romaji_capable=false japanese=true user_enabled=true was_active=false input_mode=ObservedEisu
2026-09-19T23:47:49.803374Z DEBUG awase::journal: key input seq=1810 elapsed_ms=650891 vk_code=27 is_down=true injected=false key_class="Passthrough" state_before="Idle" state_after="Idle" decision="PassThrough" physical="Allow" repeat_count=1 last_timestamp_us=650891313 last_elapsed_ms=0
2026-09-19T23:47:49.803527Z DEBUG execute_from_hook: awase_windows::runtime::executor: [relay-passthrough] PassThrough idle: direct OS pass-through (vk=0x1b down)
2026-09-19T23:47:49.803649Z DEBUG execute_one{generation=None}: awase_windows::runtime::executor: [reinject] vk=0x1b down (queued passthrough now firing)
2026-09-19T23:47:49.981256Z DEBUG awase_windows::runtime::key_pipeline: [engine-input] vk=0x1B KeyUp ts=651069193us delay=0ms state=Idle mods(c=false s=false a=false w=false) gas_ctrl=false phys_ctrl=false extra=0x5350494B pending_drain=0 gate_active=false l_thumb=None r_thumb=None [diag-ctx] ime_on
2026-09-19T23:47:49.981362Z DEBUG awase::engine::engine: [diag-engine-active] ime_on=true なのに非活性: reason=Inactive(NotRomajiInput) romaji_capable=false japanese=true user_enabled=true was_active=false input_mode=ObservedEisu
2026-09-19T23:47:49.981531Z DEBUG awase::journal: key input seq=1811 elapsed_ms=651069 vk_code=27 is_down=false injected=false key_class="Passthrough" state_before="Idle" state_after="Idle" decision="PassThrough" physical="Allow" repeat_count=1 last_timestamp_us=651069193 last_elapsed_ms=0
2026-09-19T23:47:49.981750Z DEBUG execute_from_hook: awase_windows::runtime::executor: [relay-passthrough] PassThrough idle: direct OS pass-through (vk=0x1b up)
2026-09-19T23:47:49.981933Z DEBUG execute_one{generation=None}: awase_windows::runtime::executor: [reinject] vk=0x1b up (queued passthrough now firing)
2026-09-19T23:47:51.796495Z DEBUG awase_windows::runtime::key_pipeline: [shadow-toggle] vk=0x1DはFSM delegate所有 → belief書き込み/actuationをスキップ w_ops0=111450 x_ops0=246981 x_KB0=23.7
2026-09-19T23:47:51.796516Z DEBUG awase_windows::runtime::key_pipeline: [shadow-toggle] no-op: vk=0x1D action=Toggle source=PhysicalImeKey effective_open は既に true → apply-ime 見送り
2026-09-19T23:47:51.796535Z DEBUG awase_windows::runtime::key_pipeline: [engine-input] vk=0x1D KeyDown ts=652884868us delay=0ms state=Idle mods(c=false s=false a=false w=false) gas_ctrl=false phys_ctrl=false extra=0x5350494B pending_drain=0 gate_active=false l_thumb=Some(652884856) r_thumb=None [dia
2026-09-19T23:47:51.796555Z DEBUG awase::engine::engine: [diag-engine-active] ime_on=true なのに非活性: reason=Inactive(NotRomajiInput) romaji_capable=false japanese=true user_enabled=true was_active=false input_mode=ObservedEisu
2026-09-19T23:47:51.796590Z DEBUG awase::journal: key input seq=1812 elapsed_ms=652885 vk_code=29 is_down=true injected=false key_class="LeftThumb" state_before="Idle" state_after="Idle" decision="PassThrough" physical="Allow" repeat_count=1 last_timestamp_us=652884868 last_elapsed_ms=0
2026-09-19T23:47:51.796657Z DEBUG execute_one{generation=None}: awase_windows::runtime::executor: [reinject] vk=0x1d down (queued passthrough now firing)
2026-09-19T23:47:51.808099Z DEBUG awase_windows::tsf::gji_monitor: [gji-io] WRITE: w_ops=+2 w_KB=+0.0 (r_ops=+4 x_ops=+4 x_KB=+0.0)
2026-09-19T23:47:51.919272Z DEBUG awase_windows::runtime::key_pipeline: [engine-input] vk=0x1D KeyUp ts=653007594us delay=0ms state=Idle mods(c=false s=false a=false w=false) gas_ctrl=false phys_ctrl=false extra=0x5350494B pending_drain=0 gate_active=false l_thumb=None r_thumb=None [diag-ctx] ime_on
2026-09-19T23:47:51.919318Z DEBUG awase::engine::engine: [diag-engine-active] ime_on=true なのに非活性: reason=Inactive(NotRomajiInput) romaji_capable=false japanese=true user_enabled=true was_active=false input_mode=ObservedEisu
2026-09-19T23:47:51.919384Z DEBUG awase::journal: key input seq=1813 elapsed_ms=653007 vk_code=29 is_down=false injected=false key_class="LeftThumb" state_before="Idle" state_after="Idle" decision="PassThrough" physical="Allow" repeat_count=1 last_timestamp_us=653007594 last_elapsed_ms=0
2026-09-19T23:47:51.919533Z DEBUG execute_one{generation=None}: awase_windows::runtime::executor: [reinject] vk=0x1d up (queued passthrough now firing)
2026-09-19T23:47:52.481044Z DEBUG awase_windows::runtime::key_pipeline: [engine-input] vk=0x4B KeyDown ts=653569312us delay=0ms state=Idle mods(c=false s=false a=false w=false) gas_ctrl=false phys_ctrl=false extra=0x5350494B pending_drain=0 gate_active=false l_thumb=None r_thumb=None [diag-ctx] ime_
2026-09-19T23:47:52.481078Z DEBUG awase::engine::engine: [diag-engine-active] ime_on=true なのに非活性: reason=Inactive(NotRomajiInput) romaji_capable=false japanese=true user_enabled=true was_active=false input_mode=ObservedEisu
2026-09-19T23:47:52.481162Z DEBUG awase::journal: key input seq=1814 elapsed_ms=653569 vk_code=75 is_down=true injected=false key_class="Char" state_before="Idle" state_after="Idle" decision="PassThrough" physical="Allow" repeat_count=1 last_timestamp_us=653569312 last_elapsed_ms=0
2026-09-19T23:47:52.481261Z DEBUG execute_one{generation=None}: awase_windows::runtime::executor: [reinject] vk=0x4b down (queued passthrough now firing)
2026-09-19T23:47:52.492785Z DEBUG awase_windows::tsf::gji_monitor: [gji-io] WRITE: w_ops=+2 w_KB=+0.3 (r_ops=+4 x_ops=+4 x_KB=+0.0)
2026-09-19T23:47:52.503829Z  INFO awase_windows::tsf::win_event_obs: [gji-obs] candidate SHOW #57: last_gji_write=0ms ago
2026-09-19T23:47:52.637398Z DEBUG awase_windows::runtime::key_pipeline: [engine-input] vk=0x4B KeyUp ts=653725650us delay=0ms state=Idle mods(c=false s=false a=false w=false) gas_ctrl=false phys_ctrl=false extra=0x5350494B pending_drain=0 gate_active=false l_thumb=None r_thumb=None [diag-ctx] ime_on
2026-09-19T23:47:52.637447Z DEBUG awase::engine::engine: [diag-engine-active] ime_on=true なのに非活性: reason=Inactive(NotRomajiInput) romaji_capable=false japanese=true user_enabled=true was_active=false input_mode=ObservedEisu
2026-09-19T23:47:52.637519Z DEBUG awase::journal: key input seq=1815 elapsed_ms=653725 vk_code=75 is_down=false injected=false key_class="Char" state_before="Idle" state_after="Idle" decision="PassThrough" physical="Allow" repeat_count=1 last_timestamp_us=653725650 last_elapsed_ms=0
2026-09-19T23:47:52.637689Z DEBUG execute_one{generation=None}: awase_windows::runtime::executor: [reinject] vk=0x4b up (queued passthrough now firing)
2026-09-19T23:47:52.644457Z DEBUG awase_windows::platform: [gji-fsm] StartComposition (candidate SHOW)
2026-09-19T23:47:52.644485Z DEBUG gji_on_event{event=StartComposition}: awase_windows::tsf::gji_fsm: [gji-fsm] StartComposition: OnWarm → OnComposing(AlreadyWarm)
2026-09-19T23:47:52.644685Z DEBUG awase::journal: gji fsm transition seq=1816 elapsed_ms=653732 trigger="StartComposition(candidate SHOW)" state_before="OnWarm" state_after="OnComposing(Warm)"
2026-09-19T23:47:52.980446Z DEBUG awase_windows::runtime::key_pipeline: [engine-input] vk=0x1B KeyDown ts=654068446us delay=0ms state=Idle mods(c=false s=false a=false w=false) gas_ctrl=false phys_ctrl=false extra=0x5350494B pending_drain=0 gate_active=false l_thumb=None r_thumb=None [diag-ctx] ime_
2026-09-19T23:47:52.980545Z DEBUG awase::engine::engine: [diag-engine-active] ime_on=true なのに非活性: reason=Inactive(NotRomajiInput) romaji_capable=false japanese=true user_enabled=true was_active=false input_mode=ObservedEisu
2026-09-19T23:47:52.980684Z DEBUG awase::journal: key input seq=1817 elapsed_ms=654069 vk_code=27 is_down=true injected=false key_class="Passthrough" state_before="Idle" state_after="Idle" decision="PassThrough" physical="Allow" repeat_count=1 last_timestamp_us=654068446 last_elapsed_ms=0
2026-09-19T23:47:52.980880Z DEBUG execute_from_hook: awase_windows::runtime::executor: [relay-passthrough] PassThrough idle: direct OS pass-through (vk=0x1b down)
2026-09-19T23:47:52.981048Z DEBUG execute_one{generation=None}: awase_windows::runtime::executor: [reinject] vk=0x1b down (queued passthrough now firing)
2026-09-19T23:47:52.993270Z DEBUG awase_windows::tsf::gji_monitor: [gji-io] WRITE: w_ops=+2 w_KB=+0.4 (r_ops=+4 x_ops=+4 x_KB=+0.0)
2026-09-19T23:47:52.999665Z  INFO awase_windows::tsf::win_event_obs: [gji-obs] candidate HIDE: last_gji_write=0ms ago
2026-09-19T23:47:53.179424Z DEBUG awase_windows::runtime::key_pipeline: [engine-input] vk=0x1B KeyUp ts=654267737us delay=0ms state=Idle mods(c=false s=false a=false w=false) gas_ctrl=false phys_ctrl=false extra=0x5350494B pending_drain=0 gate_active=false l_thumb=None r_thumb=None [diag-ctx] ime_on
2026-09-19T23:47:53.179453Z DEBUG awase::engine::engine: [diag-engine-active] ime_on=true なのに非活性: reason=Inactive(NotRomajiInput) romaji_capable=false japanese=true user_enabled=true was_active=false input_mode=ObservedEisu
2026-09-19T23:47:53.179490Z DEBUG awase::journal: key input seq=1818 elapsed_ms=654267 vk_code=27 is_down=false injected=false key_class="Passthrough" state_before="Idle" state_after="Idle" decision="PassThrough" physical="Allow" repeat_count=1 last_timestamp_us=654267737 last_elapsed_ms=0
2026-09-19T23:47:53.179540Z DEBUG execute_from_hook: awase_windows::runtime::executor: [relay-passthrough] PassThrough idle: direct OS pass-through (vk=0x1b up)
2026-09-19T23:47:53.179570Z DEBUG execute_one{generation=None}: awase_windows::runtime::executor: [reinject] vk=0x1b up (queued passthrough now firing)
2026-09-19T23:47:53.182432Z DEBUG awase_windows::platform: [gji-fsm] EndComposition (candidate HIDE) epoch=FocusEpoch(56)
2026-09-19T23:47:53.182685Z DEBUG awase::journal: gji fsm transition seq=1819 elapsed_ms=654270 trigger="EndComposition(candidate HIDE, epoch=FocusEpoch(56))" state_before="OnComposing(Warm)" state_after="OnWarm"
2026-09-19T23:47:54.925349Z DEBUG awase_windows::hook: [hook] IME-mode vk=0xF0 up self_injected=false injected=false scan=0x70 extra=0x5350494B since_actuation_us=Some(9867160)
2026-09-19T23:47:54.925539Z DEBUG awase::journal: hook ime-mode diagnostic seq=1820 elapsed_ms=656013 vk_code=240 is_down=false self_injected=false injected=false scan=112
2026-09-19T23:47:54.925989Z DEBUG awase_windows::runtime::key_pipeline: [engine-input] vk=0xF0 KeyUp ts=656014114us delay=0ms state=Idle mods(c=false s=false a=false w=false) gas_ctrl=false phys_ctrl=false extra=0x5350494B pending_drain=0 gate_active=false l_thumb=None r_thumb=None [diag-ctx] ime_on
2026-09-19T23:47:54.926136Z DEBUG awase::engine::engine: [diag-engine-active] ime_on=true なのに非活性: reason=Inactive(NotRomajiInput) romaji_capable=false japanese=true user_enabled=true was_active=false input_mode=ObservedEisu
2026-09-19T23:47:54.926135Z DEBUG awase_windows::hook: [hook] IME-mode vk=0xF2 down self_injected=false injected=false scan=0x70 extra=0x5350494B since_actuation_us=Some(9867959)
2026-09-19T23:47:54.926368Z DEBUG awase::journal: key input seq=1821 elapsed_ms=656014 vk_code=240 is_down=false injected=false key_class="Passthrough" state_before="Idle" state_after="Idle" decision="PassThrough" physical="Suppress" repeat_count=1 last_timestamp_us=656014114 last_elapsed_ms=0
2026-09-19T23:47:54.926458Z DEBUG awase_windows::runtime::key_pipeline: [imm-cross] key suppress vk=0xf0 KeyUp (physical disposition)
2026-09-19T23:47:54.926569Z DEBUG awase::journal: hook ime-mode diagnostic seq=1822 elapsed_ms=656015 vk_code=242 is_down=true self_injected=false injected=false scan=112
2026-09-19T23:47:54.926737Z  INFO awase_windows::runtime::key_pipeline: [shadow-toggle] intent 昇格: vk=0xF2 scan=0x70 action=TurnOn kind=PhysicalImeKey injected=false true→true w_ops0=111456 x_ops0=246993 x_KB0=23.7
2026-09-19T23:47:54.926808Z DEBUG awase::journal: ime event seq=1823 elapsed_ms=656015 event_kind="UserImeSetIntent"
2026-09-19T23:47:54.926848Z DEBUG awase_windows::runtime::key_pipeline: [shadow-toggle] no-op: vk=0xF2 action=TurnOn source=PhysicalImeKey effective_open は既に true → apply-ime 見送り
2026-09-19T23:47:54.927027Z DEBUG awase::journal: ime event seq=1824 elapsed_ms=656015 event_kind="InputModeApplied"
2026-09-19T23:47:54.927064Z  INFO awase_windows::runtime::key_pipeline: [shadow-toggle] TurnOn (IME既にopen) + ObservedEisu → AssumedRomaji に リセット (UserTurnOnEisuReset)
2026-09-19T23:47:54.927109Z DEBUG awase_windows::runtime::key_pipeline: [engine-input] vk=0xF2 KeyDown ts=656014754us delay=0ms state=Idle mods(c=false s=false a=false w=false) gas_ctrl=false phys_ctrl=false extra=0x5350494B pending_drain=0 gate_active=false l_thumb=None r_thumb=None [diag-ctx] ime_
2026-09-19T23:47:54.927167Z  INFO awase::engine::engine: Engine activated (ime=true, romaji=true, japanese=true, user=true, reason=Active)
2026-09-19T23:47:54.927285Z DEBUG awase::journal: key input seq=1825 elapsed_ms=656015 vk_code=242 is_down=true injected=false key_class="Passthrough" state_before="Idle" state_after="Idle" decision="PassThroughWith" physical="Allow" repeat_count=1 last_timestamp_us=656014754 last_elapsed_ms=0
2026-09-19T23:47:54.927389Z DEBUG awase::journal: ime event seq=1826 elapsed_ms=656015 event_kind="EngineActivationSync"
2026-09-19T23:47:54.927448Z DEBUG awase::journal: ime event seq=1827 elapsed_ms=656015 event_kind="ImeApplyRequested"
2026-09-19T23:47:54.927477Z  INFO awase_windows::runtime::key_pipeline: IME control: preconditions.ime_on = true (SetOpenRequest, origin=ActivationSync), was_open_before=true last_intent_before=Some(true) poll suspended
2026-09-19T23:47:54.927566Z DEBUG awase_windows::runtime::key_pipeline: may_change_ime key passed through → IME refresh scheduled (20ms)
2026-09-19T23:47:54.927631Z DEBUG execute_from_hook: awase_windows::runtime::executor: [relay-flush] PassThroughWith: queue 2 effect(s) + reinject (vk=0xf2 down)
2026-09-19T23:47:54.927937Z DEBUG execute_one{generation=Some(ApplyGeneration(43))}:dispatch_ime_set_open{open=true generation=Some(ApplyGeneration(43))}: awase_windows::runtime::executor: [dispatch-ime] ImmCross async: optimistic applied_snapshot=true (suppress send_engine_state_ime_key)
2026-09-19T23:47:54.930870Z DEBUG execute_one{generation=Some(ApplyGeneration(43))}: awase_windows::platform: [engine-state-key] skipped (apply_ime_open aligned ime=true, profile=Standard)
2026-09-19T23:47:54.931003Z DEBUG execute_one{generation=Some(ApplyGeneration(43))}: awase_windows::runtime::executor: [reinject] vk=0xf2 down (queued passthrough now firing)
2026-09-19T23:47:54.932355Z DEBUG awase_windows::hook: [hook] IME-mode vk=0xF0 up self_injected=true injected=false scan=0x0 extra=0x4B45594D since_actuation_us=Some(9874180)
2026-09-19T23:47:54.940069Z DEBUG awase_windows::hook: [hook] IME-mode vk=0xF2 down self_injected=true injected=true scan=0x0 extra=0x4B45594D since_actuation_us=Some(9881855)
2026-09-19T23:47:54.944638Z DEBUG awase::journal: hook ime-mode diagnostic seq=1828 elapsed_ms=656033 vk_code=240 is_down=false self_injected=true injected=false scan=0
2026-09-19T23:47:54.944749Z DEBUG awase::journal: hook ime-mode diagnostic seq=1829 elapsed_ms=656033 vk_code=242 is_down=true self_injected=true injected=true scan=0
2026-09-19T23:47:54.945661Z DEBUG run_open_chain_async: awase_windows::ime_controller: [warrant-shadow] chain=async open=true origin=EventOrigin { source: SelfActuated { strategy: "engine_decision_async" }, epoch: Generation(0) } warranted
2026-09-19T23:47:54.945839Z  INFO run_open_chain_async:imm_cross_write{open=true}: awase_windows::runtime::open_chain: [apply-ime] ImmCross async: open=true composition_active=false show_seq=0 change_seq=0 (issue #138診断)
2026-09-19T23:47:54.955281Z DEBUG awase_windows::tsf::gji_monitor: [gji-io] WRITE: w_ops=+2 w_KB=+0.0 (r_ops=+4 x_ops=+4 x_KB=+0.0)
2026-09-19T23:47:54.968814Z DEBUG awase_windows::shadow_send_trace: [shadow-send] channel=ImeControl cmd=0x0006 lparam=1 issue_us=656042232
2026-09-19T23:47:54.968831Z DEBUG awase_windows::ime: set_ime_open_for_target: hwnd=HWND(0x9504f2) ime_wnd=HWND(0x1122af0) open=true success=true send_elapsed=15ms candidate_visible=false
2026-09-19T23:47:54.971774Z DEBUG run_open_chain_async:imm_cross_write{open=true}: awase_windows::ime: [imm-cross-actuate] hwnd=HWND(0x9504f2) open=Written conv=Some(Written)
2026-09-19T23:47:54.971880Z DEBUG run_open_chain_async:imm_cross_write{open=true}: awase_windows::runtime::open_chain: [apply-ime] ROMAN 補完結果: Written
2026-09-19T23:47:54.971945Z DEBUG run_open_chain_async: awase::journal: actuation decision seq=1830 elapsed_ms=656060 site="DispatchImeSetOpen" caller="None" open=true chain_len=4 attempts_len=1 gate_profile="Standard" gate_kind="Gji" gate_shadow_known=true gate_shadow_on=true gate_input_mode="Assum
2026-09-19T23:47:54.974034Z DEBUG on_ime_apply_complete{open=true outcome=AppliedWithoutSendInput generation=Some(ApplyGeneration(43)) reason=EngineDecision}: awase::journal: ime open applied seq=1831 elapsed_ms=656062 open=true outcome="AppliedWithoutSendInput" reason="EngineDecision"
2026-09-19T23:47:54.974969Z DEBUG on_ime_apply_complete{open=true outcome=AppliedWithoutSendInput generation=Some(ApplyGeneration(43)) reason=EngineDecision}: awase::journal: ime event seq=1832 elapsed_ms=656063 event_kind="ImeApplySucceeded"
2026-09-19T23:47:54.975000Z DEBUG on_ime_apply_complete{open=true outcome=AppliedWithoutSendInput generation=Some(ApplyGeneration(43)) reason=EngineDecision}: awase_windows::tsf::ime_mode_fsm: [ime-mode] SetOpen(true) applied → Hiragana (belief, unconfirmed)
2026-09-19T23:47:54.975029Z DEBUG on_ime_apply_complete{open=true outcome=AppliedWithoutSendInput generation=Some(ApplyGeneration(43)) reason=EngineDecision}: awase_windows::platform: [composition] ImeEffect::SetOpen(true) → marking cold
2026-09-19T23:47:54.975051Z DEBUG on_ime_apply_complete{open=true outcome=AppliedWithoutSendInput generation=Some(ApplyGeneration(43)) reason=EngineDecision}: awase_windows::tsf::probe: [composition] marked cold reason=SetOpenTrue idle=39609ms → next VK/TSF output will send VK_DBE_HIRAGANA warmup
2026-09-19T23:47:54.975099Z DEBUG on_ime_apply_complete{open=true outcome=AppliedWithoutSendInput generation=Some(ApplyGeneration(43)) reason=EngineDecision}:gji_on_event{event=ImeOn { injection_mode: Unicode, gji_idle_ms: 15 }}: awase_windows::tsf::gji_fsm: [gji-fsm] ImeOn: already on (OnWarm), ign
2026-09-19T23:47:54.975778Z DEBUG awase::journal: gji fsm transition seq=1833 elapsed_ms=656063 trigger="ImeOn(gji_idle_ms=15)" state_before="OnWarm" state_after="OnWarm"
2026-09-19T23:47:54.980774Z DEBUG awase_windows::runtime::ime_refresh: Explicit intent: bypassing typing-idle guard for IME verify (idle=63ms)
2026-09-19T23:47:54.980825Z DEBUG awase_windows::observer::ime_observer: IME snapshot: japanese=Some(true) ime_on=Some(true) romaji=Some(true) conv=Some("0x00000019") guard=false
2026-09-19T23:47:54.980911Z DEBUG awase::journal: ime event seq=1834 elapsed_ms=656069 event_kind="ObserverReported"
2026-09-19T23:47:54.980955Z DEBUG awase::journal: ime event seq=1835 elapsed_ms=656069 event_kind="InputModeObserved"
2026-09-19T23:47:54.980996Z  INFO awase_windows::runtime::ime_refresh: ObserverPoll +9922ms since focus: mode AssumedRomaji { reason: AppKindExcluded } → ObservedRomaji
2026-09-19T23:47:55.011161Z DEBUG awase_windows::runtime::ime_refresh: Explicit intent: bypassing typing-idle guard for IME verify (idle=94ms)
2026-09-19T23:47:55.011190Z DEBUG awase_windows::observer::ime_observer: IME snapshot: japanese=Some(true) ime_on=Some(true) romaji=Some(true) conv=Some("0x00000019") guard=false
2026-09-19T23:47:55.011237Z DEBUG awase::journal: ime event seq=1836 elapsed_ms=656099 event_kind="ObserverReported"
2026-09-19T23:47:55.011253Z DEBUG awase::journal: ime event seq=1837 elapsed_ms=656099 event_kind="InputModeObserved"
2026-09-19T23:47:55.614753Z DEBUG awase_windows::runtime::key_pipeline: [engine-input] vk=0x4B KeyDown ts=656702806us delay=0ms state=Idle mods(c=false s=false a=false w=false) gas_ctrl=false phys_ctrl=false extra=0x5350494B pending_drain=0 gate_active=false l_thumb=None r_thumb=None [diag-ctx] ime_
2026-09-19T23:47:55.614893Z DEBUG awase::journal: key input seq=1838 elapsed_ms=656703 vk_code=75 is_down=true injected=false key_class="Char" state_before="Idle" state_after="PendingChar(vk=0x4B)" decision="Consume" physical="Allow" repeat_count=1 last_timestamp_us=656702806 last_elapsed_ms=0
2026-09-19T23:47:55.720648Z DEBUG execute_from_loop:execute_one{generation=None}: awase_windows::output: send_keys: mode=Unicode actions=[Char('き')] prev_elapsed=40359ms
2026-09-19T23:47:55.720680Z DEBUG execute_from_loop:execute_one{generation=None}: awase_windows::tsf::probe: [mark-send] last_send_ms=337709765
2026-09-19T23:47:55.720743Z DEBUG execute_from_loop:execute_one{generation=None}: awase_windows::output:   → Char('き') via Unicode
2026-09-19T23:47:55.723761Z DEBUG execute_from_loop:execute_one{generation=None}: awase_windows::tsf::probe: [mark-send] last_send_ms=337709765
2026-09-19T23:47:55.735473Z DEBUG awase_windows::tsf::gji_monitor: [gji-io] WRITE: w_ops=+2 w_KB=+0.3 (r_ops=+4 x_ops=+4 x_KB=+0.0)
2026-09-19T23:47:55.760364Z  INFO awase_windows::tsf::win_event_obs: [gji-obs] candidate SHOW #58: last_gji_write=31ms ago
2026-09-19T23:47:55.864644Z DEBUG awase_windows::runtime::key_pipeline: [engine-input] vk=0x4B KeyUp ts=656952835us delay=0ms state=Idle mods(c=false s=false a=false w=false) gas_ctrl=false phys_ctrl=false extra=0x5350494B pending_drain=0 gate_active=false l_thumb=None r_thumb=None [diag-ctx] ime_on
2026-09-19T23:47:55.864790Z DEBUG awase::journal: key input seq=1840 elapsed_ms=656953 vk_code=75 is_down=false injected=false key_class="Char" state_before="Idle" state_after="Idle" decision="Consume" physical="Allow" repeat_count=1 last_timestamp_us=656952835 last_elapsed_ms=0
2026-09-19T23:47:55.865150Z DEBUG execute_one{generation=None}: awase_windows::output: send_keys: mode=Unicode actions=[Suppress] prev_elapsed=141ms
2026-09-19T23:47:55.865191Z DEBUG execute_one{generation=None}: awase_windows::tsf::probe: [mark-send] last_send_ms=337709906
2026-09-19T23:47:55.865203Z DEBUG execute_one{generation=None}: awase_windows::output:   → Suppress
2026-09-19T23:47:55.865212Z DEBUG execute_one{generation=None}: awase_windows::tsf::probe: [mark-send] last_send_ms=337709906
2026-09-19T23:47:55.865254Z DEBUG execute_one{generation=None}: awase_windows::platform: [gji-fsm] StartComposition (candidate SHOW)
2026-09-19T23:47:55.865276Z DEBUG execute_one{generation=None}:gji_on_event{event=StartComposition}: awase_windows::tsf::gji_fsm: [gji-fsm] StartComposition: OnWarm → OnComposing(AlreadyWarm)
2026-09-19T23:47:55.865375Z DEBUG awase::journal: gji fsm transition seq=1841 elapsed_ms=656953 trigger="StartComposition(candidate SHOW)" state_before="OnWarm" state_after="OnComposing(Warm)"
2026-09-19T23:47:56.113745Z DEBUG awase_windows::runtime::key_pipeline: [engine-input] vk=0x1B KeyDown ts=657201961us delay=0ms state=Idle mods(c=false s=false a=false w=false) gas_ctrl=false phys_ctrl=false extra=0x5350494B pending_drain=0 gate_active=false l_thumb=None r_thumb=None [diag-ctx] ime_
2026-09-19T23:47:56.113885Z DEBUG awase::journal: key input seq=1842 elapsed_ms=657202 vk_code=27 is_down=true injected=false key_class="Passthrough" state_before="Idle" state_after="Idle" decision="PassThrough" physical="Allow" repeat_count=1 last_timestamp_us=657201961 last_elapsed_ms=0
2026-09-19T23:47:56.114016Z DEBUG execute_from_hook: awase_windows::runtime::executor: [relay-passthrough] PassThrough idle: direct OS pass-through (vk=0x1b down)
2026-09-19T23:47:56.114120Z DEBUG execute_one{generation=None}: awase_windows::runtime::executor: [reinject] vk=0x1b down (queued passthrough now firing)
2026-09-19T23:47:56.124382Z DEBUG awase_windows::tsf::gji_monitor: [gji-io] WRITE: w_ops=+2 w_KB=+0.3 (r_ops=+4 x_ops=+4 x_KB=+0.0)
2026-09-19T23:47:56.124936Z  INFO awase_windows::tsf::win_event_obs: [gji-obs] candidate HIDE: last_gji_write=0ms ago
2026-09-19T23:47:56.295841Z DEBUG awase_windows::runtime::key_pipeline: [engine-input] vk=0x1B KeyUp ts=657384138us delay=0ms state=Idle mods(c=false s=false a=false w=false) gas_ctrl=false phys_ctrl=false extra=0x5350494B pending_drain=0 gate_active=false l_thumb=None r_thumb=None [diag-ctx] ime_on
2026-09-19T23:47:56.295946Z DEBUG awase::journal: key input seq=1843 elapsed_ms=657384 vk_code=27 is_down=false injected=false key_class="Passthrough" state_before="Idle" state_after="Idle" decision="PassThrough" physical="Allow" repeat_count=1 last_timestamp_us=657384138 last_elapsed_ms=0
2026-09-19T23:47:56.296045Z DEBUG execute_from_hook: awase_windows::runtime::executor: [relay-passthrough] PassThrough idle: direct OS pass-through (vk=0x1b up)
2026-09-19T23:47:56.296116Z DEBUG execute_one{generation=None}: awase_windows::runtime::executor: [reinject] vk=0x1b up (queued passthrough now firing)
2026-09-19T23:47:56.297954Z DEBUG awase_windows::platform: [gji-fsm] EndComposition (candidate HIDE) epoch=FocusEpoch(57)
2026-09-19T23:47:56.298039Z DEBUG awase::journal: gji fsm transition seq=1844 elapsed_ms=657386 trigger="EndComposition(candidate HIDE, epoch=FocusEpoch(57))" state_before="OnComposing(Warm)" state_after="OnWarm"
2026-09-19T23:47:58.057724Z DEBUG awase_windows::runtime::key_pipeline: [shadow-toggle] vk=0x1DはFSM delegate所有 → belief書き込み/actuationをスキップ w_ops0=111462 x_ops0=247005 x_KB0=23.7
2026-09-19T23:47:58.057772Z DEBUG awase_windows::runtime::key_pipeline: [shadow-toggle] no-op: vk=0x1D action=Toggle source=PhysicalImeKey effective_open は既に true → apply-ime 見送り
2026-09-19T23:47:58.057820Z DEBUG awase_windows::runtime::key_pipeline: [engine-input] vk=0x1D KeyDown ts=659145962us delay=0ms state=Idle mods(c=false s=false a=false w=false) gas_ctrl=false phys_ctrl=false extra=0x5350494B pending_drain=0 gate_active=false l_thumb=Some(659145948) r_thumb=None [dia
2026-09-19T23:47:58.057960Z DEBUG awase::journal: key input seq=1845 elapsed_ms=659146 vk_code=29 is_down=true injected=false key_class="LeftThumb" state_before="Idle" state_after="PendingThumb(vk=0x1D,left=true)" decision="Consume" physical="Allow" repeat_count=1 last_timestamp_us=659145962 last_el
2026-09-19T23:47:58.184095Z DEBUG awase_windows::runtime::key_pipeline: [engine-input] vk=0x1D KeyUp ts=659272271us delay=0ms state=PendingThumb(vk=0x1D,left=true) mods(c=false s=false a=false w=false) gas_ctrl=false phys_ctrl=false extra=0x5350494B pending_drain=0 gate_active=false l_thumb=None r_t
2026-09-19T23:47:58.184169Z  INFO awase::engine::engine: IME open axis delegated (solo tap, key semantics absorption) → false (origin=ExplicitUserAction)
2026-09-19T23:47:58.184232Z DEBUG awase::journal: key input seq=1847 elapsed_ms=659272 vk_code=29 is_down=false injected=false key_class="LeftThumb" state_before="PendingThumb(vk=0x1D,left=true)" state_after="Idle" decision="Consume" physical="Allow" repeat_count=1 last_timestamp_us=659272271 last_e
2026-09-19T23:47:58.184301Z DEBUG awase::journal: ime event seq=1848 elapsed_ms=659272 event_kind="UserImeSetIntent"
2026-09-19T23:47:58.184335Z DEBUG awase::journal: ime event seq=1849 elapsed_ms=659272 event_kind="ImeApplyRequested"
2026-09-19T23:47:58.184357Z  INFO awase_windows::runtime::key_pipeline: IME control: preconditions.ime_on = false (SetOpenRequest, origin=ExplicitUserAction), was_open_before=true last_intent_before=Some(true) poll suspended
2026-09-19T23:47:58.184571Z DEBUG execute_one{generation=Some(ApplyGeneration(44))}:dispatch_ime_set_open{open=false generation=Some(ApplyGeneration(44))}: awase_windows::runtime::executor: [dispatch-ime] ImmCross async: optimistic applied_snapshot=false (suppress send_engine_state_ime_key)
2026-09-19T23:47:58.187543Z DEBUG execute_one{generation=Some(ApplyGeneration(44))}: awase_windows::platform: [engine-state-key] skipped (apply_ime_open aligned ime=false, profile=Standard)
2026-09-19T23:47:58.189137Z DEBUG run_open_chain_async: awase_windows::ime_controller: [warrant-shadow] chain=async open=false origin=EventOrigin { source: SelfActuated { strategy: "engine_decision_async" }, epoch: Generation(0) } warranted
2026-09-19T23:47:58.189174Z  INFO run_open_chain_async:imm_cross_write{open=false}: awase_windows::runtime::open_chain: [apply-ime] ImmCross async: open=false composition_active=false show_seq=0 change_seq=0 (issue #138診断)
2026-09-19T23:47:58.192106Z DEBUG awase_windows::shadow_send_trace: [shadow-send] channel=ImeControl cmd=0x0006 lparam=0 issue_us=659279942
2026-09-19T23:47:58.192122Z DEBUG awase_windows::ime: set_ime_open_for_target: hwnd=HWND(0x9504f2) ime_wnd=HWND(0x1122af0) open=false success=true send_elapsed=0ms candidate_visible=false
2026-09-19T23:47:58.192533Z DEBUG run_open_chain_async:imm_cross_write{open=false}: awase_windows::ime: [imm-cross-actuate] hwnd=HWND(0x9504f2) open=Written conv=None
2026-09-19T23:47:58.192615Z DEBUG run_open_chain_async: awase::journal: actuation decision seq=1850 elapsed_ms=659281 site="DispatchImeSetOpen" caller="None" open=false chain_len=4 attempts_len=1 gate_profile="Standard" gate_kind="Gji" gate_shadow_known=true gate_shadow_on=true gate_input_mode="Obse
2026-09-19T23:47:58.193500Z DEBUG on_ime_apply_complete{open=false outcome=AppliedWithoutSendInput generation=Some(ApplyGeneration(44)) reason=EngineDecision}: awase::journal: ime open applied seq=1851 elapsed_ms=659281 open=false outcome="AppliedWithoutSendInput" reason="EngineDecision"
2026-09-19T23:47:58.194382Z DEBUG on_ime_apply_complete{open=false outcome=AppliedWithoutSendInput generation=Some(ApplyGeneration(44)) reason=EngineDecision}: awase::journal: ime event seq=1852 elapsed_ms=659282 event_kind="ImeApplySucceeded"
2026-09-19T23:47:58.194399Z DEBUG on_ime_apply_complete{open=false outcome=AppliedWithoutSendInput generation=Some(ApplyGeneration(44)) reason=EngineDecision}: awase_windows::tsf::ime_mode_fsm: [ime-mode] SetOpen(false) applied → Off (belief, unconfirmed)
2026-09-19T23:47:58.194413Z DEBUG on_ime_apply_complete{open=false outcome=AppliedWithoutSendInput generation=Some(ApplyGeneration(44)) reason=EngineDecision}: awase_windows::platform: [composition] ImeEffect::SetOpen(false) → marking cold (prevent warm+TSF Enter leak)
2026-09-19T23:47:58.194425Z DEBUG on_ime_apply_complete{open=false outcome=AppliedWithoutSendInput generation=Some(ApplyGeneration(44)) reason=EngineDecision}: awase_windows::tsf::probe: [composition] marked cold reason=SetOpenFalse idle=2328ms → next VK/TSF output will send VK_DBE_HIRAGANA warmup
2026-09-19T23:47:58.197732Z DEBUG awase::journal: gji fsm transition seq=1853 elapsed_ms=659282 trigger="ImeOff" state_before="OnWarm" state_after="OffCold"
2026-09-19T23:47:58.224629Z DEBUG awase_windows::runtime::ime_refresh: Explicit intent: bypassing typing-idle guard for IME verify (idle=31ms)
2026-09-19T23:47:58.224700Z DEBUG awase_windows::observer::ime_observer: IME snapshot: japanese=Some(true) ime_on=Some(false) romaji=Some(true) conv=Some("0x00000019") guard=false
2026-09-19T23:47:58.224903Z DEBUG awase::journal: ime event seq=1854 elapsed_ms=659313 event_kind="ObserverReported"
2026-09-19T23:47:58.224960Z DEBUG awase::journal: ime event seq=1855 elapsed_ms=659313 event_kind="InputModeObserved"
2026-09-19T23:47:58.700785Z DEBUG awase_windows::runtime::key_pipeline: [engine-input] vk=0x4B KeyDown ts=659788772us delay=0ms state=Idle mods(c=false s=false a=false w=false) gas_ctrl=false phys_ctrl=false extra=0x5350494B pending_drain=0 gate_active=false l_thumb=None r_thumb=None [diag-ctx] ime_
2026-09-19T23:47:58.700870Z DEBUG awase::journal: key input seq=1856 elapsed_ms=659789 vk_code=75 is_down=true injected=false key_class="Char" state_before="Idle" state_after="Idle" decision="PassThrough" physical="Allow" repeat_count=1 last_timestamp_us=659788772 last_elapsed_ms=0
2026-09-19T23:47:58.701266Z DEBUG execute_one{generation=None}: awase_windows::runtime::executor: [reinject] vk=0x4b down (queued passthrough now firing)
2026-09-19T23:47:58.884490Z DEBUG awase_windows::runtime::key_pipeline: [engine-input] vk=0x4B KeyUp ts=659972768us delay=0ms state=Idle mods(c=false s=false a=false w=false) gas_ctrl=false phys_ctrl=false extra=0x5350494B pending_drain=0 gate_active=false l_thumb=None r_thumb=None [diag-ctx] ime_on
2026-09-19T23:47:58.884593Z DEBUG awase::journal: key input seq=1857 elapsed_ms=659973 vk_code=75 is_down=false injected=false key_class="Char" state_before="Idle" state_after="Idle" decision="PassThrough" physical="Allow" repeat_count=1 last_timestamp_us=659972768 last_elapsed_ms=0
2026-09-19T23:47:58.884731Z DEBUG execute_one{generation=None}: awase_windows::runtime::executor: [reinject] vk=0x4b up (queued passthrough now firing)
2026-09-19T23:47:59.197311Z DEBUG awase_windows::runtime::key_pipeline: [engine-input] vk=0x1B KeyDown ts=660285633us delay=0ms state=Idle mods(c=false s=false a=false w=false) gas_ctrl=false phys_ctrl=false extra=0x5350494B pending_drain=0 gate_active=false l_thumb=None r_thumb=None [diag-ctx] ime_
2026-09-19T23:47:59.197408Z DEBUG awase::journal: key input seq=1858 elapsed_ms=660285 vk_code=27 is_down=true injected=false key_class="Passthrough" state_before="Idle" state_after="Idle" decision="PassThrough" physical="Allow" repeat_count=1 last_timestamp_us=660285633 last_elapsed_ms=0
2026-09-19T23:47:59.197500Z DEBUG execute_from_hook: awase_windows::tsf::probe: [composition] marked cold reason=PassthroughConfirmKey idle=3344ms → next VK/TSF output will send VK_DBE_HIRAGANA warmup
2026-09-19T23:47:59.197523Z DEBUG execute_from_hook: awase_windows::tsf::probe: [mark-send] last_send_ms=337713250
2026-09-19T23:47:59.197576Z DEBUG execute_from_hook: awase_windows::platform: [composition-fsm] EmitWarmup (ConfirmKeyDown)
2026-09-19T23:47:59.197598Z DEBUG execute_from_hook: awase_windows::runtime::executor: [relay-passthrough] PassThrough idle: direct OS pass-through (vk=0x1b down)
2026-09-19T23:47:59.197626Z DEBUG awase::journal: gji fsm transition seq=1859 elapsed_ms=660286 trigger="CompositionReset(gji_idle_ms=3079)" state_before="OffCold" state_after="OffCold"
2026-09-19T23:47:59.197673Z DEBUG awase_windows::runtime::executor: [reinject-guard] suspending drain for 50ms (vk=0x1b)
2026-09-19T23:47:59.270889Z DEBUG execute_one{generation=None}: awase_windows::runtime::executor: [reinject] vk=0x1b down (queued passthrough now firing)
2026-09-19T23:47:59.270923Z DEBUG execute_one{generation=None}: awase_windows::platform: [composition] reinject KeyDown vk=0x1b → marking cold + eager warmup
2026-09-19T23:47:59.270934Z DEBUG execute_one{generation=None}: awase_windows::tsf::probe: [composition] marked cold reason=ReinjectConfirmKey idle=62ms → next VK/TSF output will send VK_DBE_HIRAGANA warmup
2026-09-19T23:47:59.270945Z DEBUG execute_one{generation=None}: awase_windows::tsf::probe: [mark-send] last_send_ms=337713312
2026-09-19T23:47:59.273602Z DEBUG awase::journal: gji fsm transition seq=1860 elapsed_ms=660359 trigger="CompositionReset(gji_idle_ms=3141)" state_before="OffCold" state_after="OffCold"
2026-09-19T23:47:59.383971Z DEBUG awase_windows::runtime::key_pipeline: [engine-input] vk=0x1B KeyUp ts=660472294us delay=0ms state=Idle mods(c=false s=false a=false w=false) gas_ctrl=false phys_ctrl=false extra=0x5350494B pending_drain=0 gate_active=false l_thumb=None r_thumb=None [diag-ctx] ime_on
2026-09-19T23:47:59.384218Z DEBUG awase::journal: key input seq=1861 elapsed_ms=660472 vk_code=27 is_down=false injected=false key_class="Passthrough" state_before="Idle" state_after="Idle" decision="PassThrough" physical="Allow" repeat_count=1 last_timestamp_us=660472294 last_elapsed_ms=0
2026-09-19T23:47:59.384320Z DEBUG execute_from_hook: awase_windows::runtime::executor: [relay-passthrough] PassThrough idle: direct OS pass-through (vk=0x1b up)
2026-09-19T23:47:59.384392Z DEBUG execute_one{generation=None}: awase_windows::runtime::executor: [reinject] vk=0x1b up (queued passthrough now firing)
2026-09-19T23:48:01.190452Z  INFO awase_windows::runtime::key_pipeline: [shadow-toggle] intent 昇格: vk=0x1D scan=0x7B action=Toggle kind=PhysicalImeKey injected=false false→true w_ops0=111462 x_ops0=247005 x_KB0=23.7
2026-09-19T23:48:01.190538Z DEBUG awase::journal: ime event seq=1862 elapsed_ms=662278 event_kind="UserImeSetIntent"
2026-09-19T23:48:01.190587Z DEBUG awase_windows::runtime::key_pipeline: Shadow IME toggle: OFF → ON (vk=0x1D, source=PhysicalImeKey)
2026-09-19T23:48:01.190635Z DEBUG awase_windows::runtime::key_pipeline: [engine-input] vk=0x1D KeyDown ts=662278630us delay=0ms state=Idle mods(c=false s=false a=false w=false) gas_ctrl=false phys_ctrl=false extra=0x5350494B pending_drain=0 gate_active=false l_thumb=Some(662278614) r_thumb=None [dia
2026-09-19T23:48:01.190749Z  INFO awase::engine::engine: Engine activated (ime=true, romaji=true, japanese=true, user=true, reason=Active)
2026-09-19T23:48:01.190886Z DEBUG awase::journal: key input seq=1863 elapsed_ms=662279 vk_code=29 is_down=true injected=false key_class="LeftThumb" state_before="Idle" state_after="PendingThumb(vk=0x1D,left=true)" decision="Consume" physical="Allow" repeat_count=1 last_timestamp_us=662278630 last_el
2026-09-19T23:48:01.190991Z DEBUG awase::journal: ime event seq=1864 elapsed_ms=662279 event_kind="EngineActivationSync"
2026-09-19T23:48:01.191041Z DEBUG awase::journal: ime event seq=1865 elapsed_ms=662279 event_kind="ImeApplyRequested"
2026-09-19T23:48:01.191064Z  INFO awase_windows::runtime::key_pipeline: IME control: preconditions.ime_on = true (SetOpenRequest, origin=ActivationSync), was_open_before=true last_intent_before=Some(true) poll suspended
2026-09-19T23:48:01.191464Z DEBUG execute_one{generation=Some(ApplyGeneration(45))}:dispatch_ime_set_open{open=true generation=Some(ApplyGeneration(45))}: awase_windows::runtime::executor: [dispatch-ime] ImmCross async: optimistic applied_snapshot=true (suppress send_engine_state_ime_key)
2026-09-19T23:48:01.193412Z DEBUG execute_one{generation=Some(ApplyGeneration(45))}: awase_windows::platform: [engine-state-key] skipped (apply_ime_open aligned ime=true, profile=Standard)
2026-09-19T23:48:01.199212Z DEBUG run_open_chain_async: awase_windows::ime_controller: [warrant-shadow] chain=async open=true origin=EventOrigin { source: SelfActuated { strategy: "engine_decision_async" }, epoch: Generation(0) } warranted
2026-09-19T23:48:01.199260Z  INFO run_open_chain_async:imm_cross_write{open=true}: awase_windows::runtime::open_chain: [apply-ime] ImmCross async: open=true composition_active=false show_seq=0 change_seq=0 (issue #138診断)
2026-09-19T23:48:01.206289Z DEBUG awase_windows::shadow_send_trace: [shadow-send] channel=ImeControl cmd=0x0006 lparam=1 issue_us=662290688
2026-09-19T23:48:01.206305Z DEBUG awase_windows::ime: set_ime_open_for_target: hwnd=HWND(0x9504f2) ime_wnd=HWND(0x1122af0) open=true success=true send_elapsed=4ms candidate_visible=false
2026-09-19T23:48:01.212370Z DEBUG run_open_chain_async:imm_cross_write{open=true}: awase_windows::ime: [imm-cross-actuate] hwnd=HWND(0x9504f2) open=Written conv=Some(Written)
2026-09-19T23:48:01.212423Z DEBUG run_open_chain_async:imm_cross_write{open=true}: awase_windows::runtime::open_chain: [apply-ime] ROMAN 補完結果: Written
2026-09-19T23:48:01.212485Z DEBUG run_open_chain_async: awase::journal: actuation decision seq=1866 elapsed_ms=662300 site="DispatchImeSetOpen" caller="None" open=true chain_len=4 attempts_len=1 gate_profile="Standard" gate_kind="Gji" gate_shadow_known=true gate_shadow_on=false gate_input_mode="Obse
2026-09-19T23:48:01.214646Z DEBUG on_ime_apply_complete{open=true outcome=AppliedWithoutSendInput generation=Some(ApplyGeneration(45)) reason=EngineDecision}: awase::journal: ime open applied seq=1867 elapsed_ms=662303 open=true outcome="AppliedWithoutSendInput" reason="EngineDecision"
2026-09-19T23:48:01.214857Z DEBUG on_ime_apply_complete{open=true outcome=AppliedWithoutSendInput generation=Some(ApplyGeneration(45)) reason=EngineDecision}: awase::journal: ime event seq=1868 elapsed_ms=662303 event_kind="ImeApplySucceeded"
2026-09-19T23:48:01.214887Z DEBUG on_ime_apply_complete{open=true outcome=AppliedWithoutSendInput generation=Some(ApplyGeneration(45)) reason=EngineDecision}: awase_windows::tsf::ime_mode_fsm: [ime-mode] SetOpen(true) applied → Hiragana (belief, unconfirmed)
2026-09-19T23:48:01.214913Z DEBUG on_ime_apply_complete{open=true outcome=AppliedWithoutSendInput generation=Some(ApplyGeneration(45)) reason=EngineDecision}: awase_windows::platform: [composition] ImeEffect::SetOpen(true) → marking cold
2026-09-19T23:48:01.214934Z DEBUG on_ime_apply_complete{open=true outcome=AppliedWithoutSendInput generation=Some(ApplyGeneration(45)) reason=EngineDecision}: awase_windows::tsf::probe: [composition] marked cold reason=SetOpenTrue idle=1953ms → next VK/TSF output will send VK_DBE_HIRAGANA warmup
2026-09-19T23:48:01.214981Z DEBUG on_ime_apply_complete{open=true outcome=AppliedWithoutSendInput generation=Some(ApplyGeneration(45)) reason=EngineDecision}:gji_on_event{event=ImeOn { injection_mode: Unicode, gji_idle_ms: 5094 }}: awase_windows::tsf::gji_fsm: [gji-fsm] ImeOn gji_idle=5094ms → Short
2026-09-19T23:48:01.215023Z DEBUG on_ime_apply_complete{open=true outcome=AppliedWithoutSendInput generation=Some(ApplyGeneration(45)) reason=EngineDecision}: awase_windows::platform: [gji-fsm] StartProbe probe_id=ProbeId(45) forces_f2=false long=false
2026-09-19T23:48:01.215645Z DEBUG awase::journal: gji fsm transition seq=1869 elapsed_ms=662303 trigger="ImeOn(gji_idle_ms=5094)" state_before="OffCold" state_after="OnCold(Short)"
2026-09-19T23:48:01.215669Z DEBUG awase::journal: tsf probe started seq=1870 elapsed_ms=662303 source="GjiAction::StartProbe" cold_seq=2 probe_id=45 probe_id_present=true gji_state="OnCold(Short)" consecutive_at_start=0 pending_deferred_len=0
2026-09-19T23:48:01.215697Z DEBUG awase::journal: gji fsm transition seq=1871 elapsed_ms=662303 trigger="WarmupComplete(unicode)" state_before="OnCold(Short)" state_after="OnWarm"
2026-09-19T23:48:01.215714Z DEBUG awase::journal: tsf probe completed seq=1872 elapsed_ms=662303 outcome="UnicodeImmediate" cold_seq=18446744073709551615 cold_seq_present=false probe_id=45 probe_id_present=true duration_ms=0 tick_count=0 gji_state="OnWarm"
2026-09-19T23:48:01.254080Z DEBUG awase_windows::runtime::ime_refresh: Explicit intent: bypassing typing-idle guard for IME verify (idle=62ms)
2026-09-19T23:48:01.254109Z DEBUG awase_windows::observer::ime_observer: IME snapshot: japanese=Some(true) ime_on=Some(true) romaji=Some(true) conv=Some("0x00000019") guard=false
2026-09-19T23:48:01.254151Z DEBUG awase::journal: ime event seq=1873 elapsed_ms=662342 event_kind="ObserverReported"
2026-09-19T23:48:01.254166Z DEBUG awase::journal: ime event seq=1874 elapsed_ms=662342 event_kind="InputModeObserved"
2026-09-19T23:48:01.311017Z DEBUG awase_windows::runtime::key_pipeline: [engine-input] vk=0x1D KeyUp ts=662399309us delay=0ms state=PendingThumb(vk=0x1D,left=true) mods(c=false s=false a=false w=false) gas_ctrl=false phys_ctrl=false extra=0x5350494B pending_drain=0 gate_active=false l_thumb=None r_t
2026-09-19T23:48:01.311132Z DEBUG awase::journal: key input seq=1876 elapsed_ms=662399 vk_code=29 is_down=false injected=false key_class="LeftThumb" state_before="PendingThumb(vk=0x1D,left=true)" state_after="Idle" decision="Consume" physical="Allow" repeat_count=1 last_timestamp_us=662399309 last_e
2026-09-19T23:48:01.987017Z DEBUG awase_windows::runtime::key_pipeline: [engine-input] vk=0x4B KeyDown ts=663072296us delay=3ms state=Idle mods(c=false s=false a=false w=false) gas_ctrl=false phys_ctrl=false extra=0x5350494B pending_drain=0 gate_active=false l_thumb=None r_thumb=None [diag-ctx] ime_
2026-09-19T23:48:01.987182Z DEBUG awase::journal: key input seq=1877 elapsed_ms=663075 vk_code=75 is_down=true injected=false key_class="Char" state_before="Idle" state_after="PendingChar(vk=0x4B)" decision="Consume" physical="Allow" repeat_count=1 last_timestamp_us=663072296 last_elapsed_ms=0
2026-09-19T23:48:02.096092Z DEBUG execute_from_loop:execute_one{generation=None}: awase_windows::output: send_keys: mode=Unicode actions=[Char('き')] prev_elapsed=2828ms
2026-09-19T23:48:02.096162Z DEBUG execute_from_loop:execute_one{generation=None}: awase_windows::tsf::probe: [mark-send] last_send_ms=337716140
2026-09-19T23:48:02.096199Z DEBUG execute_from_loop:execute_one{generation=None}: awase_windows::output:   → Char('き') via Unicode
2026-09-19T23:48:02.164673Z DEBUG execute_from_loop:execute_one{generation=None}: awase_windows::tsf::probe: [mark-send] last_send_ms=337716218
2026-09-19T23:48:02.444147Z DEBUG awase_windows::runtime::key_pipeline: [engine-input] vk=0x4B KeyUp ts=663532283us delay=0ms state=Idle mods(c=false s=false a=false w=false) gas_ctrl=false phys_ctrl=false extra=0x5350494B pending_drain=0 gate_active=false l_thumb=None r_thumb=None [diag-ctx] ime_on
2026-09-19T23:48:02.444216Z DEBUG awase::journal: key input seq=1879 elapsed_ms=663532 vk_code=75 is_down=false injected=false key_class="Char" state_before="Idle" state_after="Idle" decision="Consume" physical="Allow" repeat_count=1 last_timestamp_us=663532283 last_elapsed_ms=0
2026-09-19T23:48:02.444604Z DEBUG execute_one{generation=None}: awase_windows::output: send_keys: mode=Unicode actions=[Suppress] prev_elapsed=282ms
2026-09-19T23:48:02.444644Z DEBUG execute_one{generation=None}: awase_windows::tsf::probe: [mark-send] last_send_ms=337716500
2026-09-19T23:48:02.444664Z DEBUG execute_one{generation=None}: awase_windows::output:   → Suppress
2026-09-19T23:48:02.444680Z DEBUG execute_one{generation=None}: awase_windows::tsf::probe: [mark-send] last_send_ms=337716500
2026-09-19T23:48:02.445599Z DEBUG awase_windows::runtime::key_pipeline: [engine-input] vk=0x1B KeyDown ts=663533723us delay=0ms state=Idle mods(c=false s=false a=false w=false) gas_ctrl=false phys_ctrl=false extra=0x5350494B pending_drain=0 gate_active=false l_thumb=None r_thumb=None [diag-ctx] ime_
2026-09-19T23:48:02.445679Z DEBUG awase::journal: key input seq=1880 elapsed_ms=663534 vk_code=27 is_down=true injected=false key_class="Passthrough" state_before="Idle" state_after="Idle" decision="PassThrough" physical="Allow" repeat_count=1 last_timestamp_us=663533723 last_elapsed_ms=0
2026-09-19T23:48:02.445757Z DEBUG execute_from_hook: awase_windows::runtime::transport: [relay-defer] PassThrough deferred: output in-flight (0ms ago), reinject(vk=0x1b down)
2026-09-19T23:48:02.445811Z DEBUG awase_windows::runtime::executor: [reinject-guard] suspending drain for 50ms (vk=0x1b)
2026-09-19T23:48:02.507694Z DEBUG execute_one{generation=None}: awase_windows::runtime::executor: [reinject] vk=0x1b down (queued passthrough now firing)
2026-09-19T23:48:02.532863Z DEBUG awase_windows::runtime::key_pipeline: [engine-input] vk=0x1B KeyUp ts=663621103us delay=0ms state=Idle mods(c=false s=false a=false w=false) gas_ctrl=false phys_ctrl=false extra=0x5350494B pending_drain=0 gate_active=false l_thumb=None r_thumb=None [diag-ctx] ime_on
2026-09-19T23:48:02.532992Z DEBUG awase::journal: key input seq=1881 elapsed_ms=663621 vk_code=27 is_down=false injected=false key_class="Passthrough" state_before="Idle" state_after="Idle" decision="PassThrough" physical="Allow" repeat_count=1 last_timestamp_us=663621103 last_elapsed_ms=0
2026-09-19T23:48:02.533049Z DEBUG execute_from_hook: awase_windows::runtime::transport: [relay-sym] PassThrough KeyUp vk=0x1b: KeyDown was deferred → force reinject for symmetry
2026-09-19T23:48:02.533180Z DEBUG execute_one{generation=None}: awase_windows::runtime::executor: [reinject] vk=0x1b up (queued passthrough now firing)
2026-09-19T23:48:04.317301Z DEBUG awase_windows::hook: [hook] IME-mode vk=0xF2 down self_injected=false injected=false scan=0x70 extra=0x5350494B since_actuation_us=Some(19259116)
2026-09-19T23:48:04.317427Z DEBUG awase::journal: hook ime-mode diagnostic seq=1882 elapsed_ms=665405 vk_code=242 is_down=true self_injected=false injected=false scan=112
2026-09-19T23:48:04.317690Z  INFO awase_windows::runtime::key_pipeline: [shadow-toggle] intent 昇格: vk=0xF2 scan=0x70 action=TurnOn kind=PhysicalImeKey injected=false true→true w_ops0=111462 x_ops0=247005 x_KB0=23.7
2026-09-19T23:48:04.317726Z DEBUG awase::journal: ime event seq=1883 elapsed_ms=665406 event_kind="UserImeSetIntent"
2026-09-19T23:48:04.317743Z DEBUG awase_windows::runtime::key_pipeline: [shadow-toggle] no-op: vk=0xF2 action=TurnOn source=PhysicalImeKey effective_open は既に true → apply-ime 見送り
2026-09-19T23:48:04.317768Z DEBUG awase_windows::runtime::key_pipeline: [engine-input] vk=0xF2 KeyDown ts=665405941us delay=0ms state=Idle mods(c=false s=false a=false w=false) gas_ctrl=false phys_ctrl=false extra=0x5350494B pending_drain=0 gate_active=false l_thumb=None r_thumb=None [diag-ctx] ime_
2026-09-19T23:48:04.317831Z DEBUG awase::journal: key input seq=1884 elapsed_ms=665406 vk_code=242 is_down=true injected=false key_class="Passthrough" state_before="Idle" state_after="Idle" decision="PassThrough" physical="Allow" repeat_count=1 last_timestamp_us=665405941 last_elapsed_ms=0
2026-09-19T23:48:04.317870Z DEBUG awase_windows::runtime::key_pipeline: may_change_ime key passed through → IME refresh scheduled (20ms)
2026-09-19T23:48:04.317914Z DEBUG execute_from_hook: awase_windows::runtime::executor: [relay-passthrough] PassThrough idle: direct OS pass-through (vk=0xf2 down)
2026-09-19T23:48:04.317958Z DEBUG execute_one{generation=None}: awase_windows::runtime::executor: [reinject] vk=0xf2 down (queued passthrough now firing)
2026-09-19T23:48:04.321539Z DEBUG awase_windows::hook: [hook] IME-mode vk=0xF2 down self_injected=true injected=true scan=0x0 extra=0x4B45594D since_actuation_us=Some(19263370)
2026-09-19T23:48:04.323157Z DEBUG awase::journal: hook ime-mode diagnostic seq=1885 elapsed_ms=665411 vk_code=242 is_down=true self_injected=true injected=true scan=0
2026-09-19T23:48:04.329797Z DEBUG awase_windows::tsf::gji_monitor: [gji-io] WRITE: w_ops=+2 w_KB=+0.0 (r_ops=+4 x_ops=+4 x_KB=+0.0)
2026-09-19T23:48:04.347459Z DEBUG awase_windows::runtime::ime_refresh: Explicit intent: bypassing typing-idle guard for IME verify (idle=31ms)
2026-09-19T23:48:04.347520Z DEBUG awase_windows::observer::ime_observer: IME snapshot: japanese=Some(true) ime_on=Some(true) romaji=None conv=Some("0x00000010") guard=false
2026-09-19T23:48:04.347636Z DEBUG awase::journal: ime event seq=1886 elapsed_ms=665436 event_kind="ObserverReported"
2026-09-19T23:48:04.347684Z DEBUG awase::journal: ime event seq=1887 elapsed_ms=665436 event_kind="InputModeObserved"
2026-09-19T23:48:04.347757Z DEBUG awase::engine::engine: [diag-engine-active] ime_on=true なのに非活性: reason=Inactive(NotRomajiInput) romaji_capable=false japanese=true user_enabled=true was_active=true input_mode=ObservedEisu
2026-09-19T23:48:04.347817Z  INFO awase::engine::engine: Engine deactivated (ime=true, romaji=false, japanese=true, user=true, reason=Inactive(NotRomajiInput))
2026-09-19T23:48:05.033749Z DEBUG awase_windows::runtime::key_pipeline: [engine-input] vk=0x4B KeyDown ts=666121618us delay=0ms state=Idle mods(c=false s=false a=false w=false) gas_ctrl=false phys_ctrl=false extra=0x5350494B pending_drain=0 gate_active=false l_thumb=None r_thumb=None [diag-ctx] ime_
2026-09-19T23:48:05.033807Z DEBUG awase::engine::engine: [diag-engine-active] ime_on=true なのに非活性: reason=Inactive(NotRomajiInput) romaji_capable=false japanese=true user_enabled=true was_active=false input_mode=ObservedEisu
2026-09-19T23:48:05.033896Z DEBUG awase::journal: key input seq=1888 elapsed_ms=666122 vk_code=75 is_down=true injected=false key_class="Char" state_before="Idle" state_after="Idle" decision="PassThrough" physical="Allow" repeat_count=1 last_timestamp_us=666121618 last_elapsed_ms=0
2026-09-19T23:48:05.034044Z DEBUG execute_one{generation=None}: awase_windows::runtime::executor: [reinject] vk=0x4b down (queued passthrough now firing)
2026-09-19T23:48:05.185264Z DEBUG awase_windows::runtime::key_pipeline: [engine-input] vk=0x4B KeyUp ts=666273437us delay=0ms state=Idle mods(c=false s=false a=false w=false) gas_ctrl=false phys_ctrl=false extra=0x5350494B pending_drain=0 gate_active=false l_thumb=None r_thumb=None [diag-ctx] ime_on
2026-09-19T23:48:05.185312Z DEBUG awase::engine::engine: [diag-engine-active] ime_on=true なのに非活性: reason=Inactive(NotRomajiInput) romaji_capable=false japanese=true user_enabled=true was_active=false input_mode=ObservedEisu
2026-09-19T23:48:05.185385Z DEBUG awase::journal: key input seq=1889 elapsed_ms=666273 vk_code=75 is_down=false injected=false key_class="Char" state_before="Idle" state_after="Idle" decision="PassThrough" physical="Allow" repeat_count=1 last_timestamp_us=666273437 last_elapsed_ms=0
2026-09-19T23:48:05.185735Z DEBUG execute_one{generation=None}: awase_windows::runtime::executor: [reinject] vk=0x4b up (queued passthrough now firing)
2026-09-19T23:48:05.543233Z DEBUG awase_windows::runtime::key_pipeline: [engine-input] vk=0x1B KeyDown ts=666631503us delay=0ms state=Idle mods(c=false s=false a=false w=false) gas_ctrl=false phys_ctrl=false extra=0x5350494B pending_drain=0 gate_active=false l_thumb=None r_thumb=None [diag-ctx] ime_
2026-09-19T23:48:05.543266Z DEBUG awase::engine::engine: [diag-engine-active] ime_on=true なのに非活性: reason=Inactive(NotRomajiInput) romaji_capable=false japanese=true user_enabled=true was_active=false input_mode=ObservedEisu
2026-09-19T23:48:05.543302Z DEBUG awase::journal: key input seq=1890 elapsed_ms=666631 vk_code=27 is_down=true injected=false key_class="Passthrough" state_before="Idle" state_after="Idle" decision="PassThrough" physical="Allow" repeat_count=1 last_timestamp_us=666631503 last_elapsed_ms=0
2026-09-19T23:48:05.544016Z DEBUG execute_from_hook: awase_windows::runtime::executor: [relay-passthrough] PassThrough idle: direct OS pass-through (vk=0x1b down)
2026-09-19T23:48:05.544260Z DEBUG execute_one{generation=None}: awase_windows::runtime::executor: [reinject] vk=0x1b down (queued passthrough now firing)
2026-09-19T23:48:05.640963Z DEBUG awase_windows::runtime::key_pipeline: [engine-input] vk=0x1B KeyUp ts=666729171us delay=0ms state=Idle mods(c=false s=false a=false w=false) gas_ctrl=false phys_ctrl=false extra=0x5350494B pending_drain=0 gate_active=false l_thumb=None r_thumb=None [diag-ctx] ime_on
2026-09-19T23:48:05.641012Z DEBUG awase::engine::engine: [diag-engine-active] ime_on=true なのに非活性: reason=Inactive(NotRomajiInput) romaji_capable=false japanese=true user_enabled=true was_active=false input_mode=ObservedEisu
2026-09-19T23:48:05.641087Z DEBUG awase::journal: key input seq=1891 elapsed_ms=666729 vk_code=27 is_down=false injected=false key_class="Passthrough" state_before="Idle" state_after="Idle" decision="PassThrough" physical="Allow" repeat_count=1 last_timestamp_us=666729171 last_elapsed_ms=0
2026-09-19T23:48:05.641186Z DEBUG execute_from_hook: awase_windows::runtime::executor: [relay-passthrough] PassThrough idle: direct OS pass-through (vk=0x1b up)
2026-09-19T23:48:05.641520Z DEBUG execute_one{generation=None}: awase_windows::runtime::executor: [reinject] vk=0x1b up (queued passthrough now firing)
2026-09-19T23:48:07.814249Z DEBUG awase_windows::runtime::key_pipeline: [shadow-toggle] vk=0x1DはFSM delegate所有 → belief書き込み/actuationをスキップ w_ops0=111464 x_ops0=247009 x_KB0=23.7
2026-09-19T23:48:07.814274Z DEBUG awase_windows::runtime::key_pipeline: [shadow-toggle] no-op: vk=0x1D action=Toggle source=PhysicalImeKey effective_open は既に true → apply-ime 見送り
2026-09-19T23:48:07.814327Z DEBUG awase_windows::runtime::key_pipeline: [engine-input] vk=0x1D KeyDown ts=668902571us delay=0ms state=Idle mods(c=false s=false a=false w=false) gas_ctrl=false phys_ctrl=false extra=0x5350494B pending_drain=0 gate_active=false l_thumb=Some(668902564) r_thumb=None [dia
2026-09-19T23:48:07.814352Z DEBUG awase::engine::engine: [diag-engine-active] ime_on=true なのに非活性: reason=Inactive(NotRomajiInput) romaji_capable=false japanese=true user_enabled=true was_active=false input_mode=ObservedEisu
2026-09-19T23:48:07.814395Z DEBUG awase::journal: key input seq=1892 elapsed_ms=668902 vk_code=29 is_down=true injected=false key_class="LeftThumb" state_before="Idle" state_after="Idle" decision="PassThrough" physical="Allow" repeat_count=1 last_timestamp_us=668902571 last_elapsed_ms=0
2026-09-19T23:48:07.814474Z DEBUG execute_one{generation=None}: awase_windows::runtime::executor: [reinject] vk=0x1d down (queued passthrough now firing)
2026-09-19T23:48:07.868751Z DEBUG awase_windows::runtime::key_pipeline: [engine-input] vk=0x1D KeyUp ts=668957027us delay=0ms state=Idle mods(c=false s=false a=false w=false) gas_ctrl=false phys_ctrl=false extra=0x5350494B pending_drain=0 gate_active=false l_thumb=None r_thumb=None [diag-ctx] ime_on
2026-09-19T23:48:07.868805Z DEBUG awase::engine::engine: [diag-engine-active] ime_on=true なのに非活性: reason=Inactive(NotRomajiInput) romaji_capable=false japanese=true user_enabled=true was_active=false input_mode=ObservedEisu
2026-09-19T23:48:07.868886Z DEBUG awase::journal: key input seq=1893 elapsed_ms=668957 vk_code=29 is_down=false injected=false key_class="LeftThumb" state_before="Idle" state_after="Idle" decision="PassThrough" physical="Allow" repeat_count=1 last_timestamp_us=668957027 last_elapsed_ms=0
2026-09-19T23:48:07.869045Z DEBUG execute_one{generation=None}: awase_windows::runtime::executor: [reinject] vk=0x1d up (queued passthrough now firing)
2026-09-19T23:48:08.371999Z DEBUG awase_windows::runtime::key_pipeline: [engine-input] vk=0x4B KeyDown ts=669460282us delay=0ms state=Idle mods(c=false s=false a=false w=false) gas_ctrl=false phys_ctrl=false extra=0x5350494B pending_drain=0 gate_active=false l_thumb=None r_thumb=None [diag-ctx] ime_
2026-09-19T23:48:08.372049Z DEBUG awase::engine::engine: [diag-engine-active] ime_on=true なのに非活性: reason=Inactive(NotRomajiInput) romaji_capable=false japanese=true user_enabled=true was_active=false input_mode=ObservedEisu
2026-09-19T23:48:08.372120Z DEBUG awase::journal: key input seq=1894 elapsed_ms=669460 vk_code=75 is_down=true injected=false key_class="Char" state_before="Idle" state_after="Idle" decision="PassThrough" physical="Allow" repeat_count=1 last_timestamp_us=669460282 last_elapsed_ms=0
2026-09-19T23:48:08.372255Z DEBUG execute_one{generation=None}: awase_windows::runtime::executor: [reinject] vk=0x4b down (queued passthrough now firing)
2026-09-19T23:48:08.559537Z DEBUG awase_windows::runtime::key_pipeline: [engine-input] vk=0x4B KeyUp ts=669647487us delay=0ms state=Idle mods(c=false s=false a=false w=false) gas_ctrl=false phys_ctrl=false extra=0x5350494B pending_drain=0 gate_active=false l_thumb=None r_thumb=None [diag-ctx] ime_on
2026-09-19T23:48:08.559573Z DEBUG awase::engine::engine: [diag-engine-active] ime_on=true なのに非活性: reason=Inactive(NotRomajiInput) romaji_capable=false japanese=true user_enabled=true was_active=false input_mode=ObservedEisu
2026-09-19T23:48:08.559621Z DEBUG awase::journal: key input seq=1895 elapsed_ms=669648 vk_code=75 is_down=false injected=false key_class="Char" state_before="Idle" state_after="Idle" decision="PassThrough" physical="Allow" repeat_count=1 last_timestamp_us=669647487 last_elapsed_ms=0
2026-09-19T23:48:08.559697Z DEBUG execute_one{generation=None}: awase_windows::runtime::executor: [reinject] vk=0x4b up (queued passthrough now firing)
2026-09-19T23:48:08.875622Z DEBUG awase_windows::runtime::key_pipeline: [engine-input] vk=0x1B KeyDown ts=669963904us delay=0ms state=Idle mods(c=false s=false a=false w=false) gas_ctrl=false phys_ctrl=false extra=0x5350494B pending_drain=0 gate_active=false l_thumb=None r_thumb=None [diag-ctx] ime_
2026-09-19T23:48:08.875671Z DEBUG awase::engine::engine: [diag-engine-active] ime_on=true なのに非活性: reason=Inactive(NotRomajiInput) romaji_capable=false japanese=true user_enabled=true was_active=false input_mode=ObservedEisu
2026-09-19T23:48:08.875736Z DEBUG awase::journal: key input seq=1896 elapsed_ms=669964 vk_code=27 is_down=true injected=false key_class="Passthrough" state_before="Idle" state_after="Idle" decision="PassThrough" physical="Allow" repeat_count=1 last_timestamp_us=669963904 last_elapsed_ms=0
2026-09-19T23:48:08.875828Z DEBUG execute_from_hook: awase_windows::runtime::executor: [relay-passthrough] PassThrough idle: direct OS pass-through (vk=0x1b down)
2026-09-19T23:48:08.875898Z DEBUG execute_one{generation=None}: awase_windows::runtime::executor: [reinject] vk=0x1b down (queued passthrough now firing)
2026-09-19T23:48:08.886324Z DEBUG awase_windows::tsf::gji_monitor: [gji-io] WRITE: w_ops=+1 w_KB=+0.0 (r_ops=+2 x_ops=+2 x_KB=+0.0)
2026-09-19T23:48:09.059488Z DEBUG awase_windows::runtime::key_pipeline: [engine-input] vk=0x1B KeyUp ts=670147755us delay=0ms state=Idle mods(c=false s=false a=false w=false) gas_ctrl=false phys_ctrl=false extra=0x5350494B pending_drain=0 gate_active=false l_thumb=None r_thumb=None [diag-ctx] ime_on
2026-09-19T23:48:09.059534Z DEBUG awase::engine::engine: [diag-engine-active] ime_on=true なのに非活性: reason=Inactive(NotRomajiInput) romaji_capable=false japanese=true user_enabled=true was_active=false input_mode=ObservedEisu
2026-09-19T23:48:09.059601Z DEBUG awase::journal: key input seq=1897 elapsed_ms=670148 vk_code=27 is_down=false injected=false key_class="Passthrough" state_before="Idle" state_after="Idle" decision="PassThrough" physical="Allow" repeat_count=1 last_timestamp_us=670147755 last_elapsed_ms=0
2026-09-19T23:48:09.059693Z DEBUG execute_from_hook: awase_windows::runtime::executor: [relay-passthrough] PassThrough idle: direct OS pass-through (vk=0x1b up)
2026-09-19T23:48:09.059760Z DEBUG execute_one{generation=None}: awase_windows::runtime::executor: [reinject] vk=0x1b up (queued passthrough now firing)
2026-09-19T23:48:10.935139Z DEBUG awase_windows::runtime::key_pipeline: [shadow-toggle] vk=0x1CはFSM delegate所有 → belief書き込み/actuationをスキップ w_ops0=111465 x_ops0=247011 x_KB0=23.7
2026-09-19T23:48:10.935192Z DEBUG awase_windows::runtime::key_pipeline: [shadow-toggle] no-op: vk=0x1C action=Toggle source=PhysicalImeKey effective_open は既に true → apply-ime 見送り
2026-09-19T23:48:10.935246Z DEBUG awase_windows::runtime::key_pipeline: [engine-input] vk=0x1C KeyDown ts=672023274us delay=0ms state=Idle mods(c=false s=false a=false w=false) gas_ctrl=false phys_ctrl=false extra=0x5350494B pending_drain=0 gate_active=false l_thumb=None r_thumb=Some(672023260) [dia
2026-09-19T23:48:10.935302Z DEBUG awase::engine::engine: [diag-engine-active] ime_on=true なのに非活性: reason=Inactive(NotRomajiInput) romaji_capable=false japanese=true user_enabled=true was_active=false input_mode=ObservedEisu
2026-09-19T23:48:10.935401Z DEBUG awase::journal: key input seq=1898 elapsed_ms=672023 vk_code=28 is_down=true injected=false key_class="RightThumb" state_before="Idle" state_after="Idle" decision="PassThrough" physical="Allow" repeat_count=1 last_timestamp_us=672023274 last_elapsed_ms=0
2026-09-19T23:48:10.935608Z DEBUG execute_one{generation=None}: awase_windows::runtime::executor: [reinject] vk=0x1c down (queued passthrough now firing)
2026-09-19T23:48:10.958223Z DEBUG awase_windows::tsf::gji_monitor: [gji-io] WRITE: w_ops=+2 w_KB=+0.0 (r_ops=+4 x_ops=+4 x_KB=+0.0)
2026-09-19T23:48:11.119046Z DEBUG awase_windows::runtime::key_pipeline: [engine-input] vk=0x1C KeyUp ts=672207429us delay=0ms state=Idle mods(c=false s=false a=false w=false) gas_ctrl=false phys_ctrl=false extra=0x5350494B pending_drain=0 gate_active=false l_thumb=None r_thumb=None [diag-ctx] ime_on
2026-09-19T23:48:11.119075Z DEBUG awase::engine::engine: [diag-engine-active] ime_on=true なのに非活性: reason=Inactive(NotRomajiInput) romaji_capable=false japanese=true user_enabled=true was_active=false input_mode=ObservedEisu
2026-09-19T23:48:11.119111Z DEBUG awase::journal: key input seq=1899 elapsed_ms=672207 vk_code=28 is_down=false injected=false key_class="RightThumb" state_before="Idle" state_after="Idle" decision="PassThrough" physical="Allow" repeat_count=1 last_timestamp_us=672207429 last_elapsed_ms=0
2026-09-19T23:48:11.119179Z DEBUG execute_one{generation=None}: awase_windows::runtime::executor: [reinject] vk=0x1c up (queued passthrough now firing)
2026-09-19T23:48:11.224047Z DEBUG awase_windows::tsf::gji_fsm: [gji-fsm] LongIdle timeout → OnCold(Long, NotStarted)
2026-09-19T23:48:11.224067Z DEBUG awase::journal: gji fsm transition seq=1900 elapsed_ms=672312 trigger="LongIdleTimeout" state_before="OnWarm" state_after="OnCold(Long)"
2026-09-19T23:48:13.505147Z DEBUG awase_windows::runtime::key_pipeline: [shadow-toggle] vk=0x1DはFSM delegate所有 → belief書き込み/actuationをスキップ w_ops0=111467 x_ops0=247015 x_KB0=23.7
2026-09-19T23:48:13.505194Z DEBUG awase_windows::runtime::key_pipeline: [shadow-toggle] no-op: vk=0x1D action=Toggle source=PhysicalImeKey effective_open は既に true → apply-ime 見送り
2026-09-19T23:48:13.505299Z DEBUG awase_windows::runtime::key_pipeline: [engine-input] vk=0x1D KeyDown ts=674593383us delay=0ms state=Idle mods(c=false s=false a=false w=false) gas_ctrl=false phys_ctrl=false extra=0x5350494B pending_drain=0 gate_active=false l_thumb=Some(674593366) r_thumb=None [dia
2026-09-19T23:48:13.505368Z DEBUG awase::engine::engine: [diag-engine-active] ime_on=true なのに非活性: reason=Inactive(NotRomajiInput) romaji_capable=false japanese=true user_enabled=true was_active=false input_mode=ObservedEisu
2026-09-19T23:48:13.505467Z DEBUG awase::journal: key input seq=1901 elapsed_ms=674593 vk_code=29 is_down=true injected=false key_class="LeftThumb" state_before="Idle" state_after="Idle" decision="PassThrough" physical="Allow" repeat_count=1 last_timestamp_us=674593383 last_elapsed_ms=0
2026-09-19T23:48:13.505772Z DEBUG execute_one{generation=None}: awase_windows::runtime::executor: [reinject] vk=0x1d down (queued passthrough now firing)
2026-09-19T23:48:13.517043Z DEBUG awase_windows::tsf::gji_monitor: [gji-io] WRITE: w_ops=+2 w_KB=+0.0 (r_ops=+4 x_ops=+4 x_KB=+0.0)
2026-09-19T23:48:13.627961Z DEBUG awase_windows::runtime::key_pipeline: [engine-input] vk=0x1D KeyUp ts=674716164us delay=0ms state=Idle mods(c=false s=false a=false w=false) gas_ctrl=false phys_ctrl=false extra=0x5350494B pending_drain=0 gate_active=false l_thumb=None r_thumb=None [diag-ctx] ime_on
2026-09-19T23:48:13.628030Z DEBUG awase::engine::engine: [diag-engine-active] ime_on=true なのに非活性: reason=Inactive(NotRomajiInput) romaji_capable=false japanese=true user_enabled=true was_active=false input_mode=ObservedEisu
2026-09-19T23:48:13.628129Z DEBUG awase::journal: key input seq=1902 elapsed_ms=674716 vk_code=29 is_down=false injected=false key_class="LeftThumb" state_before="Idle" state_after="Idle" decision="PassThrough" physical="Allow" repeat_count=1 last_timestamp_us=674716164 last_elapsed_ms=0
2026-09-19T23:48:13.628337Z DEBUG execute_one{generation=None}: awase_windows::runtime::executor: [reinject] vk=0x1d up (queued passthrough now firing)
2026-09-19T23:48:14.193889Z DEBUG awase_windows::runtime::key_pipeline: [engine-input] vk=0x4B KeyDown ts=675282162us delay=0ms state=Idle mods(c=false s=false a=false w=false) gas_ctrl=false phys_ctrl=false extra=0x5350494B pending_drain=0 gate_active=false l_thumb=None r_thumb=None [diag-ctx] ime_
2026-09-19T23:48:14.193938Z DEBUG awase::engine::engine: [diag-engine-active] ime_on=true なのに非活性: reason=Inactive(NotRomajiInput) romaji_capable=false japanese=true user_enabled=true was_active=false input_mode=ObservedEisu
2026-09-19T23:48:14.194002Z DEBUG awase::journal: key input seq=1903 elapsed_ms=675282 vk_code=75 is_down=true injected=false key_class="Char" state_before="Idle" state_after="Idle" decision="PassThrough" physical="Allow" repeat_count=1 last_timestamp_us=675282162 last_elapsed_ms=0
2026-09-19T23:48:14.194133Z DEBUG execute_one{generation=None}: awase_windows::runtime::executor: [reinject] vk=0x4b down (queued passthrough now firing)
2026-09-19T23:48:14.207527Z DEBUG awase_windows::tsf::gji_monitor: [gji-io] WRITE: w_ops=+2 w_KB=+0.3 (r_ops=+4 x_ops=+4 x_KB=+0.0)
2026-09-19T23:48:14.208238Z  INFO awase_windows::tsf::win_event_obs: [gji-obs] candidate SHOW #59: last_gji_write=0ms ago
2026-09-19T23:48:14.370885Z DEBUG awase_windows::runtime::key_pipeline: [engine-input] vk=0x4B KeyUp ts=675459095us delay=0ms state=Idle mods(c=false s=false a=false w=false) gas_ctrl=false phys_ctrl=false extra=0x5350494B pending_drain=0 gate_active=false l_thumb=None r_thumb=None [diag-ctx] ime_on
2026-09-19T23:48:14.370932Z DEBUG awase::engine::engine: [diag-engine-active] ime_on=true なのに非活性: reason=Inactive(NotRomajiInput) romaji_capable=false japanese=true user_enabled=true was_active=false input_mode=ObservedEisu
2026-09-19T23:48:14.371059Z DEBUG awase::journal: key input seq=1904 elapsed_ms=675459 vk_code=75 is_down=false injected=false key_class="Char" state_before="Idle" state_after="Idle" decision="PassThrough" physical="Allow" repeat_count=1 last_timestamp_us=675459095 last_elapsed_ms=0
2026-09-19T23:48:14.371263Z DEBUG execute_one{generation=None}: awase_windows::runtime::executor: [reinject] vk=0x4b up (queued passthrough now firing)
2026-09-19T23:48:14.373505Z DEBUG awase_windows::platform: [gji-fsm] StartComposition (candidate SHOW)
2026-09-19T23:48:14.373560Z DEBUG gji_on_event{event=StartComposition}: awase_windows::tsf::gji_fsm: [gji-fsm] StartComposition while cold (no probe) → AlreadyWarm
2026-09-19T23:48:14.373622Z DEBUG awase::journal: gji fsm transition seq=1905 elapsed_ms=675462 trigger="StartComposition(candidate SHOW)" state_before="OnCold(Long)" state_after="OnComposing(Warm)"
2026-09-19T23:48:14.694211Z DEBUG awase_windows::runtime::key_pipeline: [engine-input] vk=0x1B KeyDown ts=675782466us delay=0ms state=Idle mods(c=false s=false a=false w=false) gas_ctrl=false phys_ctrl=false extra=0x5350494B pending_drain=0 gate_active=false l_thumb=None r_thumb=None [diag-ctx] ime_
2026-09-19T23:48:14.694262Z DEBUG awase::engine::engine: [diag-engine-active] ime_on=true なのに非活性: reason=Inactive(NotRomajiInput) romaji_capable=false japanese=true user_enabled=true was_active=false input_mode=ObservedEisu
2026-09-19T23:48:14.694330Z DEBUG awase::journal: key input seq=1906 elapsed_ms=675782 vk_code=27 is_down=true injected=false key_class="Passthrough" state_before="Idle" state_after="Idle" decision="PassThrough" physical="Allow" repeat_count=1 last_timestamp_us=675782466 last_elapsed_ms=0
2026-09-19T23:48:14.694425Z DEBUG execute_from_hook: awase_windows::runtime::executor: [relay-passthrough] PassThrough idle: direct OS pass-through (vk=0x1b down)
2026-09-19T23:48:14.694500Z DEBUG execute_one{generation=None}: awase_windows::runtime::executor: [reinject] vk=0x1b down (queued passthrough now firing)
2026-09-19T23:48:14.702978Z  INFO awase_windows::tsf::win_event_obs: [gji-obs] candidate HIDE: last_gji_write=500ms ago
2026-09-19T23:48:14.707260Z DEBUG awase_windows::tsf::gji_monitor: [gji-io] WRITE: w_ops=+2 w_KB=+0.4 (r_ops=+4 x_ops=+4 x_KB=+0.0)
2026-09-19T23:48:14.880648Z DEBUG awase_windows::runtime::key_pipeline: [engine-input] vk=0x1B KeyUp ts=675968935us delay=0ms state=Idle mods(c=false s=false a=false w=false) gas_ctrl=false phys_ctrl=false extra=0x5350494B pending_drain=0 gate_active=false l_thumb=None r_thumb=None [diag-ctx] ime_on
2026-09-19T23:48:14.880694Z DEBUG awase::engine::engine: [diag-engine-active] ime_on=true なのに非活性: reason=Inactive(NotRomajiInput) romaji_capable=false japanese=true user_enabled=true was_active=false input_mode=ObservedEisu
2026-09-19T23:48:14.880763Z DEBUG awase::journal: key input seq=1907 elapsed_ms=675969 vk_code=27 is_down=false injected=false key_class="Passthrough" state_before="Idle" state_after="Idle" decision="PassThrough" physical="Allow" repeat_count=1 last_timestamp_us=675968935 last_elapsed_ms=0
2026-09-19T23:48:14.880859Z DEBUG execute_from_hook: awase_windows::runtime::executor: [relay-passthrough] PassThrough idle: direct OS pass-through (vk=0x1b up)
2026-09-19T23:48:14.880931Z DEBUG execute_one{generation=None}: awase_windows::runtime::executor: [reinject] vk=0x1b up (queued passthrough now firing)
2026-09-19T23:48:14.883021Z DEBUG awase_windows::platform: [gji-fsm] EndComposition (candidate HIDE) epoch=FocusEpoch(58)
2026-09-19T23:48:14.883224Z DEBUG awase::journal: gji fsm transition seq=1908 elapsed_ms=675971 trigger="EndComposition(candidate HIDE, epoch=FocusEpoch(58))" state_before="OnComposing(Warm)" state_after="OnWarm"
2026-09-19T23:48:16.630332Z DEBUG awase_windows::hook: [hook] IME-mode vk=0xF0 up self_injected=false injected=false scan=0x70 extra=0x5350494B since_actuation_us=Some(31572147)
2026-09-19T23:48:16.630617Z DEBUG awase::journal: hook ime-mode diagnostic seq=1909 elapsed_ms=677719 vk_code=240 is_down=false self_injected=false injected=false scan=112
2026-09-19T23:48:16.631028Z DEBUG awase_windows::runtime::key_pipeline: [engine-input] vk=0xF0 KeyUp ts=677719247us delay=0ms state=Idle mods(c=false s=false a=false w=false) gas_ctrl=false phys_ctrl=false extra=0x5350494B pending_drain=0 gate_active=false l_thumb=None r_thumb=None [diag-ctx] ime_on
2026-09-19T23:48:16.631073Z DEBUG awase::engine::engine: [diag-engine-active] ime_on=true なのに非活性: reason=Inactive(NotRomajiInput) romaji_capable=false japanese=true user_enabled=true was_active=false input_mode=ObservedEisu
2026-09-19T23:48:16.631178Z DEBUG awase::journal: key input seq=1910 elapsed_ms=677719 vk_code=240 is_down=false injected=false key_class="Passthrough" state_before="Idle" state_after="Idle" decision="PassThrough" physical="Suppress" repeat_count=1 last_timestamp_us=677719247 last_elapsed_ms=0
2026-09-19T23:48:16.631193Z DEBUG awase_windows::hook: [hook] IME-mode vk=0xF2 down self_injected=false injected=false scan=0x70 extra=0x5350494B since_actuation_us=Some(31573020)
2026-09-19T23:48:16.631226Z DEBUG awase_windows::runtime::key_pipeline: [imm-cross] key suppress vk=0xf0 KeyUp (physical disposition)
2026-09-19T23:48:16.631273Z DEBUG awase::journal: hook ime-mode diagnostic seq=1911 elapsed_ms=677719 vk_code=242 is_down=true self_injected=false injected=false scan=112
2026-09-19T23:48:16.631389Z  INFO awase_windows::runtime::key_pipeline: [shadow-toggle] intent 昇格: vk=0xF2 scan=0x70 action=TurnOn kind=PhysicalImeKey injected=false true→true w_ops0=111473 x_ops0=247027 x_KB0=23.7
2026-09-19T23:48:16.631418Z DEBUG awase::journal: ime event seq=1912 elapsed_ms=677719 event_kind="UserImeSetIntent"
2026-09-19T23:48:16.631435Z DEBUG awase_windows::runtime::key_pipeline: [shadow-toggle] no-op: vk=0xF2 action=TurnOn source=PhysicalImeKey effective_open は既に true → apply-ime 見送り
2026-09-19T23:48:16.631455Z DEBUG awase::journal: ime event seq=1913 elapsed_ms=677719 event_kind="InputModeApplied"
2026-09-19T23:48:16.631465Z  INFO awase_windows::runtime::key_pipeline: [shadow-toggle] TurnOn (IME既にopen) + ObservedEisu → AssumedRomaji に リセット (UserTurnOnEisuReset)
2026-09-19T23:48:16.631479Z DEBUG awase_windows::runtime::key_pipeline: [engine-input] vk=0xF2 KeyDown ts=677719814us delay=0ms state=Idle mods(c=false s=false a=false w=false) gas_ctrl=false phys_ctrl=false extra=0x5350494B pending_drain=0 gate_active=false l_thumb=None r_thumb=None [diag-ctx] ime_
2026-09-19T23:48:16.631507Z  INFO awase::engine::engine: Engine activated (ime=true, romaji=true, japanese=true, user=true, reason=Active)
2026-09-19T23:48:16.631550Z DEBUG awase::journal: key input seq=1914 elapsed_ms=677719 vk_code=242 is_down=true injected=false key_class="Passthrough" state_before="Idle" state_after="Idle" decision="PassThroughWith" physical="Allow" repeat_count=1 last_timestamp_us=677719814 last_elapsed_ms=0
2026-09-19T23:48:16.631584Z DEBUG awase::journal: ime event seq=1915 elapsed_ms=677720 event_kind="EngineActivationSync"
2026-09-19T23:48:16.631602Z DEBUG awase::journal: ime event seq=1916 elapsed_ms=677720 event_kind="ImeApplyRequested"
2026-09-19T23:48:16.631612Z  INFO awase_windows::runtime::key_pipeline: IME control: preconditions.ime_on = true (SetOpenRequest, origin=ActivationSync), was_open_before=true last_intent_before=Some(true) poll suspended
2026-09-19T23:48:16.631668Z DEBUG awase_windows::runtime::key_pipeline: may_change_ime key passed through → IME refresh scheduled (20ms)
2026-09-19T23:48:16.631691Z DEBUG execute_from_hook: awase_windows::runtime::executor: [relay-flush] PassThroughWith: queue 2 effect(s) + reinject (vk=0xf2 down)
2026-09-19T23:48:16.632058Z DEBUG execute_one{generation=Some(ApplyGeneration(46))}:dispatch_ime_set_open{open=true generation=Some(ApplyGeneration(46))}: awase_windows::runtime::executor: [dispatch-ime] ImmCross async: optimistic applied_snapshot=true (suppress send_engine_state_ime_key)
2026-09-19T23:48:16.635311Z DEBUG execute_one{generation=Some(ApplyGeneration(46))}: awase_windows::platform: [engine-state-key] skipped (apply_ime_open aligned ime=true, profile=Standard)
2026-09-19T23:48:16.635382Z DEBUG execute_one{generation=Some(ApplyGeneration(46))}: awase_windows::runtime::executor: [reinject] vk=0xf2 down (queued passthrough now firing)
2026-09-19T23:48:16.635815Z DEBUG awase_windows::hook: [hook] IME-mode vk=0xF0 up self_injected=true injected=false scan=0x0 extra=0x4B45594D since_actuation_us=Some(31577647)
2026-09-19T23:48:16.638431Z DEBUG awase_windows::hook: [hook] IME-mode vk=0xF2 down self_injected=true injected=true scan=0x0 extra=0x4B45594D since_actuation_us=Some(31580243)
2026-09-19T23:48:16.641123Z DEBUG awase::journal: hook ime-mode diagnostic seq=1917 elapsed_ms=677729 vk_code=240 is_down=false self_injected=true injected=false scan=0
2026-09-19T23:48:16.641177Z DEBUG awase::journal: hook ime-mode diagnostic seq=1918 elapsed_ms=677729 vk_code=242 is_down=true self_injected=true injected=true scan=0
2026-09-19T23:48:16.641877Z DEBUG run_open_chain_async: awase_windows::ime_controller: [warrant-shadow] chain=async open=true origin=EventOrigin { source: SelfActuated { strategy: "engine_decision_async" }, epoch: Generation(0) } warranted
2026-09-19T23:48:16.642065Z  INFO run_open_chain_async:imm_cross_write{open=true}: awase_windows::runtime::open_chain: [apply-ime] ImmCross async: open=true composition_active=false show_seq=0 change_seq=0 (issue #138診断)
2026-09-19T23:48:16.649903Z DEBUG awase_windows::shadow_send_trace: [shadow-send] channel=ImeControl cmd=0x0006 lparam=1 issue_us=677732860
2026-09-19T23:48:16.649918Z DEBUG awase_windows::ime: set_ime_open_for_target: hwnd=HWND(0x9504f2) ime_wnd=HWND(0x1122af0) open=true success=true send_elapsed=5ms candidate_visible=false
2026-09-19T23:48:16.653146Z DEBUG run_open_chain_async:imm_cross_write{open=true}: awase_windows::ime: [imm-cross-actuate] hwnd=HWND(0x9504f2) open=Written conv=Some(Written)
2026-09-19T23:48:16.653196Z DEBUG run_open_chain_async:imm_cross_write{open=true}: awase_windows::runtime::open_chain: [apply-ime] ROMAN 補完結果: Written
2026-09-19T23:48:16.653253Z DEBUG run_open_chain_async: awase::journal: actuation decision seq=1919 elapsed_ms=677741 site="DispatchImeSetOpen" caller="None" open=true chain_len=4 attempts_len=1 gate_profile="Standard" gate_kind="Gji" gate_shadow_known=true gate_shadow_on=true gate_input_mode="Assum
2026-09-19T23:48:16.654418Z DEBUG on_ime_apply_complete{open=true outcome=AppliedWithoutSendInput generation=Some(ApplyGeneration(46)) reason=EngineDecision}: awase::journal: ime open applied seq=1920 elapsed_ms=677742 open=true outcome="AppliedWithoutSendInput" reason="EngineDecision"
2026-09-19T23:48:16.655584Z DEBUG on_ime_apply_complete{open=true outcome=AppliedWithoutSendInput generation=Some(ApplyGeneration(46)) reason=EngineDecision}: awase::journal: ime event seq=1921 elapsed_ms=677744 event_kind="ImeApplySucceeded"
2026-09-19T23:48:16.655636Z DEBUG on_ime_apply_complete{open=true outcome=AppliedWithoutSendInput generation=Some(ApplyGeneration(46)) reason=EngineDecision}: awase_windows::tsf::ime_mode_fsm: [ime-mode] SetOpen(true) applied → Hiragana (belief, unconfirmed)
2026-09-19T23:48:16.655754Z DEBUG on_ime_apply_complete{open=true outcome=AppliedWithoutSendInput generation=Some(ApplyGeneration(46)) reason=EngineDecision}: awase_windows::platform: [composition] ImeEffect::SetOpen(true) → marking cold
2026-09-19T23:48:16.655838Z DEBUG on_ime_apply_complete{open=true outcome=AppliedWithoutSendInput generation=Some(ApplyGeneration(46)) reason=EngineDecision}: awase_windows::tsf::probe: [composition] marked cold reason=SetOpenTrue idle=14203ms → next VK/TSF output will send VK_DBE_HIRAGANA warmup
2026-09-19T23:48:16.655916Z DEBUG on_ime_apply_complete{open=true outcome=AppliedWithoutSendInput generation=Some(ApplyGeneration(46)) reason=EngineDecision}:gji_on_event{event=ImeOn { injection_mode: Unicode, gji_idle_ms: 1953 }}: awase_windows::tsf::gji_fsm: [gji-fsm] ImeOn: already on (OnWarm), i
2026-09-19T23:48:16.656150Z DEBUG awase::journal: gji fsm transition seq=1922 elapsed_ms=677744 trigger="ImeOn(gji_idle_ms=1953)" state_before="OnWarm" state_after="OnWarm"
2026-09-19T23:48:16.657979Z DEBUG awase_windows::tsf::gji_monitor: [gji-io] WRITE: w_ops=+2 w_KB=+0.0 (r_ops=+4 x_ops=+4 x_KB=+0.0)
2026-09-19T23:48:16.698576Z DEBUG awase_windows::runtime::ime_refresh: Explicit intent: bypassing typing-idle guard for IME verify (idle=79ms)
2026-09-19T23:48:16.698622Z DEBUG awase_windows::observer::ime_observer: IME snapshot: japanese=Some(true) ime_on=Some(true) romaji=Some(true) conv=Some("0x00000019") guard=false
2026-09-19T23:48:16.698701Z DEBUG awase::journal: ime event seq=1923 elapsed_ms=677787 event_kind="ObserverReported"
2026-09-19T23:48:16.698727Z DEBUG awase::journal: ime event seq=1924 elapsed_ms=677787 event_kind="InputModeObserved"
2026-09-19T23:48:17.314938Z DEBUG awase_windows::runtime::key_pipeline: [engine-input] vk=0x4B KeyDown ts=678403204us delay=0ms state=Idle mods(c=false s=false a=false w=false) gas_ctrl=false phys_ctrl=false extra=0x5350494B pending_drain=0 gate_active=false l_thumb=None r_thumb=None [diag-ctx] ime_
2026-09-19T23:48:17.315057Z DEBUG awase::journal: key input seq=1925 elapsed_ms=678403 vk_code=75 is_down=true injected=false key_class="Char" state_before="Idle" state_after="PendingChar(vk=0x4B)" decision="Consume" physical="Allow" repeat_count=1 last_timestamp_us=678403204 last_elapsed_ms=0
2026-09-19T23:48:17.422954Z DEBUG execute_from_loop:execute_one{generation=None}: awase_windows::output: send_keys: mode=Unicode actions=[Char('き')] prev_elapsed=14968ms
2026-09-19T23:48:17.422968Z DEBUG execute_from_loop:execute_one{generation=None}: awase_windows::tsf::probe: [mark-send] last_send_ms=337731468
2026-09-19T23:48:17.422977Z DEBUG execute_from_loop:execute_one{generation=None}: awase_windows::output:   → Char('き') via Unicode
2026-09-19T23:48:17.424882Z DEBUG execute_from_loop:execute_one{generation=None}: awase_windows::tsf::probe: [mark-send] last_send_ms=337731468
2026-09-19T23:48:17.438742Z DEBUG awase_windows::tsf::gji_monitor: [gji-io] WRITE: w_ops=+2 w_KB=+0.3 (r_ops=+4 x_ops=+4 x_KB=+0.0)
2026-09-19T23:48:17.439105Z  INFO awase_windows::tsf::win_event_obs: [gji-obs] candidate SHOW #60: last_gji_write=0ms ago
2026-09-19T23:48:17.485798Z DEBUG awase_windows::runtime::key_pipeline: [engine-input] vk=0x4B KeyUp ts=678573803us delay=0ms state=Idle mods(c=false s=false a=false w=false) gas_ctrl=false phys_ctrl=false extra=0x5350494B pending_drain=0 gate_active=false l_thumb=None r_thumb=None [diag-ctx] ime_on
2026-09-19T23:48:17.485915Z DEBUG awase::journal: key input seq=1927 elapsed_ms=678574 vk_code=75 is_down=false injected=false key_class="Char" state_before="Idle" state_after="Idle" decision="Consume" physical="Allow" repeat_count=1 last_timestamp_us=678573803 last_elapsed_ms=0
2026-09-19T23:48:17.486208Z DEBUG execute_one{generation=None}: awase_windows::output: send_keys: mode=Unicode actions=[Suppress] prev_elapsed=63ms
2026-09-19T23:48:17.486246Z DEBUG execute_one{generation=None}: awase_windows::tsf::probe: [mark-send] last_send_ms=337731531
2026-09-19T23:48:17.486266Z DEBUG execute_one{generation=None}: awase_windows::output:   → Suppress
2026-09-19T23:48:17.486281Z DEBUG execute_one{generation=None}: awase_windows::tsf::probe: [mark-send] last_send_ms=337731531
2026-09-19T23:48:17.486343Z DEBUG execute_one{generation=None}: awase_windows::platform: [gji-fsm] StartComposition (candidate SHOW)
2026-09-19T23:48:17.486380Z DEBUG execute_one{generation=None}:gji_on_event{event=StartComposition}: awase_windows::tsf::gji_fsm: [gji-fsm] StartComposition: OnWarm → OnComposing(AlreadyWarm)
2026-09-19T23:48:17.486535Z DEBUG awase::journal: gji fsm transition seq=1928 elapsed_ms=678574 trigger="StartComposition(candidate SHOW)" state_before="OnWarm" state_after="OnComposing(Warm)"
2026-09-19T23:48:17.815023Z DEBUG awase_windows::runtime::key_pipeline: [engine-input] vk=0x1B KeyDown ts=678903268us delay=0ms state=Idle mods(c=false s=false a=false w=false) gas_ctrl=false phys_ctrl=false extra=0x5350494B pending_drain=0 gate_active=false l_thumb=None r_thumb=None [diag-ctx] ime_
2026-09-19T23:48:17.815133Z DEBUG awase::journal: key input seq=1929 elapsed_ms=678903 vk_code=27 is_down=true injected=false key_class="Passthrough" state_before="Idle" state_after="Idle" decision="PassThrough" physical="Allow" repeat_count=1 last_timestamp_us=678903268 last_elapsed_ms=0
2026-09-19T23:48:17.815229Z DEBUG execute_from_hook: awase_windows::runtime::executor: [relay-passthrough] PassThrough idle: direct OS pass-through (vk=0x1b down)
2026-09-19T23:48:17.815302Z DEBUG execute_one{generation=None}: awase_windows::runtime::executor: [reinject] vk=0x1b down (queued passthrough now firing)
2026-09-19T23:48:17.824259Z  INFO awase_windows::tsf::win_event_obs: [gji-obs] candidate HIDE: last_gji_write=391ms ago
2026-09-19T23:48:17.828259Z DEBUG awase_windows::tsf::gji_monitor: [gji-io] WRITE: w_ops=+2 w_KB=+0.3 (r_ops=+4 x_ops=+4 x_KB=+0.0)
2026-09-19T23:48:18.001797Z DEBUG awase_windows::runtime::key_pipeline: [engine-input] vk=0x1B KeyUp ts=679090180us delay=0ms state=Idle mods(c=false s=false a=false w=false) gas_ctrl=false phys_ctrl=false extra=0x5350494B pending_drain=0 gate_active=false l_thumb=None r_thumb=None [diag-ctx] ime_on
2026-09-19T23:48:18.001859Z DEBUG awase::journal: key input seq=1930 elapsed_ms=679090 vk_code=27 is_down=false injected=false key_class="Passthrough" state_before="Idle" state_after="Idle" decision="PassThrough" physical="Allow" repeat_count=1 last_timestamp_us=679090180 last_elapsed_ms=0
2026-09-19T23:48:18.001909Z DEBUG execute_from_hook: awase_windows::runtime::executor: [relay-passthrough] PassThrough idle: direct OS pass-through (vk=0x1b up)
2026-09-19T23:48:18.001941Z DEBUG execute_one{generation=None}: awase_windows::runtime::executor: [reinject] vk=0x1b up (queued passthrough now firing)
2026-09-19T23:48:18.004713Z DEBUG awase_windows::platform: [gji-fsm] EndComposition (candidate HIDE) epoch=FocusEpoch(59)
2026-09-19T23:48:18.005023Z DEBUG awase::journal: gji fsm transition seq=1931 elapsed_ms=679093 trigger="EndComposition(candidate HIDE, epoch=FocusEpoch(59))" state_before="OnComposing(Warm)" state_after="OnWarm"
2026-09-19T23:48:21.317608Z DEBUG awase_windows::tsf::gji_monitor: [gji-io] WRITE: w_ops=+1 w_KB=+0.0 (r_ops=+2 x_ops=+2 x_KB=+0.0)
2026-09-19T23:48:21.349654Z DEBUG awase_windows::runtime: [focus-sync] hwnd=0x3042C class="CASCADIA_HOSTING_WINDOW_CLASS" app_kind=Win32 hint=ForceTsf → mode=Tsf
2026-09-19T23:48:21.349685Z DEBUG awase_windows::runtime: [focus-sync] belief=ON かつ実状態を問い合わせられないプロファイル (profile=Imm32Unavailable) → 次の入力で再プライムするため cold mark
2026-09-19T23:48:21.349696Z DEBUG awase_windows::tsf::probe: [composition] marked cold reason=FocusChange idle=3859ms → next VK/TSF output will send VK_DBE_HIRAGANA warmup
2026-09-19T23:48:21.349713Z DEBUG awase_windows::tsf::tsf_gate: [tsf-gate] focus change → PendingWarmup (held cleared)
2026-09-19T23:48:21.354256Z DEBUG awase_windows::runtime: [focus-sync] hwnd=0x30580 class="Windows.UI.Composition.DesktopWindowContentBridge" app_kind=Win32 hint=Default → mode=Unicode
2026-09-19T23:48:21.354279Z DEBUG awase_windows::output: [tsf-gate] focus change while PendingWarmup — held バッファを保持して再初期化スキップ (Chrome等の連続フォーカスイベント対策)
2026-09-19T23:48:21.357009Z DEBUG awase_windows::runtime: [focus-sync] hwnd=0x5058A class="Windows.UI.Input.InputSite.WindowClass" app_kind=Uwp hint=ForceTsf → mode=Tsf
2026-09-19T23:48:21.357038Z DEBUG awase_windows::runtime: [focus-sync] belief=ON かつ実状態を問い合わせられないプロファイル (profile=TsfNative) → 次の入力で再プライムするため cold mark
2026-09-19T23:48:21.357056Z DEBUG awase_windows::tsf::probe: [composition] marked cold reason=FocusChange idle=3875ms → next VK/TSF output will send VK_DBE_HIRAGANA warmup
2026-09-19T23:48:21.357072Z DEBUG awase_windows::output: [tsf-gate] focus change while PendingWarmup — held バッファを保持して再初期化スキップ (Chrome等の連続フォーカスイベント対策)
2026-09-19T23:48:21.418906Z  INFO apply_focus_probe_result: awase_windows::runtime::focus_tracking: AppKind changed: Win32 → Uwp (class=Windows.UI.Input.InputSite.WindowClass)
2026-09-19T23:48:21.423722Z DEBUG apply_focus_probe_result: awase_windows::runtime::focus_tracking: Focus kind changed: TextInput → Undetermined (reason=Undetermined)
2026-09-19T23:48:21.424058Z DEBUG apply_focus_probe_result: awase::journal: focus transition seq=1932 elapsed_ms=682512 changed_process=true changed_window=true changed_app_kind=true changed_focus_kind=true dwell_ms=36234 profile="TsfNative"
2026-09-19T23:48:21.424329Z  INFO apply_focus_probe_result: awase_windows::runtime::focus_tracking: FocusChange [33880→19612] Windows.UI.Input.InputSite.WindowClass: stale ime_on=true intent=Some(true) mode=ObservedRomaji japanese=true
2026-09-19T23:48:21.424359Z DEBUG apply_focus_probe_result: awase_windows::tsf::probe: [composition] focus changed → marked cold
2026-09-19T23:48:21.424382Z DEBUG apply_focus_probe_result: awase_windows::runtime: [keymap] active rules recomputed: 0 rule(s) for process="windowsterminal.exe"
2026-09-19T23:48:21.424402Z DEBUG apply_focus_probe_result: awase_windows::runtime::focus_tracking: [keymap] active rules updated on focus change: 0 rule(s) (hwnd=HWND(0x5058a) kind=Undetermined focus_epoch=35)
2026-09-19T23:48:21.424437Z DEBUG apply_focus_probe_result:reduce: awase_windows::state::ime_model: [explicit-intent] cleared (focus change)
2026-09-19T23:48:21.424468Z DEBUG apply_focus_probe_result: awase::journal: ime event seq=1933 elapsed_ms=682512 event_kind="FocusChanged"
2026-09-19T23:48:21.424567Z DEBUG apply_focus_probe_result: awase_windows::runtime::focus_tracking: [focus] TsfNative/SSOT: cache restore スキップ (desired_open=true cache_hwnd=Some(329098) new_hwnd=329098) — 最初のキー入力で dispatch_ime が apply
2026-09-19T23:48:21.424803Z DEBUG awase_windows::runtime::ime_refresh: Skipping IMM query for known-broken class (shadow state SSOT)
2026-09-19T23:48:21.424814Z DEBUG awase_windows::observer::gji_observer: [gji-poll] GJI I/O 109ms ago predates focus change (109ms before focus) → skipped
2026-09-19T23:48:21.424836Z DEBUG awase_windows::runtime::ime_refresh: [composition] focus change → marking cold
2026-09-19T23:48:21.424846Z DEBUG awase_windows::tsf::probe: [composition] marked cold reason=FocusChange idle=3937ms → next VK/TSF output will send VK_DBE_HIRAGANA warmup
2026-09-19T23:48:21.424885Z DEBUG gji_on_event{event=FocusChange { injection_mode: Tsf, gji_idle_ms: 109 }}: awase_windows::tsf::gji_fsm: [gji-fsm] FocusChange gji_idle=109ms → Short
2026-09-19T23:48:21.425007Z DEBUG awase_windows::platform: [gji-fsm] StartProbe probe_id=ProbeId(46) forces_f2=false long=false
2026-09-19T23:48:21.425032Z DEBUG awase_windows::tsf::ime_mode_fsm: [ime-mode] FocusChange → Unknown
2026-09-19T23:48:21.425096Z DEBUG awase::journal: gji fsm transition seq=1934 elapsed_ms=682513 trigger="FocusChange(gji_idle_ms=109)" state_before="OnWarm" state_after="OnCold(Short)"
2026-09-19T23:48:21.425122Z DEBUG awase::journal: tsf probe started seq=1935 elapsed_ms=682513 source="GjiAction::StartProbe" cold_seq=2 probe_id=46 probe_id_present=true gji_state="OnCold(Short)" consecutive_at_start=0 pending_deferred_len=0
2026-09-19T23:48:21.425192Z DEBUG awase_windows::shadow_send_trace: [shadow-send] channel=SendInput kind=tsf_marker_warmup vk=[16] issue_us=682513711
2026-09-19T23:48:21.425284Z DEBUG awase_windows::hook: [hook] IME-mode vk=0x16 down self_injected=true injected=true scan=0xF2 extra=0x4B455946 since_actuation_us=Some(106)
2026-09-19T23:48:21.426579Z DEBUG awase_windows::hook: [hook] IME-mode vk=0x16 up self_injected=true injected=true scan=0xF2 extra=0x4B455946 since_actuation_us=Some(1398)
2026-09-19T23:48:21.427532Z  INFO awase_windows::output: [tsf-eager-warmup] VK_IME_ON 送信 (origin=gated), eager_warmup_sent_ms=337735468ms
2026-09-19T23:48:21.427554Z DEBUG awase_windows::runtime::ime_refresh: [composition] FocusChange: send_eager_tsf_warmup called (ime_on via warmup_ime_on())
2026-09-19T23:48:21.427560Z DEBUG awase_windows::tsf::gji_monitor: [gji-io] WRITE: w_ops=+1 w_KB=+0.0 (r_ops=+1 x_ops=+0 x_KB=+0.0)
2026-09-19T23:48:21.428736Z DEBUG awase_windows::platform: [ime-mode] FocusProbe: GJI actuation との交錯を検知 → hint更新をabandon
2026-09-19T23:48:21.428919Z DEBUG awase::journal: hook ime-mode diagnostic seq=1936 elapsed_ms=682517 vk_code=22 is_down=true self_injected=true injected=true scan=242
2026-09-19T23:48:21.428937Z DEBUG awase::journal: hook ime-mode diagnostic seq=1937 elapsed_ms=682517 vk_code=22 is_down=false self_injected=true injected=true scan=242
2026-09-19T23:48:21.443516Z DEBUG awase_windows::tsf::gji_monitor: [gji-io] r_ops=+1 w_ops=+0 x_ops=+2 read_KB=+0.0 x_KB=+0.0
2026-09-19T23:48:29.023903Z  WARN awase_windows::runtime::message_handlers: Hook watchdog: no activity for 7610ms (OS全体の最終入力は5360ms前、OSも無操作のため単なるアイドルの可能性が高い)
2026-09-19T23:48:32.027904Z  WARN awase_windows::runtime::message_handlers: Hook watchdog: no activity for 10610ms (OS全体の最終入力は8360ms前、OSも無操作のため単なるアイドルの可能性が高い)
2026-09-19T23:48:35.032362Z  WARN awase_windows::runtime::message_handlers: Hook watchdog: no activity for 13610ms (OS全体の最終入力は1500ms前 → フックにイベントが届いていない疑い(issue #165))
2026-09-19T23:48:38.024554Z  WARN awase_windows::runtime::message_handlers: Hook watchdog: no activity for 16610ms (OS全体の最終入力は4500ms前 → フックにイベントが届いていない疑い(issue #165))
2026-09-19T23:48:41.028567Z  WARN awase_windows::runtime::message_handlers: Hook watchdog: no activity for 19610ms (OS全体の最終入力は7500ms前、OSも無操作のため単なるアイドルの可能性が高い)
script error: Output type incorrect: bool (expecting ())
