2026-09-19T23:12:02.004732Z DEBUG execute_from_loop:execute_one{generation=None}: awase_windows::tsf::probe: [mark-send] last_send_ms=335556046
2026-09-19T23:12:02.007150Z DEBUG awase_windows::ime: [idle-conv-check-diag] focused_hwnd=HWND(0x5058a) ime_wnd=Some(HWND(0x2054e))
2026-09-19T23:12:02.009037Z DEBUG awase_windows::output::vk_send: [h1-send] cold=1 romaji="te" chars=2 gji_idle=140ms conv=0x00000019 ROMAN=true NATIVE=true
2026-09-19T23:12:02.010198Z DEBUG awase_windows::runtime::key_pipeline: [engine-input] vk=0x44 KeyUp ts=6239244us delay=0ms state=Idle mods(c=false s=false a=false w=false) gas_ctrl=false phys_ctrl=false extra=0x0 pending_drain=0 gate_active=false l_thumb=None r_thumb=None [diag-ctx] ime_on=true jap
2026-09-19T23:12:02.010319Z DEBUG awase::journal: key input seq=90 elapsed_ms=6239 vk_code=68 is_down=false injected=false key_class="Char" state_before="Idle" state_after="Idle" decision="Consume" physical="Allow" repeat_count=1 last_timestamp_us=6239244 last_elapsed_ms=0
2026-09-19T23:12:02.010595Z DEBUG execute_one{generation=None}: awase_windows::output: send_keys: mode=Tsf actions=[Suppress] prev_elapsed=16ms
2026-09-19T23:12:02.010633Z DEBUG execute_one{generation=None}: awase_windows::tsf::probe: [mark-send] last_send_ms=335556062
2026-09-19T23:12:02.010654Z DEBUG execute_one{generation=None}: awase_windows::output:   → Suppress
2026-09-19T23:12:02.010671Z DEBUG execute_one{generation=None}: awase_windows::tsf::probe: [mark-send] last_send_ms=335556062
2026-09-19T23:12:02.011457Z DEBUG awase_windows::tsf::gji_monitor: [gji-io] WRITE: w_ops=+2 w_KB=+0.7 (r_ops=+4 x_ops=+4 x_KB=+0.0)
2026-09-19T23:12:02.075165Z DEBUG awase_windows::runtime::key_pipeline: [engine-input] vk=0x4C KeyDown ts=6304009us delay=0ms state=Idle mods(c=false s=false a=false w=false) gas_ctrl=false phys_ctrl=false extra=0x0 pending_drain=0 gate_active=false l_thumb=None r_thumb=None [diag-ctx] ime_on=true j
2026-09-19T23:12:02.075281Z DEBUG awase::journal: key input seq=91 elapsed_ms=6304 vk_code=76 is_down=true injected=false key_class="Char" state_before="Idle" state_after="PendingChar(vk=0x4C)" decision="Consume" physical="Allow" repeat_count=1 last_timestamp_us=6304009 last_elapsed_ms=0
2026-09-19T23:12:02.153221Z DEBUG awase_windows::runtime::key_pipeline: [engine-input] vk=0x4C KeyUp ts=6382263us delay=0ms state=PendingChar(vk=0x4C) mods(c=false s=false a=false w=false) gas_ctrl=false phys_ctrl=false extra=0x0 pending_drain=0 gate_active=false l_thumb=None r_thumb=None [diag-ctx]
2026-09-19T23:12:02.153340Z DEBUG awase::journal: key input seq=92 elapsed_ms=6382 vk_code=76 is_down=false injected=false key_class="Char" state_before="PendingChar(vk=0x4C)" state_after="Idle" decision="Consume" physical="Allow" repeat_count=1 last_timestamp_us=6382263 last_elapsed_ms=0
2026-09-19T23:12:02.153564Z DEBUG execute_one{generation=None}: awase_windows::output: send_keys: mode=Tsf actions=[Char('い')] prev_elapsed=141ms
2026-09-19T23:12:02.153598Z DEBUG execute_one{generation=None}: awase_windows::tsf::probe: [mark-send] last_send_ms=335556203
2026-09-19T23:12:02.153617Z DEBUG execute_one{generation=None}: awase_windows::output:   → Char('い') via VK Sequential (TSF)
2026-09-19T23:12:02.153641Z DEBUG execute_one{generation=None}: awase_windows::output::vk_send:     send_char_as_tsf: 'い' → romaji "i"
2026-09-19T23:12:02.153703Z  INFO execute_one{generation=None}: awase_windows::output::vk_send: [key-output] KeyInput(tsf): romaji="i" ime=GJI last_write=141ms ago
2026-09-19T23:12:02.153731Z DEBUG execute_one{generation=None}: awase_windows::output::vk_send: [tsf-send] warm=true elapsed=0ms session_expired=false prepend_f2_warmup=false
2026-09-19T23:12:02.153756Z DEBUG execute_one{generation=None}: awase_windows::output::vk_send: [tsf-warm-start] cold=1 romaji="i" t=335556203ms
2026-09-19T23:12:02.153816Z DEBUG execute_one{generation=None}:transmit{romaji="i"}: awase_windows::output::vk_send: [tsf-transmit] cold=1 romaji="i" → vk-run t=335556203ms (eager=false)
2026-09-19T23:12:02.153855Z DEBUG execute_one{generation=None}:transmit{romaji="i"}: awase_windows::output::key_injector: [h1-run] cold=1 run=0/1 gji=141ms vks=[49]
2026-09-19T23:12:02.156748Z DEBUG execute_one{generation=None}: awase_windows::tsf::probe: [mark-send] last_send_ms=335556203
2026-09-19T23:12:02.158573Z DEBUG awase_windows::ime: [idle-conv-check-diag] focused_hwnd=HWND(0x5058a) ime_wnd=Some(HWND(0x2054e))
2026-09-19T23:12:02.161279Z DEBUG awase_windows::output::vk_send: [h1-send] cold=1 romaji="i" chars=1 gji_idle=141ms conv=0x00000019 ROMAN=true NATIVE=true
2026-09-19T23:12:02.164672Z DEBUG awase_windows::tsf::gji_monitor: [gji-io] WRITE: w_ops=+1 w_KB=+0.4 (r_ops=+2 x_ops=+2 x_KB=+0.0)
2026-09-19T23:12:02.229829Z DEBUG awase_windows::runtime::key_pipeline: [engine-input] vk=0x44 KeyDown ts=6458864us delay=0ms state=Idle mods(c=false s=false a=false w=false) gas_ctrl=false phys_ctrl=false extra=0x0 pending_drain=0 gate_active=false l_thumb=None r_thumb=None [diag-ctx] ime_on=true j
2026-09-19T23:12:02.229953Z DEBUG awase::journal: key input seq=93 elapsed_ms=6459 vk_code=68 is_down=true injected=false key_class="Char" state_before="Idle" state_after="PendingChar(vk=0x44)" decision="Consume" physical="Allow" repeat_count=1 last_timestamp_us=6458864 last_elapsed_ms=0
2026-09-19T23:12:02.232682Z DEBUG awase_windows::runtime::key_pipeline: [shadow-toggle] vk=0x1DはFSM delegate所有 → belief書き込み/actuationをスキップ w_ops0=109961 x_ops0=243651 x_KB0=23.5
2026-09-19T23:12:02.232716Z DEBUG awase_windows::runtime::key_pipeline: [shadow-toggle] no-op: vk=0x1D action=Toggle source=PhysicalImeKey effective_open は既に true → apply-ime 見送り
2026-09-19T23:12:02.232745Z DEBUG awase_windows::runtime::key_pipeline: [engine-input] vk=0x1D KeyDown ts=6461786us delay=0ms state=PendingChar(vk=0x44) mods(c=false s=false a=false w=false) gas_ctrl=false phys_ctrl=false extra=0x0 pending_drain=0 gate_active=false l_thumb=Some(6461777) r_thumb=None
2026-09-19T23:12:02.232861Z DEBUG awase::journal: key input seq=94 elapsed_ms=6462 vk_code=29 is_down=true injected=false key_class="LeftThumb" state_before="PendingChar(vk=0x44)" state_after="PendingCharThumb(char=0x44,thumb=0x1D,left=true,released_at=None)" decision="Consume" physical="Allow" repe
2026-09-19T23:12:02.318501Z DEBUG awase_windows::runtime::key_pipeline: [engine-input] vk=0x4C KeyDown ts=6547533us delay=0ms state=PendingCharThumb(char=0x44,thumb=0x1D,left=true,released_at=None) mods(c=false s=false a=false w=false) gas_ctrl=false phys_ctrl=false extra=0x0 pending_drain=0 gate_ac
2026-09-19T23:12:02.318643Z DEBUG awase::journal: key input seq=95 elapsed_ms=6548 vk_code=76 is_down=true injected=false key_class="Char" state_before="PendingCharThumb(char=0x44,thumb=0x1D,left=true,released_at=None)" state_after="PendingChar(vk=0x4C)" decision="Consume" physical="Allow" repeat_co
2026-09-19T23:12:02.319168Z DEBUG execute_one{generation=None}: awase_windows::output: send_keys: mode=Tsf actions=[Char('な')] prev_elapsed=172ms
2026-09-19T23:12:02.319208Z DEBUG execute_one{generation=None}: awase_windows::tsf::probe: [mark-send] last_send_ms=335556375
2026-09-19T23:12:02.319229Z DEBUG execute_one{generation=None}: awase_windows::output:   → Char('な') via VK Sequential (TSF)
2026-09-19T23:12:02.319254Z DEBUG execute_one{generation=None}: awase_windows::output::vk_send:     send_char_as_tsf: 'な' → romaji "na"
2026-09-19T23:12:02.319324Z  INFO execute_one{generation=None}: awase_windows::output::vk_send: [key-output] KeyInput(tsf): romaji="na" ime=GJI last_write=157ms ago
2026-09-19T23:12:02.319354Z DEBUG execute_one{generation=None}: awase_windows::output::vk_send: [tsf-send] warm=true elapsed=0ms session_expired=false prepend_f2_warmup=false
2026-09-19T23:12:02.319381Z DEBUG execute_one{generation=None}: awase_windows::output::vk_send: [tsf-warm-start] cold=1 romaji="na" t=335556375ms
2026-09-19T23:12:02.319719Z DEBUG execute_one{generation=None}:transmit{romaji="na"}: awase_windows::output::vk_send: [tsf-transmit] cold=1 romaji="na" → vk-run t=335556375ms (eager=false)
2026-09-19T23:12:02.319779Z DEBUG execute_one{generation=None}:transmit{romaji="na"}: awase_windows::output::key_injector: [h1-run] cold=1 run=0/1 gji=157ms vks=[4E,41]
2026-09-19T23:12:02.327849Z DEBUG execute_one{generation=None}: awase_windows::tsf::probe: [mark-send] last_send_ms=335556375
2026-09-19T23:12:02.334572Z DEBUG awase_windows::ime: [idle-conv-check-diag] focused_hwnd=HWND(0x5058a) ime_wnd=Some(HWND(0x2054e))
2026-09-19T23:12:02.335206Z DEBUG awase_windows::output::vk_send: [h1-send] cold=1 romaji="na" chars=2 gji_idle=157ms conv=0x00000019 ROMAN=true NATIVE=true
2026-09-19T23:12:02.336496Z DEBUG awase_windows::tsf::gji_monitor: [gji-io] WRITE: w_ops=+2 w_KB=+0.5 (r_ops=+4 x_ops=+4 x_KB=+0.0)
2026-09-19T23:12:02.341511Z DEBUG awase_windows::runtime::key_pipeline: [engine-input] vk=0x1D KeyUp ts=6570582us delay=0ms state=PendingChar(vk=0x4C) mods(c=false s=false a=false w=false) gas_ctrl=false phys_ctrl=false extra=0x0 pending_drain=0 gate_active=false l_thumb=None r_thumb=None [diag-ctx]
2026-09-19T23:12:02.341627Z DEBUG awase::journal: key input seq=96 elapsed_ms=6570 vk_code=29 is_down=false injected=false key_class="LeftThumb" state_before="PendingChar(vk=0x4C)" state_after="PendingChar(vk=0x4C)" decision="Consume" physical="Allow" repeat_count=1 last_timestamp_us=6570582 last_el
2026-09-19T23:12:02.378970Z DEBUG awase_windows::runtime::key_pipeline: [engine-input] vk=0x44 KeyUp ts=6607925us delay=0ms state=PendingChar(vk=0x4C) mods(c=false s=false a=false w=false) gas_ctrl=false phys_ctrl=false extra=0x0 pending_drain=0 gate_active=false l_thumb=None r_thumb=None [diag-ctx]
2026-09-19T23:12:02.379085Z DEBUG awase::journal: key input seq=97 elapsed_ms=6608 vk_code=68 is_down=false injected=false key_class="Char" state_before="PendingChar(vk=0x4C)" state_after="PendingChar(vk=0x4C)" decision="Consume" physical="Allow" repeat_count=1 last_timestamp_us=6607925 last_elapsed
2026-09-19T23:12:02.379284Z DEBUG execute_one{generation=None}: awase_windows::output: send_keys: mode=Tsf actions=[Suppress] prev_elapsed=46ms
2026-09-19T23:12:02.379310Z DEBUG execute_one{generation=None}: awase_windows::tsf::probe: [mark-send] last_send_ms=335556421
2026-09-19T23:12:02.379331Z DEBUG execute_one{generation=None}: awase_windows::output:   → Suppress
2026-09-19T23:12:02.379347Z DEBUG execute_one{generation=None}: awase_windows::tsf::probe: [mark-send] last_send_ms=335556421
2026-09-19T23:12:02.400870Z DEBUG awase_windows::runtime::key_pipeline: [engine-input] vk=0x4C KeyUp ts=6629631us delay=0ms state=PendingChar(vk=0x4C) mods(c=false s=false a=false w=false) gas_ctrl=false phys_ctrl=false extra=0x0 pending_drain=0 gate_active=false l_thumb=None r_thumb=None [diag-ctx]
2026-09-19T23:12:02.401009Z DEBUG awase::journal: key input seq=98 elapsed_ms=6630 vk_code=76 is_down=false injected=false key_class="Char" state_before="PendingChar(vk=0x4C)" state_after="Idle" decision="Consume" physical="Allow" repeat_count=1 last_timestamp_us=6629631 last_elapsed_ms=0
2026-09-19T23:12:02.401256Z DEBUG execute_one{generation=None}: awase_windows::output: send_keys: mode=Tsf actions=[Char('い')] prev_elapsed=32ms
2026-09-19T23:12:02.401297Z DEBUG execute_one{generation=None}: awase_windows::tsf::probe: [mark-send] last_send_ms=335556453
2026-09-19T23:12:02.401310Z DEBUG execute_one{generation=None}: awase_windows::output:   → Char('い') via VK Sequential (TSF)
2026-09-19T23:12:02.401327Z DEBUG execute_one{generation=None}: awase_windows::output::vk_send:     send_char_as_tsf: 'い' → romaji "i"
2026-09-19T23:12:02.401368Z  INFO execute_one{generation=None}: awase_windows::output::vk_send: [key-output] KeyInput(tsf): romaji="i" ime=GJI last_write=63ms ago
2026-09-19T23:12:02.401386Z DEBUG execute_one{generation=None}: awase_windows::output::vk_send: [tsf-send] warm=true elapsed=0ms session_expired=false prepend_f2_warmup=false
2026-09-19T23:12:02.401402Z DEBUG execute_one{generation=None}: awase_windows::output::vk_send: [tsf-warm-start] cold=1 romaji="i" t=335556453ms
2026-09-19T23:12:02.401448Z DEBUG execute_one{generation=None}:transmit{romaji="i"}: awase_windows::output::vk_send: [tsf-transmit] cold=1 romaji="i" → vk-run t=335556453ms (eager=false)
2026-09-19T23:12:02.401478Z DEBUG execute_one{generation=None}:transmit{romaji="i"}: awase_windows::output::key_injector: [h1-run] cold=1 run=0/1 gji=63ms vks=[49]
2026-09-19T23:12:02.404149Z DEBUG execute_one{generation=None}: awase_windows::tsf::probe: [mark-send] last_send_ms=335556453
2026-09-19T23:12:02.405881Z DEBUG awase_windows::ime: [idle-conv-check-diag] focused_hwnd=HWND(0x5058a) ime_wnd=Some(HWND(0x2054e))
2026-09-19T23:12:02.409559Z DEBUG awase_windows::output::vk_send: [h1-send] cold=1 romaji="i" chars=1 gji_idle=63ms conv=0x00000019 ROMAN=true NATIVE=true
2026-09-19T23:12:02.413650Z DEBUG awase_windows::tsf::gji_monitor: [gji-io] WRITE: w_ops=+1 w_KB=+0.3 (r_ops=+2 x_ops=+2 x_KB=+0.0)
2026-09-19T23:12:02.651958Z DEBUG awase_windows::runtime::key_pipeline: [engine-input] vk=0x59 KeyDown ts=6881018us delay=0ms state=Idle mods(c=false s=false a=false w=false) gas_ctrl=false phys_ctrl=false extra=0x0 pending_drain=0 gate_active=false l_thumb=None r_thumb=None [diag-ctx] ime_on=true j
2026-09-19T23:12:02.652129Z DEBUG awase::journal: key input seq=99 elapsed_ms=6881 vk_code=89 is_down=true injected=false key_class="Char" state_before="Idle" state_after="PendingChar(vk=0x59)" decision="Consume" physical="Allow" repeat_count=1 last_timestamp_us=6881018 last_elapsed_ms=0
2026-09-19T23:12:02.654669Z DEBUG awase_windows::runtime::key_pipeline: [shadow-toggle] vk=0x1CはFSM delegate所有 → belief書き込み/actuationをスキップ w_ops0=109964 x_ops0=243657 x_KB0=23.5
2026-09-19T23:12:02.654702Z DEBUG awase_windows::runtime::key_pipeline: [shadow-toggle] no-op: vk=0x1C action=Toggle source=PhysicalImeKey effective_open は既に true → apply-ime 見送り
2026-09-19T23:12:02.654731Z DEBUG awase_windows::runtime::key_pipeline: [engine-input] vk=0x1C KeyDown ts=6883721us delay=0ms state=PendingChar(vk=0x59) mods(c=false s=false a=false w=false) gas_ctrl=false phys_ctrl=false extra=0x0 pending_drain=0 gate_active=false l_thumb=None r_thumb=Some(6883709)
2026-09-19T23:12:02.654840Z DEBUG awase::journal: key input seq=100 elapsed_ms=6884 vk_code=28 is_down=true injected=false key_class="RightThumb" state_before="PendingChar(vk=0x59)" state_after="PendingCharThumb(char=0x59,thumb=0x1C,left=false,released_at=None)" decision="Consume" physical="Allow" r
2026-09-19T23:12:02.740418Z DEBUG awase_windows::runtime::key_pipeline: [engine-input] vk=0x59 KeyUp ts=6969472us delay=0ms state=PendingCharThumb(char=0x59,thumb=0x1C,left=false,released_at=None) mods(c=false s=false a=false w=false) gas_ctrl=false phys_ctrl=false extra=0x0 pending_drain=0 gate_act
2026-09-19T23:12:02.740525Z DEBUG awase::journal: key input seq=101 elapsed_ms=6969 vk_code=89 is_down=false injected=false key_class="Char" state_before="PendingCharThumb(char=0x59,thumb=0x1C,left=false,released_at=None)" state_after="PendingCharThumb(char=0x59,thumb=0x1C,left=false,released_at=Som
2026-09-19T23:12:02.757064Z DEBUG execute_from_loop:execute_one{generation=None}: awase_windows::output: send_keys: mode=Tsf actions=[Char('よ')] prev_elapsed=359ms
2026-09-19T23:12:02.757080Z DEBUG execute_from_loop:execute_one{generation=None}: awase_windows::tsf::probe: [mark-send] last_send_ms=335556812
2026-09-19T23:12:02.757089Z DEBUG execute_from_loop:execute_one{generation=None}: awase_windows::output:   → Char('よ') via VK Sequential (TSF)
2026-09-19T23:12:02.757101Z DEBUG execute_from_loop:execute_one{generation=None}: awase_windows::output::vk_send:     send_char_as_tsf: 'よ' → romaji "yo"
2026-09-19T23:12:02.757134Z  INFO execute_from_loop:execute_one{generation=None}: awase_windows::output::vk_send: [key-output] KeyInput(tsf): romaji="yo" ime=GJI last_write=344ms ago
2026-09-19T23:12:02.757146Z DEBUG execute_from_loop:execute_one{generation=None}: awase_windows::output::vk_send: [tsf-send] warm=true elapsed=0ms session_expired=false prepend_f2_warmup=false
2026-09-19T23:12:02.757158Z DEBUG execute_from_loop:execute_one{generation=None}: awase_windows::output::vk_send: [tsf-warm-start] cold=1 romaji="yo" t=335556812ms
2026-09-19T23:12:02.757253Z DEBUG execute_from_loop:execute_one{generation=None}:transmit{romaji="yo"}: awase_windows::output::vk_send: [tsf-transmit] cold=1 romaji="yo" → vk-run t=335556812ms (eager=false)
2026-09-19T23:12:02.757279Z DEBUG execute_from_loop:execute_one{generation=None}:transmit{romaji="yo"}: awase_windows::output::key_injector: [h1-run] cold=1 run=0/1 gji=344ms vks=[59,4F]
2026-09-19T23:12:02.761122Z DEBUG execute_from_loop:execute_one{generation=None}: awase_windows::tsf::probe: [mark-send] last_send_ms=335556812
2026-09-19T23:12:02.762970Z DEBUG awase_windows::ime: [idle-conv-check-diag] focused_hwnd=HWND(0x5058a) ime_wnd=Some(HWND(0x2054e))
2026-09-19T23:12:02.763095Z DEBUG awase_windows::runtime::key_pipeline: [engine-input] vk=0x1C KeyUp ts=6992173us delay=0ms state=Idle mods(c=false s=false a=false w=false) gas_ctrl=false phys_ctrl=false extra=0x0 pending_drain=0 gate_active=false l_thumb=None r_thumb=None [diag-ctx] ime_on=true jap
2026-09-19T23:12:02.763191Z DEBUG awase::journal: key input seq=103 elapsed_ms=6992 vk_code=28 is_down=false injected=false key_class="RightThumb" state_before="Idle" state_after="Idle" decision="Consume" physical="Allow" repeat_count=1 last_timestamp_us=6992173 last_elapsed_ms=0
2026-09-19T23:12:02.767026Z DEBUG awase_windows::output::vk_send: [h1-send] cold=1 romaji="yo" chars=2 gji_idle=344ms conv=0x00000019 ROMAN=true NATIVE=true
2026-09-19T23:12:02.772540Z DEBUG awase_windows::tsf::gji_monitor: [gji-io] WRITE: w_ops=+2 w_KB=+0.5 (r_ops=+4 x_ops=+4 x_KB=+0.0)
2026-09-19T23:12:02.827971Z DEBUG awase_windows::runtime::key_pipeline: [engine-input] vk=0x41 KeyDown ts=7057025us delay=0ms state=Idle mods(c=false s=false a=false w=false) gas_ctrl=false phys_ctrl=false extra=0x0 pending_drain=0 gate_active=false l_thumb=None r_thumb=None [diag-ctx] ime_on=true j
2026-09-19T23:12:02.828081Z DEBUG awase::journal: key input seq=104 elapsed_ms=7057 vk_code=65 is_down=true injected=false key_class="Char" state_before="Idle" state_after="PendingChar(vk=0x41)" decision="Consume" physical="Allow" repeat_count=1 last_timestamp_us=7057025 last_elapsed_ms=0
2026-09-19T23:12:02.928784Z DEBUG awase_windows::runtime::key_pipeline: [shadow-toggle] vk=0x1CはFSM delegate所有 → belief書き込み/actuationをスキップ w_ops0=109966 x_ops0=243661 x_KB0=23.5
2026-09-19T23:12:02.928816Z DEBUG awase_windows::runtime::key_pipeline: [shadow-toggle] no-op: vk=0x1C action=Toggle source=PhysicalImeKey effective_open は既に true → apply-ime 見送り
2026-09-19T23:12:02.928839Z DEBUG awase_windows::runtime::key_pipeline: [engine-input] vk=0x1C KeyDown ts=7157856us delay=0ms state=PendingChar(vk=0x41) mods(c=false s=false a=false w=false) gas_ctrl=false phys_ctrl=false extra=0x0 pending_drain=0 gate_active=false l_thumb=None r_thumb=Some(7157753)
2026-09-19T23:12:02.928993Z DEBUG awase::journal: key input seq=105 elapsed_ms=7158 vk_code=28 is_down=true injected=false key_class="RightThumb" state_before="PendingChar(vk=0x41)" state_after="PendingThumb(vk=0x1C,left=false)" decision="Consume" physical="Allow" repeat_count=1 last_timestamp_us=71
2026-09-19T23:12:02.929154Z DEBUG execute_one{generation=None}: awase_windows::output: send_keys: mode=Tsf actions=[Char('う')] prev_elapsed=172ms
2026-09-19T23:12:02.929171Z DEBUG execute_one{generation=None}: awase_windows::tsf::probe: [mark-send] last_send_ms=335556984
2026-09-19T23:12:02.929182Z DEBUG execute_one{generation=None}: awase_windows::output:   → Char('う') via VK Sequential (TSF)
2026-09-19T23:12:02.929195Z DEBUG execute_one{generation=None}: awase_windows::output::vk_send:     send_char_as_tsf: 'う' → romaji "u"
2026-09-19T23:12:02.929231Z  INFO execute_one{generation=None}: awase_windows::output::vk_send: [key-output] KeyInput(tsf): romaji="u" ime=GJI last_write=156ms ago
2026-09-19T23:12:02.929247Z DEBUG execute_one{generation=None}: awase_windows::output::vk_send: [tsf-send] warm=true elapsed=0ms session_expired=false prepend_f2_warmup=false
2026-09-19T23:12:02.929261Z DEBUG execute_one{generation=None}: awase_windows::output::vk_send: [tsf-warm-start] cold=1 romaji="u" t=335556984ms
2026-09-19T23:12:02.929299Z DEBUG execute_one{generation=None}:transmit{romaji="u"}: awase_windows::output::vk_send: [tsf-transmit] cold=1 romaji="u" → vk-run t=335556984ms (eager=false)
2026-09-19T23:12:02.929324Z DEBUG execute_one{generation=None}:transmit{romaji="u"}: awase_windows::output::key_injector: [h1-run] cold=1 run=0/1 gji=156ms vks=[55]
2026-09-19T23:12:02.931488Z DEBUG execute_one{generation=None}: awase_windows::tsf::probe: [mark-send] last_send_ms=335556984
2026-09-19T23:12:02.932944Z DEBUG awase_windows::ime: [idle-conv-check-diag] focused_hwnd=HWND(0x5058a) ime_wnd=Some(HWND(0x2054e))
2026-09-19T23:12:02.941106Z DEBUG awase_windows::output::vk_send: [h1-send] cold=1 romaji="u" chars=1 gji_idle=156ms conv=0x00000019 ROMAN=true NATIVE=true
2026-09-19T23:12:02.944640Z DEBUG awase_windows::tsf::gji_monitor: [gji-io] WRITE: w_ops=+1 w_KB=+0.2 (r_ops=+2 x_ops=+2 x_KB=+0.0)
2026-09-19T23:12:02.945819Z DEBUG awase_windows::runtime::key_pipeline: [engine-input] vk=0x55 KeyDown ts=7174880us delay=0ms state=PendingThumb(vk=0x1C,left=false) mods(c=false s=false a=false w=false) gas_ctrl=false phys_ctrl=false extra=0x0 pending_drain=0 gate_active=false l_thumb=None r_thumb=S
2026-09-19T23:12:02.945967Z DEBUG awase::journal: key input seq=106 elapsed_ms=7175 vk_code=85 is_down=true injected=false key_class="Char" state_before="PendingThumb(vk=0x1C,left=false)" state_after="Idle" decision="Consume" physical="Allow" repeat_count=1 last_timestamp_us=7174880 last_elapsed_ms=
2026-09-19T23:12:02.946223Z DEBUG execute_one{generation=None}: awase_windows::output: send_keys: mode=Tsf actions=[Char('に')] prev_elapsed=16ms
2026-09-19T23:12:02.946256Z DEBUG execute_one{generation=None}: awase_windows::tsf::probe: [mark-send] last_send_ms=335557000
2026-09-19T23:12:02.946265Z DEBUG execute_one{generation=None}: awase_windows::output:   → Char('に') via VK Sequential (TSF)
2026-09-19T23:12:02.946278Z DEBUG execute_one{generation=None}: awase_windows::output::vk_send:     send_char_as_tsf: 'に' → romaji "ni"
2026-09-19T23:12:02.946318Z  INFO execute_one{generation=None}: awase_windows::output::vk_send: [key-output] KeyInput(tsf): romaji="ni" ime=GJI last_write=0ms ago
2026-09-19T23:12:02.946331Z DEBUG execute_one{generation=None}: awase_windows::output::vk_send: [tsf-send] warm=true elapsed=0ms session_expired=false prepend_f2_warmup=false
2026-09-19T23:12:02.946343Z DEBUG execute_one{generation=None}: awase_windows::output::vk_send: [tsf-warm-start] cold=1 romaji="ni" t=335557000ms
2026-09-19T23:12:02.946373Z DEBUG execute_one{generation=None}:transmit{romaji="ni"}: awase_windows::output::vk_send: [tsf-transmit] cold=1 romaji="ni" → vk-run t=335557000ms (eager=false)
2026-09-19T23:12:02.946399Z DEBUG execute_one{generation=None}:transmit{romaji="ni"}: awase_windows::output::key_injector: [h1-run] cold=1 run=0/1 gji=0ms vks=[4E,49]
2026-09-19T23:12:02.954464Z DEBUG execute_one{generation=None}: awase_windows::tsf::probe: [mark-send] last_send_ms=335557000
2026-09-19T23:12:02.956969Z DEBUG awase_windows::ime: [idle-conv-check-diag] focused_hwnd=HWND(0x5058a) ime_wnd=Some(HWND(0x2054e))
2026-09-19T23:12:02.960370Z DEBUG awase_windows::tsf::gji_monitor: [gji-io] WRITE: w_ops=+2 w_KB=+0.4 (r_ops=+4 x_ops=+4 x_KB=+0.0)
2026-09-19T23:12:02.961333Z DEBUG awase_windows::output::vk_send: [h1-send] cold=1 romaji="ni" chars=2 gji_idle=0ms conv=0x00000019 ROMAN=true NATIVE=true
2026-09-19T23:12:02.963134Z DEBUG awase_windows::runtime::key_pipeline: [engine-input] vk=0x41 KeyUp ts=7192219us delay=0ms state=Idle mods(c=false s=false a=false w=false) gas_ctrl=false phys_ctrl=false extra=0x0 pending_drain=0 gate_active=false l_thumb=None r_thumb=Some(7157753) [diag-ctx] ime_on
2026-09-19T23:12:02.963249Z DEBUG awase::journal: key input seq=107 elapsed_ms=7192 vk_code=65 is_down=false injected=false key_class="Char" state_before="Idle" state_after="Idle" decision="Consume" physical="Allow" repeat_count=1 last_timestamp_us=7192219 last_elapsed_ms=0
2026-09-19T23:12:02.963417Z DEBUG execute_one{generation=None}: awase_windows::output: send_keys: mode=Tsf actions=[Suppress] prev_elapsed=15ms
2026-09-19T23:12:02.963455Z DEBUG execute_one{generation=None}: awase_windows::tsf::probe: [mark-send] last_send_ms=335557015
2026-09-19T23:12:02.963475Z DEBUG execute_one{generation=None}: awase_windows::output:   → Suppress
2026-09-19T23:12:02.963492Z DEBUG execute_one{generation=None}: awase_windows::tsf::probe: [mark-send] last_send_ms=335557015
2026-09-19T23:12:03.020778Z DEBUG awase_windows::runtime::key_pipeline: [engine-input] vk=0x55 KeyUp ts=7249812us delay=0ms state=Idle mods(c=false s=false a=false w=false) gas_ctrl=false phys_ctrl=false extra=0x0 pending_drain=0 gate_active=false l_thumb=None r_thumb=Some(7157753) [diag-ctx] ime_on
2026-09-19T23:12:03.020943Z DEBUG awase::journal: key input seq=108 elapsed_ms=7250 vk_code=85 is_down=false injected=false key_class="Char" state_before="Idle" state_after="Idle" decision="Consume" physical="Allow" repeat_count=1 last_timestamp_us=7249812 last_elapsed_ms=0
2026-09-19T23:12:03.021370Z DEBUG execute_one{generation=None}: awase_windows::output: send_keys: mode=Tsf actions=[Suppress] prev_elapsed=47ms
2026-09-19T23:12:03.021408Z DEBUG execute_one{generation=None}: awase_windows::tsf::probe: [mark-send] last_send_ms=335557062
2026-09-19T23:12:03.021429Z DEBUG execute_one{generation=None}: awase_windows::output:   → Suppress
2026-09-19T23:12:03.021446Z DEBUG execute_one{generation=None}: awase_windows::tsf::probe: [mark-send] last_send_ms=335557062
2026-09-19T23:12:03.038298Z DEBUG awase_windows::runtime::key_pipeline: [engine-input] vk=0x1C KeyUp ts=7264710us delay=2ms state=Idle mods(c=false s=false a=false w=false) gas_ctrl=false phys_ctrl=false extra=0x0 pending_drain=0 gate_active=false l_thumb=None r_thumb=None [diag-ctx] ime_on=true jap
2026-09-19T23:12:03.038404Z DEBUG awase::journal: key input seq=109 elapsed_ms=7267 vk_code=28 is_down=false injected=false key_class="RightThumb" state_before="Idle" state_after="Idle" decision="Consume" physical="Allow" repeat_count=1 last_timestamp_us=7264710 last_elapsed_ms=0
2026-09-19T23:12:03.053909Z DEBUG awase_windows::tsf::gji_monitor: [gji-io] WRITE: w_ops=+1 w_KB=+0.2 (r_ops=+2 x_ops=+2 x_KB=+0.0)
2026-09-19T23:12:03.061919Z  INFO awase_windows::tsf::win_event_obs: [gji-obs] candidate HIDE: last_gji_write=0ms ago
2026-09-19T23:12:03.096526Z DEBUG awase_windows::runtime: [focus-sync] hwnd=0xBC3B90 class="ImeKeyMatrixSpikeWindowClass" app_kind=Win32 hint=Default → mode=Unicode
2026-09-19T23:12:03.096601Z DEBUG awase_windows::tsf::tsf_gate: [tsf-gate] focus change → PendingWarmup (held cleared)
2026-09-19T23:12:03.182886Z DEBUG awase_windows::tsf::tsf_gate: [tsf-gate] held vk=0x20 KeyDown (total=1)
2026-09-19T23:12:03.182924Z DEBUG awase_windows::runtime::key_pipeline: [tsf-gate-hold] vk=0x20 KeyDown held by TsfGate (PendingWarmup)
2026-09-19T23:12:03.202871Z DEBUG awase_windows::runtime: [focus-sync] hwnd=0xF7125C class="Edit" app_kind=Win32 hint=Default → mode=Unicode
2026-09-19T23:12:03.202937Z DEBUG awase_windows::output: [tsf-gate] focus change while PendingWarmup — held バッファを保持して再初期化スキップ (Chrome等の連続フォーカスイベント対策)
2026-09-19T23:12:03.248993Z  INFO apply_focus_probe_result: awase_windows::runtime::focus_tracking: AppKind changed: Uwp → Win32 (class=ImeKeyMatrixSpikeWindowClass)
2026-09-19T23:12:03.262678Z DEBUG apply_focus_probe_result: awase::journal: focus transition seq=110 elapsed_ms=7492 changed_process=true changed_window=true changed_app_kind=true changed_focus_kind=false dwell_ms=7406 profile="ImmCross"
2026-09-19T23:12:03.262905Z  INFO apply_focus_probe_result: awase_windows::runtime::focus_tracking: FocusChange [19612→19104] ImeKeyMatrixSpikeWindowClass: stale ime_on=true intent=None mode=ObservedRomaji japanese=true
2026-09-19T23:12:03.262923Z DEBUG apply_focus_probe_result: awase_windows::tsf::probe: [composition] focus changed → marked cold
2026-09-19T23:12:03.262936Z DEBUG apply_focus_probe_result: awase_windows::runtime: [keymap] active rules recomputed: 0 rule(s) for process="ime_key_matrix_spike.exe"
2026-09-19T23:12:03.262945Z DEBUG apply_focus_probe_result: awase_windows::runtime::focus_tracking: [keymap] active rules updated on focus change: 0 rule(s) (hwnd=HWND(0xbc3b90) kind=Undetermined focus_epoch=2)
2026-09-19T23:12:03.262963Z DEBUG apply_focus_probe_result:reduce: awase_windows::state::ime_model: [explicit-intent] cleared (focus change)
2026-09-19T23:12:03.262975Z DEBUG apply_focus_probe_result: awase::journal: ime event seq=111 elapsed_ms=7492 event_kind="FocusChanged"
2026-09-19T23:12:03.263000Z DEBUG apply_focus_probe_result: awase_windows::runtime::focus_tracking: [focus] Imm32Unavailable hard pre-sync applied=true (prevent spurious VK_KANJI on first character key)
2026-09-19T23:12:03.263021Z DEBUG apply_focus_probe_result:gji_on_event{event=ImeOn { injection_mode: Unicode, gji_idle_ms: 203 }}: awase_windows::tsf::gji_fsm: [gji-fsm] ImeOn: already on (OnComposing(Warm)), ignored
2026-09-19T23:12:03.263038Z DEBUG apply_focus_probe_result: awase::journal: gji fsm transition seq=112 elapsed_ms=7492 trigger="ImeOn(gji_idle_ms=203)" state_before="OnComposing(Warm)" state_after="OnComposing(Warm)"
2026-09-19T23:12:03.263183Z DEBUG awase_windows::runtime::ime_refresh: Skipping observer/SSOT write: typing active (idle=78ms)
2026-09-19T23:12:03.266286Z DEBUG awase_windows::ime_diagnostic: [ime-diag] label=focus_changed t=335557312 hwnd=0x0 pid=0 tid=38468 class="" hkl=04110411 lang=0411 imm_bridge=true imc_open=- imc_conv=- shadow_on=false shadow_romaji=false shadow_jp=false inject=Unknown dt_focus_ms=- dt_activity_ms=-
2026-09-19T23:12:03.266335Z DEBUG awase_windows::runtime::ime_refresh: [composition] focus change → marking cold
2026-09-19T23:12:03.266362Z DEBUG awase_windows::tsf::probe: [composition] marked cold reason=FocusChange idle=250ms → next VK/TSF output will send VK_DBE_HIRAGANA warmup
2026-09-19T23:12:03.266426Z DEBUG gji_on_event{event=FocusChange { injection_mode: Unicode, gji_idle_ms: 203 }}: awase_windows::tsf::gji_fsm: [gji-fsm] FocusChange gji_idle=203ms → Short
2026-09-19T23:12:03.266546Z DEBUG awase_windows::platform: [gji-fsm] StartProbe probe_id=ProbeId(1) forces_f2=false long=false
2026-09-19T23:12:03.266883Z DEBUG awase_windows::tsf::ime_mode_fsm: [ime-mode] FocusChange → Unknown
2026-09-19T23:12:03.267097Z DEBUG awase::journal: gji fsm transition seq=113 elapsed_ms=7495 trigger="FocusChange(gji_idle_ms=203)" state_before="OnComposing(Warm)" state_after="OnCold(Short)"
2026-09-19T23:12:03.267134Z DEBUG awase::journal: tsf probe started seq=114 elapsed_ms=7495 source="GjiAction::StartProbe" cold_seq=1 probe_id=1 probe_id_present=true gji_state="OnCold(Short)" consecutive_at_start=0 pending_deferred_len=0
2026-09-19T23:12:03.267155Z DEBUG awase::journal: gji fsm transition seq=115 elapsed_ms=7495 trigger="WarmupComplete(unicode)" state_before="OnCold(Short)" state_after="OnWarm"
2026-09-19T23:12:03.267171Z DEBUG awase::journal: tsf probe completed seq=116 elapsed_ms=7495 outcome="UnicodeImmediate" cold_seq=18446744073709551615 cold_seq_present=false probe_id=1 probe_id_present=true duration_ms=0 tick_count=0 gji_state="OnWarm"
2026-09-19T23:12:03.267211Z DEBUG awase_windows::runtime::ime_refresh: [composition] FocusChange: send_eager_tsf_warmup called (ime_on via warmup_ime_on())
2026-09-19T23:12:03.268155Z DEBUG awase_windows::tsf::tsf_gate: [tsf-gate] → Bypass (releasing 1 held keys)
2026-09-19T23:12:03.268345Z DEBUG awase_windows::runtime: [tsf-gate] draining 1 held keys via INPUT_DEFER
2026-09-19T23:12:03.269339Z DEBUG awase_windows::runtime::message_handlers: [drain] vk=0x20 KeyDown
2026-09-19T23:12:03.269362Z DEBUG awase_windows::runtime::message_handlers: [output-drain] replay vk=0x20 KeyDown event_ts=7411969us now=7498681us delta=86ms
2026-09-19T23:12:03.269722Z DEBUG awase_windows::runtime::key_pipeline: [engine-input] vk=0x20 KeyDown ts=7411969us delay=87ms state=Idle mods(c=false s=false a=false w=false) gas_ctrl=false phys_ctrl=false extra=0x0 pending_drain=0 gate_active=false l_thumb=None r_thumb=None [diag-ctx] ime_on=true 
2026-09-19T23:12:03.269933Z DEBUG awase::journal: key input seq=117 elapsed_ms=7499 vk_code=32 is_down=true injected=false key_class="Passthrough" state_before="Idle" state_after="Idle" decision="PassThrough" physical="Allow" repeat_count=1 last_timestamp_us=7411969 last_elapsed_ms=0
2026-09-19T23:12:03.270021Z DEBUG execute_from_hook: awase_windows::runtime::executor: [relay-passthrough] PassThrough idle: direct OS pass-through (vk=0x20 down)
2026-09-19T23:12:03.270046Z DEBUG awase_windows::runtime::message_handlers: [output-drain] PassThrough → enqueue ReinjectKey vk=0x20 KeyDown (drain has no hook→OS path)
2026-09-19T23:12:03.271595Z DEBUG execute_one{generation=None}: awase_windows::runtime::executor: [reinject] vk=0x20 down (queued passthrough now firing)
2026-09-19T23:12:03.273718Z DEBUG awase_windows::ime: [idle-conv-check-diag] focused_hwnd=HWND(0xf7125c) ime_wnd=Some(HWND(0x8103f8))
2026-09-19T23:12:03.280518Z DEBUG awase_windows::runtime::key_pipeline: [engine-input] vk=0x20 KeyUp ts=7506415us delay=3ms state=Idle mods(c=false s=false a=false w=false) gas_ctrl=false phys_ctrl=false extra=0x0 pending_drain=0 gate_active=false l_thumb=None r_thumb=None [diag-ctx] ime_on=true jap
2026-09-19T23:12:03.280572Z DEBUG awase::journal: key input seq=118 elapsed_ms=7509 vk_code=32 is_down=false injected=false key_class="Passthrough" state_before="Idle" state_after="Idle" decision="PassThrough" physical="Allow" repeat_count=1 last_timestamp_us=7506415 last_elapsed_ms=0
2026-09-19T23:12:03.280624Z DEBUG execute_from_hook: awase_windows::runtime::executor: [relay-passthrough] PassThrough idle: direct OS pass-through (vk=0x20 up)
2026-09-19T23:12:03.281076Z DEBUG awase_windows::tsf::ime_mode_fsm: [ime-mode] cold hint: Unknown → Hiragana (conv=0x00000009, unconfirmed)
2026-09-19T23:12:03.281218Z DEBUG awase::journal: ime event seq=119 elapsed_ms=7510 event_kind="ObserverReported"
2026-09-19T23:12:03.281356Z  INFO awase_windows::runtime::key_pipeline: FocusProbe +16ms: ime_on=false mode=ObservedRomaji [ime=GoogleJapaneseInput sig1=false gji_io=219ms sig2=false]
2026-09-19T23:12:03.281489Z DEBUG awase::journal: ime event seq=120 elapsed_ms=7510 event_kind="ObserverReported"
2026-09-19T23:12:03.281499Z DEBUG awase_windows::runtime::focus_tracking: [ImmCrossProbe/focus] child-hwnd IME=false → High confidence 観測記録
2026-09-19T23:12:03.281836Z DEBUG execute_one{generation=None}: awase_windows::runtime::executor: [reinject] vk=0x20 up (queued passthrough now firing)
2026-09-19T23:12:03.294065Z DEBUG awase::journal: ime event seq=121 elapsed_ms=7523 event_kind="ObserverReported"
2026-09-19T23:12:03.294100Z DEBUG awase_windows::runtime::key_pipeline: [ImmCrossProbe] child-hwnd IME=false → High confidence 観測記録
2026-09-19T23:12:03.294228Z DEBUG awase_windows::observer::ime_observer: IME snapshot: japanese=Some(true) ime_on=Some(false) romaji=None conv=Some("0x00000009") guard=false
2026-09-19T23:12:03.312245Z DEBUG awase_windows::runtime: [focus-sync] hwnd=0x9A04E8 class="RICHEDIT50W" app_kind=Win32 hint=Default → mode=Unicode
2026-09-19T23:12:03.312309Z DEBUG awase_windows::tsf::tsf_gate: [tsf-gate] focus change → PendingWarmup (held cleared)
2026-09-19T23:12:03.326437Z DEBUG awase_windows::runtime: [focus-sync] hwnd=0xF7125C class="Edit" app_kind=Win32 hint=Default → mode=Unicode
2026-09-19T23:12:03.326491Z DEBUG awase_windows::output: [tsf-gate] focus change while PendingWarmup — held バッファを保持して再初期化スキップ (Chrome等の連続フォーカスイベント対策)
2026-09-19T23:12:03.395945Z DEBUG apply_focus_probe_result: awase_windows::runtime::focus_tracking: Focus kind changed: Undetermined → TextInput (reason=KnownTextClass(Edit))
2026-09-19T23:12:03.396149Z DEBUG apply_focus_probe_result:reduce: awase_windows::state::observation_store: [focus-hwnd-track] update_focus_window: current_fence.hwnd HwndId(12336016) -> HwndId(16192092)
2026-09-19T23:12:03.396195Z DEBUG apply_focus_probe_result: awase::journal: ime event seq=122 elapsed_ms=7625 event_kind="FocusHwndUpdated"
2026-09-19T23:12:03.396233Z DEBUG apply_focus_probe_result: awase::journal: focus transition seq=123 elapsed_ms=7625 changed_process=false changed_window=true changed_app_kind=false changed_focus_kind=true dwell_ms=125 profile="ImmCross"
2026-09-19T23:12:03.396491Z DEBUG awase_windows::runtime::ime_refresh: Skipping observer/SSOT write: typing active (idle=109ms)
2026-09-19T23:12:03.396513Z DEBUG awase_windows::state::observation_store: [identity-gate] hwnd不一致で除外: source=FocusProbe obs_hwnd=HwndId(12336016) current_hwnd=HwndId(16192092) confidence=Low
2026-09-19T23:12:03.396528Z DEBUG awase_windows::state::observation_store: [identity-gate] hwnd不一致で除外: source=ImmCrossProbe obs_hwnd=HwndId(12336016) current_hwnd=HwndId(16192092) confidence=High
2026-09-19T23:12:03.396545Z DEBUG awase_windows::state::observation_store: [identity-gate] hwnd不一致で除外: source=FocusProbe obs_hwnd=HwndId(12336016) current_hwnd=HwndId(16192092) confidence=Low
2026-09-19T23:12:03.396559Z DEBUG awase_windows::state::observation_store: [identity-gate] hwnd不一致で除外: source=ImmCrossProbe obs_hwnd=HwndId(12336016) current_hwnd=HwndId(16192092) confidence=High
2026-09-19T23:12:03.396657Z DEBUG awase_windows::state::observation_store: [identity-gate] hwnd不一致で除外: source=FocusProbe obs_hwnd=HwndId(12336016) current_hwnd=HwndId(16192092) confidence=Low
2026-09-19T23:12:03.396674Z DEBUG awase_windows::state::observation_store: [identity-gate] hwnd不一致で除外: source=ImmCrossProbe obs_hwnd=HwndId(12336016) current_hwnd=HwndId(16192092) confidence=High
2026-09-19T23:12:03.396683Z DEBUG awase_windows::state::observation_store: [identity-gate] hwnd不一致で除外: source=FocusProbe obs_hwnd=HwndId(12336016) current_hwnd=HwndId(16192092) confidence=Low
2026-09-19T23:12:03.396690Z DEBUG awase_windows::state::observation_store: [identity-gate] hwnd不一致で除外: source=ImmCrossProbe obs_hwnd=HwndId(12336016) current_hwnd=HwndId(16192092) confidence=High
2026-09-19T23:12:03.396734Z  INFO awase::engine::engine: Engine deactivated (ime=false, romaji=true, japanese=true, user=true, reason=Inactive(ImeOff))
2026-09-19T23:12:03.396760Z DEBUG execute_from_loop: awase_windows::runtime::executor: [focus-settle] SetOpen(false) effect stripped from decision (focus transition barrier still settling)
2026-09-19T23:12:03.400050Z DEBUG execute_from_loop:execute_one{generation=None}: awase_windows::platform: [engine-state-key] suppressed (polling/focus-triggered, enabled=false)
2026-09-19T23:12:03.400170Z DEBUG awase_windows::runtime: [focus-settle] SetOpen stripped from execute_from_loop decision → 150ms 後に refresh で再試行
2026-09-19T23:12:03.681385Z DEBUG awase_windows::state::observation_store: [identity-gate] hwnd不一致で除外: source=FocusProbe obs_hwnd=HwndId(12336016) current_hwnd=HwndId(16192092) confidence=Low
2026-09-19T23:12:03.681422Z DEBUG awase_windows::state::observation_store: [identity-gate] hwnd不一致で除外: source=ImmCrossProbe obs_hwnd=HwndId(12336016) current_hwnd=HwndId(16192092) confidence=High
2026-09-19T23:12:03.681432Z DEBUG awase_windows::state::observation_store: [identity-gate] hwnd不一致で除外: source=FocusProbe obs_hwnd=HwndId(12336016) current_hwnd=HwndId(16192092) confidence=Low
2026-09-19T23:12:03.681438Z DEBUG awase_windows::state::observation_store: [identity-gate] hwnd不一致で除外: source=ImmCrossProbe obs_hwnd=HwndId(12336016) current_hwnd=HwndId(16192092) confidence=High
2026-09-19T23:12:03.681541Z DEBUG awase_windows::state::observation_store: [identity-gate] hwnd不一致で除外: source=FocusProbe obs_hwnd=HwndId(12336016) current_hwnd=HwndId(16192092) confidence=Low
2026-09-19T23:12:03.681548Z DEBUG awase_windows::state::observation_store: [identity-gate] hwnd不一致で除外: source=ImmCrossProbe obs_hwnd=HwndId(12336016) current_hwnd=HwndId(16192092) confidence=High
2026-09-19T23:12:03.681555Z DEBUG awase_windows::state::observation_store: [identity-gate] hwnd不一致で除外: source=FocusProbe obs_hwnd=HwndId(12336016) current_hwnd=HwndId(16192092) confidence=Low
2026-09-19T23:12:03.681561Z DEBUG awase_windows::state::observation_store: [identity-gate] hwnd不一致で除外: source=ImmCrossProbe obs_hwnd=HwndId(12336016) current_hwnd=HwndId(16192092) confidence=High
2026-09-19T23:12:03.681618Z  INFO awase_windows::runtime::key_pipeline: [shadow-toggle] intent 昇格: vk=0x1C scan=0x79 action=Toggle kind=PhysicalImeKey injected=false false→true w_ops0=109970 x_ops0=243669 x_KB0=23.5
2026-09-19T23:12:03.681642Z DEBUG awase::journal: ime event seq=124 elapsed_ms=7911 event_kind="UserImeSetIntent"
2026-09-19T23:12:03.681691Z DEBUG awase_windows::runtime::key_pipeline: Shadow IME toggle: OFF → ON (vk=0x1C, source=PhysicalImeKey)
2026-09-19T23:12:03.681704Z DEBUG awase_windows::runtime::key_pipeline: [engine-input] vk=0x1C KeyDown ts=7910608us delay=0ms state=Idle mods(c=false s=false a=false w=false) gas_ctrl=false phys_ctrl=false extra=0x5350494B pending_drain=0 gate_active=false l_thumb=None r_thumb=Some(7910598) [diag-ct
2026-09-19T23:12:03.681727Z  INFO awase::engine::engine: Engine activated (ime=true, romaji=true, japanese=true, user=true, reason=Active)
2026-09-19T23:12:03.681776Z DEBUG awase::journal: key input seq=125 elapsed_ms=7911 vk_code=28 is_down=true injected=false key_class="RightThumb" state_before="Idle" state_after="PendingThumb(vk=0x1C,left=false)" decision="Consume" physical="Allow" repeat_count=1 last_timestamp_us=7910608 last_elaps
2026-09-19T23:12:03.681807Z DEBUG awase::journal: ime event seq=126 elapsed_ms=7911 event_kind="EngineActivationSync"
2026-09-19T23:12:03.681817Z DEBUG awase::journal: ime event seq=127 elapsed_ms=7911 event_kind="ImeApplyRequested"
2026-09-19T23:12:03.681823Z  INFO awase_windows::runtime::key_pipeline: IME control: preconditions.ime_on = true (SetOpenRequest, origin=ActivationSync), was_open_before=true last_intent_before=Some(true) poll suspended
2026-09-19T23:12:03.682002Z DEBUG execute_one{generation=Some(ApplyGeneration(1))}:dispatch_ime_set_open{open=true generation=Some(ApplyGeneration(1))}: awase_windows::runtime::executor: [dispatch-ime] ImmCross async: optimistic applied_snapshot=true (suppress send_engine_state_ime_key)
2026-09-19T23:12:03.683224Z DEBUG execute_one{generation=Some(ApplyGeneration(1))}: awase_windows::platform: [engine-state-key] skipped (apply_ime_open aligned ime=true, profile=Standard)
2026-09-19T23:12:03.684586Z DEBUG run_open_chain_async: awase_windows::ime_controller: [warrant-shadow] chain=async open=true origin=EventOrigin { source: SelfActuated { strategy: "engine_decision_async" }, epoch: Generation(0) } warranted
2026-09-19T23:12:03.684713Z  INFO run_open_chain_async:imm_cross_write{open=true}: awase_windows::runtime::open_chain: [apply-ime] ImmCross async: open=true composition_active=false show_seq=0 change_seq=0 (issue #138診断)
2026-09-19T23:12:03.685816Z DEBUG awase::journal: ime event seq=128 elapsed_ms=7915 event_kind="ObserverReported"
2026-09-19T23:12:03.686178Z  INFO awase_windows::runtime::key_pipeline: FocusProbe +0ms: ime_on=true mode=ObservedRomaji [ime=GoogleJapaneseInput sig1=false gji_io=625ms sig2=false]
2026-09-19T23:12:03.689023Z DEBUG awase_windows::shadow_send_trace: [shadow-send] channel=ImeControl cmd=0x0006 lparam=1 issue_us=7917798
2026-09-19T23:12:03.689031Z DEBUG awase_windows::ime: set_ime_open_for_target: hwnd=HWND(0xf7125c) ime_wnd=HWND(0x8103f8) open=true success=true send_elapsed=0ms candidate_visible=false
2026-09-19T23:12:03.690173Z DEBUG awase::journal: ime event seq=129 elapsed_ms=7919 event_kind="ObserverReported"
2026-09-19T23:12:03.690203Z DEBUG awase_windows::runtime::key_pipeline: [ImmCrossProbe] child-hwnd IME=true → High confidence 観測記録
2026-09-19T23:12:03.690233Z DEBUG awase_windows::observer::ime_observer: IME snapshot: japanese=Some(true) ime_on=Some(true) romaji=None conv=Some("0x00000009") guard=false
2026-09-19T23:12:03.690258Z DEBUG awase_windows::runtime::key_pipeline: [ImmCrossProbe] kana mode (conv=0x00000009) + IME ON → romaji 修正 (MS-IME かなモード修正)
2026-09-19T23:12:03.692201Z DEBUG awase_windows::shadow_send_trace: [shadow-send] channel=ImeControl cmd=0x0002 lparam=25 issue_us=7919095
2026-09-19T23:12:03.692217Z DEBUG awase_windows::ime: [imm-romaji] conv 0x00000009 → 0x00000019 success=true target=None
2026-09-19T23:12:03.692326Z DEBUG run_open_chain_async:imm_cross_write{open=true}: awase_windows::ime: [imm-cross-actuate] hwnd=HWND(0xf7125c) open=Written conv=Some(Written)
2026-09-19T23:12:03.692373Z DEBUG run_open_chain_async:imm_cross_write{open=true}: awase_windows::runtime::open_chain: [apply-ime] ROMAN 補完結果: Written
2026-09-19T23:12:03.692425Z DEBUG run_open_chain_async: awase::journal: actuation decision seq=130 elapsed_ms=7921 site="DispatchImeSetOpen" caller="None" open=true chain_len=4 attempts_len=1 gate_profile="Standard" gate_kind="Gji" gate_shadow_known=true gate_shadow_on=true gate_input_mode="Observed
2026-09-19T23:12:03.693502Z DEBUG on_ime_apply_complete{open=true outcome=AppliedWithoutSendInput generation=Some(ApplyGeneration(1)) reason=EngineDecision}: awase::journal: ime open applied seq=131 elapsed_ms=7922 open=true outcome="AppliedWithoutSendInput" reason="EngineDecision"
2026-09-19T23:12:03.693857Z DEBUG on_ime_apply_complete{open=true outcome=AppliedWithoutSendInput generation=Some(ApplyGeneration(1)) reason=EngineDecision}: awase::journal: ime event seq=132 elapsed_ms=7923 event_kind="ImeApplySucceeded"
2026-09-19T23:12:03.693901Z DEBUG on_ime_apply_complete{open=true outcome=AppliedWithoutSendInput generation=Some(ApplyGeneration(1)) reason=EngineDecision}: awase_windows::tsf::ime_mode_fsm: [ime-mode] SetOpen(true) applied → Hiragana (belief, unconfirmed)
2026-09-19T23:12:03.693913Z DEBUG on_ime_apply_complete{open=true outcome=AppliedWithoutSendInput generation=Some(ApplyGeneration(1)) reason=EngineDecision}: awase_windows::platform: [composition] ImeEffect::SetOpen(true) → marking cold
2026-09-19T23:12:03.693922Z DEBUG on_ime_apply_complete{open=true outcome=AppliedWithoutSendInput generation=Some(ApplyGeneration(1)) reason=EngineDecision}: awase_windows::tsf::probe: [composition] marked cold reason=SetOpenTrue idle=672ms → next VK/TSF output will send VK_DBE_HIRAGANA warmup
2026-09-19T23:12:03.693945Z DEBUG on_ime_apply_complete{open=true outcome=AppliedWithoutSendInput generation=Some(ApplyGeneration(1)) reason=EngineDecision}:gji_on_event{event=ImeOn { injection_mode: Unicode, gji_idle_ms: 625 }}: awase_windows::tsf::gji_fsm: [gji-fsm] ImeOn: already on (OnWarm), ign
2026-09-19T23:12:03.694137Z DEBUG awase::journal: gji fsm transition seq=133 elapsed_ms=7923 trigger="ImeOn(gji_idle_ms=625)" state_before="OnWarm" state_after="OnWarm"
2026-09-19T23:12:03.698516Z DEBUG awase_windows::ime: [conv-actuate] Written: hwnd=HWND(0xf7125c) target=None
2026-09-19T23:12:03.716054Z DEBUG awase_windows::runtime::ime_refresh: Explicit intent: bypassing typing-idle guard for IME verify (idle=31ms)
2026-09-19T23:12:03.716083Z DEBUG awase_windows::observer::ime_observer: IME snapshot: japanese=Some(true) ime_on=Some(true) romaji=Some(true) conv=Some("0x00000019") guard=false
2026-09-19T23:12:03.716123Z DEBUG awase::journal: ime event seq=134 elapsed_ms=7945 event_kind="ObserverReported"
2026-09-19T23:12:03.716138Z DEBUG awase::journal: ime event seq=135 elapsed_ms=7945 event_kind="InputModeObserved"
2026-09-19T23:12:03.805179Z DEBUG awase_windows::runtime::key_pipeline: [engine-input] vk=0x1C KeyUp ts=8034296us delay=0ms state=PendingThumb(vk=0x1C,left=false) mods(c=false s=false a=false w=false) gas_ctrl=false phys_ctrl=false extra=0x5350494B pending_drain=0 gate_active=false l_thumb=None r_th
2026-09-19T23:12:03.805250Z DEBUG awase::journal: key input seq=137 elapsed_ms=8034 vk_code=28 is_down=false injected=false key_class="RightThumb" state_before="PendingThumb(vk=0x1C,left=false)" state_after="Idle" decision="Consume" physical="Allow" repeat_count=1 last_timestamp_us=8034296 last_elap
2026-09-19T23:12:06.189507Z DEBUG awase_windows::hook: [hook] IME-mode vk=0xF2 down self_injected=false injected=false scan=0x70 extra=0x5350494B since_actuation_us=Some(10318718)
2026-09-19T23:12:06.189620Z DEBUG awase::journal: hook ime-mode diagnostic seq=138 elapsed_ms=10418 vk_code=242 is_down=true self_injected=false injected=false scan=112
2026-09-19T23:12:06.189756Z  INFO awase_windows::runtime::key_pipeline: [shadow-toggle] intent 昇格: vk=0xF2 scan=0x70 action=TurnOn kind=PhysicalImeKey injected=false true→true w_ops0=109970 x_ops0=243669 x_KB0=23.5
2026-09-19T23:12:06.189777Z DEBUG awase::journal: ime event seq=139 elapsed_ms=10419 event_kind="UserImeSetIntent"
2026-09-19T23:12:06.189789Z DEBUG awase_windows::runtime::key_pipeline: [shadow-toggle] no-op: vk=0xF2 action=TurnOn source=PhysicalImeKey effective_open は既に true → apply-ime 見送り
2026-09-19T23:12:06.189804Z DEBUG awase_windows::runtime::key_pipeline: [engine-input] vk=0xF2 KeyDown ts=10418924us delay=0ms state=Idle mods(c=false s=false a=false w=false) gas_ctrl=false phys_ctrl=false extra=0x5350494B pending_drain=0 gate_active=false l_thumb=None r_thumb=None [diag-ctx] ime_o
2026-09-19T23:12:06.189849Z DEBUG awase::journal: key input seq=140 elapsed_ms=10419 vk_code=242 is_down=true injected=false key_class="Passthrough" state_before="Idle" state_after="Idle" decision="PassThrough" physical="Allow" repeat_count=1 last_timestamp_us=10418924 last_elapsed_ms=0
2026-09-19T23:12:06.189881Z DEBUG awase_windows::runtime::key_pipeline: may_change_ime key passed through → IME refresh scheduled (20ms)
2026-09-19T23:12:06.189913Z DEBUG execute_from_hook: awase_windows::runtime::executor: [relay-passthrough] PassThrough idle: direct OS pass-through (vk=0xf2 down)
2026-09-19T23:12:06.189946Z DEBUG execute_one{generation=None}: awase_windows::runtime::executor: [reinject] vk=0xf2 down (queued passthrough now firing)
2026-09-19T23:12:06.193470Z DEBUG awase_windows::hook: [hook] IME-mode vk=0xF2 down self_injected=true injected=true scan=0x0 extra=0x4B45594D since_actuation_us=Some(10322688)
2026-09-19T23:12:06.195432Z DEBUG awase::journal: hook ime-mode diagnostic seq=141 elapsed_ms=10424 vk_code=242 is_down=true self_injected=true injected=true scan=0
2026-09-19T23:12:06.203978Z DEBUG awase_windows::tsf::gji_monitor: [gji-io] WRITE: w_ops=+5 w_KB=+0.1 (r_ops=+10 x_ops=+10 x_KB=+0.0)
2026-09-19T23:12:06.225110Z DEBUG awase_windows::runtime::ime_refresh: Explicit intent: bypassing typing-idle guard for IME verify (idle=31ms)
2026-09-19T23:12:06.225138Z DEBUG awase_windows::observer::ime_observer: IME snapshot: japanese=Some(true) ime_on=Some(true) romaji=None conv=Some("0x00000010") guard=false
2026-09-19T23:12:06.225179Z DEBUG awase::journal: ime event seq=142 elapsed_ms=10454 event_kind="ObserverReported"
2026-09-19T23:12:06.225194Z DEBUG awase::journal: ime event seq=143 elapsed_ms=10454 event_kind="InputModeObserved"
2026-09-19T23:12:06.225207Z  INFO awase_windows::runtime::ime_refresh: ObserverPoll +2953ms since focus: mode ObservedRomaji → ObservedEisu
2026-09-19T23:12:06.225233Z DEBUG awase::engine::engine: [diag-engine-active] ime_on=true なのに非活性: reason=Inactive(NotRomajiInput) romaji_capable=false japanese=true user_enabled=true was_active=true input_mode=ObservedEisu
2026-09-19T23:12:06.225264Z  INFO awase::engine::engine: Engine deactivated (ime=true, romaji=false, japanese=true, user=true, reason=Inactive(NotRomajiInput))
2026-09-19T23:12:06.875205Z DEBUG awase_windows::runtime::key_pipeline: [engine-input] vk=0x4B KeyDown ts=11104251us delay=0ms state=Idle mods(c=false s=false a=false w=false) gas_ctrl=false phys_ctrl=false extra=0x5350494B pending_drain=0 gate_active=false l_thumb=None r_thumb=None [diag-ctx] ime_o
2026-09-19T23:12:06.875252Z DEBUG awase::engine::engine: [diag-engine-active] ime_on=true なのに非活性: reason=Inactive(NotRomajiInput) romaji_capable=false japanese=true user_enabled=true was_active=false input_mode=ObservedEisu
2026-09-19T23:12:06.875314Z DEBUG awase::journal: key input seq=144 elapsed_ms=11104 vk_code=75 is_down=true injected=false key_class="Char" state_before="Idle" state_after="Idle" decision="PassThrough" physical="Allow" repeat_count=1 last_timestamp_us=11104251 last_elapsed_ms=0
2026-09-19T23:12:06.875433Z DEBUG execute_one{generation=None}: awase_windows::runtime::executor: [reinject] vk=0x4b down (queued passthrough now firing)
2026-09-19T23:12:06.888407Z DEBUG awase_windows::tsf::gji_monitor: [gji-io] WRITE: w_ops=+2 w_KB=+0.4 (r_ops=+4 x_ops=+4 x_KB=+0.0)
2026-09-19T23:12:06.899872Z  INFO awase_windows::tsf::win_event_obs: [gji-obs] candidate SHOW #5: last_gji_write=16ms ago
2026-09-19T23:12:07.007525Z DEBUG awase_windows::runtime::key_pipeline: [engine-input] vk=0x4B KeyUp ts=11236672us delay=0ms state=Idle mods(c=false s=false a=false w=false) gas_ctrl=false phys_ctrl=false extra=0x5350494B pending_drain=0 gate_active=false l_thumb=None r_thumb=None [diag-ctx] ime_on=
2026-09-19T23:12:07.007555Z DEBUG awase::engine::engine: [diag-engine-active] ime_on=true なのに非活性: reason=Inactive(NotRomajiInput) romaji_capable=false japanese=true user_enabled=true was_active=false input_mode=ObservedEisu
2026-09-19T23:12:07.007598Z DEBUG awase::journal: key input seq=145 elapsed_ms=11236 vk_code=75 is_down=false injected=false key_class="Char" state_before="Idle" state_after="Idle" decision="PassThrough" physical="Allow" repeat_count=1 last_timestamp_us=11236672 last_elapsed_ms=0
2026-09-19T23:12:07.007677Z DEBUG execute_one{generation=None}: awase_windows::runtime::executor: [reinject] vk=0x4b up (queued passthrough now firing)
2026-09-19T23:12:07.010135Z DEBUG awase_windows::platform: [gji-fsm] StartComposition (candidate SHOW)
2026-09-19T23:12:07.010151Z DEBUG gji_on_event{event=StartComposition}: awase_windows::tsf::gji_fsm: [gji-fsm] StartComposition: OnWarm → OnComposing(AlreadyWarm)
2026-09-19T23:12:07.010368Z DEBUG awase::journal: gji fsm transition seq=146 elapsed_ms=11239 trigger="StartComposition(candidate SHOW)" state_before="OnWarm" state_after="OnComposing(Warm)"
2026-09-19T23:12:07.375210Z DEBUG awase_windows::runtime::key_pipeline: [engine-input] vk=0x1B KeyDown ts=11604190us delay=0ms state=Idle mods(c=false s=false a=false w=false) gas_ctrl=false phys_ctrl=false extra=0x5350494B pending_drain=0 gate_active=false l_thumb=None r_thumb=None [diag-ctx] ime_o
2026-09-19T23:12:07.375260Z DEBUG awase::engine::engine: [diag-engine-active] ime_on=true なのに非活性: reason=Inactive(NotRomajiInput) romaji_capable=false japanese=true user_enabled=true was_active=false input_mode=ObservedEisu
2026-09-19T23:12:07.375324Z DEBUG awase::journal: key input seq=147 elapsed_ms=11604 vk_code=27 is_down=true injected=false key_class="Passthrough" state_before="Idle" state_after="Idle" decision="PassThrough" physical="Allow" repeat_count=1 last_timestamp_us=11604190 last_elapsed_ms=0
2026-09-19T23:12:07.375404Z DEBUG execute_from_hook: awase_windows::runtime::executor: [relay-passthrough] PassThrough idle: direct OS pass-through (vk=0x1b down)
2026-09-19T23:12:07.375465Z DEBUG execute_one{generation=None}: awase_windows::runtime::executor: [reinject] vk=0x1b down (queued passthrough now firing)
2026-09-19T23:12:07.385924Z  INFO awase_windows::tsf::win_event_obs: [gji-obs] candidate HIDE: last_gji_write=500ms ago
2026-09-19T23:12:07.387438Z DEBUG awase_windows::tsf::gji_monitor: [gji-io] WRITE: w_ops=+2 w_KB=+0.4 (r_ops=+4 x_ops=+4 x_KB=+0.0)
2026-09-19T23:12:07.559629Z DEBUG awase_windows::runtime::key_pipeline: [engine-input] vk=0x1B KeyUp ts=11788557us delay=0ms state=Idle mods(c=false s=false a=false w=false) gas_ctrl=false phys_ctrl=false extra=0x5350494B pending_drain=0 gate_active=false l_thumb=None r_thumb=None [diag-ctx] ime_on=
2026-09-19T23:12:07.559781Z DEBUG awase::engine::engine: [diag-engine-active] ime_on=true なのに非活性: reason=Inactive(NotRomajiInput) romaji_capable=false japanese=true user_enabled=true was_active=false input_mode=ObservedEisu
2026-09-19T23:12:07.559898Z DEBUG awase::journal: key input seq=148 elapsed_ms=11789 vk_code=27 is_down=false injected=false key_class="Passthrough" state_before="Idle" state_after="Idle" decision="PassThrough" physical="Allow" repeat_count=1 last_timestamp_us=11788557 last_elapsed_ms=0
2026-09-19T23:12:07.560045Z DEBUG execute_from_hook: awase_windows::runtime::executor: [relay-passthrough] PassThrough idle: direct OS pass-through (vk=0x1b up)
2026-09-19T23:12:07.560160Z DEBUG execute_one{generation=None}: awase_windows::runtime::executor: [reinject] vk=0x1b up (queued passthrough now firing)
2026-09-19T23:12:07.564264Z DEBUG awase_windows::platform: [gji-fsm] EndComposition (candidate HIDE) epoch=FocusEpoch(5)
2026-09-19T23:12:07.564475Z DEBUG awase::journal: gji fsm transition seq=149 elapsed_ms=11793 trigger="EndComposition(candidate HIDE, epoch=FocusEpoch(5))" state_before="OnComposing(Warm)" state_after="OnWarm"
2026-09-19T23:12:09.334083Z DEBUG awase_windows::runtime::key_pipeline: [shadow-toggle] vk=0x1DはFSM delegate所有 → belief書き込み/actuationをスキップ w_ops0=109979 x_ops0=243687 x_KB0=23.5
2026-09-19T23:12:09.334119Z DEBUG awase_windows::runtime::key_pipeline: [shadow-toggle] no-op: vk=0x1D action=Toggle source=PhysicalImeKey effective_open は既に true → apply-ime 見送り
2026-09-19T23:12:09.334151Z DEBUG awase_windows::runtime::key_pipeline: [engine-input] vk=0x1D KeyDown ts=13563136us delay=0ms state=Idle mods(c=false s=false a=false w=false) gas_ctrl=false phys_ctrl=false extra=0x5350494B pending_drain=0 gate_active=false l_thumb=Some(13563124) r_thumb=None [diag-
2026-09-19T23:12:09.334186Z DEBUG awase::engine::engine: [diag-engine-active] ime_on=true なのに非活性: reason=Inactive(NotRomajiInput) romaji_capable=false japanese=true user_enabled=true was_active=false input_mode=ObservedEisu
2026-09-19T23:12:09.334254Z DEBUG awase::journal: key input seq=150 elapsed_ms=13563 vk_code=29 is_down=true injected=false key_class="LeftThumb" state_before="Idle" state_after="Idle" decision="PassThrough" physical="Allow" repeat_count=1 last_timestamp_us=13563136 last_elapsed_ms=0
2026-09-19T23:12:09.334406Z DEBUG execute_one{generation=None}: awase_windows::runtime::executor: [reinject] vk=0x1d down (queued passthrough now firing)
2026-09-19T23:12:09.347850Z DEBUG awase_windows::tsf::gji_monitor: [gji-io] WRITE: w_ops=+2 w_KB=+0.0 (r_ops=+4 x_ops=+4 x_KB=+0.0)
2026-09-19T23:12:09.511047Z DEBUG awase_windows::runtime::key_pipeline: [engine-input] vk=0x1D KeyUp ts=13739525us delay=0ms state=Idle mods(c=false s=false a=false w=false) gas_ctrl=false phys_ctrl=false extra=0x5350494B pending_drain=0 gate_active=false l_thumb=None r_thumb=None [diag-ctx] ime_on=
2026-09-19T23:12:09.511103Z DEBUG awase::engine::engine: [diag-engine-active] ime_on=true なのに非活性: reason=Inactive(NotRomajiInput) romaji_capable=false japanese=true user_enabled=true was_active=false input_mode=ObservedEisu
2026-09-19T23:12:09.511175Z DEBUG awase::journal: key input seq=151 elapsed_ms=13740 vk_code=29 is_down=false injected=false key_class="LeftThumb" state_before="Idle" state_after="Idle" decision="PassThrough" physical="Allow" repeat_count=1 last_timestamp_us=13739525 last_elapsed_ms=0
2026-09-19T23:12:09.511328Z DEBUG execute_one{generation=None}: awase_windows::runtime::executor: [reinject] vk=0x1d up (queued passthrough now firing)
2026-09-19T23:12:10.008668Z DEBUG awase_windows::runtime::key_pipeline: [engine-input] vk=0x4B KeyDown ts=14237726us delay=0ms state=Idle mods(c=false s=false a=false w=false) gas_ctrl=false phys_ctrl=false extra=0x5350494B pending_drain=0 gate_active=false l_thumb=None r_thumb=None [diag-ctx] ime_o
2026-09-19T23:12:10.008714Z DEBUG awase::engine::engine: [diag-engine-active] ime_on=true なのに非活性: reason=Inactive(NotRomajiInput) romaji_capable=false japanese=true user_enabled=true was_active=false input_mode=ObservedEisu
2026-09-19T23:12:10.008770Z DEBUG awase::journal: key input seq=152 elapsed_ms=14238 vk_code=75 is_down=true injected=false key_class="Char" state_before="Idle" state_after="Idle" decision="PassThrough" physical="Allow" repeat_count=1 last_timestamp_us=14237726 last_elapsed_ms=0
2026-09-19T23:12:10.008878Z DEBUG execute_one{generation=None}: awase_windows::runtime::executor: [reinject] vk=0x4b down (queued passthrough now firing)
2026-09-19T23:12:10.209798Z DEBUG awase_windows::runtime::key_pipeline: [engine-input] vk=0x4B KeyUp ts=14438679us delay=0ms state=Idle mods(c=false s=false a=false w=false) gas_ctrl=false phys_ctrl=false extra=0x5350494B pending_drain=0 gate_active=false l_thumb=None r_thumb=None [diag-ctx] ime_on=
2026-09-19T23:12:10.209866Z DEBUG awase::engine::engine: [diag-engine-active] ime_on=true なのに非活性: reason=Inactive(NotRomajiInput) romaji_capable=false japanese=true user_enabled=true was_active=false input_mode=ObservedEisu
2026-09-19T23:12:10.209966Z DEBUG awase::journal: key input seq=153 elapsed_ms=14439 vk_code=75 is_down=false injected=false key_class="Char" state_before="Idle" state_after="Idle" decision="PassThrough" physical="Allow" repeat_count=1 last_timestamp_us=14438679 last_elapsed_ms=0
2026-09-19T23:12:10.210265Z DEBUG execute_one{generation=None}: awase_windows::runtime::executor: [reinject] vk=0x4b up (queued passthrough now firing)
2026-09-19T23:12:10.510026Z DEBUG awase_windows::runtime::key_pipeline: [engine-input] vk=0x1B KeyDown ts=14738993us delay=0ms state=Idle mods(c=false s=false a=false w=false) gas_ctrl=false phys_ctrl=false extra=0x5350494B pending_drain=0 gate_active=false l_thumb=None r_thumb=None [diag-ctx] ime_o
2026-09-19T23:12:10.510092Z DEBUG awase::engine::engine: [diag-engine-active] ime_on=true なのに非活性: reason=Inactive(NotRomajiInput) romaji_capable=false japanese=true user_enabled=true was_active=false input_mode=ObservedEisu
2026-09-19T23:12:10.510181Z DEBUG awase::journal: key input seq=154 elapsed_ms=14739 vk_code=27 is_down=true injected=false key_class="Passthrough" state_before="Idle" state_after="Idle" decision="PassThrough" physical="Allow" repeat_count=1 last_timestamp_us=14738993 last_elapsed_ms=0
2026-09-19T23:12:10.510303Z DEBUG execute_from_hook: awase_windows::runtime::executor: [relay-passthrough] PassThrough idle: direct OS pass-through (vk=0x1b down)
2026-09-19T23:12:10.510407Z DEBUG execute_one{generation=None}: awase_windows::runtime::executor: [reinject] vk=0x1b down (queued passthrough now firing)
2026-09-19T23:12:10.713407Z DEBUG awase_windows::runtime::key_pipeline: [engine-input] vk=0x1B KeyUp ts=14942332us delay=0ms state=Idle mods(c=false s=false a=false w=false) gas_ctrl=false phys_ctrl=false extra=0x5350494B pending_drain=0 gate_active=false l_thumb=None r_thumb=None [diag-ctx] ime_on=
2026-09-19T23:12:10.713488Z DEBUG awase::engine::engine: [diag-engine-active] ime_on=true なのに非活性: reason=Inactive(NotRomajiInput) romaji_capable=false japanese=true user_enabled=true was_active=false input_mode=ObservedEisu
2026-09-19T23:12:10.713616Z DEBUG awase::journal: key input seq=155 elapsed_ms=14942 vk_code=27 is_down=false injected=false key_class="Passthrough" state_before="Idle" state_after="Idle" decision="PassThrough" physical="Allow" repeat_count=1 last_timestamp_us=14942332 last_elapsed_ms=0
2026-09-19T23:12:10.713788Z DEBUG execute_from_hook: awase_windows::runtime::executor: [relay-passthrough] PassThrough idle: direct OS pass-through (vk=0x1b up)
2026-09-19T23:12:10.713950Z DEBUG execute_one{generation=None}: awase_windows::runtime::executor: [reinject] vk=0x1b up (queued passthrough now firing)
2026-09-19T23:12:12.463099Z DEBUG awase_windows::runtime::key_pipeline: [shadow-toggle] vk=0x1DはFSM delegate所有 → belief書き込み/actuationをスキップ w_ops0=109981 x_ops0=243691 x_KB0=23.5
2026-09-19T23:12:12.463133Z DEBUG awase_windows::runtime::key_pipeline: [shadow-toggle] no-op: vk=0x1D action=Toggle source=PhysicalImeKey effective_open は既に true → apply-ime 見送り
2026-09-19T23:12:12.463165Z DEBUG awase_windows::runtime::key_pipeline: [engine-input] vk=0x1D KeyDown ts=16692172us delay=0ms state=Idle mods(c=false s=false a=false w=false) gas_ctrl=false phys_ctrl=false extra=0x5350494B pending_drain=0 gate_active=false l_thumb=Some(16692156) r_thumb=None [diag-
2026-09-19T23:12:12.463199Z DEBUG awase::engine::engine: [diag-engine-active] ime_on=true なのに非活性: reason=Inactive(NotRomajiInput) romaji_capable=false japanese=true user_enabled=true was_active=false input_mode=ObservedEisu
2026-09-19T23:12:12.463263Z DEBUG awase::journal: key input seq=156 elapsed_ms=16692 vk_code=29 is_down=true injected=false key_class="LeftThumb" state_before="Idle" state_after="Idle" decision="PassThrough" physical="Allow" repeat_count=1 last_timestamp_us=16692172 last_elapsed_ms=0
2026-09-19T23:12:12.463396Z DEBUG execute_one{generation=None}: awase_windows::runtime::executor: [reinject] vk=0x1d down (queued passthrough now firing)
2026-09-19T23:12:12.475647Z DEBUG awase_windows::tsf::gji_monitor: [gji-io] WRITE: w_ops=+2 w_KB=+0.0 (r_ops=+4 x_ops=+4 x_KB=+0.0)
2026-09-19T23:12:12.586290Z DEBUG awase_windows::runtime::key_pipeline: [engine-input] vk=0x1D KeyUp ts=16815378us delay=0ms state=Idle mods(c=false s=false a=false w=false) gas_ctrl=false phys_ctrl=false extra=0x5350494B pending_drain=0 gate_active=false l_thumb=None r_thumb=None [diag-ctx] ime_on=
2026-09-19T23:12:12.586339Z DEBUG awase::engine::engine: [diag-engine-active] ime_on=true なのに非活性: reason=Inactive(NotRomajiInput) romaji_capable=false japanese=true user_enabled=true was_active=false input_mode=ObservedEisu
2026-09-19T23:12:12.586413Z DEBUG awase::journal: key input seq=157 elapsed_ms=16815 vk_code=29 is_down=false injected=false key_class="LeftThumb" state_before="Idle" state_after="Idle" decision="PassThrough" physical="Allow" repeat_count=1 last_timestamp_us=16815378 last_elapsed_ms=0
2026-09-19T23:12:12.586598Z DEBUG execute_one{generation=None}: awase_windows::runtime::executor: [reinject] vk=0x1d up (queued passthrough now firing)
2026-09-19T23:12:13.153773Z DEBUG awase_windows::runtime::key_pipeline: [engine-input] vk=0x4B KeyDown ts=17382798us delay=0ms state=Idle mods(c=false s=false a=false w=false) gas_ctrl=false phys_ctrl=false extra=0x5350494B pending_drain=0 gate_active=false l_thumb=None r_thumb=None [diag-ctx] ime_o
2026-09-19T23:12:13.153824Z DEBUG awase::engine::engine: [diag-engine-active] ime_on=true なのに非活性: reason=Inactive(NotRomajiInput) romaji_capable=false japanese=true user_enabled=true was_active=false input_mode=ObservedEisu
2026-09-19T23:12:13.153948Z DEBUG awase::journal: key input seq=158 elapsed_ms=17383 vk_code=75 is_down=true injected=false key_class="Char" state_before="Idle" state_after="Idle" decision="PassThrough" physical="Allow" repeat_count=1 last_timestamp_us=17382798 last_elapsed_ms=0
2026-09-19T23:12:13.154157Z DEBUG execute_one{generation=None}: awase_windows::runtime::executor: [reinject] vk=0x4b down (queued passthrough now firing)
2026-09-19T23:12:13.171847Z DEBUG awase_windows::tsf::gji_monitor: [gji-io] WRITE: w_ops=+2 w_KB=+0.4 (r_ops=+4 x_ops=+4 x_KB=+0.0)
2026-09-19T23:12:13.172841Z  INFO awase_windows::tsf::win_event_obs: [gji-obs] candidate SHOW #6: last_gji_write=0ms ago
2026-09-19T23:12:13.279255Z DEBUG awase_windows::runtime::key_pipeline: [engine-input] vk=0x4B KeyUp ts=17508319us delay=0ms state=Idle mods(c=false s=false a=false w=false) gas_ctrl=false phys_ctrl=false extra=0x5350494B pending_drain=0 gate_active=false l_thumb=None r_thumb=None [diag-ctx] ime_on=
2026-09-19T23:12:13.279299Z DEBUG awase::engine::engine: [diag-engine-active] ime_on=true なのに非活性: reason=Inactive(NotRomajiInput) romaji_capable=false japanese=true user_enabled=true was_active=false input_mode=ObservedEisu
2026-09-19T23:12:13.279359Z DEBUG awase::journal: key input seq=159 elapsed_ms=17508 vk_code=75 is_down=false injected=false key_class="Char" state_before="Idle" state_after="Idle" decision="PassThrough" physical="Allow" repeat_count=1 last_timestamp_us=17508319 last_elapsed_ms=0
2026-09-19T23:12:13.279491Z DEBUG execute_one{generation=None}: awase_windows::runtime::executor: [reinject] vk=0x4b up (queued passthrough now firing)
2026-09-19T23:12:13.282287Z DEBUG awase_windows::platform: [gji-fsm] StartComposition (candidate SHOW)
2026-09-19T23:12:13.282316Z DEBUG gji_on_event{event=StartComposition}: awase_windows::tsf::gji_fsm: [gji-fsm] StartComposition: OnWarm → OnComposing(AlreadyWarm)
2026-09-19T23:12:13.282404Z DEBUG awase::journal: gji fsm transition seq=160 elapsed_ms=17511 trigger="StartComposition(candidate SHOW)" state_before="OnWarm" state_after="OnComposing(Warm)"
2026-09-19T23:12:13.598487Z DEBUG awase_windows::runtime::key_pipeline: [engine-input] vk=0x1B KeyDown ts=17827388us delay=0ms state=Idle mods(c=false s=false a=false w=false) gas_ctrl=false phys_ctrl=false extra=0x5350494B pending_drain=0 gate_active=false l_thumb=None r_thumb=None [diag-ctx] ime_o
2026-09-19T23:12:13.598562Z DEBUG awase::engine::engine: [diag-engine-active] ime_on=true なのに非活性: reason=Inactive(NotRomajiInput) romaji_capable=false japanese=true user_enabled=true was_active=false input_mode=ObservedEisu
2026-09-19T23:12:13.598671Z DEBUG awase::journal: key input seq=161 elapsed_ms=17827 vk_code=27 is_down=true injected=false key_class="Passthrough" state_before="Idle" state_after="Idle" decision="PassThrough" physical="Allow" repeat_count=1 last_timestamp_us=17827388 last_elapsed_ms=0
2026-09-19T23:12:13.598811Z DEBUG execute_from_hook: awase_windows::runtime::executor: [relay-passthrough] PassThrough idle: direct OS pass-through (vk=0x1b down)
2026-09-19T23:12:13.598936Z DEBUG execute_one{generation=None}: awase_windows::runtime::executor: [reinject] vk=0x1b down (queued passthrough now firing)
2026-09-19T23:12:13.610563Z DEBUG awase_windows::tsf::gji_monitor: [gji-io] WRITE: w_ops=+2 w_KB=+0.4 (r_ops=+4 x_ops=+4 x_KB=+0.0)
2026-09-19T23:12:13.611862Z  INFO awase_windows::tsf::win_event_obs: [gji-obs] candidate HIDE: last_gji_write=0ms ago
2026-09-19T23:12:13.847759Z DEBUG awase_windows::runtime::key_pipeline: [engine-input] vk=0x1B KeyUp ts=18076833us delay=0ms state=Idle mods(c=false s=false a=false w=false) gas_ctrl=false phys_ctrl=false extra=0x5350494B pending_drain=0 gate_active=false l_thumb=None r_thumb=None [diag-ctx] ime_on=
2026-09-19T23:12:13.847809Z DEBUG awase::engine::engine: [diag-engine-active] ime_on=true なのに非活性: reason=Inactive(NotRomajiInput) romaji_capable=false japanese=true user_enabled=true was_active=false input_mode=ObservedEisu
2026-09-19T23:12:13.847884Z DEBUG awase::journal: key input seq=162 elapsed_ms=18077 vk_code=27 is_down=false injected=false key_class="Passthrough" state_before="Idle" state_after="Idle" decision="PassThrough" physical="Allow" repeat_count=1 last_timestamp_us=18076833 last_elapsed_ms=0
2026-09-19T23:12:13.847984Z DEBUG execute_from_hook: awase_windows::runtime::executor: [relay-passthrough] PassThrough idle: direct OS pass-through (vk=0x1b up)
2026-09-19T23:12:13.848060Z DEBUG execute_one{generation=None}: awase_windows::runtime::executor: [reinject] vk=0x1b up (queued passthrough now firing)
2026-09-19T23:12:13.852086Z DEBUG awase_windows::platform: [gji-fsm] EndComposition (candidate HIDE) epoch=FocusEpoch(6)
2026-09-19T23:12:13.852256Z DEBUG awase::journal: gji fsm transition seq=163 elapsed_ms=18081 trigger="EndComposition(candidate HIDE, epoch=FocusEpoch(6))" state_before="OnComposing(Warm)" state_after="OnWarm"
2026-09-19T23:12:15.595279Z DEBUG awase_windows::hook: [hook] IME-mode vk=0xF0 up self_injected=false injected=false scan=0x70 extra=0x5350494B since_actuation_us=Some(19724488)
2026-09-19T23:12:15.595413Z DEBUG awase::journal: hook ime-mode diagnostic seq=164 elapsed_ms=19824 vk_code=240 is_down=false self_injected=false injected=false scan=112
2026-09-19T23:12:15.595530Z DEBUG awase_windows::hook: [hook] IME-mode vk=0xF2 down self_injected=false injected=false scan=0x70 extra=0x5350494B since_actuation_us=Some(19724750)
2026-09-19T23:12:15.595629Z DEBUG awase_windows::runtime::key_pipeline: [engine-input] vk=0xF0 KeyUp ts=19824732us delay=0ms state=Idle mods(c=false s=false a=false w=false) gas_ctrl=false phys_ctrl=false extra=0x5350494B pending_drain=0 gate_active=false l_thumb=None r_thumb=None [diag-ctx] ime_on=
2026-09-19T23:12:15.595667Z DEBUG awase::engine::engine: [diag-engine-active] ime_on=true なのに非活性: reason=Inactive(NotRomajiInput) romaji_capable=false japanese=true user_enabled=true was_active=false input_mode=ObservedEisu
2026-09-19T23:12:15.596017Z DEBUG awase::journal: key input seq=165 elapsed_ms=19825 vk_code=240 is_down=false injected=false key_class="Passthrough" state_before="Idle" state_after="Idle" decision="PassThrough" physical="Suppress" repeat_count=1 last_timestamp_us=19824732 last_elapsed_ms=0
2026-09-19T23:12:15.596077Z DEBUG awase_windows::runtime::key_pipeline: [imm-cross] key suppress vk=0xf0 KeyUp (physical disposition)
2026-09-19T23:12:15.596137Z DEBUG awase::journal: hook ime-mode diagnostic seq=166 elapsed_ms=19825 vk_code=242 is_down=true self_injected=false injected=false scan=112
2026-09-19T23:12:15.596221Z  INFO awase_windows::runtime::key_pipeline: [shadow-toggle] intent 昇格: vk=0xF2 scan=0x70 action=TurnOn kind=PhysicalImeKey injected=false true→true w_ops0=109987 x_ops0=243703 x_KB0=23.5
2026-09-19T23:12:15.596259Z DEBUG awase::journal: ime event seq=167 elapsed_ms=19825 event_kind="UserImeSetIntent"
2026-09-19T23:12:15.596281Z DEBUG awase_windows::runtime::key_pipeline: [shadow-toggle] no-op: vk=0xF2 action=TurnOn source=PhysicalImeKey effective_open は既に true → apply-ime 見送り
2026-09-19T23:12:15.596310Z DEBUG awase::journal: ime event seq=168 elapsed_ms=19825 event_kind="InputModeApplied"
2026-09-19T23:12:15.596328Z  INFO awase_windows::runtime::key_pipeline: [shadow-toggle] TurnOn (IME既にopen) + ObservedEisu → AssumedRomaji に リセット (UserTurnOnEisuReset)
2026-09-19T23:12:15.596348Z DEBUG awase_windows::runtime::key_pipeline: [engine-input] vk=0xF2 KeyDown ts=19824895us delay=0ms state=Idle mods(c=false s=false a=false w=false) gas_ctrl=false phys_ctrl=false extra=0x5350494B pending_drain=0 gate_active=false l_thumb=None r_thumb=None [diag-ctx] ime_o
2026-09-19T23:12:15.596379Z  INFO awase::engine::engine: Engine activated (ime=true, romaji=true, japanese=true, user=true, reason=Active)
2026-09-19T23:12:15.596438Z DEBUG awase::journal: key input seq=169 elapsed_ms=19825 vk_code=242 is_down=true injected=false key_class="Passthrough" state_before="Idle" state_after="Idle" decision="PassThroughWith" physical="Allow" repeat_count=1 last_timestamp_us=19824895 last_elapsed_ms=0
2026-09-19T23:12:15.596488Z DEBUG awase::journal: ime event seq=170 elapsed_ms=19825 event_kind="EngineActivationSync"
2026-09-19T23:12:15.596518Z DEBUG awase::journal: ime event seq=171 elapsed_ms=19825 event_kind="ImeApplyRequested"
2026-09-19T23:12:15.596533Z  INFO awase_windows::runtime::key_pipeline: IME control: preconditions.ime_on = true (SetOpenRequest, origin=ActivationSync), was_open_before=true last_intent_before=Some(true) poll suspended
2026-09-19T23:12:15.596574Z DEBUG awase_windows::runtime::key_pipeline: may_change_ime key passed through → IME refresh scheduled (20ms)
2026-09-19T23:12:15.596607Z DEBUG execute_from_hook: awase_windows::runtime::executor: [relay-flush] PassThroughWith: queue 2 effect(s) + reinject (vk=0xf2 down)
2026-09-19T23:12:15.596752Z DEBUG execute_one{generation=Some(ApplyGeneration(2))}:dispatch_ime_set_open{open=true generation=Some(ApplyGeneration(2))}: awase_windows::runtime::executor: [dispatch-ime] ImmCross async: optimistic applied_snapshot=true (suppress send_engine_state_ime_key)
2026-09-19T23:12:15.598186Z DEBUG execute_one{generation=Some(ApplyGeneration(2))}: awase_windows::platform: [engine-state-key] skipped (apply_ime_open aligned ime=true, profile=Standard)
2026-09-19T23:12:15.598242Z DEBUG execute_one{generation=Some(ApplyGeneration(2))}: awase_windows::runtime::executor: [reinject] vk=0xf2 down (queued passthrough now firing)
2026-09-19T23:12:15.598414Z DEBUG awase_windows::hook: [hook] IME-mode vk=0xF0 up self_injected=true injected=false scan=0x0 extra=0x4B45594D since_actuation_us=Some(19727636)
2026-09-19T23:12:15.599614Z DEBUG awase_windows::hook: [hook] IME-mode vk=0xF2 down self_injected=true injected=true scan=0x0 extra=0x4B45594D since_actuation_us=Some(19728821)
2026-09-19T23:12:15.602693Z DEBUG awase::journal: hook ime-mode diagnostic seq=172 elapsed_ms=19831 vk_code=240 is_down=false self_injected=true injected=false scan=0
2026-09-19T23:12:15.602737Z DEBUG awase::journal: hook ime-mode diagnostic seq=173 elapsed_ms=19832 vk_code=242 is_down=true self_injected=true injected=true scan=0
2026-09-19T23:12:15.603143Z DEBUG run_open_chain_async: awase_windows::ime_controller: [warrant-shadow] chain=async open=true origin=EventOrigin { source: SelfActuated { strategy: "engine_decision_async" }, epoch: Generation(0) } warranted
2026-09-19T23:12:15.603184Z  INFO run_open_chain_async:imm_cross_write{open=true}: awase_windows::runtime::open_chain: [apply-ime] ImmCross async: open=true composition_active=false show_seq=0 change_seq=0 (issue #138診断)
2026-09-19T23:12:15.609906Z DEBUG awase_windows::shadow_send_trace: [shadow-send] channel=ImeControl cmd=0x0006 lparam=1 issue_us=19835715
2026-09-19T23:12:15.609914Z DEBUG awase_windows::ime: set_ime_open_for_target: hwnd=HWND(0xf7125c) ime_wnd=HWND(0x8103f8) open=true success=true send_elapsed=3ms candidate_visible=false
2026-09-19T23:12:15.610442Z DEBUG awase_windows::tsf::gji_monitor: [gji-io] WRITE: w_ops=+2 w_KB=+0.0 (r_ops=+4 x_ops=+4 x_KB=+0.0)
2026-09-19T23:12:15.610481Z DEBUG run_open_chain_async:imm_cross_write{open=true}: awase_windows::ime: [imm-cross-actuate] hwnd=HWND(0xf7125c) open=Written conv=Some(Written)
2026-09-19T23:12:15.610513Z DEBUG run_open_chain_async:imm_cross_write{open=true}: awase_windows::runtime::open_chain: [apply-ime] ROMAN 補完結果: Written
2026-09-19T23:12:15.610554Z DEBUG run_open_chain_async: awase::journal: actuation decision seq=174 elapsed_ms=19839 site="DispatchImeSetOpen" caller="None" open=true chain_len=4 attempts_len=1 gate_profile="Standard" gate_kind="Gji" gate_shadow_known=true gate_shadow_on=true gate_input_mode="Assumed
2026-09-19T23:12:15.611455Z DEBUG on_ime_apply_complete{open=true outcome=AppliedWithoutSendInput generation=Some(ApplyGeneration(2)) reason=EngineDecision}: awase::journal: ime open applied seq=175 elapsed_ms=19840 open=true outcome="AppliedWithoutSendInput" reason="EngineDecision"
2026-09-19T23:12:15.611616Z DEBUG on_ime_apply_complete{open=true outcome=AppliedWithoutSendInput generation=Some(ApplyGeneration(2)) reason=EngineDecision}: awase::journal: ime event seq=176 elapsed_ms=19840 event_kind="ImeApplySucceeded"
2026-09-19T23:12:15.611645Z DEBUG on_ime_apply_complete{open=true outcome=AppliedWithoutSendInput generation=Some(ApplyGeneration(2)) reason=EngineDecision}: awase_windows::tsf::ime_mode_fsm: [ime-mode] SetOpen(true) applied → Hiragana (belief, unconfirmed)
2026-09-19T23:12:15.611671Z DEBUG on_ime_apply_complete{open=true outcome=AppliedWithoutSendInput generation=Some(ApplyGeneration(2)) reason=EngineDecision}: awase_windows::platform: [composition] ImeEffect::SetOpen(true) → marking cold
2026-09-19T23:12:15.611692Z DEBUG on_ime_apply_complete{open=true outcome=AppliedWithoutSendInput generation=Some(ApplyGeneration(2)) reason=EngineDecision}: awase_windows::tsf::probe: [composition] marked cold reason=SetOpenTrue idle=12594ms → next VK/TSF output will send VK_DBE_HIRAGANA warmup
2026-09-19T23:12:15.611737Z DEBUG on_ime_apply_complete{open=true outcome=AppliedWithoutSendInput generation=Some(ApplyGeneration(2)) reason=EngineDecision}:gji_on_event{event=ImeOn { injection_mode: Unicode, gji_idle_ms: 0 }}: awase_windows::tsf::gji_fsm: [gji-fsm] ImeOn: already on (OnWarm), ignor
2026-09-19T23:12:15.611843Z DEBUG awase::journal: gji fsm transition seq=177 elapsed_ms=19841 trigger="ImeOn(gji_idle_ms=0)" state_before="OnWarm" state_after="OnWarm"
2026-09-19T23:12:15.646006Z DEBUG awase_windows::runtime::ime_refresh: Explicit intent: bypassing typing-idle guard for IME verify (idle=47ms)
2026-09-19T23:12:15.646056Z DEBUG awase_windows::observer::ime_observer: IME snapshot: japanese=Some(true) ime_on=Some(true) romaji=Some(true) conv=Some("0x00000019") guard=false
2026-09-19T23:12:15.646143Z DEBUG awase::journal: ime event seq=178 elapsed_ms=19875 event_kind="ObserverReported"
2026-09-19T23:12:15.646179Z DEBUG awase::journal: ime event seq=179 elapsed_ms=19875 event_kind="InputModeObserved"
2026-09-19T23:12:16.274342Z DEBUG awase_windows::runtime::key_pipeline: [engine-input] vk=0x4B KeyDown ts=20503422us delay=0ms state=Idle mods(c=false s=false a=false w=false) gas_ctrl=false phys_ctrl=false extra=0x5350494B pending_drain=0 gate_active=false l_thumb=None r_thumb=None [diag-ctx] ime_o
2026-09-19T23:12:16.274549Z DEBUG awase::journal: key input seq=180 elapsed_ms=20503 vk_code=75 is_down=true injected=false key_class="Char" state_before="Idle" state_after="PendingChar(vk=0x4B)" decision="Consume" physical="Allow" repeat_count=1 last_timestamp_us=20503422 last_elapsed_ms=0
2026-09-19T23:12:16.390725Z DEBUG execute_from_loop:execute_one{generation=None}: awase_windows::output: send_keys: mode=Unicode actions=[Char('き')] prev_elapsed=13375ms
2026-09-19T23:12:16.390785Z DEBUG execute_from_loop:execute_one{generation=None}: awase_windows::tsf::probe: [mark-send] last_send_ms=335570437
2026-09-19T23:12:16.390896Z DEBUG execute_from_loop:execute_one{generation=None}: awase_windows::output:   → Char('き') via Unicode
2026-09-19T23:12:16.397325Z DEBUG execute_from_loop:execute_one{generation=None}: awase_windows::tsf::probe: [mark-send] last_send_ms=335570453
2026-09-19T23:12:16.406090Z DEBUG awase_windows::tsf::gji_monitor: [gji-io] WRITE: w_ops=+2 w_KB=+0.3 (r_ops=+4 x_ops=+4 x_KB=+0.0)
2026-09-19T23:12:16.419092Z  INFO awase_windows::tsf::win_event_obs: [gji-obs] candidate SHOW #7: last_gji_write=15ms ago
2026-09-19T23:12:16.471077Z DEBUG awase_windows::runtime::key_pipeline: [engine-input] vk=0x4B KeyUp ts=20700144us delay=0ms state=Idle mods(c=false s=false a=false w=false) gas_ctrl=false phys_ctrl=false extra=0x5350494B pending_drain=0 gate_active=false l_thumb=None r_thumb=None [diag-ctx] ime_on=
2026-09-19T23:12:16.471147Z DEBUG awase::journal: key input seq=182 elapsed_ms=20700 vk_code=75 is_down=false injected=false key_class="Char" state_before="Idle" state_after="Idle" decision="Consume" physical="Allow" repeat_count=1 last_timestamp_us=20700144 last_elapsed_ms=0
2026-09-19T23:12:16.471219Z DEBUG execute_one{generation=None}: awase_windows::output: send_keys: mode=Unicode actions=[Suppress] prev_elapsed=62ms
2026-09-19T23:12:16.471236Z DEBUG execute_one{generation=None}: awase_windows::tsf::probe: [mark-send] last_send_ms=335570515
2026-09-19T23:12:16.471244Z DEBUG execute_one{generation=None}: awase_windows::output:   → Suppress
2026-09-19T23:12:16.471249Z DEBUG execute_one{generation=None}: awase_windows::tsf::probe: [mark-send] last_send_ms=335570515
2026-09-19T23:12:16.471272Z DEBUG execute_one{generation=None}: awase_windows::platform: [gji-fsm] StartComposition (candidate SHOW)
2026-09-19T23:12:16.471285Z DEBUG execute_one{generation=None}:gji_on_event{event=StartComposition}: awase_windows::tsf::gji_fsm: [gji-fsm] StartComposition: OnWarm → OnComposing(AlreadyWarm)
2026-09-19T23:12:16.471388Z DEBUG awase::journal: gji fsm transition seq=183 elapsed_ms=20700 trigger="StartComposition(candidate SHOW)" state_before="OnWarm" state_after="OnComposing(Warm)"
2026-09-19T23:12:16.782451Z DEBUG awase_windows::runtime::key_pipeline: [engine-input] vk=0x1B KeyDown ts=21011450us delay=0ms state=Idle mods(c=false s=false a=false w=false) gas_ctrl=false phys_ctrl=false extra=0x5350494B pending_drain=0 gate_active=false l_thumb=None r_thumb=None [diag-ctx] ime_o
2026-09-19T23:12:16.782570Z DEBUG awase::journal: key input seq=184 elapsed_ms=21011 vk_code=27 is_down=true injected=false key_class="Passthrough" state_before="Idle" state_after="Idle" decision="PassThrough" physical="Allow" repeat_count=1 last_timestamp_us=21011450 last_elapsed_ms=0
2026-09-19T23:12:16.782674Z DEBUG execute_from_hook: awase_windows::runtime::executor: [relay-passthrough] PassThrough idle: direct OS pass-through (vk=0x1b down)
2026-09-19T23:12:16.782762Z DEBUG execute_one{generation=None}: awase_windows::runtime::executor: [reinject] vk=0x1b down (queued passthrough now firing)
2026-09-19T23:12:16.794168Z  INFO awase_windows::tsf::win_event_obs: [gji-obs] candidate HIDE: last_gji_write=390ms ago
2026-09-19T23:12:16.795923Z DEBUG awase_windows::tsf::gji_monitor: [gji-io] WRITE: w_ops=+2 w_KB=+0.3 (r_ops=+4 x_ops=+4 x_KB=+0.0)
2026-09-19T23:12:16.969464Z DEBUG awase_windows::runtime::key_pipeline: [engine-input] vk=0x1B KeyUp ts=21198206us delay=0ms state=Idle mods(c=false s=false a=false w=false) gas_ctrl=false phys_ctrl=false extra=0x5350494B pending_drain=0 gate_active=false l_thumb=None r_thumb=None [diag-ctx] ime_on=
2026-09-19T23:12:16.969634Z DEBUG awase::journal: key input seq=185 elapsed_ms=21198 vk_code=27 is_down=false injected=false key_class="Passthrough" state_before="Idle" state_after="Idle" decision="PassThrough" physical="Allow" repeat_count=1 last_timestamp_us=21198206 last_elapsed_ms=0
2026-09-19T23:12:16.969789Z DEBUG execute_from_hook: awase_windows::runtime::executor: [relay-passthrough] PassThrough idle: direct OS pass-through (vk=0x1b up)
2026-09-19T23:12:16.969914Z DEBUG execute_one{generation=None}: awase_windows::runtime::executor: [reinject] vk=0x1b up (queued passthrough now firing)
2026-09-19T23:12:16.975047Z DEBUG awase_windows::platform: [gji-fsm] EndComposition (candidate HIDE) epoch=FocusEpoch(7)
2026-09-19T23:12:16.975278Z DEBUG awase::journal: gji fsm transition seq=186 elapsed_ms=21204 trigger="EndComposition(candidate HIDE, epoch=FocusEpoch(7))" state_before="OnComposing(Warm)" state_after="OnWarm"
2026-09-19T23:12:18.776813Z DEBUG awase_windows::runtime::key_pipeline: [shadow-toggle] vk=0x1DはFSM delegate所有 → belief書き込み/actuationをスキップ w_ops0=109993 x_ops0=243715 x_KB0=23.5
2026-09-19T23:12:18.776858Z DEBUG awase_windows::runtime::key_pipeline: [shadow-toggle] no-op: vk=0x1D action=Toggle source=PhysicalImeKey effective_open は既に true → apply-ime 見送り
2026-09-19T23:12:18.776902Z DEBUG awase_windows::runtime::key_pipeline: [engine-input] vk=0x1D KeyDown ts=23005779us delay=0ms state=Idle mods(c=false s=false a=false w=false) gas_ctrl=false phys_ctrl=false extra=0x5350494B pending_drain=0 gate_active=false l_thumb=Some(23005762) r_thumb=None [diag-
2026-09-19T23:12:18.777030Z DEBUG awase::journal: key input seq=187 elapsed_ms=23006 vk_code=29 is_down=true injected=false key_class="LeftThumb" state_before="Idle" state_after="PendingThumb(vk=0x1D,left=true)" decision="Consume" physical="Allow" repeat_count=1 last_timestamp_us=23005779 last_elaps
2026-09-19T23:12:18.902158Z DEBUG awase_windows::runtime::key_pipeline: [engine-input] vk=0x1D KeyUp ts=23131163us delay=0ms state=PendingThumb(vk=0x1D,left=true) mods(c=false s=false a=false w=false) gas_ctrl=false phys_ctrl=false extra=0x5350494B pending_drain=0 gate_active=false l_thumb=None r_th
2026-09-19T23:12:18.902240Z  INFO awase::engine::engine: IME open axis delegated (solo tap, key semantics absorption) → false (origin=ExplicitUserAction)
2026-09-19T23:12:18.902305Z DEBUG awase::journal: key input seq=189 elapsed_ms=23131 vk_code=29 is_down=false injected=false key_class="LeftThumb" state_before="PendingThumb(vk=0x1D,left=true)" state_after="Idle" decision="Consume" physical="Allow" repeat_count=1 last_timestamp_us=23131163 last_elap
2026-09-19T23:12:18.902372Z DEBUG awase::journal: ime event seq=190 elapsed_ms=23131 event_kind="UserImeSetIntent"
2026-09-19T23:12:18.902407Z DEBUG awase::journal: ime event seq=191 elapsed_ms=23131 event_kind="ImeApplyRequested"
2026-09-19T23:12:18.902429Z  INFO awase_windows::runtime::key_pipeline: IME control: preconditions.ime_on = false (SetOpenRequest, origin=ExplicitUserAction), was_open_before=true last_intent_before=Some(true) poll suspended
2026-09-19T23:12:18.902646Z DEBUG execute_one{generation=Some(ApplyGeneration(3))}:dispatch_ime_set_open{open=false generation=Some(ApplyGeneration(3))}: awase_windows::runtime::executor: [dispatch-ime] ImmCross async: optimistic applied_snapshot=false (suppress send_engine_state_ime_key)
2026-09-19T23:12:18.904445Z DEBUG execute_one{generation=Some(ApplyGeneration(3))}: awase_windows::platform: [engine-state-key] skipped (apply_ime_open aligned ime=false, profile=Standard)
2026-09-19T23:12:18.906448Z DEBUG run_open_chain_async: awase_windows::ime_controller: [warrant-shadow] chain=async open=false origin=EventOrigin { source: SelfActuated { strategy: "engine_decision_async" }, epoch: Generation(0) } warranted
2026-09-19T23:12:18.906528Z  INFO run_open_chain_async:imm_cross_write{open=false}: awase_windows::runtime::open_chain: [apply-ime] ImmCross async: open=false composition_active=false show_seq=0 change_seq=0 (issue #138診断)
2026-09-19T23:12:18.909381Z DEBUG awase_windows::shadow_send_trace: [shadow-send] channel=ImeControl cmd=0x0006 lparam=0 issue_us=23138117
2026-09-19T23:12:18.909401Z DEBUG awase_windows::ime: set_ime_open_for_target: hwnd=HWND(0xf7125c) ime_wnd=HWND(0x8103f8) open=false success=true send_elapsed=0ms candidate_visible=false
2026-09-19T23:12:18.909689Z DEBUG run_open_chain_async:imm_cross_write{open=false}: awase_windows::ime: [imm-cross-actuate] hwnd=HWND(0xf7125c) open=Written conv=None
2026-09-19T23:12:18.909772Z DEBUG run_open_chain_async: awase::journal: actuation decision seq=192 elapsed_ms=23139 site="DispatchImeSetOpen" caller="None" open=false chain_len=4 attempts_len=1 gate_profile="Standard" gate_kind="Gji" gate_shadow_known=true gate_shadow_on=true gate_input_mode="Observ
2026-09-19T23:12:18.911151Z DEBUG on_ime_apply_complete{open=false outcome=AppliedWithoutSendInput generation=Some(ApplyGeneration(3)) reason=EngineDecision}: awase::journal: ime open applied seq=193 elapsed_ms=23140 open=false outcome="AppliedWithoutSendInput" reason="EngineDecision"
2026-09-19T23:12:18.911881Z DEBUG on_ime_apply_complete{open=false outcome=AppliedWithoutSendInput generation=Some(ApplyGeneration(3)) reason=EngineDecision}: awase::journal: ime event seq=194 elapsed_ms=23141 event_kind="ImeApplySucceeded"
2026-09-19T23:12:18.911910Z DEBUG on_ime_apply_complete{open=false outcome=AppliedWithoutSendInput generation=Some(ApplyGeneration(3)) reason=EngineDecision}: awase_windows::tsf::ime_mode_fsm: [ime-mode] SetOpen(false) applied → Off (belief, unconfirmed)
2026-09-19T23:12:18.911942Z DEBUG on_ime_apply_complete{open=false outcome=AppliedWithoutSendInput generation=Some(ApplyGeneration(3)) reason=EngineDecision}: awase_windows::platform: [composition] ImeEffect::SetOpen(false) → marking cold (prevent warm+TSF Enter leak)
2026-09-19T23:12:18.911964Z DEBUG on_ime_apply_complete{open=false outcome=AppliedWithoutSendInput generation=Some(ApplyGeneration(3)) reason=EngineDecision}: awase_windows::tsf::probe: [composition] marked cold reason=SetOpenFalse idle=2438ms → next VK/TSF output will send VK_DBE_HIRAGANA warmup
2026-09-19T23:12:18.914718Z DEBUG awase::journal: gji fsm transition seq=195 elapsed_ms=23141 trigger="ImeOff" state_before="OnWarm" state_after="OffCold"
2026-09-19T23:12:18.938694Z DEBUG awase_windows::runtime::ime_refresh: Explicit intent: bypassing typing-idle guard for IME verify (idle=31ms)
2026-09-19T23:12:18.938722Z DEBUG awase_windows::observer::ime_observer: IME snapshot: japanese=Some(true) ime_on=Some(false) romaji=Some(true) conv=Some("0x00000019") guard=false
2026-09-19T23:12:18.938763Z DEBUG awase::journal: ime event seq=196 elapsed_ms=23168 event_kind="ObserverReported"
2026-09-19T23:12:18.938778Z DEBUG awase::journal: ime event seq=197 elapsed_ms=23168 event_kind="InputModeObserved"
2026-09-19T23:12:19.479896Z DEBUG awase_windows::runtime::key_pipeline: [engine-input] vk=0x4B KeyDown ts=23708691us delay=0ms state=Idle mods(c=false s=false a=false w=false) gas_ctrl=false phys_ctrl=false extra=0x5350494B pending_drain=0 gate_active=false l_thumb=None r_thumb=None [diag-ctx] ime_o
2026-09-19T23:12:19.480020Z DEBUG awase::journal: key input seq=198 elapsed_ms=23709 vk_code=75 is_down=true injected=false key_class="Char" state_before="Idle" state_after="Idle" decision="PassThrough" physical="Allow" repeat_count=1 last_timestamp_us=23708691 last_elapsed_ms=0
2026-09-19T23:12:19.480198Z DEBUG execute_one{generation=None}: awase_windows::runtime::executor: [reinject] vk=0x4b down (queued passthrough now firing)
2026-09-19T23:12:19.605110Z DEBUG awase_windows::runtime::key_pipeline: [engine-input] vk=0x4B KeyUp ts=23834136us delay=0ms state=Idle mods(c=false s=false a=false w=false) gas_ctrl=false phys_ctrl=false extra=0x5350494B pending_drain=0 gate_active=false l_thumb=None r_thumb=None [diag-ctx] ime_on=
2026-09-19T23:12:19.605226Z DEBUG awase::journal: key input seq=199 elapsed_ms=23834 vk_code=75 is_down=false injected=false key_class="Char" state_before="Idle" state_after="Idle" decision="PassThrough" physical="Allow" repeat_count=1 last_timestamp_us=23834136 last_elapsed_ms=0
2026-09-19T23:12:19.605408Z DEBUG execute_one{generation=None}: awase_windows::runtime::executor: [reinject] vk=0x4b up (queued passthrough now firing)
2026-09-19T23:12:19.975038Z DEBUG awase_windows::runtime::key_pipeline: [engine-input] vk=0x1B KeyDown ts=24203851us delay=0ms state=Idle mods(c=false s=false a=false w=false) gas_ctrl=false phys_ctrl=false extra=0x5350494B pending_drain=0 gate_active=false l_thumb=None r_thumb=None [diag-ctx] ime_o
2026-09-19T23:12:19.975190Z DEBUG awase::journal: key input seq=200 elapsed_ms=24204 vk_code=27 is_down=true injected=false key_class="Passthrough" state_before="Idle" state_after="Idle" decision="PassThrough" physical="Allow" repeat_count=1 last_timestamp_us=24203851 last_elapsed_ms=0
2026-09-19T23:12:19.975339Z DEBUG execute_from_hook: awase_windows::tsf::probe: [composition] marked cold reason=PassthroughConfirmKey idle=3500ms → next VK/TSF output will send VK_DBE_HIRAGANA warmup
2026-09-19T23:12:19.975378Z DEBUG execute_from_hook: awase_windows::tsf::probe: [mark-send] last_send_ms=335574015
2026-09-19T23:12:19.975478Z DEBUG execute_from_hook: awase_windows::platform: [composition-fsm] EmitWarmup (ConfirmKeyDown)
2026-09-19T23:12:19.975516Z DEBUG execute_from_hook: awase_windows::runtime::executor: [relay-passthrough] PassThrough idle: direct OS pass-through (vk=0x1b down)
2026-09-19T23:12:19.975564Z DEBUG awase::journal: gji fsm transition seq=201 elapsed_ms=24204 trigger="CompositionReset(gji_idle_ms=3172)" state_before="OffCold" state_after="OffCold"
2026-09-19T23:12:19.975652Z DEBUG awase_windows::runtime::executor: [reinject-guard] suspending drain for 34ms (vk=0x1b)
2026-09-19T23:12:20.036154Z DEBUG execute_one{generation=None}: awase_windows::runtime::executor: [reinject] vk=0x1b down (queued passthrough now firing)
2026-09-19T23:12:20.036440Z DEBUG execute_one{generation=None}: awase_windows::platform: [composition] reinject KeyDown vk=0x1b → marking cold + eager warmup
2026-09-19T23:12:20.036506Z DEBUG execute_one{generation=None}: awase_windows::tsf::probe: [composition] marked cold reason=ReinjectConfirmKey idle=63ms → next VK/TSF output will send VK_DBE_HIRAGANA warmup
2026-09-19T23:12:20.036544Z DEBUG execute_one{generation=None}: awase_windows::tsf::probe: [mark-send] last_send_ms=335574078
2026-09-19T23:12:20.044647Z DEBUG awase::journal: gji fsm transition seq=202 elapsed_ms=24265 trigger="CompositionReset(gji_idle_ms=3235)" state_before="OffCold" state_after="OffCold"
2026-09-19T23:12:20.099907Z DEBUG awase_windows::runtime::key_pipeline: [engine-input] vk=0x1B KeyUp ts=24328912us delay=0ms state=Idle mods(c=false s=false a=false w=false) gas_ctrl=false phys_ctrl=false extra=0x5350494B pending_drain=0 gate_active=false l_thumb=None r_thumb=None [diag-ctx] ime_on=
2026-09-19T23:12:20.100012Z DEBUG awase::journal: key input seq=203 elapsed_ms=24329 vk_code=27 is_down=false injected=false key_class="Passthrough" state_before="Idle" state_after="Idle" decision="PassThrough" physical="Allow" repeat_count=1 last_timestamp_us=24328912 last_elapsed_ms=0
2026-09-19T23:12:20.100131Z DEBUG execute_from_hook: awase_windows::runtime::executor: [relay-passthrough] PassThrough idle: direct OS pass-through (vk=0x1b up)
2026-09-19T23:12:20.100230Z DEBUG execute_one{generation=None}: awase_windows::runtime::executor: [reinject] vk=0x1b up (queued passthrough now firing)
2026-09-19T23:12:21.903653Z  INFO awase_windows::runtime::key_pipeline: [shadow-toggle] intent 昇格: vk=0x1D scan=0x7B action=Toggle kind=PhysicalImeKey injected=false false→true w_ops0=109993 x_ops0=243715 x_KB0=23.5
2026-09-19T23:12:21.903793Z DEBUG awase::journal: ime event seq=204 elapsed_ms=26133 event_kind="UserImeSetIntent"
2026-09-19T23:12:21.903849Z DEBUG awase_windows::runtime::key_pipeline: Shadow IME toggle: OFF → ON (vk=0x1D, source=PhysicalImeKey)
2026-09-19T23:12:21.903881Z DEBUG awase_windows::runtime::key_pipeline: [engine-input] vk=0x1D KeyDown ts=26132585us delay=0ms state=Idle mods(c=false s=false a=false w=false) gas_ctrl=false phys_ctrl=false extra=0x5350494B pending_drain=0 gate_active=false l_thumb=Some(26132571) r_thumb=None [diag-
2026-09-19T23:12:21.903913Z  INFO awase::engine::engine: Engine activated (ime=true, romaji=true, japanese=true, user=true, reason=Active)
2026-09-19T23:12:21.903995Z DEBUG awase::journal: key input seq=205 elapsed_ms=26133 vk_code=29 is_down=true injected=false key_class="LeftThumb" state_before="Idle" state_after="PendingThumb(vk=0x1D,left=true)" decision="Consume" physical="Allow" repeat_count=1 last_timestamp_us=26132585 last_elaps
2026-09-19T23:12:21.904034Z DEBUG awase::journal: ime event seq=206 elapsed_ms=26133 event_kind="EngineActivationSync"
2026-09-19T23:12:21.904053Z DEBUG awase::journal: ime event seq=207 elapsed_ms=26133 event_kind="ImeApplyRequested"
2026-09-19T23:12:21.904064Z  INFO awase_windows::runtime::key_pipeline: IME control: preconditions.ime_on = true (SetOpenRequest, origin=ActivationSync), was_open_before=true last_intent_before=Some(true) poll suspended
2026-09-19T23:12:21.904270Z DEBUG execute_one{generation=Some(ApplyGeneration(4))}:dispatch_ime_set_open{open=true generation=Some(ApplyGeneration(4))}: awase_windows::runtime::executor: [dispatch-ime] ImmCross async: optimistic applied_snapshot=true (suppress send_engine_state_ime_key)
2026-09-19T23:12:21.905806Z DEBUG execute_one{generation=Some(ApplyGeneration(4))}: awase_windows::platform: [engine-state-key] skipped (apply_ime_open aligned ime=true, profile=Standard)
2026-09-19T23:12:21.908691Z DEBUG run_open_chain_async: awase_windows::ime_controller: [warrant-shadow] chain=async open=true origin=EventOrigin { source: SelfActuated { strategy: "engine_decision_async" }, epoch: Generation(0) } warranted
2026-09-19T23:12:21.908740Z  INFO run_open_chain_async:imm_cross_write{open=true}: awase_windows::runtime::open_chain: [apply-ime] ImmCross async: open=true composition_active=false show_seq=0 change_seq=0 (issue #138診断)
2026-09-19T23:12:21.911921Z DEBUG awase_windows::shadow_send_trace: [shadow-send] channel=ImeControl cmd=0x0006 lparam=1 issue_us=26140688
2026-09-19T23:12:21.912004Z DEBUG awase_windows::ime: set_ime_open_for_target: hwnd=HWND(0xf7125c) ime_wnd=HWND(0x8103f8) open=true success=true send_elapsed=0ms candidate_visible=false
2026-09-19T23:12:21.913736Z DEBUG run_open_chain_async:imm_cross_write{open=true}: awase_windows::ime: [imm-cross-actuate] hwnd=HWND(0xf7125c) open=Written conv=Some(Written)
2026-09-19T23:12:21.913801Z DEBUG run_open_chain_async:imm_cross_write{open=true}: awase_windows::runtime::open_chain: [apply-ime] ROMAN 補完結果: Written
2026-09-19T23:12:21.913972Z DEBUG run_open_chain_async: awase::journal: actuation decision seq=208 elapsed_ms=26143 site="DispatchImeSetOpen" caller="None" open=true chain_len=4 attempts_len=1 gate_profile="Standard" gate_kind="Gji" gate_shadow_known=true gate_shadow_on=false gate_input_mode="Observ
2026-09-19T23:12:21.917591Z DEBUG on_ime_apply_complete{open=true outcome=AppliedWithoutSendInput generation=Some(ApplyGeneration(4)) reason=EngineDecision}: awase::journal: ime open applied seq=209 elapsed_ms=26146 open=true outcome="AppliedWithoutSendInput" reason="EngineDecision"
2026-09-19T23:12:21.920613Z DEBUG on_ime_apply_complete{open=true outcome=AppliedWithoutSendInput generation=Some(ApplyGeneration(4)) reason=EngineDecision}: awase::journal: ime event seq=210 elapsed_ms=26149 event_kind="ImeApplySucceeded"
2026-09-19T23:12:21.920662Z DEBUG on_ime_apply_complete{open=true outcome=AppliedWithoutSendInput generation=Some(ApplyGeneration(4)) reason=EngineDecision}: awase_windows::tsf::ime_mode_fsm: [ime-mode] SetOpen(true) applied → Hiragana (belief, unconfirmed)
2026-09-19T23:12:21.920700Z DEBUG on_ime_apply_complete{open=true outcome=AppliedWithoutSendInput generation=Some(ApplyGeneration(4)) reason=EngineDecision}: awase_windows::platform: [composition] ImeEffect::SetOpen(true) → marking cold
2026-09-19T23:12:21.920731Z DEBUG on_ime_apply_complete{open=true outcome=AppliedWithoutSendInput generation=Some(ApplyGeneration(4)) reason=EngineDecision}: awase_windows::tsf::probe: [composition] marked cold reason=SetOpenTrue idle=1890ms → next VK/TSF output will send VK_DBE_HIRAGANA warmup
2026-09-19T23:12:21.920806Z DEBUG on_ime_apply_complete{open=true outcome=AppliedWithoutSendInput generation=Some(ApplyGeneration(4)) reason=EngineDecision}:gji_on_event{event=ImeOn { injection_mode: Unicode, gji_idle_ms: 5125 }}: awase_windows::tsf::gji_fsm: [gji-fsm] ImeOn gji_idle=5125ms → Short
2026-09-19T23:12:21.920880Z DEBUG on_ime_apply_complete{open=true outcome=AppliedWithoutSendInput generation=Some(ApplyGeneration(4)) reason=EngineDecision}: awase_windows::platform: [gji-fsm] StartProbe probe_id=ProbeId(2) forces_f2=false long=false
2026-09-19T23:12:21.923230Z DEBUG awase::journal: gji fsm transition seq=211 elapsed_ms=26150 trigger="ImeOn(gji_idle_ms=5125)" state_before="OffCold" state_after="OnCold(Short)"
2026-09-19T23:12:21.923264Z DEBUG awase::journal: tsf probe started seq=212 elapsed_ms=26150 source="GjiAction::StartProbe" cold_seq=1 probe_id=2 probe_id_present=true gji_state="OnCold(Short)" consecutive_at_start=0 pending_deferred_len=0
2026-09-19T23:12:21.923294Z DEBUG awase::journal: gji fsm transition seq=213 elapsed_ms=26150 trigger="WarmupComplete(unicode)" state_before="OnCold(Short)" state_after="OnWarm"
2026-09-19T23:12:21.923317Z DEBUG awase::journal: tsf probe completed seq=214 elapsed_ms=26150 outcome="UnicodeImmediate" cold_seq=18446744073709551615 cold_seq_present=false probe_id=2 probe_id_present=true duration_ms=0 tick_count=0 gji_state="OnWarm"
2026-09-19T23:12:21.952353Z DEBUG awase_windows::runtime::ime_refresh: Explicit intent: bypassing typing-idle guard for IME verify (idle=47ms)
2026-09-19T23:12:21.952402Z DEBUG awase_windows::observer::ime_observer: IME snapshot: japanese=Some(true) ime_on=Some(true) romaji=Some(true) conv=Some("0x00000019") guard=false
2026-09-19T23:12:21.952488Z DEBUG awase::journal: ime event seq=215 elapsed_ms=26181 event_kind="ObserverReported"
2026-09-19T23:12:21.952524Z DEBUG awase::journal: ime event seq=216 elapsed_ms=26181 event_kind="InputModeObserved"
2026-09-19T23:12:22.028411Z DEBUG awase_windows::runtime::key_pipeline: [engine-input] vk=0x1D KeyUp ts=26257366us delay=0ms state=PendingThumb(vk=0x1D,left=true) mods(c=false s=false a=false w=false) gas_ctrl=false phys_ctrl=false extra=0x5350494B pending_drain=0 gate_active=false l_thumb=None r_th
2026-09-19T23:12:22.028553Z DEBUG awase::journal: key input seq=218 elapsed_ms=26257 vk_code=29 is_down=false injected=false key_class="LeftThumb" state_before="PendingThumb(vk=0x1D,left=true)" state_after="Idle" decision="Consume" physical="Allow" repeat_count=1 last_timestamp_us=26257366 last_elap
2026-09-19T23:12:22.588790Z DEBUG awase_windows::runtime::key_pipeline: [engine-input] vk=0x4B KeyDown ts=26817778us delay=0ms state=Idle mods(c=false s=false a=false w=false) gas_ctrl=false phys_ctrl=false extra=0x5350494B pending_drain=0 gate_active=false l_thumb=None r_thumb=None [diag-ctx] ime_o
2026-09-19T23:12:22.589039Z DEBUG awase::journal: key input seq=219 elapsed_ms=26818 vk_code=75 is_down=true injected=false key_class="Char" state_before="Idle" state_after="PendingChar(vk=0x4B)" decision="Consume" physical="Allow" repeat_count=1 last_timestamp_us=26817778 last_elapsed_ms=0
2026-09-19T23:12:22.697510Z DEBUG execute_from_loop:execute_one{generation=None}: awase_windows::output: send_keys: mode=Unicode actions=[Char('き')] prev_elapsed=2672ms
2026-09-19T23:12:22.697547Z DEBUG execute_from_loop:execute_one{generation=None}: awase_windows::tsf::probe: [mark-send] last_send_ms=335576750
2026-09-19T23:12:22.697572Z DEBUG execute_from_loop:execute_one{generation=None}: awase_windows::output:   → Char('き') via Unicode
2026-09-19T23:12:22.701627Z DEBUG execute_from_loop:execute_one{generation=None}: awase_windows::tsf::probe: [mark-send] last_send_ms=335576750
2026-09-19T23:12:22.712602Z DEBUG awase_windows::tsf::gji_monitor: [gji-io] WRITE: w_ops=+2 w_KB=+0.3 (r_ops=+4 x_ops=+4 x_KB=+0.0)
2026-09-19T23:12:22.727847Z  INFO awase_windows::tsf::win_event_obs: [gji-obs] candidate SHOW #8: last_gji_write=16ms ago
2026-09-19T23:12:22.815388Z DEBUG awase_windows::runtime::key_pipeline: [engine-input] vk=0x4B KeyUp ts=27044156us delay=0ms state=Idle mods(c=false s=false a=false w=false) gas_ctrl=false phys_ctrl=false extra=0x5350494B pending_drain=0 gate_active=false l_thumb=None r_thumb=None [diag-ctx] ime_on=
2026-09-19T23:12:22.815537Z DEBUG awase::journal: key input seq=221 elapsed_ms=27044 vk_code=75 is_down=false injected=false key_class="Char" state_before="Idle" state_after="Idle" decision="Consume" physical="Allow" repeat_count=1 last_timestamp_us=27044156 last_elapsed_ms=0
2026-09-19T23:12:22.815744Z DEBUG execute_one{generation=None}: awase_windows::output: send_keys: mode=Unicode actions=[Suppress] prev_elapsed=109ms
2026-09-19T23:12:22.815790Z DEBUG execute_one{generation=None}: awase_windows::tsf::probe: [mark-send] last_send_ms=335576859
2026-09-19T23:12:22.815818Z DEBUG execute_one{generation=None}: awase_windows::output:   → Suppress
2026-09-19T23:12:22.815841Z DEBUG execute_one{generation=None}: awase_windows::tsf::probe: [mark-send] last_send_ms=335576859
2026-09-19T23:12:22.815914Z DEBUG execute_one{generation=None}: awase_windows::platform: [gji-fsm] StartComposition (candidate SHOW)
2026-09-19T23:12:22.815965Z DEBUG execute_one{generation=None}:gji_on_event{event=StartComposition}: awase_windows::tsf::gji_fsm: [gji-fsm] StartComposition: OnWarm → OnComposing(AlreadyWarm)
2026-09-19T23:12:22.816156Z DEBUG awase::journal: gji fsm transition seq=222 elapsed_ms=27045 trigger="StartComposition(candidate SHOW)" state_before="OnWarm" state_after="OnComposing(Warm)"
2026-09-19T23:12:23.090019Z DEBUG awase_windows::runtime::key_pipeline: [engine-input] vk=0x1B KeyDown ts=27319081us delay=0ms state=Idle mods(c=false s=false a=false w=false) gas_ctrl=false phys_ctrl=false extra=0x5350494B pending_drain=0 gate_active=false l_thumb=None r_thumb=None [diag-ctx] ime_o
2026-09-19T23:12:23.090135Z DEBUG awase::journal: key input seq=223 elapsed_ms=27319 vk_code=27 is_down=true injected=false key_class="Passthrough" state_before="Idle" state_after="Idle" decision="PassThrough" physical="Allow" repeat_count=1 last_timestamp_us=27319081 last_elapsed_ms=0
2026-09-19T23:12:23.090235Z DEBUG execute_from_hook: awase_windows::runtime::executor: [relay-passthrough] PassThrough idle: direct OS pass-through (vk=0x1b down)
2026-09-19T23:12:23.090314Z DEBUG execute_one{generation=None}: awase_windows::runtime::executor: [reinject] vk=0x1b down (queued passthrough now firing)
2026-09-19T23:12:23.103157Z  INFO awase_windows::tsf::win_event_obs: [gji-obs] candidate HIDE: last_gji_write=391ms ago
2026-09-19T23:12:23.103817Z DEBUG awase_windows::tsf::gji_monitor: [gji-io] WRITE: w_ops=+2 w_KB=+0.3 (r_ops=+4 x_ops=+4 x_KB=+0.0)
2026-09-19T23:12:23.275137Z DEBUG awase_windows::runtime::key_pipeline: [engine-input] vk=0x1B KeyUp ts=27504236us delay=0ms state=Idle mods(c=false s=false a=false w=false) gas_ctrl=false phys_ctrl=false extra=0x5350494B pending_drain=0 gate_active=false l_thumb=None r_thumb=None [diag-ctx] ime_on=
2026-09-19T23:12:23.275220Z DEBUG awase::journal: key input seq=224 elapsed_ms=27504 vk_code=27 is_down=false injected=false key_class="Passthrough" state_before="Idle" state_after="Idle" decision="PassThrough" physical="Allow" repeat_count=1 last_timestamp_us=27504236 last_elapsed_ms=0
2026-09-19T23:12:23.275273Z DEBUG execute_from_hook: awase_windows::runtime::executor: [relay-passthrough] PassThrough idle: direct OS pass-through (vk=0x1b up)
2026-09-19T23:12:23.275311Z DEBUG execute_one{generation=None}: awase_windows::runtime::executor: [reinject] vk=0x1b up (queued passthrough now firing)
2026-09-19T23:12:23.278136Z DEBUG awase_windows::platform: [gji-fsm] EndComposition (candidate HIDE) epoch=FocusEpoch(8)
2026-09-19T23:12:23.278293Z DEBUG awase::journal: gji fsm transition seq=225 elapsed_ms=27507 trigger="EndComposition(candidate HIDE, epoch=FocusEpoch(8))" state_before="OnComposing(Warm)" state_after="OnWarm"
2026-09-19T23:12:25.051417Z DEBUG awase_windows::hook: [hook] IME-mode vk=0xF2 down self_injected=false injected=false scan=0x70 extra=0x5350494B since_actuation_us=Some(29180626)
2026-09-19T23:12:25.051639Z DEBUG awase::journal: hook ime-mode diagnostic seq=226 elapsed_ms=29280 vk_code=242 is_down=true self_injected=false injected=false scan=112
2026-09-19T23:12:25.051839Z  INFO awase_windows::runtime::key_pipeline: [shadow-toggle] intent 昇格: vk=0xF2 scan=0x70 action=TurnOn kind=PhysicalImeKey injected=false true→true w_ops0=109997 x_ops0=243723 x_KB0=23.5
2026-09-19T23:12:25.051874Z DEBUG awase::journal: ime event seq=227 elapsed_ms=29281 event_kind="UserImeSetIntent"
2026-09-19T23:12:25.051891Z DEBUG awase_windows::runtime::key_pipeline: [shadow-toggle] no-op: vk=0xF2 action=TurnOn source=PhysicalImeKey effective_open は既に true → apply-ime 見送り
2026-09-19T23:12:25.051915Z DEBUG awase_windows::runtime::key_pipeline: [engine-input] vk=0xF2 KeyDown ts=29280957us delay=0ms state=Idle mods(c=false s=false a=false w=false) gas_ctrl=false phys_ctrl=false extra=0x5350494B pending_drain=0 gate_active=false l_thumb=None r_thumb=None [diag-ctx] ime_o
2026-09-19T23:12:25.051987Z DEBUG awase::journal: key input seq=228 elapsed_ms=29281 vk_code=242 is_down=true injected=false key_class="Passthrough" state_before="Idle" state_after="Idle" decision="PassThrough" physical="Allow" repeat_count=1 last_timestamp_us=29280957 last_elapsed_ms=0
2026-09-19T23:12:25.052031Z DEBUG awase_windows::runtime::key_pipeline: may_change_ime key passed through → IME refresh scheduled (20ms)
2026-09-19T23:12:25.052082Z DEBUG execute_from_hook: awase_windows::runtime::executor: [relay-passthrough] PassThrough idle: direct OS pass-through (vk=0xf2 down)
2026-09-19T23:12:25.052136Z DEBUG execute_one{generation=None}: awase_windows::runtime::executor: [reinject] vk=0xf2 down (queued passthrough now firing)
2026-09-19T23:12:25.054778Z DEBUG awase_windows::hook: [hook] IME-mode vk=0xF2 down self_injected=true injected=true scan=0x0 extra=0x4B45594D since_actuation_us=Some(29183987)
2026-09-19T23:12:25.055842Z DEBUG awase::journal: hook ime-mode diagnostic seq=229 elapsed_ms=29285 vk_code=242 is_down=true self_injected=true injected=true scan=0
2026-09-19T23:12:25.065635Z DEBUG awase_windows::tsf::gji_monitor: [gji-io] WRITE: w_ops=+2 w_KB=+0.0 (r_ops=+4 x_ops=+4 x_KB=+0.0)
2026-09-19T23:12:25.117190Z DEBUG awase_windows::runtime::ime_refresh: Explicit intent: bypassing typing-idle guard for IME verify (idle=78ms)
2026-09-19T23:12:25.117231Z DEBUG awase_windows::observer::ime_observer: IME snapshot: japanese=Some(true) ime_on=Some(true) romaji=None conv=Some("0x00000010") guard=false
2026-09-19T23:12:25.117301Z DEBUG awase::journal: ime event seq=230 elapsed_ms=29346 event_kind="ObserverReported"
2026-09-19T23:12:25.117336Z DEBUG awase::journal: ime event seq=231 elapsed_ms=29346 event_kind="InputModeObserved"
2026-09-19T23:12:25.117380Z DEBUG awase::engine::engine: [diag-engine-active] ime_on=true なのに非活性: reason=Inactive(NotRomajiInput) romaji_capable=false japanese=true user_enabled=true was_active=true input_mode=ObservedEisu
2026-09-19T23:12:25.117423Z  INFO awase::engine::engine: Engine deactivated (ime=true, romaji=false, japanese=true, user=true, reason=Inactive(NotRomajiInput))
2026-09-19T23:12:25.739303Z DEBUG awase_windows::runtime::key_pipeline: [engine-input] vk=0x4B KeyDown ts=29968238us delay=0ms state=Idle mods(c=false s=false a=false w=false) gas_ctrl=false phys_ctrl=false extra=0x5350494B pending_drain=0 gate_active=false l_thumb=None r_thumb=None [diag-ctx] ime_o
2026-09-19T23:12:25.739380Z DEBUG awase::engine::engine: [diag-engine-active] ime_on=true なのに非活性: reason=Inactive(NotRomajiInput) romaji_capable=false japanese=true user_enabled=true was_active=false input_mode=ObservedEisu
2026-09-19T23:12:25.739492Z DEBUG awase::journal: key input seq=232 elapsed_ms=29968 vk_code=75 is_down=true injected=false key_class="Char" state_before="Idle" state_after="Idle" decision="PassThrough" physical="Allow" repeat_count=1 last_timestamp_us=29968238 last_elapsed_ms=0
2026-09-19T23:12:25.739703Z DEBUG execute_one{generation=None}: awase_windows::runtime::executor: [reinject] vk=0x4b down (queued passthrough now firing)
2026-09-19T23:12:25.749842Z DEBUG awase_windows::tsf::gji_monitor: [gji-io] WRITE: w_ops=+2 w_KB=+0.4 (r_ops=+4 x_ops=+4 x_KB=+0.0)
2026-09-19T23:12:25.773072Z  INFO awase_windows::tsf::win_event_obs: [gji-obs] candidate SHOW #9: last_gji_write=32ms ago
2026-09-19T23:12:25.929618Z DEBUG awase_windows::runtime::key_pipeline: [engine-input] vk=0x4B KeyUp ts=30158688us delay=0ms state=Idle mods(c=false s=false a=false w=false) gas_ctrl=false phys_ctrl=false extra=0x5350494B pending_drain=0 gate_active=false l_thumb=None r_thumb=None [diag-ctx] ime_on=
2026-09-19T23:12:25.929667Z DEBUG awase::engine::engine: [diag-engine-active] ime_on=true なのに非活性: reason=Inactive(NotRomajiInput) romaji_capable=false japanese=true user_enabled=true was_active=false input_mode=ObservedEisu
2026-09-19T23:12:25.929735Z DEBUG awase::journal: key input seq=233 elapsed_ms=30158 vk_code=75 is_down=false injected=false key_class="Char" state_before="Idle" state_after="Idle" decision="PassThrough" physical="Allow" repeat_count=1 last_timestamp_us=30158688 last_elapsed_ms=0
2026-09-19T23:12:25.929873Z DEBUG execute_one{generation=None}: awase_windows::runtime::executor: [reinject] vk=0x4b up (queued passthrough now firing)
2026-09-19T23:12:25.933032Z DEBUG awase_windows::platform: [gji-fsm] StartComposition (candidate SHOW)
2026-09-19T23:12:25.933065Z DEBUG gji_on_event{event=StartComposition}: awase_windows::tsf::gji_fsm: [gji-fsm] StartComposition: OnWarm → OnComposing(AlreadyWarm)
2026-09-19T23:12:25.933306Z DEBUG awase::journal: gji fsm transition seq=234 elapsed_ms=30162 trigger="StartComposition(candidate SHOW)" state_before="OnWarm" state_after="OnComposing(Warm)"
2026-09-19T23:12:26.230801Z DEBUG awase_windows::runtime::key_pipeline: [engine-input] vk=0x1B KeyDown ts=30459945us delay=0ms state=Idle mods(c=false s=false a=false w=false) gas_ctrl=false phys_ctrl=false extra=0x5350494B pending_drain=0 gate_active=false l_thumb=None r_thumb=None [diag-ctx] ime_o
2026-09-19T23:12:26.230831Z DEBUG awase::engine::engine: [diag-engine-active] ime_on=true なのに非活性: reason=Inactive(NotRomajiInput) romaji_capable=false japanese=true user_enabled=true was_active=false input_mode=ObservedEisu
2026-09-19T23:12:26.230867Z DEBUG awase::journal: key input seq=235 elapsed_ms=30460 vk_code=27 is_down=true injected=false key_class="Passthrough" state_before="Idle" state_after="Idle" decision="PassThrough" physical="Allow" repeat_count=1 last_timestamp_us=30459945 last_elapsed_ms=0
2026-09-19T23:12:26.230935Z DEBUG execute_from_hook: awase_windows::runtime::executor: [relay-passthrough] PassThrough idle: direct OS pass-through (vk=0x1b down)
2026-09-19T23:12:26.230973Z DEBUG execute_one{generation=None}: awase_windows::runtime::executor: [reinject] vk=0x1b down (queued passthrough now firing)
2026-09-19T23:12:26.241706Z  INFO awase_windows::tsf::win_event_obs: [gji-obs] candidate HIDE: last_gji_write=500ms ago
2026-09-19T23:12:26.245795Z DEBUG awase_windows::tsf::gji_monitor: [gji-io] WRITE: w_ops=+2 w_KB=+0.4 (r_ops=+4 x_ops=+4 x_KB=+0.0)
2026-09-19T23:12:26.415319Z DEBUG awase_windows::runtime::key_pipeline: [engine-input] vk=0x1B KeyUp ts=30644400us delay=0ms state=Idle mods(c=false s=false a=false w=false) gas_ctrl=false phys_ctrl=false extra=0x5350494B pending_drain=0 gate_active=false l_thumb=None r_thumb=None [diag-ctx] ime_on=
2026-09-19T23:12:26.415366Z DEBUG awase::engine::engine: [diag-engine-active] ime_on=true なのに非活性: reason=Inactive(NotRomajiInput) romaji_capable=false japanese=true user_enabled=true was_active=false input_mode=ObservedEisu
2026-09-19T23:12:26.415431Z DEBUG awase::journal: key input seq=236 elapsed_ms=30644 vk_code=27 is_down=false injected=false key_class="Passthrough" state_before="Idle" state_after="Idle" decision="PassThrough" physical="Allow" repeat_count=1 last_timestamp_us=30644400 last_elapsed_ms=0
2026-09-19T23:12:26.415523Z DEBUG execute_from_hook: awase_windows::runtime::executor: [relay-passthrough] PassThrough idle: direct OS pass-through (vk=0x1b up)
2026-09-19T23:12:26.415591Z DEBUG execute_one{generation=None}: awase_windows::runtime::executor: [reinject] vk=0x1b up (queued passthrough now firing)
2026-09-19T23:12:26.418392Z DEBUG awase_windows::platform: [gji-fsm] EndComposition (candidate HIDE) epoch=FocusEpoch(9)
2026-09-19T23:12:26.418534Z DEBUG awase::journal: gji fsm transition seq=237 elapsed_ms=30647 trigger="EndComposition(candidate HIDE, epoch=FocusEpoch(9))" state_before="OnComposing(Warm)" state_after="OnWarm"
2026-09-19T23:12:28.234955Z DEBUG awase_windows::runtime::key_pipeline: [shadow-toggle] vk=0x1DはFSM delegate所有 → belief書き込み/actuationをスキップ w_ops0=110003 x_ops0=243735 x_KB0=23.5
2026-09-19T23:12:28.235004Z DEBUG awase_windows::runtime::key_pipeline: [shadow-toggle] no-op: vk=0x1D action=Toggle source=PhysicalImeKey effective_open は既に true → apply-ime 見送り
2026-09-19T23:12:28.235053Z DEBUG awase_windows::runtime::key_pipeline: [engine-input] vk=0x1D KeyDown ts=32463856us delay=0ms state=Idle mods(c=false s=false a=false w=false) gas_ctrl=false phys_ctrl=false extra=0x5350494B pending_drain=0 gate_active=false l_thumb=Some(32463837) r_thumb=None [diag-
2026-09-19T23:12:28.235104Z DEBUG awase::engine::engine: [diag-engine-active] ime_on=true なのに非活性: reason=Inactive(NotRomajiInput) romaji_capable=false japanese=true user_enabled=true was_active=false input_mode=ObservedEisu
2026-09-19T23:12:28.235196Z DEBUG awase::journal: key input seq=238 elapsed_ms=32464 vk_code=29 is_down=true injected=false key_class="LeftThumb" state_before="Idle" state_after="Idle" decision="PassThrough" physical="Allow" repeat_count=1 last_timestamp_us=32463856 last_elapsed_ms=0
2026-09-19T23:12:28.235400Z DEBUG execute_one{generation=None}: awase_windows::runtime::executor: [reinject] vk=0x1d down (queued passthrough now firing)
2026-09-19T23:12:28.249641Z DEBUG awase_windows::tsf::gji_monitor: [gji-io] WRITE: w_ops=+2 w_KB=+0.0 (r_ops=+4 x_ops=+4 x_KB=+0.0)
2026-09-19T23:12:28.363967Z DEBUG awase_windows::runtime::key_pipeline: [engine-input] vk=0x1D KeyUp ts=32592844us delay=0ms state=Idle mods(c=false s=false a=false w=false) gas_ctrl=false phys_ctrl=false extra=0x5350494B pending_drain=0 gate_active=false l_thumb=None r_thumb=None [diag-ctx] ime_on=
2026-09-19T23:12:28.364054Z DEBUG awase::engine::engine: [diag-engine-active] ime_on=true なのに非活性: reason=Inactive(NotRomajiInput) romaji_capable=false japanese=true user_enabled=true was_active=false input_mode=ObservedEisu
2026-09-19T23:12:28.364233Z DEBUG awase::journal: key input seq=239 elapsed_ms=32593 vk_code=29 is_down=false injected=false key_class="LeftThumb" state_before="Idle" state_after="Idle" decision="PassThrough" physical="Allow" repeat_count=1 last_timestamp_us=32592844 last_elapsed_ms=0
2026-09-19T23:12:28.364518Z DEBUG execute_one{generation=None}: awase_windows::runtime::executor: [reinject] vk=0x1d up (queued passthrough now firing)
2026-09-19T23:12:28.920444Z DEBUG awase_windows::runtime::key_pipeline: [engine-input] vk=0x4B KeyDown ts=33149267us delay=0ms state=Idle mods(c=false s=false a=false w=false) gas_ctrl=false phys_ctrl=false extra=0x5350494B pending_drain=0 gate_active=false l_thumb=None r_thumb=None [diag-ctx] ime_o
2026-09-19T23:12:28.920537Z DEBUG awase::engine::engine: [diag-engine-active] ime_on=true なのに非活性: reason=Inactive(NotRomajiInput) romaji_capable=false japanese=true user_enabled=true was_active=false input_mode=ObservedEisu
2026-09-19T23:12:28.920662Z DEBUG awase::journal: key input seq=240 elapsed_ms=33149 vk_code=75 is_down=true injected=false key_class="Char" state_before="Idle" state_after="Idle" decision="PassThrough" physical="Allow" repeat_count=1 last_timestamp_us=33149267 last_elapsed_ms=0
2026-09-19T23:12:28.920926Z DEBUG execute_one{generation=None}: awase_windows::runtime::executor: [reinject] vk=0x4b down (queued passthrough now firing)
2026-09-19T23:12:29.108009Z DEBUG awase_windows::runtime::key_pipeline: [engine-input] vk=0x4B KeyUp ts=33337011us delay=0ms state=Idle mods(c=false s=false a=false w=false) gas_ctrl=false phys_ctrl=false extra=0x5350494B pending_drain=0 gate_active=false l_thumb=None r_thumb=None [diag-ctx] ime_on=
2026-09-19T23:12:29.108067Z DEBUG awase::engine::engine: [diag-engine-active] ime_on=true なのに非活性: reason=Inactive(NotRomajiInput) romaji_capable=false japanese=true user_enabled=true was_active=false input_mode=ObservedEisu
2026-09-19T23:12:29.108147Z DEBUG awase::journal: key input seq=241 elapsed_ms=33337 vk_code=75 is_down=false injected=false key_class="Char" state_before="Idle" state_after="Idle" decision="PassThrough" physical="Allow" repeat_count=1 last_timestamp_us=33337011 last_elapsed_ms=0
2026-09-19T23:12:29.108315Z DEBUG execute_one{generation=None}: awase_windows::runtime::executor: [reinject] vk=0x4b up (queued passthrough now firing)
2026-09-19T23:12:29.418939Z DEBUG awase_windows::runtime::key_pipeline: [engine-input] vk=0x1B KeyDown ts=33647945us delay=0ms state=Idle mods(c=false s=false a=false w=false) gas_ctrl=false phys_ctrl=false extra=0x5350494B pending_drain=0 gate_active=false l_thumb=None r_thumb=None [diag-ctx] ime_o
2026-09-19T23:12:29.418987Z DEBUG awase::engine::engine: [diag-engine-active] ime_on=true なのに非活性: reason=Inactive(NotRomajiInput) romaji_capable=false japanese=true user_enabled=true was_active=false input_mode=ObservedEisu
2026-09-19T23:12:29.419050Z DEBUG awase::journal: key input seq=242 elapsed_ms=33648 vk_code=27 is_down=true injected=false key_class="Passthrough" state_before="Idle" state_after="Idle" decision="PassThrough" physical="Allow" repeat_count=1 last_timestamp_us=33647945 last_elapsed_ms=0
2026-09-19T23:12:29.419138Z DEBUG execute_from_hook: awase_windows::runtime::executor: [relay-passthrough] PassThrough idle: direct OS pass-through (vk=0x1b down)
2026-09-19T23:12:29.419208Z DEBUG execute_one{generation=None}: awase_windows::runtime::executor: [reinject] vk=0x1b down (queued passthrough now firing)
2026-09-19T23:12:29.605860Z DEBUG awase_windows::runtime::key_pipeline: [engine-input] vk=0x1B KeyUp ts=33834934us delay=0ms state=Idle mods(c=false s=false a=false w=false) gas_ctrl=false phys_ctrl=false extra=0x5350494B pending_drain=0 gate_active=false l_thumb=None r_thumb=None [diag-ctx] ime_on=
2026-09-19T23:12:29.605904Z DEBUG awase::engine::engine: [diag-engine-active] ime_on=true なのに非活性: reason=Inactive(NotRomajiInput) romaji_capable=false japanese=true user_enabled=true was_active=false input_mode=ObservedEisu
2026-09-19T23:12:29.605969Z DEBUG awase::journal: key input seq=243 elapsed_ms=33835 vk_code=27 is_down=false injected=false key_class="Passthrough" state_before="Idle" state_after="Idle" decision="PassThrough" physical="Allow" repeat_count=1 last_timestamp_us=33834934 last_elapsed_ms=0
2026-09-19T23:12:29.606059Z DEBUG execute_from_hook: awase_windows::runtime::executor: [relay-passthrough] PassThrough idle: direct OS pass-through (vk=0x1b up)
2026-09-19T23:12:29.606127Z DEBUG execute_one{generation=None}: awase_windows::runtime::executor: [reinject] vk=0x1b up (queued passthrough now firing)
2026-09-19T23:12:31.416397Z DEBUG awase_windows::runtime::key_pipeline: [shadow-toggle] vk=0x1DはFSM delegate所有 → belief書き込み/actuationをスキップ w_ops0=110005 x_ops0=243739 x_KB0=23.5
2026-09-19T23:12:31.416419Z DEBUG awase_windows::runtime::key_pipeline: [shadow-toggle] no-op: vk=0x1D action=Toggle source=PhysicalImeKey effective_open は既に true → apply-ime 見送り
2026-09-19T23:12:31.416439Z DEBUG awase_windows::runtime::key_pipeline: [engine-input] vk=0x1D KeyDown ts=35645550us delay=0ms state=Idle mods(c=false s=false a=false w=false) gas_ctrl=false phys_ctrl=false extra=0x5350494B pending_drain=0 gate_active=false l_thumb=Some(35645538) r_thumb=None [diag-
2026-09-19T23:12:31.416459Z DEBUG awase::engine::engine: [diag-engine-active] ime_on=true なのに非活性: reason=Inactive(NotRomajiInput) romaji_capable=false japanese=true user_enabled=true was_active=false input_mode=ObservedEisu
2026-09-19T23:12:31.416499Z DEBUG awase::journal: key input seq=244 elapsed_ms=35645 vk_code=29 is_down=true injected=false key_class="LeftThumb" state_before="Idle" state_after="Idle" decision="PassThrough" physical="Allow" repeat_count=1 last_timestamp_us=35645550 last_elapsed_ms=0
2026-09-19T23:12:31.416569Z DEBUG execute_one{generation=None}: awase_windows::runtime::executor: [reinject] vk=0x1d down (queued passthrough now firing)
2026-09-19T23:12:31.430198Z DEBUG awase_windows::tsf::gji_monitor: [gji-io] WRITE: w_ops=+2 w_KB=+0.0 (r_ops=+4 x_ops=+4 x_KB=+0.0)
2026-09-19T23:12:31.539225Z DEBUG awase_windows::runtime::key_pipeline: [engine-input] vk=0x1D KeyUp ts=35768289us delay=0ms state=Idle mods(c=false s=false a=false w=false) gas_ctrl=false phys_ctrl=false extra=0x5350494B pending_drain=0 gate_active=false l_thumb=None r_thumb=None [diag-ctx] ime_on=
2026-09-19T23:12:31.539270Z DEBUG awase::engine::engine: [diag-engine-active] ime_on=true なのに非活性: reason=Inactive(NotRomajiInput) romaji_capable=false japanese=true user_enabled=true was_active=false input_mode=ObservedEisu
2026-09-19T23:12:31.539337Z DEBUG awase::journal: key input seq=245 elapsed_ms=35768 vk_code=29 is_down=false injected=false key_class="LeftThumb" state_before="Idle" state_after="Idle" decision="PassThrough" physical="Allow" repeat_count=1 last_timestamp_us=35768289 last_elapsed_ms=0
2026-09-19T23:12:31.539475Z DEBUG execute_one{generation=None}: awase_windows::runtime::executor: [reinject] vk=0x1d up (queued passthrough now firing)
2026-09-19T23:12:32.104266Z DEBUG awase_windows::runtime::key_pipeline: [engine-input] vk=0x4B KeyDown ts=36333056us delay=0ms state=Idle mods(c=false s=false a=false w=false) gas_ctrl=false phys_ctrl=false extra=0x5350494B pending_drain=0 gate_active=false l_thumb=None r_thumb=None [diag-ctx] ime_o
2026-09-19T23:12:32.104368Z DEBUG awase::engine::engine: [diag-engine-active] ime_on=true なのに非活性: reason=Inactive(NotRomajiInput) romaji_capable=false japanese=true user_enabled=true was_active=false input_mode=ObservedEisu
2026-09-19T23:12:32.104509Z DEBUG awase::journal: key input seq=246 elapsed_ms=36333 vk_code=75 is_down=true injected=false key_class="Char" state_before="Idle" state_after="Idle" decision="PassThrough" physical="Allow" repeat_count=1 last_timestamp_us=36333056 last_elapsed_ms=0
2026-09-19T23:12:32.104789Z DEBUG execute_one{generation=None}: awase_windows::runtime::executor: [reinject] vk=0x4b down (queued passthrough now firing)
2026-09-19T23:12:32.116290Z DEBUG awase_windows::tsf::gji_monitor: [gji-io] WRITE: w_ops=+2 w_KB=+0.4 (r_ops=+4 x_ops=+4 x_KB=+0.0)
2026-09-19T23:12:32.135760Z  INFO awase_windows::tsf::win_event_obs: [gji-obs] candidate SHOW #10: last_gji_write=16ms ago
2026-09-19T23:12:32.290138Z DEBUG awase_windows::runtime::key_pipeline: [engine-input] vk=0x4B KeyUp ts=36519205us delay=0ms state=Idle mods(c=false s=false a=false w=false) gas_ctrl=false phys_ctrl=false extra=0x5350494B pending_drain=0 gate_active=false l_thumb=None r_thumb=None [diag-ctx] ime_on=
2026-09-19T23:12:32.290185Z DEBUG awase::engine::engine: [diag-engine-active] ime_on=true なのに非活性: reason=Inactive(NotRomajiInput) romaji_capable=false japanese=true user_enabled=true was_active=false input_mode=ObservedEisu
2026-09-19T23:12:32.290256Z DEBUG awase::journal: key input seq=247 elapsed_ms=36519 vk_code=75 is_down=false injected=false key_class="Char" state_before="Idle" state_after="Idle" decision="PassThrough" physical="Allow" repeat_count=1 last_timestamp_us=36519205 last_elapsed_ms=0
2026-09-19T23:12:32.290445Z DEBUG execute_one{generation=None}: awase_windows::runtime::executor: [reinject] vk=0x4b up (queued passthrough now firing)
2026-09-19T23:12:32.294336Z DEBUG awase_windows::platform: [gji-fsm] StartComposition (candidate SHOW)
2026-09-19T23:12:32.294369Z DEBUG gji_on_event{event=StartComposition}: awase_windows::tsf::gji_fsm: [gji-fsm] StartComposition: OnWarm → OnComposing(AlreadyWarm)
2026-09-19T23:12:32.294473Z DEBUG awase::journal: gji fsm transition seq=248 elapsed_ms=36523 trigger="StartComposition(candidate SHOW)" state_before="OnWarm" state_after="OnComposing(Warm)"
2026-09-19T23:12:32.603631Z DEBUG awase_windows::runtime::key_pipeline: [engine-input] vk=0x1B KeyDown ts=36832598us delay=0ms state=Idle mods(c=false s=false a=false w=false) gas_ctrl=false phys_ctrl=false extra=0x5350494B pending_drain=0 gate_active=false l_thumb=None r_thumb=None [diag-ctx] ime_o
2026-09-19T23:12:32.603683Z DEBUG awase::engine::engine: [diag-engine-active] ime_on=true なのに非活性: reason=Inactive(NotRomajiInput) romaji_capable=false japanese=true user_enabled=true was_active=false input_mode=ObservedEisu
2026-09-19T23:12:32.603757Z DEBUG awase::journal: key input seq=249 elapsed_ms=36832 vk_code=27 is_down=true injected=false key_class="Passthrough" state_before="Idle" state_after="Idle" decision="PassThrough" physical="Allow" repeat_count=1 last_timestamp_us=36832598 last_elapsed_ms=0
2026-09-19T23:12:32.603858Z DEBUG execute_from_hook: awase_windows::runtime::executor: [relay-passthrough] PassThrough idle: direct OS pass-through (vk=0x1b down)
2026-09-19T23:12:32.604701Z DEBUG execute_one{generation=None}: awase_windows::runtime::executor: [reinject] vk=0x1b down (queued passthrough now firing)
2026-09-19T23:12:32.633278Z  INFO awase_windows::tsf::win_event_obs: [gji-obs] candidate HIDE: last_gji_write=516ms ago
2026-09-19T23:12:32.633429Z DEBUG awase_windows::tsf::gji_monitor: [gji-io] WRITE: w_ops=+2 w_KB=+0.4 (r_ops=+4 x_ops=+4 x_KB=+0.0)
2026-09-19T23:12:32.793889Z DEBUG awase_windows::runtime::key_pipeline: [engine-input] vk=0x1B KeyUp ts=37022874us delay=0ms state=Idle mods(c=false s=false a=false w=false) gas_ctrl=false phys_ctrl=false extra=0x5350494B pending_drain=0 gate_active=false l_thumb=None r_thumb=None [diag-ctx] ime_on=
2026-09-19T23:12:32.793919Z DEBUG awase::engine::engine: [diag-engine-active] ime_on=true なのに非活性: reason=Inactive(NotRomajiInput) romaji_capable=false japanese=true user_enabled=true was_active=false input_mode=ObservedEisu
2026-09-19T23:12:32.793992Z DEBUG awase::journal: key input seq=250 elapsed_ms=37023 vk_code=27 is_down=false injected=false key_class="Passthrough" state_before="Idle" state_after="Idle" decision="PassThrough" physical="Allow" repeat_count=1 last_timestamp_us=37022874 last_elapsed_ms=0
2026-09-19T23:12:32.794044Z DEBUG execute_from_hook: awase_windows::runtime::executor: [relay-passthrough] PassThrough idle: direct OS pass-through (vk=0x1b up)
2026-09-19T23:12:32.794084Z DEBUG execute_one{generation=None}: awase_windows::runtime::executor: [reinject] vk=0x1b up (queued passthrough now firing)
2026-09-19T23:12:32.797119Z DEBUG awase_windows::platform: [gji-fsm] EndComposition (candidate HIDE) epoch=FocusEpoch(10)
2026-09-19T23:12:32.797258Z DEBUG awase::journal: gji fsm transition seq=251 elapsed_ms=37026 trigger="EndComposition(candidate HIDE, epoch=FocusEpoch(10))" state_before="OnComposing(Warm)" state_after="OnWarm"
2026-09-19T23:12:34.554727Z DEBUG awase_windows::hook: [hook] IME-mode vk=0xF0 up self_injected=false injected=false scan=0x70 extra=0x5350494B since_actuation_us=Some(38683929)
2026-09-19T23:12:34.554953Z DEBUG awase::journal: hook ime-mode diagnostic seq=252 elapsed_ms=38784 vk_code=240 is_down=false self_injected=false injected=false scan=112
2026-09-19T23:12:34.555212Z DEBUG awase_windows::hook: [hook] IME-mode vk=0xF2 down self_injected=false injected=false scan=0x70 extra=0x5350494B since_actuation_us=Some(38684428)
2026-09-19T23:12:34.555427Z DEBUG awase_windows::runtime::key_pipeline: [engine-input] vk=0xF0 KeyUp ts=38784238us delay=0ms state=Idle mods(c=false s=false a=false w=false) gas_ctrl=false phys_ctrl=false extra=0x5350494B pending_drain=0 gate_active=false l_thumb=None r_thumb=None [diag-ctx] ime_on=
2026-09-19T23:12:34.555513Z DEBUG awase::engine::engine: [diag-engine-active] ime_on=true なのに非活性: reason=Inactive(NotRomajiInput) romaji_capable=false japanese=true user_enabled=true was_active=false input_mode=ObservedEisu
2026-09-19T23:12:34.555755Z DEBUG awase::journal: key input seq=253 elapsed_ms=38784 vk_code=240 is_down=false injected=false key_class="Passthrough" state_before="Idle" state_after="Idle" decision="PassThrough" physical="Suppress" repeat_count=1 last_timestamp_us=38784238 last_elapsed_ms=0
2026-09-19T23:12:34.555838Z DEBUG awase_windows::runtime::key_pipeline: [imm-cross] key suppress vk=0xf0 KeyUp (physical disposition)
2026-09-19T23:12:34.555953Z DEBUG awase::journal: hook ime-mode diagnostic seq=254 elapsed_ms=38785 vk_code=242 is_down=true self_injected=false injected=false scan=112
2026-09-19T23:12:34.556103Z  INFO awase_windows::runtime::key_pipeline: [shadow-toggle] intent 昇格: vk=0xF2 scan=0x70 action=TurnOn kind=PhysicalImeKey injected=false true→true w_ops0=110011 x_ops0=243751 x_KB0=23.5
2026-09-19T23:12:34.556171Z DEBUG awase::journal: ime event seq=255 elapsed_ms=38785 event_kind="UserImeSetIntent"
2026-09-19T23:12:34.556210Z DEBUG awase_windows::runtime::key_pipeline: [shadow-toggle] no-op: vk=0xF2 action=TurnOn source=PhysicalImeKey effective_open は既に true → apply-ime 見送り
2026-09-19T23:12:34.556259Z DEBUG awase::journal: ime event seq=256 elapsed_ms=38785 event_kind="InputModeApplied"
2026-09-19T23:12:34.556284Z  INFO awase_windows::runtime::key_pipeline: [shadow-toggle] TurnOn (IME既にopen) + ObservedEisu → AssumedRomaji に リセット (UserTurnOnEisuReset)
2026-09-19T23:12:34.556318Z DEBUG awase_windows::runtime::key_pipeline: [engine-input] vk=0xF2 KeyDown ts=38784642us delay=0ms state=Idle mods(c=false s=false a=false w=false) gas_ctrl=false phys_ctrl=false extra=0x5350494B pending_drain=0 gate_active=false l_thumb=None r_thumb=None [diag-ctx] ime_o
2026-09-19T23:12:34.556369Z  INFO awase::engine::engine: Engine activated (ime=true, romaji=true, japanese=true, user=true, reason=Active)
2026-09-19T23:12:34.556470Z DEBUG awase::journal: key input seq=257 elapsed_ms=38785 vk_code=242 is_down=true injected=false key_class="Passthrough" state_before="Idle" state_after="Idle" decision="PassThroughWith" physical="Allow" repeat_count=1 last_timestamp_us=38784642 last_elapsed_ms=0
2026-09-19T23:12:34.556553Z DEBUG awase::journal: ime event seq=258 elapsed_ms=38785 event_kind="EngineActivationSync"
2026-09-19T23:12:34.556605Z DEBUG awase::journal: ime event seq=259 elapsed_ms=38785 event_kind="ImeApplyRequested"
2026-09-19T23:12:34.556631Z  INFO awase_windows::runtime::key_pipeline: IME control: preconditions.ime_on = true (SetOpenRequest, origin=ActivationSync), was_open_before=true last_intent_before=Some(true) poll suspended
2026-09-19T23:12:34.556722Z DEBUG awase_windows::runtime::key_pipeline: may_change_ime key passed through → IME refresh scheduled (20ms)
2026-09-19T23:12:34.556780Z DEBUG execute_from_hook: awase_windows::runtime::executor: [relay-flush] PassThroughWith: queue 2 effect(s) + reinject (vk=0xf2 down)
2026-09-19T23:12:34.557669Z DEBUG execute_one{generation=Some(ApplyGeneration(5))}:dispatch_ime_set_open{open=true generation=Some(ApplyGeneration(5))}: awase_windows::runtime::executor: [dispatch-ime] ImmCross async: optimistic applied_snapshot=true (suppress send_engine_state_ime_key)
2026-09-19T23:12:34.560244Z DEBUG execute_one{generation=Some(ApplyGeneration(5))}: awase_windows::platform: [engine-state-key] skipped (apply_ime_open aligned ime=true, profile=Standard)
2026-09-19T23:12:34.560396Z DEBUG execute_one{generation=Some(ApplyGeneration(5))}: awase_windows::runtime::executor: [reinject] vk=0xf2 down (queued passthrough now firing)
2026-09-19T23:12:34.560935Z DEBUG awase_windows::hook: [hook] IME-mode vk=0xF0 up self_injected=true injected=false scan=0x0 extra=0x4B45594D since_actuation_us=Some(38690149)
2026-09-19T23:12:34.569121Z DEBUG awase_windows::hook: [hook] IME-mode vk=0xF2 down self_injected=true injected=true scan=0x0 extra=0x4B45594D since_actuation_us=Some(38698317)
2026-09-19T23:12:34.573833Z DEBUG awase::journal: hook ime-mode diagnostic seq=260 elapsed_ms=38802 vk_code=240 is_down=false self_injected=true injected=false scan=0
2026-09-19T23:12:34.574002Z DEBUG awase::journal: hook ime-mode diagnostic seq=261 elapsed_ms=38803 vk_code=242 is_down=true self_injected=true injected=true scan=0
2026-09-19T23:12:34.574375Z DEBUG run_open_chain_async: awase_windows::ime_controller: [warrant-shadow] chain=async open=true origin=EventOrigin { source: SelfActuated { strategy: "engine_decision_async" }, epoch: Generation(0) } warranted
2026-09-19T23:12:34.574465Z  INFO run_open_chain_async:imm_cross_write{open=true}: awase_windows::runtime::open_chain: [apply-ime] ImmCross async: open=true composition_active=false show_seq=0 change_seq=0 (issue #138診断)
2026-09-19T23:12:34.581794Z DEBUG awase_windows::tsf::gji_monitor: [gji-io] WRITE: w_ops=+2 w_KB=+0.0 (r_ops=+4 x_ops=+4 x_KB=+0.0)
2026-09-19T23:12:34.582124Z DEBUG awase_windows::shadow_send_trace: [shadow-send] channel=ImeControl cmd=0x0006 lparam=1 issue_us=38810020
2026-09-19T23:12:34.582152Z DEBUG awase_windows::ime: set_ime_open_for_target: hwnd=HWND(0xf7125c) ime_wnd=HWND(0x8103f8) open=true success=true send_elapsed=1ms candidate_visible=false
2026-09-19T23:12:34.582678Z DEBUG run_open_chain_async:imm_cross_write{open=true}: awase_windows::ime: [imm-cross-actuate] hwnd=HWND(0xf7125c) open=Written conv=Some(Written)
2026-09-19T23:12:34.582758Z DEBUG run_open_chain_async:imm_cross_write{open=true}: awase_windows::runtime::open_chain: [apply-ime] ROMAN 補完結果: Written
2026-09-19T23:12:34.582836Z DEBUG run_open_chain_async: awase::journal: actuation decision seq=262 elapsed_ms=38812 site="DispatchImeSetOpen" caller="None" open=true chain_len=4 attempts_len=1 gate_profile="Standard" gate_kind="Gji" gate_shadow_known=true gate_shadow_on=true gate_input_mode="Assumed
2026-09-19T23:12:34.590062Z DEBUG on_ime_apply_complete{open=true outcome=AppliedWithoutSendInput generation=Some(ApplyGeneration(5)) reason=EngineDecision}: awase::journal: ime open applied seq=263 elapsed_ms=38819 open=true outcome="AppliedWithoutSendInput" reason="EngineDecision"
2026-09-19T23:12:34.594915Z DEBUG on_ime_apply_complete{open=true outcome=AppliedWithoutSendInput generation=Some(ApplyGeneration(5)) reason=EngineDecision}: awase::journal: ime event seq=264 elapsed_ms=38824 event_kind="ImeApplySucceeded"
2026-09-19T23:12:34.595018Z DEBUG on_ime_apply_complete{open=true outcome=AppliedWithoutSendInput generation=Some(ApplyGeneration(5)) reason=EngineDecision}: awase_windows::tsf::ime_mode_fsm: [ime-mode] SetOpen(true) applied → Hiragana (belief, unconfirmed)
2026-09-19T23:12:34.595071Z DEBUG on_ime_apply_complete{open=true outcome=AppliedWithoutSendInput generation=Some(ApplyGeneration(5)) reason=EngineDecision}: awase_windows::platform: [composition] ImeEffect::SetOpen(true) → marking cold
2026-09-19T23:12:34.595143Z DEBUG on_ime_apply_complete{open=true outcome=AppliedWithoutSendInput generation=Some(ApplyGeneration(5)) reason=EngineDecision}: awase_windows::tsf::probe: [composition] marked cold reason=SetOpenTrue idle=11781ms → next VK/TSF output will send VK_DBE_HIRAGANA warmup
2026-09-19T23:12:34.595571Z DEBUG on_ime_apply_complete{open=true outcome=AppliedWithoutSendInput generation=Some(ApplyGeneration(5)) reason=EngineDecision}:gji_on_event{event=ImeOn { injection_mode: Unicode, gji_idle_ms: 15 }}: awase_windows::tsf::gji_fsm: [gji-fsm] ImeOn: already on (OnWarm), igno
2026-09-19T23:12:34.596861Z DEBUG awase::journal: gji fsm transition seq=265 elapsed_ms=38825 trigger="ImeOn(gji_idle_ms=15)" state_before="OnWarm" state_after="OnWarm"
2026-09-19T23:12:34.630804Z DEBUG awase_windows::runtime::ime_refresh: Explicit intent: bypassing typing-idle guard for IME verify (idle=62ms)
2026-09-19T23:12:34.630860Z DEBUG awase_windows::observer::ime_observer: IME snapshot: japanese=Some(true) ime_on=Some(true) romaji=Some(true) conv=Some("0x00000019") guard=false
2026-09-19T23:12:34.630946Z DEBUG awase::journal: ime event seq=266 elapsed_ms=38860 event_kind="ObserverReported"
2026-09-19T23:12:34.630976Z DEBUG awase::journal: ime event seq=267 elapsed_ms=38860 event_kind="InputModeObserved"
2026-09-19T23:12:35.235810Z DEBUG awase_windows::runtime::key_pipeline: [engine-input] vk=0x4B KeyDown ts=39464877us delay=0ms state=Idle mods(c=false s=false a=false w=false) gas_ctrl=false phys_ctrl=false extra=0x5350494B pending_drain=0 gate_active=false l_thumb=None r_thumb=None [diag-ctx] ime_o
2026-09-19T23:12:35.235937Z DEBUG awase::journal: key input seq=268 elapsed_ms=39465 vk_code=75 is_down=true injected=false key_class="Char" state_before="Idle" state_after="PendingChar(vk=0x4B)" decision="Consume" physical="Allow" repeat_count=1 last_timestamp_us=39464877 last_elapsed_ms=0
2026-09-19T23:12:35.343643Z DEBUG execute_from_loop:execute_one{generation=None}: awase_windows::output: send_keys: mode=Unicode actions=[Char('き')] prev_elapsed=12531ms
2026-09-19T23:12:35.343769Z DEBUG execute_from_loop:execute_one{generation=None}: awase_windows::tsf::probe: [mark-send] last_send_ms=335589390
2026-09-19T23:12:35.343804Z DEBUG execute_from_loop:execute_one{generation=None}: awase_windows::output:   → Char('き') via Unicode
2026-09-19T23:12:35.345637Z DEBUG execute_from_loop:execute_one{generation=None}: awase_windows::tsf::probe: [mark-send] last_send_ms=335589390
2026-09-19T23:12:35.357576Z DEBUG awase_windows::tsf::gji_monitor: [gji-io] WRITE: w_ops=+2 w_KB=+0.3 (r_ops=+4 x_ops=+4 x_KB=+0.0)
2026-09-19T23:12:35.383258Z  INFO awase_windows::tsf::win_event_obs: [gji-obs] candidate SHOW #11: last_gji_write=31ms ago
2026-09-19T23:12:35.461792Z DEBUG awase_windows::runtime::key_pipeline: [engine-input] vk=0x4B KeyUp ts=39690807us delay=0ms state=Idle mods(c=false s=false a=false w=false) gas_ctrl=false phys_ctrl=false extra=0x5350494B pending_drain=0 gate_active=false l_thumb=None r_thumb=None [diag-ctx] ime_on=
2026-09-19T23:12:35.461902Z DEBUG awase::journal: key input seq=270 elapsed_ms=39691 vk_code=75 is_down=false injected=false key_class="Char" state_before="Idle" state_after="Idle" decision="Consume" physical="Allow" repeat_count=1 last_timestamp_us=39690807 last_elapsed_ms=0
2026-09-19T23:12:35.461980Z DEBUG execute_one{generation=None}: awase_windows::output: send_keys: mode=Unicode actions=[Suppress] prev_elapsed=125ms
2026-09-19T23:12:35.461997Z DEBUG execute_one{generation=None}: awase_windows::tsf::probe: [mark-send] last_send_ms=335589515
2026-09-19T23:12:35.462005Z DEBUG execute_one{generation=None}: awase_windows::output:   → Suppress
2026-09-19T23:12:35.462010Z DEBUG execute_one{generation=None}: awase_windows::tsf::probe: [mark-send] last_send_ms=335589515
2026-09-19T23:12:35.462033Z DEBUG execute_one{generation=None}: awase_windows::platform: [gji-fsm] StartComposition (candidate SHOW)
2026-09-19T23:12:35.462045Z DEBUG execute_one{generation=None}:gji_on_event{event=StartComposition}: awase_windows::tsf::gji_fsm: [gji-fsm] StartComposition: OnWarm → OnComposing(AlreadyWarm)
2026-09-19T23:12:35.462104Z DEBUG awase::journal: gji fsm transition seq=271 elapsed_ms=39691 trigger="StartComposition(candidate SHOW)" state_before="OnWarm" state_after="OnComposing(Warm)"
2026-09-19T23:12:35.734569Z DEBUG awase_windows::runtime::key_pipeline: [engine-input] vk=0x1B KeyDown ts=39963635us delay=0ms state=Idle mods(c=false s=false a=false w=false) gas_ctrl=false phys_ctrl=false extra=0x5350494B pending_drain=0 gate_active=false l_thumb=None r_thumb=None [diag-ctx] ime_o
2026-09-19T23:12:35.734681Z DEBUG awase::journal: key input seq=272 elapsed_ms=39963 vk_code=27 is_down=true injected=false key_class="Passthrough" state_before="Idle" state_after="Idle" decision="PassThrough" physical="Allow" repeat_count=1 last_timestamp_us=39963635 last_elapsed_ms=0
2026-09-19T23:12:35.734776Z DEBUG execute_from_hook: awase_windows::runtime::executor: [relay-passthrough] PassThrough idle: direct OS pass-through (vk=0x1b down)
2026-09-19T23:12:35.734859Z DEBUG execute_one{generation=None}: awase_windows::runtime::executor: [reinject] vk=0x1b down (queued passthrough now firing)
2026-09-19T23:12:35.747776Z DEBUG awase_windows::tsf::gji_monitor: [gji-io] WRITE: w_ops=+2 w_KB=+0.3 (r_ops=+4 x_ops=+4 x_KB=+0.0)
2026-09-19T23:12:35.748438Z  INFO awase_windows::tsf::win_event_obs: [gji-obs] candidate HIDE: last_gji_write=0ms ago
2026-09-19T23:12:35.917260Z DEBUG awase_windows::runtime::key_pipeline: [engine-input] vk=0x1B KeyUp ts=40146357us delay=0ms state=Idle mods(c=false s=false a=false w=false) gas_ctrl=false phys_ctrl=false extra=0x5350494B pending_drain=0 gate_active=false l_thumb=None r_thumb=None [diag-ctx] ime_on=
2026-09-19T23:12:35.917361Z DEBUG awase::journal: key input seq=273 elapsed_ms=40146 vk_code=27 is_down=false injected=false key_class="Passthrough" state_before="Idle" state_after="Idle" decision="PassThrough" physical="Allow" repeat_count=1 last_timestamp_us=40146357 last_elapsed_ms=0
2026-09-19T23:12:35.917453Z DEBUG execute_from_hook: awase_windows::runtime::executor: [relay-passthrough] PassThrough idle: direct OS pass-through (vk=0x1b up)
2026-09-19T23:12:35.917524Z DEBUG execute_one{generation=None}: awase_windows::runtime::executor: [reinject] vk=0x1b up (queued passthrough now firing)
2026-09-19T23:12:35.924439Z DEBUG awase_windows::platform: [gji-fsm] EndComposition (candidate HIDE) epoch=FocusEpoch(11)
2026-09-19T23:12:35.924723Z DEBUG awase::journal: gji fsm transition seq=274 elapsed_ms=40153 trigger="EndComposition(candidate HIDE, epoch=FocusEpoch(11))" state_before="OnComposing(Warm)" state_after="OnWarm"
2026-09-19T23:12:39.262216Z DEBUG awase_windows::tsf::gji_monitor: [gji-io] WRITE: w_ops=+1 w_KB=+0.0 (r_ops=+2 x_ops=+2 x_KB=+0.0)
2026-09-19T23:12:39.293647Z DEBUG awase_windows::tsf::gji_monitor: [gji-io] r_ops=+0 w_ops=+0 x_ops=+4 read_KB=+0.0 x_KB=+0.0
2026-09-19T23:12:39.299523Z DEBUG awase_windows::runtime: [focus-sync] hwnd=0x3042C class="CASCADIA_HOSTING_WINDOW_CLASS" app_kind=Win32 hint=ForceTsf → mode=Tsf
2026-09-19T23:12:39.299585Z DEBUG awase_windows::runtime: [focus-sync] belief=ON かつ実状態を問い合わせられないプロファイル (profile=Imm32Unavailable) → 次の入力で再プライムするため cold mark
2026-09-19T23:12:39.299604Z DEBUG awase_windows::tsf::probe: [composition] marked cold reason=FocusChange idle=3828ms → next VK/TSF output will send VK_DBE_HIRAGANA warmup
2026-09-19T23:12:39.299631Z DEBUG awase_windows::tsf::tsf_gate: [tsf-gate] focus change → PendingWarmup (held cleared)
2026-09-19T23:12:39.305907Z DEBUG awase_windows::runtime: [focus-sync] hwnd=0x30580 class="Windows.UI.Composition.DesktopWindowContentBridge" app_kind=Win32 hint=Default → mode=Unicode
2026-09-19T23:12:39.306036Z DEBUG awase_windows::output: [tsf-gate] focus change while PendingWarmup — held バッファを保持して再初期化スキップ (Chrome等の連続フォーカスイベント対策)
2026-09-19T23:12:39.308998Z DEBUG awase_windows::tsf::gji_monitor: [gji-io] r_ops=+0 w_ops=+0 x_ops=+2 read_KB=+0.0 x_KB=+0.0
2026-09-19T23:12:39.310496Z DEBUG awase_windows::runtime: [focus-sync] hwnd=0x5058A class="Windows.UI.Input.InputSite.WindowClass" app_kind=Uwp hint=ForceTsf → mode=Tsf
2026-09-19T23:12:39.310542Z DEBUG awase_windows::runtime: [focus-sync] belief=ON かつ実状態を問い合わせられないプロファイル (profile=TsfNative) → 次の入力で再プライムするため cold mark
2026-09-19T23:12:39.310568Z DEBUG awase_windows::tsf::probe: [composition] marked cold reason=FocusChange idle=3844ms → next VK/TSF output will send VK_DBE_HIRAGANA warmup
2026-09-19T23:12:39.310593Z DEBUG awase_windows::output: [tsf-gate] focus change while PendingWarmup — held バッファを保持して再初期化スキップ (Chrome等の連続フォーカスイベント対策)
2026-09-19T23:12:39.324332Z DEBUG awase_windows::tsf::gji_monitor: [gji-io] WRITE: w_ops=+3 w_KB=+576.4 (r_ops=+0 x_ops=+89 x_KB=+0.0)
2026-09-19T23:12:39.375906Z  INFO apply_focus_probe_result: awase_windows::runtime::focus_tracking: AppKind changed: Win32 → Uwp (class=Windows.UI.Input.InputSite.WindowClass)
2026-09-19T23:12:39.380209Z DEBUG apply_focus_probe_result: awase_windows::runtime::focus_tracking: Focus kind changed: TextInput → Undetermined (reason=Undetermined)
2026-09-19T23:12:39.380516Z DEBUG apply_focus_probe_result: awase::journal: focus transition seq=275 elapsed_ms=43609 changed_process=true changed_window=true changed_app_kind=true changed_focus_kind=true dwell_ms=35984 profile="TsfNative"
2026-09-19T23:12:39.380827Z  INFO apply_focus_probe_result: awase_windows::runtime::focus_tracking: FocusChange [19104→19612] Windows.UI.Input.InputSite.WindowClass: stale ime_on=true intent=Some(true) mode=ObservedRomaji japanese=true
2026-09-19T23:12:39.380857Z DEBUG apply_focus_probe_result: awase_windows::tsf::probe: [composition] focus changed → marked cold
2026-09-19T23:12:39.380883Z DEBUG apply_focus_probe_result: awase_windows::runtime: [keymap] active rules recomputed: 0 rule(s) for process="windowsterminal.exe"
2026-09-19T23:12:39.380903Z DEBUG apply_focus_probe_result: awase_windows::runtime::focus_tracking: [keymap] active rules updated on focus change: 0 rule(s) (hwnd=HWND(0x5058a) kind=Undetermined focus_epoch=3)
2026-09-19T23:12:39.380950Z DEBUG apply_focus_probe_result:reduce: awase_windows::state::ime_model: [explicit-intent] cleared (focus change)
2026-09-19T23:12:39.380990Z DEBUG apply_focus_probe_result: awase::journal: ime event seq=276 elapsed_ms=43610 event_kind="FocusChanged"
2026-09-19T23:12:39.381052Z DEBUG apply_focus_probe_result: awase_windows::runtime::focus_tracking: [focus] TsfNative/SSOT: cache restore スキップ (desired_open=true cache_hwnd=Some(329098) new_hwnd=329098) — 最初のキー入力で dispatch_ime が apply
2026-09-19T23:12:39.381327Z DEBUG awase_windows::runtime::ime_refresh: Skipping IMM query for known-broken class (shadow state SSOT)
2026-09-19T23:12:39.381344Z DEBUG awase_windows::observer::gji_observer: [gji-poll] GJI I/O 46ms ago predates focus change (46ms before focus) → skipped
2026-09-19T23:12:39.381366Z DEBUG awase_windows::runtime::ime_refresh: [composition] focus change → marking cold
2026-09-19T23:12:39.381378Z DEBUG awase_windows::tsf::probe: [composition] marked cold reason=FocusChange idle=3906ms → next VK/TSF output will send VK_DBE_HIRAGANA warmup
2026-09-19T23:12:39.381434Z DEBUG gji_on_event{event=FocusChange { injection_mode: Tsf, gji_idle_ms: 46 }}: awase_windows::tsf::gji_fsm: [gji-fsm] FocusChange gji_idle=46ms → Short
2026-09-19T23:12:39.381558Z DEBUG awase_windows::platform: [gji-fsm] StartProbe probe_id=ProbeId(3) forces_f2=false long=false
2026-09-19T23:12:39.381588Z DEBUG awase_windows::tsf::ime_mode_fsm: [ime-mode] FocusChange → Unknown
2026-09-19T23:12:39.381634Z DEBUG awase::journal: gji fsm transition seq=277 elapsed_ms=43610 trigger="FocusChange(gji_idle_ms=46)" state_before="OnWarm" state_after="OnCold(Short)"
2026-09-19T23:12:39.381655Z DEBUG awase::journal: tsf probe started seq=278 elapsed_ms=43610 source="GjiAction::StartProbe" cold_seq=1 probe_id=3 probe_id_present=true gji_state="OnCold(Short)" consecutive_at_start=0 pending_deferred_len=0
2026-09-19T23:12:39.381728Z DEBUG awase_windows::shadow_send_trace: [shadow-send] channel=SendInput kind=tsf_marker_warmup vk=[16] issue_us=43611028
2026-09-19T23:12:39.381946Z DEBUG awase_windows::hook: [hook] IME-mode vk=0x16 down self_injected=true injected=true scan=0xF2 extra=0x4B455946 since_actuation_us=Some(233)
2026-09-19T23:12:39.386239Z DEBUG awase_windows::hook: [hook] IME-mode vk=0x16 up self_injected=true injected=true scan=0xF2 extra=0x4B455946 since_actuation_us=Some(4515)
2026-09-19T23:12:39.389079Z  INFO awase_windows::output: [tsf-eager-warmup] VK_IME_ON 送信 (origin=gated), eager_warmup_sent_ms=335593437ms
2026-09-19T23:12:39.389126Z DEBUG awase_windows::runtime::ime_refresh: [composition] FocusChange: send_eager_tsf_warmup called (ime_on via warmup_ime_on())
2026-09-19T23:12:39.389872Z DEBUG awase_windows::platform: [ime-mode] FocusProbe: GJI actuation との交錯を検知 → hint更新をabandon
2026-09-19T23:12:39.389989Z DEBUG awase::journal: hook ime-mode diagnostic seq=279 elapsed_ms=43619 vk_code=22 is_down=true self_injected=true injected=true scan=242
2026-09-19T23:12:39.390092Z DEBUG awase::journal: hook ime-mode diagnostic seq=280 elapsed_ms=43619 vk_code=22 is_down=false self_injected=true injected=true scan=242
2026-09-19T23:12:39.402308Z DEBUG awase_windows::tsf::gji_monitor: [gji-io] WRITE: w_ops=+1 w_KB=+0.0 (r_ops=+2 x_ops=+2 x_KB=+0.0)
2026-09-19T23:12:46.059797Z DEBUG awase_windows::runtime::key_pipeline: [engine-input] vk=0x08 KeyDown ts=50288822us delay=0ms state=Idle mods(c=false s=false a=false w=false) gas_ctrl=false phys_ctrl=false extra=0x0 pending_drain=0 gate_active=false l_thumb=None r_thumb=None [diag-ctx] ime_on=true 
2026-09-19T23:12:46.059882Z DEBUG awase::journal: key input seq=281 elapsed_ms=50289 vk_code=8 is_down=true injected=false key_class="Passthrough" state_before="Idle" state_after="Idle" decision="PassThrough" physical="Allow" repeat_count=1 last_timestamp_us=50288822 last_elapsed_ms=0
2026-09-19T23:12:46.059945Z DEBUG execute_from_hook: awase_windows::runtime::executor: [relay-passthrough] PassThrough idle: direct OS pass-through (vk=0x08 down)
2026-09-19T23:12:46.060130Z DEBUG execute_one{generation=None}: awase_windows::runtime::executor: [reinject] vk=0x08 down (queued passthrough now firing)
2026-09-19T23:12:46.062170Z DEBUG awase_windows::ime: [idle-conv-check-diag] focused_hwnd=HWND(0x5058a) ime_wnd=Some(HWND(0x2054e))
2026-09-19T23:12:46.067915Z DEBUG awase_windows::ime: [idle-conv-check-diag] focused_hwnd=HWND(0x5058a) ime_wnd=Some(HWND(0x2054e))
2026-09-19T23:12:46.071291Z DEBUG awase_windows::runtime::key_pipeline: [focus-conv-check] TsfNative: conv=0x00000019 読み取り（belief 更新なし、フォーカス変更直後の値はユーザー意図の signal ではないため idle-conv-check に一任）
2026-09-19T23:12:46.071332Z  INFO awase_windows::runtime::key_pipeline: FocusProbe +0ms: ime_on=true(shadow) mode=ObservedRomaji [ime=GoogleJapaneseInput sig1=false gji_io=6656ms sig2=false]
2026-09-19T23:12:46.071342Z DEBUG awase_windows::runtime::key_pipeline: FocusProbe: TsfNative/Imm32Unavailable — 観測不能のため記録は行わず、shadow 値 true を guard 解除判定にのみ使用 [probe_age=0ms]
2026-09-19T23:12:46.071429Z DEBUG awase::journal: conv classify call seq=282 elapsed_ms=50300 conv=25 is_cold=false effective_open=true conv_mode_changed=false is_roman_reliable=false
2026-09-19T23:12:46.071469Z DEBUG awase_windows::runtime::key_pipeline: [idle-conv-check] TsfNative: conv=0x00000019 → belief ObservedRomaji 変更なし
2026-09-19T23:12:46.080263Z DEBUG awase_windows::tsf::gji_monitor: [gji-io] WRITE: w_ops=+1 w_KB=+0.0 (r_ops=+2 x_ops=+2 x_KB=+0.0)
2026-09-19T23:12:46.563557Z DEBUG awase_windows::runtime::key_pipeline: [engine-input] vk=0x08 KeyDown ts=50792589us delay=0ms state=Idle mods(c=false s=false a=false w=false) gas_ctrl=false phys_ctrl=false extra=0x0 pending_drain=0 gate_active=false l_thumb=None r_thumb=None [diag-ctx] ime_on=true 
2026-09-19T23:12:46.563671Z DEBUG awase::journal: key input seq=283 elapsed_ms=50792 vk_code=8 is_down=true injected=false key_class="Passthrough" state_before="Idle" state_after="Idle" decision="PassThrough" physical="Allow" repeat_count=1 last_timestamp_us=50792589 last_elapsed_ms=0
2026-09-19T23:12:46.563754Z DEBUG execute_from_hook: awase_windows::runtime::executor: [relay-passthrough] PassThrough idle: direct OS pass-through (vk=0x08 down)
2026-09-19T23:12:46.563959Z DEBUG execute_one{generation=None}: awase_windows::runtime::executor: [reinject] vk=0x08 down (queued passthrough now firing)
2026-09-19T23:12:46.567609Z DEBUG awase_windows::ime: [idle-conv-check-diag] focused_hwnd=HWND(0x5058a) ime_wnd=Some(HWND(0x2054e))
2026-09-19T23:12:46.569322Z DEBUG awase::journal: conv classify call seq=284 elapsed_ms=50798 conv=25 is_cold=false effective_open=true conv_mode_changed=false is_roman_reliable=false
2026-09-19T23:12:46.569359Z DEBUG awase_windows::runtime::key_pipeline: [idle-conv-check] TsfNative: conv=0x00000019 → belief ObservedRomaji 変更なし
2026-09-19T23:12:46.581893Z DEBUG awase_windows::tsf::gji_monitor: [gji-io] WRITE: w_ops=+1 w_KB=+0.0 (r_ops=+2 x_ops=+2 x_KB=+0.0)
2026-09-19T23:12:46.594528Z DEBUG awase_windows::runtime::key_pipeline: [engine-input] vk=0x08 KeyDown ts=50823599us delay=0ms state=Idle mods(c=false s=false a=false w=false) gas_ctrl=false phys_ctrl=false extra=0x0 pending_drain=0 gate_active=false l_thumb=None r_thumb=None [diag-ctx] ime_on=true 
2026-09-19T23:12:46.594613Z DEBUG awase::journal: key input seq=285 elapsed_ms=50823 vk_code=8 is_down=true injected=false key_class="Passthrough" state_before="Idle" state_after="Idle" decision="PassThrough" physical="Allow" repeat_count=1 last_timestamp_us=50823599 last_elapsed_ms=0
2026-09-19T23:12:46.594682Z DEBUG execute_from_hook: awase_windows::runtime::executor: [relay-passthrough] PassThrough idle: direct OS pass-through (vk=0x08 down)
2026-09-19T23:12:46.594836Z DEBUG execute_one{generation=None}: awase_windows::runtime::executor: [reinject] vk=0x08 down (queued passthrough now firing)
2026-09-19T23:12:46.596852Z DEBUG awase_windows::ime: [idle-conv-check-diag] focused_hwnd=HWND(0x5058a) ime_wnd=Some(HWND(0x2054e))
2026-09-19T23:12:46.599051Z DEBUG awase::journal: conv classify call seq=286 elapsed_ms=50828 conv=25 is_cold=false effective_open=true conv_mode_changed=false is_roman_reliable=false
2026-09-19T23:12:46.599085Z DEBUG awase_windows::runtime::key_pipeline: [idle-conv-check] TsfNative: conv=0x00000019 → belief ObservedRomaji 変更なし
2026-09-19T23:12:46.613461Z DEBUG awase_windows::tsf::gji_monitor: [gji-io] WRITE: w_ops=+1 w_KB=+0.0 (r_ops=+2 x_ops=+2 x_KB=+0.0)
2026-09-19T23:12:46.625934Z DEBUG awase_windows::runtime::key_pipeline: [engine-input] vk=0x08 KeyDown ts=50854912us delay=0ms state=Idle mods(c=false s=false a=false w=false) gas_ctrl=false phys_ctrl=false extra=0x0 pending_drain=0 gate_active=false l_thumb=None r_thumb=None [diag-ctx] ime_on=true 
2026-09-19T23:12:46.626060Z DEBUG awase::journal: key input seq=287 elapsed_ms=50855 vk_code=8 is_down=true injected=false key_class="Passthrough" state_before="Idle" state_after="Idle" decision="PassThrough" physical="Allow" repeat_count=1 last_timestamp_us=50854912 last_elapsed_ms=0
2026-09-19T23:12:46.626138Z DEBUG execute_from_hook: awase_windows::runtime::executor: [relay-passthrough] PassThrough idle: direct OS pass-through (vk=0x08 down)
2026-09-19T23:12:46.626314Z DEBUG execute_one{generation=None}: awase_windows::runtime::executor: [reinject] vk=0x08 down (queued passthrough now firing)
2026-09-19T23:12:46.628087Z DEBUG awase_windows::ime: [idle-conv-check-diag] focused_hwnd=HWND(0x5058a) ime_wnd=Some(HWND(0x2054e))
2026-09-19T23:12:46.632696Z DEBUG awase::journal: conv classify call seq=288 elapsed_ms=50861 conv=25 is_cold=false effective_open=true conv_mode_changed=false is_roman_reliable=false
2026-09-19T23:12:46.632742Z DEBUG awase_windows::runtime::key_pipeline: [idle-conv-check] TsfNative: conv=0x00000019 → belief ObservedRomaji 変更なし
2026-09-19T23:12:46.644462Z DEBUG awase_windows::tsf::gji_monitor: [gji-io] WRITE: w_ops=+1 w_KB=+0.0 (r_ops=+2 x_ops=+2 x_KB=+0.0)
2026-09-19T23:12:46.657383Z DEBUG awase_windows::runtime::key_pipeline: [engine-input] vk=0x08 KeyDown ts=50886250us delay=0ms state=Idle mods(c=false s=false a=false w=false) gas_ctrl=false phys_ctrl=false extra=0x0 pending_drain=0 gate_active=false l_thumb=None r_thumb=None [diag-ctx] ime_on=true 
2026-09-19T23:12:46.657499Z DEBUG awase::journal: key input seq=289 elapsed_ms=50886 vk_code=8 is_down=true injected=false key_class="Passthrough" state_before="Idle" state_after="Idle" decision="PassThrough" physical="Allow" repeat_count=1 last_timestamp_us=50886250 last_elapsed_ms=0
2026-09-19T23:12:46.657579Z DEBUG execute_from_hook: awase_windows::runtime::executor: [relay-passthrough] PassThrough idle: direct OS pass-through (vk=0x08 down)
2026-09-19T23:12:46.657810Z DEBUG execute_one{generation=None}: awase_windows::runtime::executor: [reinject] vk=0x08 down (queued passthrough now firing)
2026-09-19T23:12:46.660312Z DEBUG awase_windows::ime: [idle-conv-check-diag] focused_hwnd=HWND(0x5058a) ime_wnd=Some(HWND(0x2054e))
2026-09-19T23:12:46.665712Z DEBUG awase::journal: conv classify call seq=290 elapsed_ms=50894 conv=25 is_cold=false effective_open=true conv_mode_changed=false is_roman_reliable=false
2026-09-19T23:12:46.665770Z DEBUG awase_windows::runtime::key_pipeline: [idle-conv-check] TsfNative: conv=0x00000019 → belief ObservedRomaji 変更なし
2026-09-19T23:12:46.675689Z DEBUG awase_windows::tsf::gji_monitor: [gji-io] WRITE: w_ops=+1 w_KB=+0.0 (r_ops=+2 x_ops=+2 x_KB=+0.0)
2026-09-19T23:12:46.688394Z DEBUG awase_windows::runtime::key_pipeline: [engine-input] vk=0x08 KeyDown ts=50917349us delay=0ms state=Idle mods(c=false s=false a=false w=false) gas_ctrl=false phys_ctrl=false extra=0x0 pending_drain=0 gate_active=false l_thumb=None r_thumb=None [diag-ctx] ime_on=true 
2026-09-19T23:12:46.688509Z DEBUG awase::journal: key input seq=291 elapsed_ms=50917 vk_code=8 is_down=true injected=false key_class="Passthrough" state_before="Idle" state_after="Idle" decision="PassThrough" physical="Allow" repeat_count=1 last_timestamp_us=50917349 last_elapsed_ms=0
2026-09-19T23:12:46.688585Z DEBUG execute_from_hook: awase_windows::runtime::executor: [relay-passthrough] PassThrough idle: direct OS pass-through (vk=0x08 down)
2026-09-19T23:12:46.688800Z DEBUG execute_one{generation=None}: awase_windows::runtime::executor: [reinject] vk=0x08 down (queued passthrough now firing)
2026-09-19T23:12:46.691551Z DEBUG awase_windows::ime: [idle-conv-check-diag] focused_hwnd=HWND(0x5058a) ime_wnd=Some(HWND(0x2054e))
2026-09-19T23:12:46.700586Z DEBUG awase::journal: conv classify call seq=292 elapsed_ms=50929 conv=25 is_cold=false effective_open=true conv_mode_changed=false is_roman_reliable=false
2026-09-19T23:12:46.700644Z DEBUG awase_windows::runtime::key_pipeline: [idle-conv-check] TsfNative: conv=0x00000019 → belief ObservedRomaji 変更なし
2026-09-19T23:12:46.707041Z DEBUG awase_windows::tsf::gji_monitor: [gji-io] WRITE: w_ops=+1 w_KB=+0.0 (r_ops=+2 x_ops=+2 x_KB=+0.0)
2026-09-19T23:12:46.719686Z DEBUG awase_windows::runtime::key_pipeline: [engine-input] vk=0x08 KeyDown ts=50948569us delay=0ms state=Idle mods(c=false s=false a=false w=false) gas_ctrl=false phys_ctrl=false extra=0x0 pending_drain=0 gate_active=false l_thumb=None r_thumb=None [diag-ctx] ime_on=true 
2026-09-19T23:12:46.719836Z DEBUG awase::journal: key input seq=293 elapsed_ms=50948 vk_code=8 is_down=true injected=false key_class="Passthrough" state_before="Idle" state_after="Idle" decision="PassThrough" physical="Allow" repeat_count=1 last_timestamp_us=50948569 last_elapsed_ms=0
2026-09-19T23:12:46.720043Z DEBUG execute_from_hook: awase_windows::runtime::executor: [relay-passthrough] PassThrough idle: direct OS pass-through (vk=0x08 down)
2026-09-19T23:12:46.720327Z DEBUG execute_one{generation=None}: awase_windows::runtime::executor: [reinject] vk=0x08 down (queued passthrough now firing)
2026-09-19T23:12:46.723951Z DEBUG awase_windows::ime: [idle-conv-check-diag] focused_hwnd=HWND(0x5058a) ime_wnd=Some(HWND(0x2054e))
2026-09-19T23:12:46.730459Z DEBUG awase::journal: conv classify call seq=294 elapsed_ms=50959 conv=25 is_cold=false effective_open=true conv_mode_changed=false is_roman_reliable=false
2026-09-19T23:12:46.730514Z DEBUG awase_windows::runtime::key_pipeline: [idle-conv-check] TsfNative: conv=0x00000019 → belief ObservedRomaji 変更なし
2026-09-19T23:12:46.738243Z DEBUG awase_windows::tsf::gji_monitor: [gji-io] WRITE: w_ops=+1 w_KB=+0.0 (r_ops=+2 x_ops=+2 x_KB=+0.0)
2026-09-19T23:12:46.750923Z DEBUG awase_windows::runtime::key_pipeline: [engine-input] vk=0x08 KeyDown ts=50979860us delay=0ms state=Idle mods(c=false s=false a=false w=false) gas_ctrl=false phys_ctrl=false extra=0x0 pending_drain=0 gate_active=false l_thumb=None r_thumb=None [diag-ctx] ime_on=true 
2026-09-19T23:12:46.751028Z DEBUG awase::journal: key input seq=295 elapsed_ms=50980 vk_code=8 is_down=true injected=false key_class="Passthrough" state_before="Idle" state_after="Idle" decision="PassThrough" physical="Allow" repeat_count=1 last_timestamp_us=50979860 last_elapsed_ms=0
2026-09-19T23:12:46.751098Z DEBUG execute_from_hook: awase_windows::runtime::executor: [relay-passthrough] PassThrough idle: direct OS pass-through (vk=0x08 down)
2026-09-19T23:12:46.751286Z DEBUG execute_one{generation=None}: awase_windows::runtime::executor: [reinject] vk=0x08 down (queued passthrough now firing)
2026-09-19T23:12:46.754023Z DEBUG awase_windows::ime: [idle-conv-check-diag] focused_hwnd=HWND(0x5058a) ime_wnd=Some(HWND(0x2054e))
2026-09-19T23:12:46.759782Z DEBUG awase::journal: conv classify call seq=296 elapsed_ms=50988 conv=25 is_cold=false effective_open=true conv_mode_changed=false is_roman_reliable=false
2026-09-19T23:12:46.759855Z DEBUG awase_windows::runtime::key_pipeline: [idle-conv-check] TsfNative: conv=0x00000019 → belief ObservedRomaji 変更なし
2026-09-19T23:12:46.770172Z DEBUG awase_windows::tsf::gji_monitor: [gji-io] WRITE: w_ops=+1 w_KB=+0.0 (r_ops=+2 x_ops=+2 x_KB=+0.0)
2026-09-19T23:12:46.782259Z DEBUG awase_windows::runtime::key_pipeline: [engine-input] vk=0x08 KeyDown ts=51011091us delay=0ms state=Idle mods(c=false s=false a=false w=false) gas_ctrl=false phys_ctrl=false extra=0x0 pending_drain=0 gate_active=false l_thumb=None r_thumb=None [diag-ctx] ime_on=true 
2026-09-19T23:12:46.782384Z DEBUG awase::journal: key input seq=297 elapsed_ms=51011 vk_code=8 is_down=true injected=false key_class="Passthrough" state_before="Idle" state_after="Idle" decision="PassThrough" physical="Allow" repeat_count=1 last_timestamp_us=51011091 last_elapsed_ms=0
2026-09-19T23:12:46.782462Z DEBUG execute_from_hook: awase_windows::runtime::executor: [relay-passthrough] PassThrough idle: direct OS pass-through (vk=0x08 down)
2026-09-19T23:12:46.782689Z DEBUG execute_one{generation=None}: awase_windows::runtime::executor: [reinject] vk=0x08 down (queued passthrough now firing)
2026-09-19T23:12:46.786884Z DEBUG awase_windows::ime: [idle-conv-check-diag] focused_hwnd=HWND(0x5058a) ime_wnd=Some(HWND(0x2054e))
2026-09-19T23:12:46.790309Z DEBUG awase::journal: conv classify call seq=298 elapsed_ms=51019 conv=25 is_cold=false effective_open=true conv_mode_changed=false is_roman_reliable=false
2026-09-19T23:12:46.790373Z DEBUG awase_windows::runtime::key_pipeline: [idle-conv-check] TsfNative: conv=0x00000019 → belief ObservedRomaji 変更なし
2026-09-19T23:12:46.801589Z DEBUG awase_windows::tsf::gji_monitor: [gji-io] WRITE: w_ops=+1 w_KB=+0.0 (r_ops=+2 x_ops=+2 x_KB=+0.0)
2026-09-19T23:12:46.813557Z DEBUG awase_windows::runtime::key_pipeline: [engine-input] vk=0x08 KeyDown ts=51042313us delay=0ms state=Idle mods(c=false s=false a=false w=false) gas_ctrl=false phys_ctrl=false extra=0x0 pending_drain=0 gate_active=false l_thumb=None r_thumb=None [diag-ctx] ime_on=true 
2026-09-19T23:12:46.813674Z DEBUG awase::journal: key input seq=299 elapsed_ms=51042 vk_code=8 is_down=true injected=false key_class="Passthrough" state_before="Idle" state_after="Idle" decision="PassThrough" physical="Allow" repeat_count=1 last_timestamp_us=51042313 last_elapsed_ms=0
2026-09-19T23:12:46.813753Z DEBUG execute_from_hook: awase_windows::runtime::executor: [relay-passthrough] PassThrough idle: direct OS pass-through (vk=0x08 down)
2026-09-19T23:12:46.813970Z DEBUG execute_one{generation=None}: awase_windows::runtime::executor: [reinject] vk=0x08 down (queued passthrough now firing)
2026-09-19T23:12:46.817157Z DEBUG awase_windows::ime: [idle-conv-check-diag] focused_hwnd=HWND(0x5058a) ime_wnd=Some(HWND(0x2054e))
2026-09-19T23:12:46.823662Z DEBUG awase::journal: conv classify call seq=300 elapsed_ms=51052 conv=25 is_cold=false effective_open=true conv_mode_changed=false is_roman_reliable=false
2026-09-19T23:12:46.823735Z DEBUG awase_windows::runtime::key_pipeline: [idle-conv-check] TsfNative: conv=0x00000019 → belief ObservedRomaji 変更なし
2026-09-19T23:12:46.833755Z DEBUG awase_windows::tsf::gji_monitor: [gji-io] WRITE: w_ops=+1 w_KB=+0.0 (r_ops=+2 x_ops=+2 x_KB=+0.0)
2026-09-19T23:12:46.844630Z DEBUG awase_windows::runtime::key_pipeline: [engine-input] vk=0x08 KeyDown ts=51073510us delay=0ms state=Idle mods(c=false s=false a=false w=false) gas_ctrl=false phys_ctrl=false extra=0x0 pending_drain=0 gate_active=false l_thumb=None r_thumb=None [diag-ctx] ime_on=true 
2026-09-19T23:12:46.844787Z DEBUG awase::journal: key input seq=301 elapsed_ms=51073 vk_code=8 is_down=true injected=false key_class="Passthrough" state_before="Idle" state_after="Idle" decision="PassThrough" physical="Allow" repeat_count=1 last_timestamp_us=51073510 last_elapsed_ms=0
2026-09-19T23:12:46.844878Z DEBUG execute_from_hook: awase_windows::runtime::executor: [relay-passthrough] PassThrough idle: direct OS pass-through (vk=0x08 down)
2026-09-19T23:12:46.845131Z DEBUG execute_one{generation=None}: awase_windows::runtime::executor: [reinject] vk=0x08 down (queued passthrough now firing)
2026-09-19T23:12:46.847642Z DEBUG awase_windows::ime: [idle-conv-check-diag] focused_hwnd=HWND(0x5058a) ime_wnd=Some(HWND(0x2054e))
2026-09-19T23:12:46.850091Z DEBUG awase::journal: conv classify call seq=302 elapsed_ms=51079 conv=25 is_cold=false effective_open=true conv_mode_changed=false is_roman_reliable=false
2026-09-19T23:12:46.850155Z DEBUG awase_windows::runtime::key_pipeline: [idle-conv-check] TsfNative: conv=0x00000019 → belief ObservedRomaji 変更なし
2026-09-19T23:12:46.864168Z DEBUG awase_windows::tsf::gji_monitor: [gji-io] WRITE: w_ops=+1 w_KB=+0.0 (r_ops=+2 x_ops=+2 x_KB=+0.0)
2026-09-19T23:12:46.875851Z DEBUG awase_windows::runtime::key_pipeline: [engine-input] vk=0x08 KeyDown ts=51104705us delay=0ms state=Idle mods(c=false s=false a=false w=false) gas_ctrl=false phys_ctrl=false extra=0x0 pending_drain=0 gate_active=false l_thumb=None r_thumb=None [diag-ctx] ime_on=true 
2026-09-19T23:12:46.876002Z DEBUG awase::journal: key input seq=303 elapsed_ms=51105 vk_code=8 is_down=true injected=false key_class="Passthrough" state_before="Idle" state_after="Idle" decision="PassThrough" physical="Allow" repeat_count=1 last_timestamp_us=51104705 last_elapsed_ms=0
2026-09-19T23:12:46.876098Z DEBUG execute_from_hook: awase_windows::runtime::executor: [relay-passthrough] PassThrough idle: direct OS pass-through (vk=0x08 down)
2026-09-19T23:12:46.876358Z DEBUG execute_one{generation=None}: awase_windows::runtime::executor: [reinject] vk=0x08 down (queued passthrough now firing)
2026-09-19T23:12:46.879651Z DEBUG awase_windows::ime: [idle-conv-check-diag] focused_hwnd=HWND(0x5058a) ime_wnd=Some(HWND(0x2054e))
2026-09-19T23:12:46.892908Z DEBUG awase::journal: conv classify call seq=304 elapsed_ms=51122 conv=25 is_cold=false effective_open=true conv_mode_changed=false is_roman_reliable=false
2026-09-19T23:12:46.892982Z DEBUG awase_windows::runtime::key_pipeline: [idle-conv-check] TsfNative: conv=0x00000019 → belief ObservedRomaji 変更なし
2026-09-19T23:12:46.895421Z DEBUG awase_windows::tsf::gji_monitor: [gji-io] WRITE: w_ops=+1 w_KB=+0.0 (r_ops=+2 x_ops=+2 x_KB=+0.0)
2026-09-19T23:12:46.907116Z DEBUG awase_windows::runtime::key_pipeline: [engine-input] vk=0x08 KeyDown ts=51135892us delay=0ms state=Idle mods(c=false s=false a=false w=false) gas_ctrl=false phys_ctrl=false extra=0x0 pending_drain=0 gate_active=false l_thumb=None r_thumb=None [diag-ctx] ime_on=true 
2026-09-19T23:12:46.907332Z DEBUG awase::journal: key input seq=305 elapsed_ms=51136 vk_code=8 is_down=true injected=false key_class="Passthrough" state_before="Idle" state_after="Idle" decision="PassThrough" physical="Allow" repeat_count=1 last_timestamp_us=51135892 last_elapsed_ms=0
2026-09-19T23:12:46.907490Z DEBUG execute_from_hook: awase_windows::runtime::executor: [relay-passthrough] PassThrough idle: direct OS pass-through (vk=0x08 down)
2026-09-19T23:12:46.907873Z DEBUG execute_one{generation=None}: awase_windows::runtime::executor: [reinject] vk=0x08 down (queued passthrough now firing)
2026-09-19T23:12:46.913927Z DEBUG awase_windows::ime: [idle-conv-check-diag] focused_hwnd=HWND(0x5058a) ime_wnd=Some(HWND(0x2054e))
2026-09-19T23:12:46.920427Z DEBUG awase::journal: conv classify call seq=306 elapsed_ms=51149 conv=25 is_cold=false effective_open=true conv_mode_changed=false is_roman_reliable=false
2026-09-19T23:12:46.920529Z DEBUG awase_windows::runtime::key_pipeline: [idle-conv-check] TsfNative: conv=0x00000019 → belief ObservedRomaji 変更なし
2026-09-19T23:12:46.926866Z DEBUG awase_windows::tsf::gji_monitor: [gji-io] WRITE: w_ops=+1 w_KB=+0.0 (r_ops=+2 x_ops=+2 x_KB=+0.0)
2026-09-19T23:12:46.938616Z DEBUG awase_windows::runtime::key_pipeline: [engine-input] vk=0x08 KeyDown ts=51167309us delay=0ms state=Idle mods(c=false s=false a=false w=false) gas_ctrl=false phys_ctrl=false extra=0x0 pending_drain=0 gate_active=false l_thumb=None r_thumb=None [diag-ctx] ime_on=true 
2026-09-19T23:12:46.938829Z DEBUG awase::journal: key input seq=307 elapsed_ms=51167 vk_code=8 is_down=true injected=false key_class="Passthrough" state_before="Idle" state_after="Idle" decision="PassThrough" physical="Allow" repeat_count=1 last_timestamp_us=51167309 last_elapsed_ms=0
2026-09-19T23:12:46.938988Z DEBUG execute_from_hook: awase_windows::runtime::executor: [relay-passthrough] PassThrough idle: direct OS pass-through (vk=0x08 down)
2026-09-19T23:12:46.939407Z DEBUG execute_one{generation=None}: awase_windows::runtime::executor: [reinject] vk=0x08 down (queued passthrough now firing)
2026-09-19T23:12:46.945764Z DEBUG awase_windows::ime: [idle-conv-check-diag] focused_hwnd=HWND(0x5058a) ime_wnd=Some(HWND(0x2054e))
2026-09-19T23:12:46.954296Z DEBUG awase::journal: conv classify call seq=308 elapsed_ms=51183 conv=25 is_cold=false effective_open=true conv_mode_changed=false is_roman_reliable=false
2026-09-19T23:12:46.954371Z DEBUG awase_windows::runtime::key_pipeline: [idle-conv-check] TsfNative: conv=0x00000019 → belief ObservedRomaji 変更なし
2026-09-19T23:12:46.957644Z DEBUG awase_windows::tsf::gji_monitor: [gji-io] WRITE: w_ops=+1 w_KB=+0.0 (r_ops=+2 x_ops=+2 x_KB=+0.0)
2026-09-19T23:12:46.969815Z DEBUG awase_windows::runtime::key_pipeline: [engine-input] vk=0x08 KeyDown ts=51198461us delay=0ms state=Idle mods(c=false s=false a=false w=false) gas_ctrl=false phys_ctrl=false extra=0x0 pending_drain=0 gate_active=false l_thumb=None r_thumb=None [diag-ctx] ime_on=true 
2026-09-19T23:12:46.970032Z DEBUG awase::journal: key input seq=309 elapsed_ms=51199 vk_code=8 is_down=true injected=false key_class="Passthrough" state_before="Idle" state_after="Idle" decision="PassThrough" physical="Allow" repeat_count=1 last_timestamp_us=51198461 last_elapsed_ms=0
2026-09-19T23:12:46.970183Z DEBUG execute_from_hook: awase_windows::runtime::executor: [relay-passthrough] PassThrough idle: direct OS pass-through (vk=0x08 down)
2026-09-19T23:12:46.970588Z DEBUG execute_one{generation=None}: awase_windows::runtime::executor: [reinject] vk=0x08 down (queued passthrough now firing)
2026-09-19T23:12:46.974024Z DEBUG awase_windows::ime: [idle-conv-check-diag] focused_hwnd=HWND(0x5058a) ime_wnd=Some(HWND(0x2054e))
2026-09-19T23:12:46.977617Z DEBUG awase::journal: conv classify call seq=310 elapsed_ms=51206 conv=25 is_cold=false effective_open=true conv_mode_changed=false is_roman_reliable=false
2026-09-19T23:12:46.977709Z DEBUG awase_windows::runtime::key_pipeline: [idle-conv-check] TsfNative: conv=0x00000019 → belief ObservedRomaji 変更なし
2026-09-19T23:12:46.987970Z DEBUG awase_windows::tsf::gji_monitor: [gji-io] WRITE: w_ops=+1 w_KB=+0.0 (r_ops=+2 x_ops=+2 x_KB=+0.0)
2026-09-19T23:12:47.001175Z DEBUG awase_windows::runtime::key_pipeline: [engine-input] vk=0x08 KeyDown ts=51229771us delay=0ms state=Idle mods(c=false s=false a=false w=false) gas_ctrl=false phys_ctrl=false extra=0x0 pending_drain=0 gate_active=false l_thumb=None r_thumb=None [diag-ctx] ime_on=true 
2026-09-19T23:12:47.001416Z DEBUG awase::journal: key input seq=311 elapsed_ms=51230 vk_code=8 is_down=true injected=false key_class="Passthrough" state_before="Idle" state_after="Idle" decision="PassThrough" physical="Allow" repeat_count=1 last_timestamp_us=51229771 last_elapsed_ms=0
2026-09-19T23:12:47.001592Z DEBUG execute_from_hook: awase_windows::runtime::executor: [relay-passthrough] PassThrough idle: direct OS pass-through (vk=0x08 down)
2026-09-19T23:12:47.002122Z DEBUG execute_one{generation=None}: awase_windows::runtime::executor: [reinject] vk=0x08 down (queued passthrough now firing)
2026-09-19T23:12:47.009483Z DEBUG awase_windows::ime: [idle-conv-check-diag] focused_hwnd=HWND(0x5058a) ime_wnd=Some(HWND(0x2054e))
2026-09-19T23:12:47.017050Z DEBUG awase::journal: conv classify call seq=312 elapsed_ms=51246 conv=25 is_cold=false effective_open=true conv_mode_changed=false is_roman_reliable=false
2026-09-19T23:12:47.017135Z DEBUG awase_windows::runtime::key_pipeline: [idle-conv-check] TsfNative: conv=0x00000019 → belief ObservedRomaji 変更なし
2026-09-19T23:12:47.019591Z DEBUG awase_windows::tsf::gji_monitor: [gji-io] WRITE: w_ops=+1 w_KB=+0.0 (r_ops=+2 x_ops=+2 x_KB=+0.0)
2026-09-19T23:12:47.032256Z DEBUG awase_windows::runtime::key_pipeline: [engine-input] vk=0x08 KeyDown ts=51260845us delay=0ms state=Idle mods(c=false s=false a=false w=false) gas_ctrl=false phys_ctrl=false extra=0x0 pending_drain=0 gate_active=false l_thumb=None r_thumb=None [diag-ctx] ime_on=true 
2026-09-19T23:12:47.032538Z DEBUG awase::journal: key input seq=313 elapsed_ms=51261 vk_code=8 is_down=true injected=false key_class="Passthrough" state_before="Idle" state_after="Idle" decision="PassThrough" physical="Allow" repeat_count=1 last_timestamp_us=51260845 last_elapsed_ms=0
2026-09-19T23:12:47.032728Z DEBUG execute_from_hook: awase_windows::runtime::executor: [relay-passthrough] PassThrough idle: direct OS pass-through (vk=0x08 down)
2026-09-19T23:12:47.033339Z DEBUG execute_one{generation=None}: awase_windows::runtime::executor: [reinject] vk=0x08 down (queued passthrough now firing)
2026-09-19T23:12:47.037475Z DEBUG awase_windows::ime: [idle-conv-check-diag] focused_hwnd=HWND(0x5058a) ime_wnd=Some(HWND(0x2054e))
2026-09-19T23:12:47.040501Z DEBUG awase::journal: conv classify call seq=314 elapsed_ms=51269 conv=25 is_cold=false effective_open=true conv_mode_changed=false is_roman_reliable=false
2026-09-19T23:12:47.040571Z DEBUG awase_windows::runtime::key_pipeline: [idle-conv-check] TsfNative: conv=0x00000019 → belief ObservedRomaji 変更なし
2026-09-19T23:12:47.050971Z DEBUG awase_windows::tsf::gji_monitor: [gji-io] WRITE: w_ops=+1 w_KB=+0.0 (r_ops=+2 x_ops=+2 x_KB=+0.0)
2026-09-19T23:12:47.063323Z DEBUG awase_windows::runtime::key_pipeline: [engine-input] vk=0x08 KeyDown ts=51292004us delay=0ms state=Idle mods(c=false s=false a=false w=false) gas_ctrl=false phys_ctrl=false extra=0x0 pending_drain=0 gate_active=false l_thumb=None r_thumb=None [diag-ctx] ime_on=true 
2026-09-19T23:12:47.063456Z DEBUG awase::journal: key input seq=315 elapsed_ms=51292 vk_code=8 is_down=true injected=false key_class="Passthrough" state_before="Idle" state_after="Idle" decision="PassThrough" physical="Allow" repeat_count=1 last_timestamp_us=51292004 last_elapsed_ms=0
2026-09-19T23:12:47.063601Z DEBUG execute_from_hook: awase_windows::runtime::executor: [relay-passthrough] PassThrough idle: direct OS pass-through (vk=0x08 down)
2026-09-19T23:12:47.063802Z DEBUG execute_one{generation=None}: awase_windows::runtime::executor: [reinject] vk=0x08 down (queued passthrough now firing)
2026-09-19T23:12:47.068853Z DEBUG awase_windows::ime: [idle-conv-check-diag] focused_hwnd=HWND(0x5058a) ime_wnd=Some(HWND(0x2054e))
2026-09-19T23:12:47.077189Z DEBUG awase::journal: conv classify call seq=316 elapsed_ms=51306 conv=25 is_cold=false effective_open=true conv_mode_changed=false is_roman_reliable=false
2026-09-19T23:12:47.077263Z DEBUG awase_windows::runtime::key_pipeline: [idle-conv-check] TsfNative: conv=0x00000019 → belief ObservedRomaji 変更なし
2026-09-19T23:12:47.082537Z DEBUG awase_windows::tsf::gji_monitor: [gji-io] WRITE: w_ops=+1 w_KB=+0.0 (r_ops=+2 x_ops=+2 x_KB=+0.0)
2026-09-19T23:12:47.094586Z DEBUG awase_windows::runtime::key_pipeline: [engine-input] vk=0x08 KeyDown ts=51323313us delay=0ms state=Idle mods(c=false s=false a=false w=false) gas_ctrl=false phys_ctrl=false extra=0x0 pending_drain=0 gate_active=false l_thumb=None r_thumb=None [diag-ctx] ime_on=true 
2026-09-19T23:12:47.094877Z DEBUG awase::journal: key input seq=317 elapsed_ms=51324 vk_code=8 is_down=true injected=false key_class="Passthrough" state_before="Idle" state_after="Idle" decision="PassThrough" physical="Allow" repeat_count=1 last_timestamp_us=51323313 last_elapsed_ms=0
2026-09-19T23:12:47.094996Z DEBUG execute_from_hook: awase_windows::runtime::executor: [relay-passthrough] PassThrough idle: direct OS pass-through (vk=0x08 down)
2026-09-19T23:12:47.095342Z DEBUG execute_one{generation=None}: awase_windows::runtime::executor: [reinject] vk=0x08 down (queued passthrough now firing)
2026-09-19T23:12:47.102493Z DEBUG awase_windows::ime: [idle-conv-check-diag] focused_hwnd=HWND(0x5058a) ime_wnd=Some(HWND(0x2054e))
2026-09-19T23:12:47.107218Z DEBUG awase::journal: conv classify call seq=318 elapsed_ms=51336 conv=25 is_cold=false effective_open=true conv_mode_changed=false is_roman_reliable=false
2026-09-19T23:12:47.107307Z DEBUG awase_windows::runtime::key_pipeline: [idle-conv-check] TsfNative: conv=0x00000019 → belief ObservedRomaji 変更なし
2026-09-19T23:12:47.112823Z DEBUG awase_windows::tsf::gji_monitor: [gji-io] WRITE: w_ops=+1 w_KB=+0.0 (r_ops=+2 x_ops=+2 x_KB=+0.0)
2026-09-19T23:12:47.125606Z DEBUG awase_windows::runtime::key_pipeline: [engine-input] vk=0x08 KeyDown ts=51354472us delay=0ms state=Idle mods(c=false s=false a=false w=false) gas_ctrl=false phys_ctrl=false extra=0x0 pending_drain=0 gate_active=false l_thumb=None r_thumb=None [diag-ctx] ime_on=true 
2026-09-19T23:12:47.125758Z DEBUG awase::journal: key input seq=319 elapsed_ms=51354 vk_code=8 is_down=true injected=false key_class="Passthrough" state_before="Idle" state_after="Idle" decision="PassThrough" physical="Allow" repeat_count=1 last_timestamp_us=51354472 last_elapsed_ms=0
2026-09-19T23:12:47.125858Z DEBUG execute_from_hook: awase_windows::runtime::executor: [relay-passthrough] PassThrough idle: direct OS pass-through (vk=0x08 down)
2026-09-19T23:12:47.126208Z DEBUG execute_one{generation=None}: awase_windows::runtime::executor: [reinject] vk=0x08 down (queued passthrough now firing)
2026-09-19T23:12:47.129861Z DEBUG awase_windows::ime: [idle-conv-check-diag] focused_hwnd=HWND(0x5058a) ime_wnd=Some(HWND(0x2054e))
2026-09-19T23:12:47.132472Z DEBUG awase::journal: conv classify call seq=320 elapsed_ms=51361 conv=25 is_cold=false effective_open=true conv_mode_changed=false is_roman_reliable=false
2026-09-19T23:12:47.132564Z DEBUG awase_windows::runtime::key_pipeline: [idle-conv-check] TsfNative: conv=0x00000019 → belief ObservedRomaji 変更なし
2026-09-19T23:12:47.144732Z DEBUG awase_windows::tsf::gji_monitor: [gji-io] WRITE: w_ops=+1 w_KB=+0.0 (r_ops=+2 x_ops=+2 x_KB=+0.0)
2026-09-19T23:12:47.156571Z DEBUG awase_windows::runtime::key_pipeline: [engine-input] vk=0x08 KeyDown ts=51385587us delay=0ms state=Idle mods(c=false s=false a=false w=false) gas_ctrl=false phys_ctrl=false extra=0x0 pending_drain=0 gate_active=false l_thumb=None r_thumb=None [diag-ctx] ime_on=true 
2026-09-19T23:12:47.156664Z DEBUG awase::journal: key input seq=321 elapsed_ms=51385 vk_code=8 is_down=true injected=false key_class="Passthrough" state_before="Idle" state_after="Idle" decision="PassThrough" physical="Allow" repeat_count=1 last_timestamp_us=51385587 last_elapsed_ms=0
2026-09-19T23:12:47.156736Z DEBUG execute_from_hook: awase_windows::runtime::executor: [relay-passthrough] PassThrough idle: direct OS pass-through (vk=0x08 down)
2026-09-19T23:12:47.156917Z DEBUG execute_one{generation=None}: awase_windows::runtime::executor: [reinject] vk=0x08 down (queued passthrough now firing)
2026-09-19T23:12:47.162688Z DEBUG awase_windows::ime: [idle-conv-check-diag] focused_hwnd=HWND(0x5058a) ime_wnd=Some(HWND(0x2054e))
2026-09-19T23:12:47.166671Z DEBUG awase::journal: conv classify call seq=322 elapsed_ms=51395 conv=25 is_cold=false effective_open=true conv_mode_changed=false is_roman_reliable=false
2026-09-19T23:12:47.166754Z DEBUG awase_windows::runtime::key_pipeline: [idle-conv-check] TsfNative: conv=0x00000019 → belief ObservedRomaji 変更なし
2026-09-19T23:12:47.175599Z DEBUG awase_windows::tsf::gji_monitor: [gji-io] WRITE: w_ops=+1 w_KB=+0.0 (r_ops=+2 x_ops=+2 x_KB=+0.0)
2026-09-19T23:12:47.187598Z DEBUG awase_windows::runtime::key_pipeline: [engine-input] vk=0x08 KeyDown ts=51416696us delay=0ms state=Idle mods(c=false s=false a=false w=false) gas_ctrl=false phys_ctrl=false extra=0x0 pending_drain=0 gate_active=false l_thumb=None r_thumb=None [diag-ctx] ime_on=true 
2026-09-19T23:12:47.187706Z DEBUG awase::journal: key input seq=323 elapsed_ms=51416 vk_code=8 is_down=true injected=false key_class="Passthrough" state_before="Idle" state_after="Idle" decision="PassThrough" physical="Allow" repeat_count=1 last_timestamp_us=51416696 last_elapsed_ms=0
2026-09-19T23:12:47.187750Z DEBUG execute_from_hook: awase_windows::runtime::executor: [relay-passthrough] PassThrough idle: direct OS pass-through (vk=0x08 down)
2026-09-19T23:12:47.187870Z DEBUG execute_one{generation=None}: awase_windows::runtime::executor: [reinject] vk=0x08 down (queued passthrough now firing)
2026-09-19T23:12:47.190446Z DEBUG awase_windows::ime: [idle-conv-check-diag] focused_hwnd=HWND(0x5058a) ime_wnd=Some(HWND(0x2054e))
2026-09-19T23:12:47.191374Z DEBUG awase_windows::tsf::gji_monitor: [gji-io] WRITE: w_ops=+1 w_KB=+0.0 (r_ops=+2 x_ops=+1 x_KB=+0.0)
2026-09-19T23:12:47.195256Z DEBUG awase::journal: conv classify call seq=324 elapsed_ms=51424 conv=25 is_cold=false effective_open=true conv_mode_changed=false is_roman_reliable=false
2026-09-19T23:12:47.195300Z DEBUG awase_windows::runtime::key_pipeline: [idle-conv-check] TsfNative: conv=0x00000019 → belief ObservedRomaji 変更なし
2026-09-19T23:12:47.206304Z DEBUG awase_windows::tsf::gji_monitor: [gji-io] r_ops=+0 w_ops=+0 x_ops=+1 read_KB=+0.0 x_KB=+0.0
2026-09-19T23:12:47.219341Z DEBUG awase_windows::runtime::key_pipeline: [engine-input] vk=0x08 KeyDown ts=51448143us delay=0ms state=Idle mods(c=false s=false a=false w=false) gas_ctrl=false phys_ctrl=false extra=0x0 pending_drain=0 gate_active=false l_thumb=None r_thumb=None [diag-ctx] ime_on=true 
2026-09-19T23:12:47.219438Z DEBUG awase::journal: key input seq=325 elapsed_ms=51448 vk_code=8 is_down=true injected=false key_class="Passthrough" state_before="Idle" state_after="Idle" decision="PassThrough" physical="Allow" repeat_count=1 last_timestamp_us=51448143 last_elapsed_ms=0
2026-09-19T23:12:47.219502Z DEBUG execute_from_hook: awase_windows::runtime::executor: [relay-passthrough] PassThrough idle: direct OS pass-through (vk=0x08 down)
2026-09-19T23:12:47.219671Z DEBUG execute_one{generation=None}: awase_windows::runtime::executor: [reinject] vk=0x08 down (queued passthrough now firing)
2026-09-19T23:12:47.222461Z DEBUG awase_windows::ime: [idle-conv-check-diag] focused_hwnd=HWND(0x5058a) ime_wnd=Some(HWND(0x2054e))
2026-09-19T23:12:47.224981Z DEBUG awase::journal: conv classify call seq=326 elapsed_ms=51454 conv=25 is_cold=false effective_open=true conv_mode_changed=false is_roman_reliable=false
2026-09-19T23:12:47.225042Z DEBUG awase_windows::runtime::key_pipeline: [idle-conv-check] TsfNative: conv=0x00000019 → belief ObservedRomaji 変更なし
2026-09-19T23:12:47.237571Z DEBUG awase_windows::tsf::gji_monitor: [gji-io] WRITE: w_ops=+1 w_KB=+0.0 (r_ops=+2 x_ops=+2 x_KB=+0.0)
2026-09-19T23:12:47.250481Z DEBUG awase_windows::runtime::key_pipeline: [engine-input] vk=0x08 KeyDown ts=51479293us delay=0ms state=Idle mods(c=false s=false a=false w=false) gas_ctrl=false phys_ctrl=false extra=0x0 pending_drain=0 gate_active=false l_thumb=None r_thumb=None [diag-ctx] ime_on=true 
2026-09-19T23:12:47.250667Z DEBUG awase::journal: key input seq=327 elapsed_ms=51479 vk_code=8 is_down=true injected=false key_class="Passthrough" state_before="Idle" state_after="Idle" decision="PassThrough" physical="Allow" repeat_count=1 last_timestamp_us=51479293 last_elapsed_ms=0
2026-09-19T23:12:47.250807Z DEBUG execute_from_hook: awase_windows::runtime::executor: [relay-passthrough] PassThrough idle: direct OS pass-through (vk=0x08 down)
2026-09-19T23:12:47.251155Z DEBUG execute_one{generation=None}: awase_windows::runtime::executor: [reinject] vk=0x08 down (queued passthrough now firing)
2026-09-19T23:12:47.258294Z DEBUG awase_windows::ime: [idle-conv-check-diag] focused_hwnd=HWND(0x5058a) ime_wnd=Some(HWND(0x2054e))
2026-09-19T23:12:47.262779Z DEBUG awase::journal: conv classify call seq=328 elapsed_ms=51491 conv=25 is_cold=false effective_open=true conv_mode_changed=false is_roman_reliable=false
2026-09-19T23:12:47.262851Z DEBUG awase_windows::runtime::key_pipeline: [idle-conv-check] TsfNative: conv=0x00000019 → belief ObservedRomaji 変更なし
2026-09-19T23:12:47.268113Z DEBUG awase_windows::tsf::gji_monitor: [gji-io] WRITE: w_ops=+1 w_KB=+0.0 (r_ops=+2 x_ops=+2 x_KB=+0.0)
2026-09-19T23:12:47.281305Z DEBUG awase_windows::runtime::key_pipeline: [engine-input] vk=0x08 KeyDown ts=51510348us delay=0ms state=Idle mods(c=false s=false a=false w=false) gas_ctrl=false phys_ctrl=false extra=0x0 pending_drain=0 gate_active=false l_thumb=None r_thumb=None [diag-ctx] ime_on=true 
2026-09-19T23:12:47.281395Z DEBUG awase::journal: key input seq=329 elapsed_ms=51510 vk_code=8 is_down=true injected=false key_class="Passthrough" state_before="Idle" state_after="Idle" decision="PassThrough" physical="Allow" repeat_count=1 last_timestamp_us=51510348 last_elapsed_ms=0
2026-09-19T23:12:47.281455Z DEBUG execute_from_hook: awase_windows::runtime::executor: [relay-passthrough] PassThrough idle: direct OS pass-through (vk=0x08 down)
2026-09-19T23:12:47.281619Z DEBUG execute_one{generation=None}: awase_windows::runtime::executor: [reinject] vk=0x08 down (queued passthrough now firing)
2026-09-19T23:12:47.284169Z DEBUG awase_windows::ime: [idle-conv-check-diag] focused_hwnd=HWND(0x5058a) ime_wnd=Some(HWND(0x2054e))
2026-09-19T23:12:47.286426Z DEBUG awase::journal: conv classify call seq=330 elapsed_ms=51515 conv=25 is_cold=false effective_open=true conv_mode_changed=false is_roman_reliable=false
2026-09-19T23:12:47.286476Z DEBUG awase_windows::runtime::key_pipeline: [idle-conv-check] TsfNative: conv=0x00000019 → belief ObservedRomaji 変更なし
2026-09-19T23:12:47.299297Z DEBUG awase_windows::tsf::gji_monitor: [gji-io] WRITE: w_ops=+1 w_KB=+0.0 (r_ops=+2 x_ops=+2 x_KB=+0.0)
2026-09-19T23:12:47.312513Z DEBUG awase_windows::runtime::key_pipeline: [engine-input] vk=0x08 KeyDown ts=51541583us delay=0ms state=Idle mods(c=false s=false a=false w=false) gas_ctrl=false phys_ctrl=false extra=0x0 pending_drain=0 gate_active=false l_thumb=None r_thumb=None [diag-ctx] ime_on=true 
2026-09-19T23:12:47.312593Z DEBUG awase::journal: key input seq=331 elapsed_ms=51541 vk_code=8 is_down=true injected=false key_class="Passthrough" state_before="Idle" state_after="Idle" decision="PassThrough" physical="Allow" repeat_count=1 last_timestamp_us=51541583 last_elapsed_ms=0
2026-09-19T23:12:47.312639Z DEBUG execute_from_hook: awase_windows::runtime::executor: [relay-passthrough] PassThrough idle: direct OS pass-through (vk=0x08 down)
2026-09-19T23:12:47.312765Z DEBUG execute_one{generation=None}: awase_windows::runtime::executor: [reinject] vk=0x08 down (queued passthrough now firing)
2026-09-19T23:12:47.317975Z DEBUG awase_windows::ime: [idle-conv-check-diag] focused_hwnd=HWND(0x5058a) ime_wnd=Some(HWND(0x2054e))
2026-09-19T23:12:47.323592Z DEBUG awase::journal: conv classify call seq=332 elapsed_ms=51552 conv=25 is_cold=false effective_open=true conv_mode_changed=false is_roman_reliable=false
2026-09-19T23:12:47.323692Z DEBUG awase_windows::runtime::key_pipeline: [idle-conv-check] TsfNative: conv=0x00000019 → belief ObservedRomaji 変更なし
2026-09-19T23:12:47.330357Z DEBUG awase_windows::tsf::gji_monitor: [gji-io] WRITE: w_ops=+1 w_KB=+0.0 (r_ops=+2 x_ops=+2 x_KB=+0.0)
2026-09-19T23:12:47.343727Z DEBUG awase_windows::runtime::key_pipeline: [engine-input] vk=0x08 KeyDown ts=51572805us delay=0ms state=Idle mods(c=false s=false a=false w=false) gas_ctrl=false phys_ctrl=false extra=0x0 pending_drain=0 gate_active=false l_thumb=None r_thumb=None [diag-ctx] ime_on=true 
2026-09-19T23:12:47.343792Z DEBUG awase::journal: key input seq=333 elapsed_ms=51572 vk_code=8 is_down=true injected=false key_class="Passthrough" state_before="Idle" state_after="Idle" decision="PassThrough" physical="Allow" repeat_count=1 last_timestamp_us=51572805 last_elapsed_ms=0
2026-09-19T23:12:47.343837Z DEBUG execute_from_hook: awase_windows::runtime::executor: [relay-passthrough] PassThrough idle: direct OS pass-through (vk=0x08 down)
2026-09-19T23:12:47.343950Z DEBUG execute_one{generation=None}: awase_windows::runtime::executor: [reinject] vk=0x08 down (queued passthrough now firing)
2026-09-19T23:12:47.346946Z DEBUG awase_windows::ime: [idle-conv-check-diag] focused_hwnd=HWND(0x5058a) ime_wnd=Some(HWND(0x2054e))
2026-09-19T23:12:47.351412Z DEBUG awase::journal: conv classify call seq=334 elapsed_ms=51580 conv=25 is_cold=false effective_open=true conv_mode_changed=false is_roman_reliable=false
2026-09-19T23:12:47.351489Z DEBUG awase_windows::runtime::key_pipeline: [idle-conv-check] TsfNative: conv=0x00000019 → belief ObservedRomaji 変更なし
2026-09-19T23:12:47.360984Z DEBUG awase_windows::tsf::gji_monitor: [gji-io] WRITE: w_ops=+1 w_KB=+0.0 (r_ops=+2 x_ops=+2 x_KB=+0.0)
2026-09-19T23:12:47.375451Z DEBUG awase_windows::runtime::key_pipeline: [engine-input] vk=0x08 KeyDown ts=51604237us delay=0ms state=Idle mods(c=false s=false a=false w=false) gas_ctrl=false phys_ctrl=false extra=0x0 pending_drain=0 gate_active=false l_thumb=None r_thumb=None [diag-ctx] ime_on=true 
2026-09-19T23:12:47.375638Z DEBUG awase::journal: key input seq=335 elapsed_ms=51604 vk_code=8 is_down=true injected=false key_class="Passthrough" state_before="Idle" state_after="Idle" decision="PassThrough" physical="Allow" repeat_count=1 last_timestamp_us=51604237 last_elapsed_ms=0
2026-09-19T23:12:47.375781Z DEBUG execute_from_hook: awase_windows::runtime::executor: [relay-passthrough] PassThrough idle: direct OS pass-through (vk=0x08 down)
2026-09-19T23:12:47.376145Z DEBUG execute_one{generation=None}: awase_windows::runtime::executor: [reinject] vk=0x08 down (queued passthrough now firing)
2026-09-19T23:12:47.382718Z DEBUG awase_windows::ime: [idle-conv-check-diag] focused_hwnd=HWND(0x5058a) ime_wnd=Some(HWND(0x2054e))
2026-09-19T23:12:47.387136Z DEBUG awase::journal: conv classify call seq=336 elapsed_ms=51616 conv=25 is_cold=false effective_open=true conv_mode_changed=false is_roman_reliable=false
2026-09-19T23:12:47.387167Z DEBUG awase_windows::runtime::key_pipeline: [idle-conv-check] TsfNative: conv=0x00000019 → belief ObservedRomaji 変更なし
2026-09-19T23:12:47.392477Z DEBUG awase_windows::tsf::gji_monitor: [gji-io] WRITE: w_ops=+1 w_KB=+0.0 (r_ops=+2 x_ops=+2 x_KB=+0.0)
2026-09-19T23:12:47.406136Z DEBUG awase_windows::runtime::key_pipeline: [engine-input] vk=0x08 KeyDown ts=51635224us delay=0ms state=Idle mods(c=false s=false a=false w=false) gas_ctrl=false phys_ctrl=false extra=0x0 pending_drain=0 gate_active=false l_thumb=None r_thumb=None [diag-ctx] ime_on=true 
2026-09-19T23:12:47.406214Z DEBUG awase::journal: key input seq=337 elapsed_ms=51635 vk_code=8 is_down=true injected=false key_class="Passthrough" state_before="Idle" state_after="Idle" decision="PassThrough" physical="Allow" repeat_count=1 last_timestamp_us=51635224 last_elapsed_ms=0
2026-09-19T23:12:47.406261Z DEBUG execute_from_hook: awase_windows::runtime::executor: [relay-passthrough] PassThrough idle: direct OS pass-through (vk=0x08 down)
2026-09-19T23:12:47.406442Z DEBUG execute_one{generation=None}: awase_windows::runtime::executor: [reinject] vk=0x08 down (queued passthrough now firing)
2026-09-19T23:12:47.410025Z DEBUG awase_windows::ime: [idle-conv-check-diag] focused_hwnd=HWND(0x5058a) ime_wnd=Some(HWND(0x2054e))
2026-09-19T23:12:47.412196Z DEBUG awase::journal: conv classify call seq=338 elapsed_ms=51641 conv=25 is_cold=false effective_open=true conv_mode_changed=false is_roman_reliable=false
2026-09-19T23:12:47.412219Z DEBUG awase_windows::runtime::key_pipeline: [idle-conv-check] TsfNative: conv=0x00000019 → belief ObservedRomaji 変更なし
2026-09-19T23:12:47.423336Z DEBUG awase_windows::tsf::gji_monitor: [gji-io] WRITE: w_ops=+1 w_KB=+0.0 (r_ops=+2 x_ops=+2 x_KB=+0.0)
2026-09-19T23:12:47.437502Z DEBUG awase_windows::runtime::key_pipeline: [engine-input] vk=0x08 KeyDown ts=51666513us delay=0ms state=Idle mods(c=false s=false a=false w=false) gas_ctrl=false phys_ctrl=false extra=0x0 pending_drain=0 gate_active=false l_thumb=None r_thumb=None [diag-ctx] ime_on=true 
2026-09-19T23:12:47.437605Z DEBUG awase::journal: key input seq=339 elapsed_ms=51666 vk_code=8 is_down=true injected=false key_class="Passthrough" state_before="Idle" state_after="Idle" decision="PassThrough" physical="Allow" repeat_count=1 last_timestamp_us=51666513 last_elapsed_ms=0
2026-09-19T23:12:47.437685Z DEBUG execute_from_hook: awase_windows::runtime::executor: [relay-passthrough] PassThrough idle: direct OS pass-through (vk=0x08 down)
2026-09-19T23:12:47.437883Z DEBUG execute_one{generation=None}: awase_windows::runtime::executor: [reinject] vk=0x08 down (queued passthrough now firing)
2026-09-19T23:12:47.441184Z DEBUG awase_windows::ime: [idle-conv-check-diag] focused_hwnd=HWND(0x5058a) ime_wnd=Some(HWND(0x2054e))
2026-09-19T23:12:47.443769Z DEBUG awase::journal: conv classify call seq=340 elapsed_ms=51672 conv=25 is_cold=false effective_open=true conv_mode_changed=false is_roman_reliable=false
2026-09-19T23:12:47.443787Z DEBUG awase_windows::runtime::key_pipeline: [idle-conv-check] TsfNative: conv=0x00000019 → belief ObservedRomaji 変更なし
2026-09-19T23:12:47.454619Z DEBUG awase_windows::tsf::gji_monitor: [gji-io] WRITE: w_ops=+1 w_KB=+0.0 (r_ops=+2 x_ops=+2 x_KB=+0.0)
2026-09-19T23:12:47.468829Z DEBUG awase_windows::runtime::key_pipeline: [engine-input] vk=0x08 KeyDown ts=51697887us delay=0ms state=Idle mods(c=false s=false a=false w=false) gas_ctrl=false phys_ctrl=false extra=0x0 pending_drain=0 gate_active=false l_thumb=None r_thumb=None [diag-ctx] ime_on=true 
2026-09-19T23:12:47.468889Z DEBUG awase::journal: key input seq=341 elapsed_ms=51698 vk_code=8 is_down=true injected=false key_class="Passthrough" state_before="Idle" state_after="Idle" decision="PassThrough" physical="Allow" repeat_count=1 last_timestamp_us=51697887 last_elapsed_ms=0
2026-09-19T23:12:47.468928Z DEBUG execute_from_hook: awase_windows::runtime::executor: [relay-passthrough] PassThrough idle: direct OS pass-through (vk=0x08 down)
2026-09-19T23:12:47.469034Z DEBUG execute_one{generation=None}: awase_windows::runtime::executor: [reinject] vk=0x08 down (queued passthrough now firing)
2026-09-19T23:12:47.471166Z DEBUG awase_windows::ime: [idle-conv-check-diag] focused_hwnd=HWND(0x5058a) ime_wnd=Some(HWND(0x2054e))
2026-09-19T23:12:47.473529Z DEBUG awase::journal: conv classify call seq=342 elapsed_ms=51702 conv=25 is_cold=false effective_open=true conv_mode_changed=false is_roman_reliable=false
2026-09-19T23:12:47.473550Z DEBUG awase_windows::runtime::key_pipeline: [idle-conv-check] TsfNative: conv=0x00000019 → belief ObservedRomaji 変更なし
2026-09-19T23:12:47.486430Z DEBUG awase_windows::tsf::gji_monitor: [gji-io] WRITE: w_ops=+1 w_KB=+0.0 (r_ops=+2 x_ops=+2 x_KB=+0.0)
2026-09-19T23:12:47.500125Z DEBUG awase_windows::runtime::key_pipeline: [engine-input] vk=0x08 KeyDown ts=51729115us delay=0ms state=Idle mods(c=false s=false a=false w=false) gas_ctrl=false phys_ctrl=false extra=0x0 pending_drain=0 gate_active=false l_thumb=None r_thumb=None [diag-ctx] ime_on=true 
2026-09-19T23:12:47.500227Z DEBUG awase::journal: key input seq=343 elapsed_ms=51729 vk_code=8 is_down=true injected=false key_class="Passthrough" state_before="Idle" state_after="Idle" decision="PassThrough" physical="Allow" repeat_count=1 last_timestamp_us=51729115 last_elapsed_ms=0
2026-09-19T23:12:47.500303Z DEBUG execute_from_hook: awase_windows::runtime::executor: [relay-passthrough] PassThrough idle: direct OS pass-through (vk=0x08 down)
2026-09-19T23:12:47.500488Z DEBUG execute_one{generation=None}: awase_windows::runtime::executor: [reinject] vk=0x08 down (queued passthrough now firing)
2026-09-19T23:12:47.502344Z DEBUG awase_windows::ime: [idle-conv-check-diag] focused_hwnd=HWND(0x5058a) ime_wnd=Some(HWND(0x2054e))
2026-09-19T23:12:47.506606Z DEBUG awase::journal: conv classify call seq=344 elapsed_ms=51735 conv=25 is_cold=false effective_open=true conv_mode_changed=false is_roman_reliable=false
2026-09-19T23:12:47.506629Z DEBUG awase_windows::runtime::key_pipeline: [idle-conv-check] TsfNative: conv=0x00000019 → belief ObservedRomaji 変更なし
2026-09-19T23:12:47.518550Z DEBUG awase_windows::tsf::gji_monitor: [gji-io] WRITE: w_ops=+1 w_KB=+0.0 (r_ops=+2 x_ops=+2 x_KB=+0.0)
2026-09-19T23:12:47.522989Z DEBUG awase_windows::runtime::key_pipeline: [engine-input] vk=0x08 KeyUp ts=51752123us delay=0ms state=Idle mods(c=false s=false a=false w=false) gas_ctrl=false phys_ctrl=false extra=0x0 pending_drain=0 gate_active=false l_thumb=None r_thumb=None [diag-ctx] ime_on=true ja
2026-09-19T23:12:47.523083Z DEBUG awase::journal: key input seq=345 elapsed_ms=51752 vk_code=8 is_down=false injected=false key_class="Passthrough" state_before="Idle" state_after="Idle" decision="PassThrough" physical="Allow" repeat_count=1 last_timestamp_us=51752123 last_elapsed_ms=0
2026-09-19T23:12:47.523131Z DEBUG execute_from_hook: awase_windows::runtime::executor: [relay-passthrough] PassThrough idle: direct OS pass-through (vk=0x08 up)
2026-09-19T23:12:47.523170Z DEBUG execute_one{generation=None}: awase_windows::runtime::executor: [reinject] vk=0x08 up (queued passthrough now firing)
2026-09-19T23:12:52.351976Z DEBUG awase_windows::tsf::win_event_obs: [tsf-settle] OBJ_NAMECHANGE #1 class=CASCADIA_HOSTING_WINDOW_CLASS
2026-09-19T23:12:52.852998Z  WARN awase_windows::runtime::message_handlers: Hook watchdog: no activity for 5328ms (OS全体の最終入力は16ms前 → フックにイベントが届いていない疑い(issue #165))
2026-09-19T23:12:52.853767Z  WARN awase_windows::runtime::message_handlers: Hook watchdog kana lock edge: None → Off (fg_class="CASCADIA_HOSTING_WINDOW_CLASS", own_ui=false, stale_ms=5328, os_idle_ms=16)
2026-09-19T23:12:55.854286Z  WARN awase_windows::runtime::message_handlers: Hook watchdog: no activity for 8328ms (OS全体の最終入力は0ms前 → フックにイベントが届いていない疑い(issue #165))
2026-09-19T23:12:58.862372Z  WARN awase_windows::runtime::message_handlers: Hook watchdog: no activity for 11328ms (OS全体の最終入力は0ms前 → フックにイベントが届いていない疑い(issue #165))
script error: Output type incorrect: bool (expecting ())
