2026-09-19T22:38:41.779006Z DEBUG awase_windows::runtime: [focus-sync] hwnd=0x6E03BC class="ImeKeyMatrixSpikeWindowClass" app_kind=Win32 hint=Default → mode=Unicode
2026-09-19T22:38:41.779079Z DEBUG awase_windows::tsf::tsf_gate: [tsf-gate] focus change → PendingWarmup (held cleared)
2026-09-19T22:38:41.868205Z DEBUG awase_windows::runtime: [focus-sync] hwnd=0xEE03FC class="Edit" app_kind=Win32 hint=Default → mode=Unicode
2026-09-19T22:38:41.868246Z DEBUG awase_windows::output: [tsf-gate] focus change while PendingWarmup — held バッファを保持して再初期化スキップ (Chrome等の連続フォーカスイベント対策)
2026-09-19T22:38:41.910048Z  INFO apply_focus_probe_result: awase_windows::runtime::focus_tracking: AppKind changed: Uwp → Win32 (class=ImeKeyMatrixSpikeWindowClass)
2026-09-19T22:38:41.914034Z DEBUG apply_focus_probe_result: awase::journal: focus transition seq=178 elapsed_ms=79840 changed_process=true changed_window=true changed_app_kind=true changed_focus_kind=false dwell_ms=25156 profile="ImmCross"
2026-09-19T22:38:41.914317Z  INFO apply_focus_probe_result: awase_windows::runtime::focus_tracking: FocusChange [19612→21932] ImeKeyMatrixSpikeWindowClass: stale ime_on=true intent=None mode=ObservedRomaji japanese=true
2026-09-19T22:38:41.914353Z DEBUG apply_focus_probe_result: awase_windows::tsf::probe: [composition] focus changed → marked cold
2026-09-19T22:38:41.914379Z DEBUG apply_focus_probe_result: awase_windows::runtime: [keymap] active rules recomputed: 0 rule(s) for process="ime_key_matrix_spike.exe"
2026-09-19T22:38:41.914400Z DEBUG apply_focus_probe_result: awase_windows::runtime::focus_tracking: [keymap] active rules updated on focus change: 0 rule(s) (hwnd=HWND(0x6e03bc) kind=Undetermined focus_epoch=4)
2026-09-19T22:38:41.914439Z DEBUG apply_focus_probe_result:reduce: awase_windows::state::ime_model: [explicit-intent] cleared (focus change)
2026-09-19T22:38:41.914471Z DEBUG apply_focus_probe_result: awase::journal: ime event seq=179 elapsed_ms=79841 event_kind="FocusChanged"
2026-09-19T22:38:41.914531Z DEBUG apply_focus_probe_result: awase_windows::runtime::focus_tracking: [focus] Imm32Unavailable hard pre-sync applied=true (prevent spurious VK_KANJI on first character key)
2026-09-19T22:38:41.914575Z DEBUG apply_focus_probe_result:gji_on_event{event=ImeOn { injection_mode: Unicode, gji_idle_ms: 25140 }}: awase_windows::tsf::gji_fsm: [gji-fsm] ImeOn: already on (OnCold(Short)), ignored
2026-09-19T22:38:41.914617Z DEBUG apply_focus_probe_result: awase::journal: gji fsm transition seq=180 elapsed_ms=79841 trigger="ImeOn(gji_idle_ms=25140)" state_before="OnCold(Short)" state_after="OnCold(Short)"
2026-09-19T22:38:41.915349Z DEBUG awase_windows::observer::ime_observer: IME snapshot: japanese=Some(true) ime_on=Some(false) romaji=None conv=Some("0x00000009") guard=false
2026-09-19T22:38:41.915431Z DEBUG awase::journal: ime event seq=181 elapsed_ms=79842 event_kind="ObserverReported"
2026-09-19T22:38:41.915459Z  INFO awase_windows::runtime::ime_refresh: ObserverPoll +0ms since focus: ime_on true → false(intent=None) 
2026-09-19T22:38:41.918683Z DEBUG awase_windows::ime_diagnostic: [ime-diag] label=focus_changed t=333555968 hwnd=0x0 pid=0 tid=35180 class="" hkl=04110411 lang=0411 imm_bridge=true imc_open=- imc_conv=- shadow_on=false shadow_romaji=false shadow_jp=false inject=Unknown dt_focus_ms=- dt_activity_ms=-
2026-09-19T22:38:41.918739Z DEBUG awase_windows::runtime::ime_refresh: [composition] focus change → marking cold
2026-09-19T22:38:41.918773Z DEBUG awase_windows::tsf::probe: [composition] marked cold reason=FocusChange idle=29109ms → next VK/TSF output will send VK_DBE_HIRAGANA warmup
2026-09-19T22:38:41.918840Z DEBUG gji_on_event{event=FocusChange { injection_mode: Unicode, gji_idle_ms: 25140 }}: awase_windows::tsf::gji_fsm: [gji-fsm] FocusChange gji_idle=25140ms → Long
2026-09-19T22:38:41.918903Z DEBUG awase_windows::platform: [gji-fsm] CancelProbe probe_id=ProbeId(3)
2026-09-19T22:38:41.918924Z DEBUG awase_windows::platform: [gji-fsm] StartProbe probe_id=ProbeId(4) forces_f2=true long=true
2026-09-19T22:38:41.918940Z DEBUG awase_windows::platform: [gji-fsm] Unicode long-cold StartProbe: VK_IME_OFF→VK_IME_ON reinit (chars なし)
2026-09-19T22:38:41.918953Z DEBUG awase_windows::output::probe_io: [chrome-reinit] cold=0 VK_IME_OFF→VK_IME_ON 強制リセット送信 + IMC ポーリング開始 (write_bytes_baseline=183273688)
2026-09-19T22:38:41.918990Z DEBUG awase_windows::shadow_send_trace: [shadow-send] channel=SendInput kind=kanji_marker vk=[1A, 16] issue_us=79845773
2026-09-19T22:38:41.920964Z DEBUG awase_windows::hook: [hook] IME-mode vk=0x1A down self_injected=true injected=true scan=0x0 extra=0x4B45594A since_actuation_us=Some(1983)
2026-09-19T22:38:41.929332Z DEBUG awase_windows::hook: [hook] IME-mode vk=0x1A up self_injected=true injected=true scan=0x0 extra=0x4B45594A since_actuation_us=Some(10344)
2026-09-19T22:38:41.935605Z DEBUG awase_windows::hook: [hook] IME-mode vk=0x16 down self_injected=true injected=true scan=0x0 extra=0x4B45594A since_actuation_us=Some(16624)
2026-09-19T22:38:41.937152Z DEBUG awase_windows::hook: [hook] IME-mode vk=0x16 up self_injected=true injected=true scan=0x0 extra=0x4B45594A since_actuation_us=Some(18177)
2026-09-19T22:38:41.937891Z DEBUG awase_windows::tsf::ime_mode_fsm: [ime-mode] VK_IME_OFF 送信 → Off (belief, unconfirmed)
2026-09-19T22:38:41.937919Z DEBUG awase_windows::tsf::ime_mode_fsm: [ime-mode] VK_IME_ON 送信 → Hiragana (belief, unconfirmed)
2026-09-19T22:38:41.938370Z DEBUG awase_windows::tsf::ime_mode_fsm: [ime-mode] FocusChange (0ms after VK send) → confirmed=false のみ（state=Hiragana 維持）
2026-09-19T22:38:41.938408Z DEBUG awase::journal: gji fsm transition seq=182 elapsed_ms=79845 trigger="FocusChange(gji_idle_ms=25140)" state_before="OnCold(Short)" state_after="OnCold(Long)"
2026-09-19T22:38:41.938434Z DEBUG awase::journal: tsf probe completed seq=183 elapsed_ms=79845 outcome="Canceled" cold_seq=18446744073709551615 cold_seq_present=false probe_id=3 probe_id_present=true duration_ms=25156 tick_count=0 gji_state="OnCold(Long)"
2026-09-19T22:38:41.938456Z DEBUG awase::journal: tsf probe started seq=184 elapsed_ms=79845 source="GjiAction::StartProbe" cold_seq=0 probe_id=4 probe_id_present=true gji_state="OnCold(Long)" consecutive_at_start=0 pending_deferred_len=0
2026-09-19T22:38:41.938476Z DEBUG awase::journal: gji fsm transition seq=185 elapsed_ms=79864 trigger="WarmupComplete(unicode)" state_before="OnCold(Long)" state_after="OnWarm"
2026-09-19T22:38:41.938491Z DEBUG awase::journal: tsf probe completed seq=186 elapsed_ms=79864 outcome="UnicodeImmediate" cold_seq=18446744073709551615 cold_seq_present=false probe_id=4 probe_id_present=true duration_ms=16 tick_count=0 gji_state="OnWarm"
2026-09-19T22:38:41.938543Z DEBUG awase_windows::runtime::ime_refresh: [composition] FocusChange: send_eager_tsf_warmup called (ime_on via warmup_ime_on())
2026-09-19T22:38:41.938565Z DEBUG awase_windows::ime_controller: [warrant-shadow] chain=set_ime_open open=false origin=EventOrigin { source: SelfActuated { strategy: "focus_change_enforce_off" }, epoch: Generation(0) } warranted
2026-09-19T22:38:41.938624Z DEBUG awase_windows::runtime::ime_refresh: [composition] FocusChange: set_ime_open(false) sent=true (applied_open OFF → enforce IME OFF on new window; ADR-090 A-2: sent=false means warrant was refused, no write happened)
2026-09-19T22:38:41.938713Z  INFO awase::engine::engine: Engine deactivated (ime=false, romaji=true, japanese=true, user=true, reason=Inactive(ImeOff))
2026-09-19T22:38:41.938766Z DEBUG execute_from_loop: awase_windows::runtime::executor: [focus-settle] SetOpen(false) effect stripped from decision (focus transition barrier still settling)
2026-09-19T22:38:41.940814Z DEBUG execute_from_loop:execute_one{generation=None}: awase_windows::platform: [engine-state-key] suppressed (polling/focus-triggered, enabled=false)
2026-09-19T22:38:41.940913Z DEBUG awase_windows::runtime: [focus-settle] SetOpen stripped from execute_from_loop decision → 150ms 後に refresh で再試行
2026-09-19T22:38:41.941474Z DEBUG awase::journal: hook ime-mode diagnostic seq=187 elapsed_ms=79868 vk_code=26 is_down=true self_injected=true injected=true scan=0
2026-09-19T22:38:41.941489Z DEBUG awase::journal: hook ime-mode diagnostic seq=188 elapsed_ms=79868 vk_code=26 is_down=false self_injected=true injected=true scan=0
2026-09-19T22:38:41.941498Z DEBUG awase::journal: hook ime-mode diagnostic seq=189 elapsed_ms=79868 vk_code=22 is_down=true self_injected=true injected=true scan=0
2026-09-19T22:38:41.941506Z DEBUG awase::journal: hook ime-mode diagnostic seq=190 elapsed_ms=79868 vk_code=22 is_down=false self_injected=true injected=true scan=0
2026-09-19T22:38:41.946011Z DEBUG awase_windows::ime: [idle-conv-check-diag] focused_hwnd=HWND(0xee03fc) ime_wnd=Some(HWND(0xe129fc))
2026-09-19T22:38:41.947287Z DEBUG awase_windows::ime: [idle-conv-check-diag] focused_hwnd=HWND(0xee03fc) ime_wnd=Some(HWND(0xe129fc))
2026-09-19T22:38:41.948156Z DEBUG awase_windows::platform: [ime-mode] FocusProbe: checkpoint3でGJI actuationとの交錯を検知 → hint更新をabandon
2026-09-19T22:38:41.949076Z DEBUG set_ime_open_cross_process{open=false}: awase_windows::shadow_send_trace: [shadow-send] channel=ImeControl cmd=0x0006 lparam=0 issue_us=79873091
2026-09-19T22:38:41.949086Z DEBUG set_ime_open_cross_process{open=false}: awase_windows::ime: set_ime_open_for_target: hwnd=HWND(0xee03fc) ime_wnd=HWND(0xe129fc) open=false success=true send_elapsed=2ms candidate_visible=false
2026-09-19T22:38:41.949297Z DEBUG awase_windows::output::probe_io: [chrome-reinit] cold=0 with_app reentrant or fence-abandoned, skip tick #0
2026-09-19T22:38:41.950422Z DEBUG awase::journal: ime event seq=191 elapsed_ms=79877 event_kind="ObserverReported"
2026-09-19T22:38:41.950435Z DEBUG awase_windows::runtime::focus_tracking: [ImmCrossProbe/focus] child-hwnd IME=true → High confidence 観測記録
2026-09-19T22:38:41.957284Z DEBUG awase_windows::tsf::gji_monitor: [gji-io] WRITE: w_ops=+5 w_KB=+0.1 (r_ops=+10 x_ops=+10 x_KB=+0.0)
2026-09-19T22:38:41.974773Z  INFO awase_windows::output::probe_io: [chrome-reinit] cold=0 GJI write_bytes 上昇検出: tick=#1 delta=+60B (+0.1KB)
2026-09-19T22:38:41.978556Z DEBUG awase_windows::ime: [idle-conv-check-diag] focused_hwnd=HWND(0xee03fc) ime_wnd=Some(HWND(0xe129fc))
2026-09-19T22:38:41.984926Z DEBUG awase_windows::runtime: [focus-sync] hwnd=0x8B10F0 class="RICHEDIT50W" app_kind=Win32 hint=Default → mode=Unicode
2026-09-19T22:38:41.984989Z DEBUG awase_windows::tsf::tsf_gate: [tsf-gate] focus change → PendingWarmup (held cleared)
2026-09-19T22:38:41.999973Z DEBUG awase_windows::runtime: [focus-sync] hwnd=0xEE03FC class="Edit" app_kind=Win32 hint=Default → mode=Unicode
2026-09-19T22:38:42.000032Z DEBUG awase_windows::output: [tsf-gate] focus change while PendingWarmup — held バッファを保持して再初期化スキップ (Chrome等の連続フォーカスイベント対策)
2026-09-19T22:38:42.003449Z DEBUG awase_windows::output::probe_io: [chrome-reinit] cold=0 IMC poll #1: conv=none NATIVE=false write_delta=+60B
2026-09-19T22:38:42.003477Z DEBUG awase_windows::output::probe_io: [chrome-reinit] cold=0 stale focus_gen=2 → ポーリング終了
2026-09-19T22:38:42.003490Z  INFO awase_windows::output::probe_io: [chrome-reinit] cold=0 ポーリング完了: total_write_delta=+60B first_write_tick=Some(2)
2026-09-19T22:38:42.073944Z DEBUG apply_focus_probe_result: awase_windows::runtime::focus_tracking: Focus kind changed: Undetermined → TextInput (reason=KnownTextClass(Edit))
2026-09-19T22:38:42.074049Z DEBUG apply_focus_probe_result:reduce: awase_windows::state::observation_store: [focus-hwnd-track] update_focus_window: current_fence.hwnd HwndId(7209916) -> HwndId(15598588)
2026-09-19T22:38:42.074094Z DEBUG apply_focus_probe_result: awase::journal: ime event seq=192 elapsed_ms=80000 event_kind="FocusHwndUpdated"
2026-09-19T22:38:42.074131Z DEBUG apply_focus_probe_result: awase::journal: focus transition seq=193 elapsed_ms=80000 changed_process=false changed_window=true changed_app_kind=false changed_focus_kind=true dwell_ms=157 profile="ImmCross"
2026-09-19T22:38:42.074411Z DEBUG awase_windows::state::observation_store: [identity-gate] hwnd不一致で除外: source=ImmCrossProbe obs_hwnd=HwndId(7209916) current_hwnd=HwndId(15598588) confidence=High
2026-09-19T22:38:42.074431Z DEBUG awase_windows::state::observation_store: [identity-gate] hwnd不一致で除外: source=ImmCrossProbe obs_hwnd=HwndId(7209916) current_hwnd=HwndId(15598588) confidence=High
2026-09-19T22:38:42.074468Z DEBUG awase_windows::state::observation_store: [identity-gate] hwnd不一致で除外: source=ImmCrossProbe obs_hwnd=HwndId(7209916) current_hwnd=HwndId(15598588) confidence=High
2026-09-19T22:38:42.074483Z DEBUG awase_windows::state::observation_store: [identity-gate] hwnd不一致で除外: source=ImmCrossProbe obs_hwnd=HwndId(7209916) current_hwnd=HwndId(15598588) confidence=High
2026-09-19T22:38:42.074508Z DEBUG awase_windows::observer::ime_observer: IME snapshot: japanese=Some(true) ime_on=Some(false) romaji=None conv=Some("0x00000009") guard=false
2026-09-19T22:38:42.074588Z DEBUG awase::journal: ime event seq=194 elapsed_ms=80001 event_kind="ObserverReported"
2026-09-19T22:38:42.074616Z DEBUG awase_windows::state::observation_store: [identity-gate] hwnd不一致で除外: source=ImmCrossProbe obs_hwnd=HwndId(7209916) current_hwnd=HwndId(15598588) confidence=High
2026-09-19T22:38:42.074635Z DEBUG awase_windows::state::observation_store: [identity-gate] hwnd不一致で除外: source=ImmCrossProbe obs_hwnd=HwndId(7209916) current_hwnd=HwndId(15598588) confidence=High
2026-09-19T22:38:42.074752Z DEBUG awase_windows::state::observation_store: [identity-gate] hwnd不一致で除外: source=ImmCrossProbe obs_hwnd=HwndId(7209916) current_hwnd=HwndId(15598588) confidence=High
2026-09-19T22:38:42.074774Z DEBUG awase_windows::state::observation_store: [identity-gate] hwnd不一致で除外: source=ImmCrossProbe obs_hwnd=HwndId(7209916) current_hwnd=HwndId(15598588) confidence=High
2026-09-19T22:38:42.410070Z DEBUG awase_windows::runtime::message_handlers: [drain] vk=0x1C KeyDown
2026-09-19T22:38:42.410077Z DEBUG awase_windows::runtime::message_handlers: [output-drain] replay vk=0x1C KeyDown event_ts=80336280us now=80336880us delta=0ms
2026-09-19T22:38:42.410099Z DEBUG awase_windows::state::observation_store: [identity-gate] hwnd不一致で除外: source=ImmCrossProbe obs_hwnd=HwndId(7209916) current_hwnd=HwndId(15598588) confidence=High
2026-09-19T22:38:42.410112Z DEBUG awase_windows::state::observation_store: [identity-gate] hwnd不一致で除外: source=ImmCrossProbe obs_hwnd=HwndId(7209916) current_hwnd=HwndId(15598588) confidence=High
2026-09-19T22:38:42.410150Z DEBUG awase_windows::state::observation_store: [identity-gate] hwnd不一致で除外: source=ImmCrossProbe obs_hwnd=HwndId(7209916) current_hwnd=HwndId(15598588) confidence=High
2026-09-19T22:38:42.410157Z DEBUG awase_windows::state::observation_store: [identity-gate] hwnd不一致で除外: source=ImmCrossProbe obs_hwnd=HwndId(7209916) current_hwnd=HwndId(15598588) confidence=High
2026-09-19T22:38:42.410167Z  INFO awase_windows::runtime::key_pipeline: [shadow-toggle] intent 昇格: vk=0x1C scan=0x79 action=Toggle kind=PhysicalImeKey injected=false false→true w_ops0=109004 x_ops0=241556 x_KB0=23.4
2026-09-19T22:38:42.410187Z DEBUG awase::journal: ime event seq=195 elapsed_ms=80336 event_kind="UserImeSetIntent"
2026-09-19T22:38:42.410206Z DEBUG awase_windows::runtime::key_pipeline: Shadow IME toggle: OFF → ON (vk=0x1C, source=PhysicalImeKey)
2026-09-19T22:38:42.410217Z DEBUG awase_windows::runtime::key_pipeline: [engine-input] vk=0x1C KeyDown ts=80336280us delay=0ms state=Idle mods(c=false s=false a=false w=false) gas_ctrl=false phys_ctrl=false extra=0x5350494B pending_drain=0 gate_active=false l_thumb=None r_thumb=Some(80336269) [diag-
2026-09-19T22:38:42.410235Z  INFO awase::engine::engine: Engine activated (ime=true, romaji=true, japanese=true, user=true, reason=Active)
2026-09-19T22:38:42.410279Z DEBUG awase::journal: key input seq=196 elapsed_ms=80336 vk_code=28 is_down=true injected=false key_class="RightThumb" state_before="Idle" state_after="PendingThumb(vk=0x1C,left=false)" decision="Consume" physical="Allow" repeat_count=1 last_timestamp_us=80336280 last_ela
2026-09-19T22:38:42.410309Z DEBUG awase::journal: ime event seq=197 elapsed_ms=80337 event_kind="EngineActivationSync"
2026-09-19T22:38:42.410320Z DEBUG awase::journal: ime event seq=198 elapsed_ms=80337 event_kind="ImeApplyRequested"
2026-09-19T22:38:42.410363Z  INFO awase_windows::runtime::key_pipeline: IME control: preconditions.ime_on = true (SetOpenRequest, origin=ActivationSync), was_open_before=true last_intent_before=Some(true) poll suspended
2026-09-19T22:38:42.410564Z DEBUG execute_one{generation=Some(ApplyGeneration(5))}:dispatch_ime_set_open{open=true generation=Some(ApplyGeneration(5))}: awase_windows::runtime::executor: [dispatch-ime] ImmCross async: optimistic applied_snapshot=true (suppress send_engine_state_ime_key)
2026-09-19T22:38:42.411769Z DEBUG execute_one{generation=Some(ApplyGeneration(5))}: awase_windows::platform: [engine-state-key] skipped (apply_ime_open aligned ime=true, profile=Standard)
2026-09-19T22:38:42.414137Z DEBUG run_open_chain_async: awase_windows::ime_controller: [warrant-shadow] chain=async open=true origin=EventOrigin { source: SelfActuated { strategy: "engine_decision_async" }, epoch: Generation(0) } warranted
2026-09-19T22:38:42.414210Z  INFO run_open_chain_async:imm_cross_write{open=true}: awase_windows::runtime::open_chain: [apply-ime] ImmCross async: open=true composition_active=false show_seq=0 change_seq=0 (issue #138診断)
2026-09-19T22:38:42.415128Z DEBUG awase::journal: ime event seq=199 elapsed_ms=80341 event_kind="ObserverReported"
2026-09-19T22:38:42.415439Z  INFO awase_windows::runtime::key_pipeline: FocusProbe +15ms: ime_on=true mode=ObservedRomaji [ime=GoogleJapaneseInput sig1=false gji_io=468ms sig2=false]
2026-09-19T22:38:42.418862Z DEBUG awase_windows::shadow_send_trace: [shadow-send] channel=ImeControl cmd=0x0006 lparam=1 issue_us=80343815
2026-09-19T22:38:42.418878Z DEBUG awase_windows::ime: set_ime_open_for_target: hwnd=HWND(0xee03fc) ime_wnd=HWND(0xe129fc) open=true success=true send_elapsed=1ms candidate_visible=false
2026-09-19T22:38:42.422166Z DEBUG awase::journal: ime event seq=200 elapsed_ms=80348 event_kind="ObserverReported"
2026-09-19T22:38:42.422194Z DEBUG awase_windows::runtime::key_pipeline: [ImmCrossProbe] child-hwnd IME=true → High confidence 観測記録
2026-09-19T22:38:42.422226Z DEBUG awase_windows::observer::ime_observer: IME snapshot: japanese=Some(true) ime_on=Some(true) romaji=None conv=Some("0x00000009") guard=false
2026-09-19T22:38:42.422255Z DEBUG awase_windows::runtime::key_pipeline: [ImmCrossProbe] kana mode (conv=0x00000009) + IME ON → romaji 修正 (MS-IME かなモード修正)
2026-09-19T22:38:42.426200Z DEBUG awase_windows::shadow_send_trace: [shadow-send] channel=ImeControl cmd=0x0002 lparam=25 issue_us=80347418
2026-09-19T22:38:42.426216Z DEBUG awase_windows::ime: [imm-romaji] conv 0x00000009 → 0x00000019 success=true target=None
2026-09-19T22:38:42.426681Z DEBUG run_open_chain_async:imm_cross_write{open=true}: awase_windows::ime: [imm-cross-actuate] hwnd=HWND(0xee03fc) open=Written conv=Some(Written)
2026-09-19T22:38:42.426963Z DEBUG run_open_chain_async:imm_cross_write{open=true}: awase_windows::runtime::open_chain: [apply-ime] ROMAN 補完結果: Written
2026-09-19T22:38:42.427029Z DEBUG run_open_chain_async: awase::journal: actuation decision seq=201 elapsed_ms=80353 site="DispatchImeSetOpen" caller="None" open=true chain_len=4 attempts_len=1 gate_profile="Standard" gate_kind="Gji" gate_shadow_known=true gate_shadow_on=false gate_input_mode="Observ
2026-09-19T22:38:42.427590Z DEBUG on_ime_apply_complete{open=true outcome=AppliedWithoutSendInput generation=Some(ApplyGeneration(5)) reason=EngineDecision}: awase::journal: ime open applied seq=202 elapsed_ms=80354 open=true outcome="AppliedWithoutSendInput" reason="EngineDecision"
2026-09-19T22:38:42.427839Z DEBUG on_ime_apply_complete{open=true outcome=AppliedWithoutSendInput generation=Some(ApplyGeneration(5)) reason=EngineDecision}: awase::journal: ime event seq=203 elapsed_ms=80354 event_kind="ImeApplySucceeded"
2026-09-19T22:38:42.427853Z DEBUG on_ime_apply_complete{open=true outcome=AppliedWithoutSendInput generation=Some(ApplyGeneration(5)) reason=EngineDecision}: awase_windows::tsf::ime_mode_fsm: [ime-mode] SetOpen(true) applied → Hiragana (belief, unconfirmed)
2026-09-19T22:38:42.427866Z DEBUG on_ime_apply_complete{open=true outcome=AppliedWithoutSendInput generation=Some(ApplyGeneration(5)) reason=EngineDecision}: awase_windows::platform: [composition] ImeEffect::SetOpen(true) → marking cold
2026-09-19T22:38:42.427874Z DEBUG on_ime_apply_complete{open=true outcome=AppliedWithoutSendInput generation=Some(ApplyGeneration(5)) reason=EngineDecision}: awase_windows::tsf::probe: [composition] marked cold reason=SetOpenTrue idle=29609ms → next VK/TSF output will send VK_DBE_HIRAGANA warmup
2026-09-19T22:38:42.427898Z DEBUG on_ime_apply_complete{open=true outcome=AppliedWithoutSendInput generation=Some(ApplyGeneration(5)) reason=EngineDecision}:gji_on_event{event=ImeOn { injection_mode: Unicode, gji_idle_ms: 468 }}: awase_windows::tsf::gji_fsm: [gji-fsm] ImeOn: already on (OnWarm), ign
2026-09-19T22:38:42.428400Z DEBUG awase::journal: gji fsm transition seq=204 elapsed_ms=80354 trigger="ImeOn(gji_idle_ms=468)" state_before="OnWarm" state_after="OnWarm"
2026-09-19T22:38:42.429378Z DEBUG awase_windows::ime: [conv-actuate] Written: hwnd=HWND(0xee03fc) target=None
2026-09-19T22:38:42.460678Z DEBUG awase_windows::observer::ime_observer: IME snapshot: japanese=Some(true) ime_on=Some(true) romaji=Some(true) conv=Some("0x00000019") guard=false
2026-09-19T22:38:42.460723Z DEBUG awase::journal: ime event seq=205 elapsed_ms=80387 event_kind="ObserverReported"
2026-09-19T22:38:42.460738Z DEBUG awase::journal: ime event seq=206 elapsed_ms=80387 event_kind="InputModeObserved"
2026-09-19T22:38:42.534947Z DEBUG awase_windows::runtime::key_pipeline: [engine-input] vk=0x1C KeyUp ts=80461553us delay=0ms state=PendingThumb(vk=0x1C,left=false) mods(c=false s=false a=false w=false) gas_ctrl=false phys_ctrl=false extra=0x5350494B pending_drain=0 gate_active=false l_thumb=None r_t
2026-09-19T22:38:42.535032Z DEBUG awase::journal: key input seq=208 elapsed_ms=80461 vk_code=28 is_down=false injected=false key_class="RightThumb" state_before="PendingThumb(vk=0x1C,left=false)" state_after="Idle" decision="Consume" physical="Allow" repeat_count=1 last_timestamp_us=80461553 last_el
2026-09-19T22:38:44.967244Z DEBUG awase_windows::hook: [hook] IME-mode vk=0xF2 down self_injected=false injected=false scan=0x70 extra=0x5350494B since_actuation_us=Some(3048247)
2026-09-19T22:38:44.967453Z DEBUG awase::journal: hook ime-mode diagnostic seq=209 elapsed_ms=82894 vk_code=242 is_down=true self_injected=false injected=false scan=112
2026-09-19T22:38:44.967686Z  INFO awase_windows::runtime::key_pipeline: [shadow-toggle] intent 昇格: vk=0xF2 scan=0x70 action=TurnOn kind=PhysicalImeKey injected=false true→true w_ops0=109004 x_ops0=241556 x_KB0=23.4
2026-09-19T22:38:44.967728Z DEBUG awase::journal: ime event seq=210 elapsed_ms=82894 event_kind="UserImeSetIntent"
2026-09-19T22:38:44.967749Z DEBUG awase_windows::runtime::key_pipeline: [shadow-toggle] no-op: vk=0xF2 action=TurnOn source=PhysicalImeKey effective_open は既に true → apply-ime 見送り
2026-09-19T22:38:44.967780Z DEBUG awase_windows::runtime::key_pipeline: [engine-input] vk=0xF2 KeyDown ts=82894235us delay=0ms state=Idle mods(c=false s=false a=false w=false) gas_ctrl=false phys_ctrl=false extra=0x5350494B pending_drain=0 gate_active=false l_thumb=None r_thumb=None [diag-ctx] ime_o
2026-09-19T22:38:44.967884Z DEBUG awase::journal: key input seq=211 elapsed_ms=82894 vk_code=242 is_down=true injected=false key_class="Passthrough" state_before="Idle" state_after="Idle" decision="PassThrough" physical="Allow" repeat_count=1 last_timestamp_us=82894235 last_elapsed_ms=0
2026-09-19T22:38:44.967936Z DEBUG awase_windows::runtime::key_pipeline: may_change_ime key passed through → IME refresh scheduled (20ms)
2026-09-19T22:38:44.967997Z DEBUG execute_from_hook: awase_windows::runtime::executor: [relay-passthrough] PassThrough idle: direct OS pass-through (vk=0xf2 down)
2026-09-19T22:38:44.968064Z DEBUG execute_one{generation=None}: awase_windows::runtime::executor: [reinject] vk=0xf2 down (queued passthrough now firing)
2026-09-19T22:38:44.973038Z DEBUG awase_windows::hook: [hook] IME-mode vk=0xF2 down self_injected=true injected=true scan=0x0 extra=0x4B45594D since_actuation_us=Some(3054038)
2026-09-19T22:38:44.976021Z DEBUG awase::journal: hook ime-mode diagnostic seq=212 elapsed_ms=82902 vk_code=242 is_down=true self_injected=true injected=true scan=0
2026-09-19T22:38:44.980597Z DEBUG awase_windows::tsf::gji_monitor: [gji-io] WRITE: w_ops=+2 w_KB=+0.0 (r_ops=+4 x_ops=+4 x_KB=+0.0)
2026-09-19T22:38:45.000436Z DEBUG awase_windows::runtime::ime_refresh: Explicit intent: bypassing typing-idle guard for IME verify (idle=31ms)
2026-09-19T22:38:45.000475Z DEBUG awase_windows::observer::ime_observer: IME snapshot: japanese=Some(true) ime_on=Some(true) romaji=None conv=Some("0x00000010") guard=false
2026-09-19T22:38:45.000533Z DEBUG awase::journal: ime event seq=213 elapsed_ms=82927 event_kind="ObserverReported"
2026-09-19T22:38:45.000553Z DEBUG awase::journal: ime event seq=214 elapsed_ms=82927 event_kind="InputModeObserved"
2026-09-19T22:38:45.000565Z  INFO awase_windows::runtime::ime_refresh: ObserverPoll +3078ms since focus: mode ObservedRomaji → ObservedEisu
2026-09-19T22:38:45.000637Z DEBUG awase::engine::engine: [diag-engine-active] ime_on=true なのに非活性: reason=Inactive(NotRomajiInput) romaji_capable=false japanese=true user_enabled=true was_active=true input_mode=ObservedEisu
2026-09-19T22:38:45.000679Z  INFO awase::engine::engine: Engine deactivated (ime=true, romaji=false, japanese=true, user=true, reason=Inactive(NotRomajiInput))
2026-09-19T22:38:45.652373Z DEBUG awase_windows::runtime::key_pipeline: [engine-input] vk=0x4B KeyDown ts=83578924us delay=0ms state=Idle mods(c=false s=false a=false w=false) gas_ctrl=false phys_ctrl=false extra=0x5350494B pending_drain=0 gate_active=false l_thumb=None r_thumb=None [diag-ctx] ime_o
2026-09-19T22:38:45.652425Z DEBUG awase::engine::engine: [diag-engine-active] ime_on=true なのに非活性: reason=Inactive(NotRomajiInput) romaji_capable=false japanese=true user_enabled=true was_active=false input_mode=ObservedEisu
2026-09-19T22:38:45.652494Z DEBUG awase::journal: key input seq=215 elapsed_ms=83579 vk_code=75 is_down=true injected=false key_class="Char" state_before="Idle" state_after="Idle" decision="PassThrough" physical="Allow" repeat_count=1 last_timestamp_us=83578924 last_elapsed_ms=0
2026-09-19T22:38:45.652644Z DEBUG execute_one{generation=None}: awase_windows::runtime::executor: [reinject] vk=0x4b down (queued passthrough now firing)
2026-09-19T22:38:45.668943Z  INFO awase_windows::tsf::win_event_obs: [gji-obs] candidate SHOW #8: last_gji_write=687ms ago
2026-09-19T22:38:45.670213Z DEBUG awase_windows::tsf::gji_monitor: [gji-io] WRITE: w_ops=+2 w_KB=+0.4 (r_ops=+4 x_ops=+4 x_KB=+0.0)
2026-09-19T22:38:45.844165Z DEBUG awase_windows::runtime::key_pipeline: [engine-input] vk=0x4B KeyUp ts=83770745us delay=0ms state=Idle mods(c=false s=false a=false w=false) gas_ctrl=false phys_ctrl=false extra=0x5350494B pending_drain=0 gate_active=false l_thumb=None r_thumb=None [diag-ctx] ime_on=
2026-09-19T22:38:45.844209Z DEBUG awase::engine::engine: [diag-engine-active] ime_on=true なのに非活性: reason=Inactive(NotRomajiInput) romaji_capable=false japanese=true user_enabled=true was_active=false input_mode=ObservedEisu
2026-09-19T22:38:45.844268Z DEBUG awase::journal: key input seq=216 elapsed_ms=83770 vk_code=75 is_down=false injected=false key_class="Char" state_before="Idle" state_after="Idle" decision="PassThrough" physical="Allow" repeat_count=1 last_timestamp_us=83770745 last_elapsed_ms=0
2026-09-19T22:38:45.844386Z DEBUG execute_one{generation=None}: awase_windows::runtime::executor: [reinject] vk=0x4b up (queued passthrough now firing)
2026-09-19T22:38:45.849055Z DEBUG awase_windows::platform: [gji-fsm] StartComposition (candidate SHOW)
2026-09-19T22:38:45.849094Z DEBUG gji_on_event{event=StartComposition}: awase_windows::tsf::gji_fsm: [gji-fsm] StartComposition: OnWarm → OnComposing(AlreadyWarm)
2026-09-19T22:38:45.849166Z DEBUG awase::journal: gji fsm transition seq=217 elapsed_ms=83775 trigger="StartComposition(candidate SHOW)" state_before="OnWarm" state_after="OnComposing(Warm)"
2026-09-19T22:38:46.159113Z DEBUG awase_windows::runtime::key_pipeline: [engine-input] vk=0x1B KeyDown ts=84085485us delay=0ms state=Idle mods(c=false s=false a=false w=false) gas_ctrl=false phys_ctrl=false extra=0x5350494B pending_drain=0 gate_active=false l_thumb=None r_thumb=None [diag-ctx] ime_o
2026-09-19T22:38:46.159205Z DEBUG awase::engine::engine: [diag-engine-active] ime_on=true なのに非活性: reason=Inactive(NotRomajiInput) romaji_capable=false japanese=true user_enabled=true was_active=false input_mode=ObservedEisu
2026-09-19T22:38:46.159327Z DEBUG awase::journal: key input seq=218 elapsed_ms=84086 vk_code=27 is_down=true injected=false key_class="Passthrough" state_before="Idle" state_after="Idle" decision="PassThrough" physical="Allow" repeat_count=1 last_timestamp_us=84085485 last_elapsed_ms=0
2026-09-19T22:38:46.159483Z DEBUG execute_from_hook: awase_windows::runtime::executor: [relay-passthrough] PassThrough idle: direct OS pass-through (vk=0x1b down)
2026-09-19T22:38:46.159620Z DEBUG execute_one{generation=None}: awase_windows::runtime::executor: [reinject] vk=0x1b down (queued passthrough now firing)
2026-09-19T22:38:46.170994Z DEBUG awase_windows::tsf::gji_monitor: [gji-io] WRITE: w_ops=+2 w_KB=+0.4 (r_ops=+4 x_ops=+4 x_KB=+0.0)
2026-09-19T22:38:46.175109Z  INFO awase_windows::tsf::win_event_obs: [gji-obs] candidate HIDE: last_gji_write=0ms ago
2026-09-19T22:38:46.283999Z DEBUG awase_windows::runtime::key_pipeline: [engine-input] vk=0x1B KeyUp ts=84210374us delay=0ms state=Idle mods(c=false s=false a=false w=false) gas_ctrl=false phys_ctrl=false extra=0x5350494B pending_drain=0 gate_active=false l_thumb=None r_thumb=None [diag-ctx] ime_on=
2026-09-19T22:38:46.284076Z DEBUG awase::engine::engine: [diag-engine-active] ime_on=true なのに非活性: reason=Inactive(NotRomajiInput) romaji_capable=false japanese=true user_enabled=true was_active=false input_mode=ObservedEisu
2026-09-19T22:38:46.284187Z DEBUG awase::journal: key input seq=219 elapsed_ms=84210 vk_code=27 is_down=false injected=false key_class="Passthrough" state_before="Idle" state_after="Idle" decision="PassThrough" physical="Allow" repeat_count=1 last_timestamp_us=84210374 last_elapsed_ms=0
2026-09-19T22:38:46.284341Z DEBUG execute_from_hook: awase_windows::runtime::executor: [relay-passthrough] PassThrough idle: direct OS pass-through (vk=0x1b up)
2026-09-19T22:38:46.284461Z DEBUG execute_one{generation=None}: awase_windows::runtime::executor: [reinject] vk=0x1b up (queued passthrough now firing)
2026-09-19T22:38:46.289473Z DEBUG awase_windows::platform: [gji-fsm] EndComposition (candidate HIDE) epoch=FocusEpoch(8)
2026-09-19T22:38:46.289760Z DEBUG awase::journal: gji fsm transition seq=220 elapsed_ms=84216 trigger="EndComposition(candidate HIDE, epoch=FocusEpoch(8))" state_before="OnComposing(Warm)" state_after="OnWarm"
2026-09-19T22:38:48.097511Z DEBUG awase_windows::runtime::key_pipeline: [shadow-toggle] vk=0x1DはFSM delegate所有 → belief書き込み/actuationをスキップ w_ops0=109010 x_ops0=241568 x_KB0=23.4
2026-09-19T22:38:48.097534Z DEBUG awase_windows::runtime::key_pipeline: [shadow-toggle] no-op: vk=0x1D action=Toggle source=PhysicalImeKey effective_open は既に true → apply-ime 見送り
2026-09-19T22:38:48.097555Z DEBUG awase_windows::runtime::key_pipeline: [engine-input] vk=0x1D KeyDown ts=86024157us delay=0ms state=Idle mods(c=false s=false a=false w=false) gas_ctrl=false phys_ctrl=false extra=0x5350494B pending_drain=0 gate_active=false l_thumb=Some(86024145) r_thumb=None [diag-
2026-09-19T22:38:48.097576Z DEBUG awase::engine::engine: [diag-engine-active] ime_on=true なのに非活性: reason=Inactive(NotRomajiInput) romaji_capable=false japanese=true user_enabled=true was_active=false input_mode=ObservedEisu
2026-09-19T22:38:48.097614Z DEBUG awase::journal: key input seq=221 elapsed_ms=86024 vk_code=29 is_down=true injected=false key_class="LeftThumb" state_before="Idle" state_after="Idle" decision="PassThrough" physical="Allow" repeat_count=1 last_timestamp_us=86024157 last_elapsed_ms=0
2026-09-19T22:38:48.097686Z DEBUG execute_one{generation=None}: awase_windows::runtime::executor: [reinject] vk=0x1d down (queued passthrough now firing)
2026-09-19T22:38:48.112005Z DEBUG awase_windows::tsf::gji_monitor: [gji-io] WRITE: w_ops=+2 w_KB=+0.0 (r_ops=+4 x_ops=+4 x_KB=+0.0)
2026-09-19T22:38:48.223668Z DEBUG awase_windows::runtime::key_pipeline: [engine-input] vk=0x1D KeyUp ts=86150238us delay=0ms state=Idle mods(c=false s=false a=false w=false) gas_ctrl=false phys_ctrl=false extra=0x5350494B pending_drain=0 gate_active=false l_thumb=None r_thumb=None [diag-ctx] ime_on=
2026-09-19T22:38:48.223715Z DEBUG awase::engine::engine: [diag-engine-active] ime_on=true なのに非活性: reason=Inactive(NotRomajiInput) romaji_capable=false japanese=true user_enabled=true was_active=false input_mode=ObservedEisu
2026-09-19T22:38:48.223783Z DEBUG awase::journal: key input seq=222 elapsed_ms=86150 vk_code=29 is_down=false injected=false key_class="LeftThumb" state_before="Idle" state_after="Idle" decision="PassThrough" physical="Allow" repeat_count=1 last_timestamp_us=86150238 last_elapsed_ms=0
2026-09-19T22:38:48.223922Z DEBUG execute_one{generation=None}: awase_windows::runtime::executor: [reinject] vk=0x1d up (queued passthrough now firing)
2026-09-19T22:38:48.784138Z DEBUG awase_windows::runtime::key_pipeline: [engine-input] vk=0x4B KeyDown ts=86710549us delay=0ms state=Idle mods(c=false s=false a=false w=false) gas_ctrl=false phys_ctrl=false extra=0x5350494B pending_drain=0 gate_active=false l_thumb=None r_thumb=None [diag-ctx] ime_o
2026-09-19T22:38:48.784218Z DEBUG awase::engine::engine: [diag-engine-active] ime_on=true なのに非活性: reason=Inactive(NotRomajiInput) romaji_capable=false japanese=true user_enabled=true was_active=false input_mode=ObservedEisu
2026-09-19T22:38:48.784369Z DEBUG awase::journal: key input seq=223 elapsed_ms=86711 vk_code=75 is_down=true injected=false key_class="Char" state_before="Idle" state_after="Idle" decision="PassThrough" physical="Allow" repeat_count=1 last_timestamp_us=86710549 last_elapsed_ms=0
2026-09-19T22:38:48.784609Z DEBUG execute_one{generation=None}: awase_windows::runtime::executor: [reinject] vk=0x4b down (queued passthrough now firing)
2026-09-19T22:38:48.971700Z DEBUG awase_windows::runtime::key_pipeline: [engine-input] vk=0x4B KeyUp ts=86898110us delay=0ms state=Idle mods(c=false s=false a=false w=false) gas_ctrl=false phys_ctrl=false extra=0x5350494B pending_drain=0 gate_active=false l_thumb=None r_thumb=None [diag-ctx] ime_on=
2026-09-19T22:38:48.971767Z DEBUG awase::engine::engine: [diag-engine-active] ime_on=true なのに非活性: reason=Inactive(NotRomajiInput) romaji_capable=false japanese=true user_enabled=true was_active=false input_mode=ObservedEisu
2026-09-19T22:38:48.971861Z DEBUG awase::journal: key input seq=224 elapsed_ms=86898 vk_code=75 is_down=false injected=false key_class="Char" state_before="Idle" state_after="Idle" decision="PassThrough" physical="Allow" repeat_count=1 last_timestamp_us=86898110 last_elapsed_ms=0
2026-09-19T22:38:48.972062Z DEBUG execute_one{generation=None}: awase_windows::runtime::executor: [reinject] vk=0x4b up (queued passthrough now firing)
2026-09-19T22:38:49.275669Z DEBUG awase_windows::runtime::key_pipeline: [engine-input] vk=0x1B KeyDown ts=87202190us delay=0ms state=Idle mods(c=false s=false a=false w=false) gas_ctrl=false phys_ctrl=false extra=0x5350494B pending_drain=0 gate_active=false l_thumb=None r_thumb=None [diag-ctx] ime_o
2026-09-19T22:38:49.275718Z DEBUG awase::engine::engine: [diag-engine-active] ime_on=true なのに非活性: reason=Inactive(NotRomajiInput) romaji_capable=false japanese=true user_enabled=true was_active=false input_mode=ObservedEisu
2026-09-19T22:38:49.275776Z DEBUG awase::journal: key input seq=225 elapsed_ms=87202 vk_code=27 is_down=true injected=false key_class="Passthrough" state_before="Idle" state_after="Idle" decision="PassThrough" physical="Allow" repeat_count=1 last_timestamp_us=87202190 last_elapsed_ms=0
2026-09-19T22:38:49.275854Z DEBUG execute_from_hook: awase_windows::runtime::executor: [relay-passthrough] PassThrough idle: direct OS pass-through (vk=0x1b down)
2026-09-19T22:38:49.275917Z DEBUG execute_one{generation=None}: awase_windows::runtime::executor: [reinject] vk=0x1b down (queued passthrough now firing)
2026-09-19T22:38:49.473015Z DEBUG awase_windows::runtime::key_pipeline: [engine-input] vk=0x1B KeyUp ts=87399373us delay=0ms state=Idle mods(c=false s=false a=false w=false) gas_ctrl=false phys_ctrl=false extra=0x5350494B pending_drain=0 gate_active=false l_thumb=None r_thumb=None [diag-ctx] ime_on=
2026-09-19T22:38:49.473103Z DEBUG awase::engine::engine: [diag-engine-active] ime_on=true なのに非活性: reason=Inactive(NotRomajiInput) romaji_capable=false japanese=true user_enabled=true was_active=false input_mode=ObservedEisu
2026-09-19T22:38:49.473246Z DEBUG awase::journal: key input seq=226 elapsed_ms=87399 vk_code=27 is_down=false injected=false key_class="Passthrough" state_before="Idle" state_after="Idle" decision="PassThrough" physical="Allow" repeat_count=1 last_timestamp_us=87399373 last_elapsed_ms=0
2026-09-19T22:38:49.473428Z DEBUG execute_from_hook: awase_windows::runtime::executor: [relay-passthrough] PassThrough idle: direct OS pass-through (vk=0x1b up)
2026-09-19T22:38:49.473586Z DEBUG execute_one{generation=None}: awase_windows::runtime::executor: [reinject] vk=0x1b up (queued passthrough now firing)
2026-09-19T22:38:51.277397Z DEBUG awase_windows::runtime::key_pipeline: [shadow-toggle] vk=0x1DはFSM delegate所有 → belief書き込み/actuationをスキップ w_ops0=109012 x_ops0=241572 x_KB0=23.4
2026-09-19T22:38:51.277419Z DEBUG awase_windows::runtime::key_pipeline: [shadow-toggle] no-op: vk=0x1D action=Toggle source=PhysicalImeKey effective_open は既に true → apply-ime 見送り
2026-09-19T22:38:51.277439Z DEBUG awase_windows::runtime::key_pipeline: [engine-input] vk=0x1D KeyDown ts=89204046us delay=0ms state=Idle mods(c=false s=false a=false w=false) gas_ctrl=false phys_ctrl=false extra=0x5350494B pending_drain=0 gate_active=false l_thumb=Some(89204034) r_thumb=None [diag-
2026-09-19T22:38:51.277459Z DEBUG awase::engine::engine: [diag-engine-active] ime_on=true なのに非活性: reason=Inactive(NotRomajiInput) romaji_capable=false japanese=true user_enabled=true was_active=false input_mode=ObservedEisu
2026-09-19T22:38:51.277496Z DEBUG awase::journal: key input seq=227 elapsed_ms=89204 vk_code=29 is_down=true injected=false key_class="LeftThumb" state_before="Idle" state_after="Idle" decision="PassThrough" physical="Allow" repeat_count=1 last_timestamp_us=89204046 last_elapsed_ms=0
2026-09-19T22:38:51.277566Z DEBUG execute_one{generation=None}: awase_windows::runtime::executor: [reinject] vk=0x1d down (queued passthrough now firing)
2026-09-19T22:38:51.291585Z DEBUG awase_windows::tsf::gji_monitor: [gji-io] WRITE: w_ops=+2 w_KB=+0.0 (r_ops=+4 x_ops=+4 x_KB=+0.0)
2026-09-19T22:38:51.400045Z DEBUG awase_windows::runtime::key_pipeline: [engine-input] vk=0x1D KeyUp ts=89326677us delay=0ms state=Idle mods(c=false s=false a=false w=false) gas_ctrl=false phys_ctrl=false extra=0x5350494B pending_drain=0 gate_active=false l_thumb=None r_thumb=None [diag-ctx] ime_on=
2026-09-19T22:38:51.400073Z DEBUG awase::engine::engine: [diag-engine-active] ime_on=true なのに非活性: reason=Inactive(NotRomajiInput) romaji_capable=false japanese=true user_enabled=true was_active=false input_mode=ObservedEisu
2026-09-19T22:38:51.400109Z DEBUG awase::journal: key input seq=228 elapsed_ms=89326 vk_code=29 is_down=false injected=false key_class="LeftThumb" state_before="Idle" state_after="Idle" decision="PassThrough" physical="Allow" repeat_count=1 last_timestamp_us=89326677 last_elapsed_ms=0
2026-09-19T22:38:51.400179Z DEBUG execute_one{generation=None}: awase_windows::runtime::executor: [reinject] vk=0x1d up (queued passthrough now firing)
2026-09-19T22:38:51.966287Z DEBUG awase_windows::runtime::key_pipeline: [engine-input] vk=0x4B KeyDown ts=89892734us delay=0ms state=Idle mods(c=false s=false a=false w=false) gas_ctrl=false phys_ctrl=false extra=0x5350494B pending_drain=0 gate_active=false l_thumb=None r_thumb=None [diag-ctx] ime_o
2026-09-19T22:38:51.966354Z DEBUG awase::engine::engine: [diag-engine-active] ime_on=true なのに非活性: reason=Inactive(NotRomajiInput) romaji_capable=false japanese=true user_enabled=true was_active=false input_mode=ObservedEisu
2026-09-19T22:38:51.966450Z DEBUG awase::journal: key input seq=229 elapsed_ms=89893 vk_code=75 is_down=true injected=false key_class="Char" state_before="Idle" state_after="Idle" decision="PassThrough" physical="Allow" repeat_count=1 last_timestamp_us=89892734 last_elapsed_ms=0
2026-09-19T22:38:51.966642Z DEBUG execute_one{generation=None}: awase_windows::runtime::executor: [reinject] vk=0x4b down (queued passthrough now firing)
2026-09-19T22:38:51.977427Z DEBUG awase_windows::tsf::gji_monitor: [gji-io] WRITE: w_ops=+2 w_KB=+0.4 (r_ops=+4 x_ops=+4 x_KB=+0.0)
2026-09-19T22:38:51.997509Z  INFO awase_windows::tsf::win_event_obs: [gji-obs] candidate SHOW #9: last_gji_write=15ms ago
2026-09-19T22:38:52.153654Z DEBUG awase_windows::runtime::key_pipeline: [engine-input] vk=0x4B KeyUp ts=90080110us delay=0ms state=Idle mods(c=false s=false a=false w=false) gas_ctrl=false phys_ctrl=false extra=0x5350494B pending_drain=0 gate_active=false l_thumb=None r_thumb=None [diag-ctx] ime_on=
2026-09-19T22:38:52.153703Z DEBUG awase::engine::engine: [diag-engine-active] ime_on=true なのに非活性: reason=Inactive(NotRomajiInput) romaji_capable=false japanese=true user_enabled=true was_active=false input_mode=ObservedEisu
2026-09-19T22:38:52.153772Z DEBUG awase::journal: key input seq=230 elapsed_ms=90080 vk_code=75 is_down=false injected=false key_class="Char" state_before="Idle" state_after="Idle" decision="PassThrough" physical="Allow" repeat_count=1 last_timestamp_us=90080110 last_elapsed_ms=0
2026-09-19T22:38:52.153910Z DEBUG execute_one{generation=None}: awase_windows::runtime::executor: [reinject] vk=0x4b up (queued passthrough now firing)
2026-09-19T22:38:52.158107Z DEBUG awase_windows::platform: [gji-fsm] StartComposition (candidate SHOW)
2026-09-19T22:38:52.158147Z DEBUG gji_on_event{event=StartComposition}: awase_windows::tsf::gji_fsm: [gji-fsm] StartComposition: OnWarm → OnComposing(AlreadyWarm)
2026-09-19T22:38:52.158369Z DEBUG awase::journal: gji fsm transition seq=231 elapsed_ms=90084 trigger="StartComposition(candidate SHOW)" state_before="OnWarm" state_after="OnComposing(Warm)"
2026-09-19T22:38:52.465457Z DEBUG awase_windows::runtime::key_pipeline: [engine-input] vk=0x1B KeyDown ts=90389809us delay=2ms state=Idle mods(c=false s=false a=false w=false) gas_ctrl=false phys_ctrl=false extra=0x5350494B pending_drain=0 gate_active=false l_thumb=None r_thumb=None [diag-ctx] ime_o
2026-09-19T22:38:52.465514Z DEBUG awase::engine::engine: [diag-engine-active] ime_on=true なのに非活性: reason=Inactive(NotRomajiInput) romaji_capable=false japanese=true user_enabled=true was_active=false input_mode=ObservedEisu
2026-09-19T22:38:52.465586Z DEBUG awase::journal: key input seq=232 elapsed_ms=90392 vk_code=27 is_down=true injected=false key_class="Passthrough" state_before="Idle" state_after="Idle" decision="PassThrough" physical="Allow" repeat_count=1 last_timestamp_us=90389809 last_elapsed_ms=0
2026-09-19T22:38:52.465674Z DEBUG execute_from_hook: awase_windows::runtime::executor: [relay-passthrough] PassThrough idle: direct OS pass-through (vk=0x1b down)
2026-09-19T22:38:52.465750Z DEBUG execute_one{generation=None}: awase_windows::runtime::executor: [reinject] vk=0x1b down (queued passthrough now firing)
2026-09-19T22:38:52.476504Z DEBUG awase_windows::tsf::gji_monitor: [gji-io] WRITE: w_ops=+2 w_KB=+0.4 (r_ops=+4 x_ops=+4 x_KB=+0.0)
2026-09-19T22:38:52.481381Z  INFO awase_windows::tsf::win_event_obs: [gji-obs] candidate HIDE: last_gji_write=0ms ago
2026-09-19T22:38:52.655002Z DEBUG awase_windows::runtime::key_pipeline: [engine-input] vk=0x1B KeyUp ts=90581281us delay=0ms state=Idle mods(c=false s=false a=false w=false) gas_ctrl=false phys_ctrl=false extra=0x5350494B pending_drain=0 gate_active=false l_thumb=None r_thumb=None [diag-ctx] ime_on=
2026-09-19T22:38:52.655070Z DEBUG awase::engine::engine: [diag-engine-active] ime_on=true なのに非活性: reason=Inactive(NotRomajiInput) romaji_capable=false japanese=true user_enabled=true was_active=false input_mode=ObservedEisu
2026-09-19T22:38:52.655172Z DEBUG awase::journal: key input seq=233 elapsed_ms=90581 vk_code=27 is_down=false injected=false key_class="Passthrough" state_before="Idle" state_after="Idle" decision="PassThrough" physical="Allow" repeat_count=1 last_timestamp_us=90581281 last_elapsed_ms=0
2026-09-19T22:38:52.655307Z DEBUG execute_from_hook: awase_windows::runtime::executor: [relay-passthrough] PassThrough idle: direct OS pass-through (vk=0x1b up)
2026-09-19T22:38:52.655686Z DEBUG execute_one{generation=None}: awase_windows::runtime::executor: [reinject] vk=0x1b up (queued passthrough now firing)
2026-09-19T22:38:52.661888Z DEBUG awase_windows::platform: [gji-fsm] EndComposition (candidate HIDE) epoch=FocusEpoch(9)
2026-09-19T22:38:52.662616Z DEBUG awase::journal: gji fsm transition seq=234 elapsed_ms=90588 trigger="EndComposition(candidate HIDE, epoch=FocusEpoch(9))" state_before="OnComposing(Warm)" state_after="OnWarm"
2026-09-19T22:38:54.464179Z DEBUG awase_windows::hook: [hook] IME-mode vk=0xF0 up self_injected=false injected=false scan=0x70 extra=0x5350494B since_actuation_us=Some(12545193)
2026-09-19T22:38:54.464281Z DEBUG awase::journal: hook ime-mode diagnostic seq=235 elapsed_ms=92390 vk_code=240 is_down=false self_injected=false injected=false scan=112
2026-09-19T22:38:54.464361Z DEBUG awase_windows::hook: [hook] IME-mode vk=0xF2 down self_injected=false injected=false scan=0x70 extra=0x5350494B since_actuation_us=Some(12545387)
2026-09-19T22:38:54.464414Z DEBUG awase_windows::runtime::key_pipeline: [engine-input] vk=0xF0 KeyUp ts=92391070us delay=0ms state=Idle mods(c=false s=false a=false w=false) gas_ctrl=false phys_ctrl=false extra=0x5350494B pending_drain=0 gate_active=false l_thumb=None r_thumb=None [diag-ctx] ime_on=
2026-09-19T22:38:54.464432Z DEBUG awase::engine::engine: [diag-engine-active] ime_on=true なのに非活性: reason=Inactive(NotRomajiInput) romaji_capable=false japanese=true user_enabled=true was_active=false input_mode=ObservedEisu
2026-09-19T22:38:54.464493Z DEBUG awase::journal: key input seq=236 elapsed_ms=92391 vk_code=240 is_down=false injected=false key_class="Passthrough" state_before="Idle" state_after="Idle" decision="PassThrough" physical="Suppress" repeat_count=1 last_timestamp_us=92391070 last_elapsed_ms=0
2026-09-19T22:38:54.464516Z DEBUG awase_windows::runtime::key_pipeline: [imm-cross] key suppress vk=0xf0 KeyUp (physical disposition)
2026-09-19T22:38:54.464537Z DEBUG awase::journal: hook ime-mode diagnostic seq=237 elapsed_ms=92391 vk_code=242 is_down=true self_injected=false injected=false scan=112
2026-09-19T22:38:54.464569Z  INFO awase_windows::runtime::key_pipeline: [shadow-toggle] intent 昇格: vk=0xF2 scan=0x70 action=TurnOn kind=PhysicalImeKey injected=false true→true w_ops0=109018 x_ops0=241584 x_KB0=23.4
2026-09-19T22:38:54.464585Z DEBUG awase::journal: ime event seq=238 elapsed_ms=92391 event_kind="UserImeSetIntent"
2026-09-19T22:38:54.464595Z DEBUG awase_windows::runtime::key_pipeline: [shadow-toggle] no-op: vk=0xF2 action=TurnOn source=PhysicalImeKey effective_open は既に true → apply-ime 見送り
2026-09-19T22:38:54.464606Z DEBUG awase::journal: ime event seq=239 elapsed_ms=92391 event_kind="InputModeApplied"
2026-09-19T22:38:54.464655Z  INFO awase_windows::runtime::key_pipeline: [shadow-toggle] TurnOn (IME既にopen) + ObservedEisu → AssumedRomaji に リセット (UserTurnOnEisuReset)
2026-09-19T22:38:54.464663Z DEBUG awase_windows::runtime::key_pipeline: [engine-input] vk=0xF2 KeyDown ts=92391208us delay=0ms state=Idle mods(c=false s=false a=false w=false) gas_ctrl=false phys_ctrl=false extra=0x5350494B pending_drain=0 gate_active=false l_thumb=None r_thumb=None [diag-ctx] ime_o
2026-09-19T22:38:54.464679Z  INFO awase::engine::engine: Engine activated (ime=true, romaji=true, japanese=true, user=true, reason=Active)
2026-09-19T22:38:54.464706Z DEBUG awase::journal: key input seq=240 elapsed_ms=92391 vk_code=242 is_down=true injected=false key_class="Passthrough" state_before="Idle" state_after="Idle" decision="PassThroughWith" physical="Allow" repeat_count=1 last_timestamp_us=92391208 last_elapsed_ms=0
2026-09-19T22:38:54.464724Z DEBUG awase::journal: ime event seq=241 elapsed_ms=92391 event_kind="EngineActivationSync"
2026-09-19T22:38:54.464737Z DEBUG awase::journal: ime event seq=242 elapsed_ms=92391 event_kind="ImeApplyRequested"
2026-09-19T22:38:54.464743Z  INFO awase_windows::runtime::key_pipeline: IME control: preconditions.ime_on = true (SetOpenRequest, origin=ActivationSync), was_open_before=true last_intent_before=Some(true) poll suspended
2026-09-19T22:38:54.464762Z DEBUG awase_windows::runtime::key_pipeline: may_change_ime key passed through → IME refresh scheduled (20ms)
2026-09-19T22:38:54.464775Z DEBUG execute_from_hook: awase_windows::runtime::executor: [relay-flush] PassThroughWith: queue 2 effect(s) + reinject (vk=0xf2 down)
2026-09-19T22:38:54.464836Z DEBUG execute_one{generation=Some(ApplyGeneration(6))}:dispatch_ime_set_open{open=true generation=Some(ApplyGeneration(6))}: awase_windows::runtime::executor: [dispatch-ime] ImmCross async: optimistic applied_snapshot=true (suppress send_engine_state_ime_key)
2026-09-19T22:38:54.465854Z DEBUG execute_one{generation=Some(ApplyGeneration(6))}: awase_windows::platform: [engine-state-key] skipped (apply_ime_open aligned ime=true, profile=Standard)
2026-09-19T22:38:54.465936Z DEBUG execute_one{generation=Some(ApplyGeneration(6))}: awase_windows::runtime::executor: [reinject] vk=0xf2 down (queued passthrough now firing)
2026-09-19T22:38:54.466596Z DEBUG awase_windows::hook: [hook] IME-mode vk=0xF0 up self_injected=true injected=false scan=0x0 extra=0x4B45594D since_actuation_us=Some(12547620)
2026-09-19T22:38:54.468876Z DEBUG awase_windows::hook: [hook] IME-mode vk=0xF2 down self_injected=true injected=true scan=0x0 extra=0x4B45594D since_actuation_us=Some(12549897)
2026-09-19T22:38:54.469843Z DEBUG awase::journal: hook ime-mode diagnostic seq=243 elapsed_ms=92396 vk_code=240 is_down=false self_injected=true injected=false scan=0
2026-09-19T22:38:54.469869Z DEBUG awase::journal: hook ime-mode diagnostic seq=244 elapsed_ms=92396 vk_code=242 is_down=true self_injected=true injected=true scan=0
2026-09-19T22:38:54.470231Z DEBUG run_open_chain_async: awase_windows::ime_controller: [warrant-shadow] chain=async open=true origin=EventOrigin { source: SelfActuated { strategy: "engine_decision_async" }, epoch: Generation(0) } warranted
2026-09-19T22:38:54.470310Z  INFO run_open_chain_async:imm_cross_write{open=true}: awase_windows::runtime::open_chain: [apply-ime] ImmCross async: open=true composition_active=false show_seq=0 change_seq=0 (issue #138診断)
2026-09-19T22:38:54.478063Z DEBUG awase_windows::shadow_send_trace: [shadow-send] channel=ImeControl cmd=0x0006 lparam=1 issue_us=92401924
2026-09-19T22:38:54.478072Z DEBUG awase_windows::ime: set_ime_open_for_target: hwnd=HWND(0xee03fc) ime_wnd=HWND(0xe129fc) open=true success=true send_elapsed=2ms candidate_visible=false
2026-09-19T22:38:54.478134Z DEBUG awase_windows::tsf::gji_monitor: [gji-io] WRITE: w_ops=+2 w_KB=+0.0 (r_ops=+4 x_ops=+4 x_KB=+0.0)
2026-09-19T22:38:54.479126Z DEBUG run_open_chain_async:imm_cross_write{open=true}: awase_windows::ime: [imm-cross-actuate] hwnd=HWND(0xee03fc) open=Written conv=Some(Written)
2026-09-19T22:38:54.479158Z DEBUG run_open_chain_async:imm_cross_write{open=true}: awase_windows::runtime::open_chain: [apply-ime] ROMAN 補完結果: Written
2026-09-19T22:38:54.479195Z DEBUG run_open_chain_async: awase::journal: actuation decision seq=245 elapsed_ms=92405 site="DispatchImeSetOpen" caller="None" open=true chain_len=4 attempts_len=1 gate_profile="Standard" gate_kind="Gji" gate_shadow_known=true gate_shadow_on=true gate_input_mode="Assumed
2026-09-19T22:38:54.480130Z DEBUG on_ime_apply_complete{open=true outcome=AppliedWithoutSendInput generation=Some(ApplyGeneration(6)) reason=EngineDecision}: awase::journal: ime open applied seq=246 elapsed_ms=92406 open=true outcome="AppliedWithoutSendInput" reason="EngineDecision"
2026-09-19T22:38:54.480243Z DEBUG on_ime_apply_complete{open=true outcome=AppliedWithoutSendInput generation=Some(ApplyGeneration(6)) reason=EngineDecision}: awase::journal: ime event seq=247 elapsed_ms=92406 event_kind="ImeApplySucceeded"
2026-09-19T22:38:54.480265Z DEBUG on_ime_apply_complete{open=true outcome=AppliedWithoutSendInput generation=Some(ApplyGeneration(6)) reason=EngineDecision}: awase_windows::tsf::ime_mode_fsm: [ime-mode] SetOpen(true) applied → Hiragana (belief, unconfirmed)
2026-09-19T22:38:54.480289Z DEBUG on_ime_apply_complete{open=true outcome=AppliedWithoutSendInput generation=Some(ApplyGeneration(6)) reason=EngineDecision}: awase_windows::platform: [composition] ImeEffect::SetOpen(true) → marking cold
2026-09-19T22:38:54.480307Z DEBUG on_ime_apply_complete{open=true outcome=AppliedWithoutSendInput generation=Some(ApplyGeneration(6)) reason=EngineDecision}: awase_windows::tsf::probe: [composition] marked cold reason=SetOpenTrue idle=41672ms → next VK/TSF output will send VK_DBE_HIRAGANA warmup
2026-09-19T22:38:54.480348Z DEBUG on_ime_apply_complete{open=true outcome=AppliedWithoutSendInput generation=Some(ApplyGeneration(6)) reason=EngineDecision}:gji_on_event{event=ImeOn { injection_mode: Unicode, gji_idle_ms: 0 }}: awase_windows::tsf::gji_fsm: [gji-fsm] ImeOn: already on (OnWarm), ignor
2026-09-19T22:38:54.480418Z DEBUG awase::journal: gji fsm transition seq=248 elapsed_ms=92407 trigger="ImeOn(gji_idle_ms=0)" state_before="OnWarm" state_after="OnWarm"
2026-09-19T22:38:54.513342Z DEBUG awase_windows::runtime::ime_refresh: Explicit intent: bypassing typing-idle guard for IME verify (idle=47ms)
2026-09-19T22:38:54.513368Z DEBUG awase_windows::observer::ime_observer: IME snapshot: japanese=Some(true) ime_on=Some(true) romaji=Some(true) conv=Some("0x00000019") guard=false
2026-09-19T22:38:54.513417Z DEBUG awase::journal: ime event seq=249 elapsed_ms=92440 event_kind="ObserverReported"
2026-09-19T22:38:54.513431Z DEBUG awase::journal: ime event seq=250 elapsed_ms=92440 event_kind="InputModeObserved"
2026-09-19T22:38:55.152518Z DEBUG awase_windows::runtime::key_pipeline: [engine-input] vk=0x4B KeyDown ts=93078853us delay=0ms state=Idle mods(c=false s=false a=false w=false) gas_ctrl=false phys_ctrl=false extra=0x5350494B pending_drain=0 gate_active=false l_thumb=None r_thumb=None [diag-ctx] ime_o
2026-09-19T22:38:55.152734Z DEBUG awase::journal: key input seq=251 elapsed_ms=93079 vk_code=75 is_down=true injected=false key_class="Char" state_before="Idle" state_after="PendingChar(vk=0x4B)" decision="Consume" physical="Allow" repeat_count=1 last_timestamp_us=93078853 last_elapsed_ms=0
2026-09-19T22:38:55.272354Z DEBUG execute_from_loop:execute_one{generation=None}: awase_windows::output: send_keys: mode=Unicode actions=[Char('き')] prev_elapsed=42453ms
2026-09-19T22:38:55.272415Z DEBUG execute_from_loop:execute_one{generation=None}: awase_windows::tsf::probe: [mark-send] last_send_ms=333569328
2026-09-19T22:38:55.272453Z DEBUG execute_from_loop:execute_one{generation=None}: awase_windows::output:   → Char('き') via Unicode
2026-09-19T22:38:55.283632Z DEBUG execute_from_loop:execute_one{generation=None}: awase_windows::tsf::probe: [mark-send] last_send_ms=333569328
2026-09-19T22:38:55.286320Z DEBUG awase_windows::tsf::gji_monitor: [gji-io] WRITE: w_ops=+2 w_KB=+0.3 (r_ops=+4 x_ops=+4 x_KB=+0.0)
2026-09-19T22:38:55.302530Z  INFO awase_windows::tsf::win_event_obs: [gji-obs] candidate SHOW #10: last_gji_write=15ms ago
2026-09-19T22:38:55.392194Z DEBUG awase_windows::runtime::key_pipeline: [engine-input] vk=0x4B KeyUp ts=93318620us delay=0ms state=Idle mods(c=false s=false a=false w=false) gas_ctrl=false phys_ctrl=false extra=0x5350494B pending_drain=0 gate_active=false l_thumb=None r_thumb=None [diag-ctx] ime_on=
2026-09-19T22:38:55.392393Z DEBUG awase::journal: key input seq=253 elapsed_ms=93319 vk_code=75 is_down=false injected=false key_class="Char" state_before="Idle" state_after="Idle" decision="Consume" physical="Allow" repeat_count=1 last_timestamp_us=93318620 last_elapsed_ms=0
2026-09-19T22:38:55.392713Z DEBUG execute_one{generation=None}: awase_windows::output: send_keys: mode=Unicode actions=[Suppress] prev_elapsed=109ms
2026-09-19T22:38:55.392779Z DEBUG execute_one{generation=None}: awase_windows::tsf::probe: [mark-send] last_send_ms=333569437
2026-09-19T22:38:55.392815Z DEBUG execute_one{generation=None}: awase_windows::output:   → Suppress
2026-09-19T22:38:55.392845Z DEBUG execute_one{generation=None}: awase_windows::tsf::probe: [mark-send] last_send_ms=333569437
2026-09-19T22:38:55.392945Z DEBUG execute_one{generation=None}: awase_windows::platform: [gji-fsm] StartComposition (candidate SHOW)
2026-09-19T22:38:55.393012Z DEBUG execute_one{generation=None}:gji_on_event{event=StartComposition}: awase_windows::tsf::gji_fsm: [gji-fsm] StartComposition: OnWarm → OnComposing(AlreadyWarm)
2026-09-19T22:38:55.393275Z DEBUG awase::journal: gji fsm transition seq=254 elapsed_ms=93319 trigger="StartComposition(candidate SHOW)" state_before="OnWarm" state_after="OnComposing(Warm)"
2026-09-19T22:38:55.621868Z DEBUG awase_windows::runtime::key_pipeline: [engine-input] vk=0x1B KeyDown ts=93547571us delay=1ms state=Idle mods(c=false s=false a=false w=false) gas_ctrl=false phys_ctrl=false extra=0x5350494B pending_drain=0 gate_active=false l_thumb=None r_thumb=None [diag-ctx] ime_o
2026-09-19T22:38:55.622022Z DEBUG awase::journal: key input seq=255 elapsed_ms=93548 vk_code=27 is_down=true injected=false key_class="Passthrough" state_before="Idle" state_after="Idle" decision="PassThrough" physical="Allow" repeat_count=1 last_timestamp_us=93547571 last_elapsed_ms=0
2026-09-19T22:38:55.622144Z DEBUG execute_from_hook: awase_windows::runtime::executor: [relay-passthrough] PassThrough idle: direct OS pass-through (vk=0x1b down)
2026-09-19T22:38:55.622287Z DEBUG execute_one{generation=None}: awase_windows::runtime::executor: [reinject] vk=0x1b down (queued passthrough now firing)
2026-09-19T22:38:55.630558Z DEBUG awase_windows::tsf::gji_monitor: [gji-io] WRITE: w_ops=+2 w_KB=+0.3 (r_ops=+4 x_ops=+4 x_KB=+0.0)
2026-09-19T22:38:55.637013Z  INFO awase_windows::tsf::win_event_obs: [gji-obs] candidate HIDE: last_gji_write=16ms ago
2026-09-19T22:38:55.790767Z DEBUG awase_windows::runtime::key_pipeline: [engine-input] vk=0x1B KeyUp ts=93717292us delay=0ms state=Idle mods(c=false s=false a=false w=false) gas_ctrl=false phys_ctrl=false extra=0x5350494B pending_drain=0 gate_active=false l_thumb=None r_thumb=None [diag-ctx] ime_on=
2026-09-19T22:38:55.790941Z DEBUG awase::journal: key input seq=256 elapsed_ms=93717 vk_code=27 is_down=false injected=false key_class="Passthrough" state_before="Idle" state_after="Idle" decision="PassThrough" physical="Allow" repeat_count=1 last_timestamp_us=93717292 last_elapsed_ms=0
2026-09-19T22:38:55.791048Z DEBUG execute_from_hook: awase_windows::runtime::executor: [relay-passthrough] PassThrough idle: direct OS pass-through (vk=0x1b up)
2026-09-19T22:38:55.791128Z DEBUG execute_one{generation=None}: awase_windows::runtime::executor: [reinject] vk=0x1b up (queued passthrough now firing)
2026-09-19T22:38:55.794165Z DEBUG awase_windows::platform: [gji-fsm] EndComposition (candidate HIDE) epoch=FocusEpoch(10)
2026-09-19T22:38:55.794442Z DEBUG awase::journal: gji fsm transition seq=257 elapsed_ms=93720 trigger="EndComposition(candidate HIDE, epoch=FocusEpoch(10))" state_before="OnComposing(Warm)" state_after="OnWarm"
2026-09-19T22:38:57.612540Z DEBUG awase_windows::runtime::key_pipeline: [shadow-toggle] vk=0x1DはFSM delegate所有 → belief書き込み/actuationをスキップ w_ops0=109024 x_ops0=241596 x_KB0=23.4
2026-09-19T22:38:57.612577Z DEBUG awase_windows::runtime::key_pipeline: [shadow-toggle] no-op: vk=0x1D action=Toggle source=PhysicalImeKey effective_open は既に true → apply-ime 見送り
2026-09-19T22:38:57.612614Z DEBUG awase_windows::runtime::key_pipeline: [engine-input] vk=0x1D KeyDown ts=95538999us delay=0ms state=Idle mods(c=false s=false a=false w=false) gas_ctrl=false phys_ctrl=false extra=0x5350494B pending_drain=0 gate_active=false l_thumb=Some(95538989) r_thumb=None [diag-
2026-09-19T22:38:57.612719Z DEBUG awase::journal: key input seq=258 elapsed_ms=95539 vk_code=29 is_down=true injected=false key_class="LeftThumb" state_before="Idle" state_after="PendingThumb(vk=0x1D,left=true)" decision="Consume" physical="Allow" repeat_count=1 last_timestamp_us=95538999 last_elaps
2026-09-19T22:38:57.737177Z DEBUG awase_windows::runtime::key_pipeline: [engine-input] vk=0x1D KeyUp ts=95663626us delay=0ms state=PendingThumb(vk=0x1D,left=true) mods(c=false s=false a=false w=false) gas_ctrl=false phys_ctrl=false extra=0x5350494B pending_drain=0 gate_active=false l_thumb=None r_th
2026-09-19T22:38:57.737281Z  INFO awase::engine::engine: IME open axis delegated (solo tap, key semantics absorption) → false (origin=ExplicitUserAction)
2026-09-19T22:38:57.737377Z DEBUG awase::journal: key input seq=260 elapsed_ms=95664 vk_code=29 is_down=false injected=false key_class="LeftThumb" state_before="PendingThumb(vk=0x1D,left=true)" state_after="Idle" decision="Consume" physical="Allow" repeat_count=1 last_timestamp_us=95663626 last_elap
2026-09-19T22:38:57.737474Z DEBUG awase::journal: ime event seq=261 elapsed_ms=95664 event_kind="UserImeSetIntent"
2026-09-19T22:38:57.737521Z DEBUG awase::journal: ime event seq=262 elapsed_ms=95664 event_kind="ImeApplyRequested"
2026-09-19T22:38:57.737549Z  INFO awase_windows::runtime::key_pipeline: IME control: preconditions.ime_on = false (SetOpenRequest, origin=ExplicitUserAction), was_open_before=true last_intent_before=Some(true) poll suspended
2026-09-19T22:38:57.737855Z DEBUG execute_one{generation=Some(ApplyGeneration(7))}:dispatch_ime_set_open{open=false generation=Some(ApplyGeneration(7))}: awase_windows::runtime::executor: [dispatch-ime] ImmCross async: optimistic applied_snapshot=false (suppress send_engine_state_ime_key)
2026-09-19T22:38:57.739992Z DEBUG execute_one{generation=Some(ApplyGeneration(7))}: awase_windows::platform: [engine-state-key] skipped (apply_ime_open aligned ime=false, profile=Standard)
2026-09-19T22:38:57.743920Z DEBUG run_open_chain_async: awase_windows::ime_controller: [warrant-shadow] chain=async open=false origin=EventOrigin { source: SelfActuated { strategy: "engine_decision_async" }, epoch: Generation(0) } warranted
2026-09-19T22:38:57.744053Z  INFO run_open_chain_async:imm_cross_write{open=false}: awase_windows::runtime::open_chain: [apply-ime] ImmCross async: open=false composition_active=false show_seq=0 change_seq=0 (issue #138診断)
2026-09-19T22:38:57.750715Z DEBUG awase_windows::shadow_send_trace: [shadow-send] channel=ImeControl cmd=0x0006 lparam=0 issue_us=95675396
2026-09-19T22:38:57.750743Z DEBUG awase_windows::ime: set_ime_open_for_target: hwnd=HWND(0xee03fc) ime_wnd=HWND(0xe129fc) open=false success=true send_elapsed=2ms candidate_visible=false
2026-09-19T22:38:57.752043Z DEBUG run_open_chain_async:imm_cross_write{open=false}: awase_windows::ime: [imm-cross-actuate] hwnd=HWND(0xee03fc) open=Written conv=None
2026-09-19T22:38:57.752241Z DEBUG run_open_chain_async: awase::journal: actuation decision seq=263 elapsed_ms=95678 site="DispatchImeSetOpen" caller="None" open=false chain_len=4 attempts_len=1 gate_profile="Standard" gate_kind="Gji" gate_shadow_known=true gate_shadow_on=true gate_input_mode="Observ
2026-09-19T22:38:57.755778Z DEBUG on_ime_apply_complete{open=false outcome=AppliedWithoutSendInput generation=Some(ApplyGeneration(7)) reason=EngineDecision}: awase::journal: ime open applied seq=264 elapsed_ms=95682 open=false outcome="AppliedWithoutSendInput" reason="EngineDecision"
2026-09-19T22:38:57.756378Z DEBUG on_ime_apply_complete{open=false outcome=AppliedWithoutSendInput generation=Some(ApplyGeneration(7)) reason=EngineDecision}: awase::journal: ime event seq=265 elapsed_ms=95683 event_kind="ImeApplySucceeded"
2026-09-19T22:38:57.756550Z DEBUG on_ime_apply_complete{open=false outcome=AppliedWithoutSendInput generation=Some(ApplyGeneration(7)) reason=EngineDecision}: awase_windows::tsf::ime_mode_fsm: [ime-mode] SetOpen(false) applied → Off (belief, unconfirmed)
2026-09-19T22:38:57.756607Z DEBUG on_ime_apply_complete{open=false outcome=AppliedWithoutSendInput generation=Some(ApplyGeneration(7)) reason=EngineDecision}: awase_windows::platform: [composition] ImeEffect::SetOpen(false) → marking cold (prevent warm+TSF Enter leak)
2026-09-19T22:38:57.756645Z DEBUG on_ime_apply_complete{open=false outcome=AppliedWithoutSendInput generation=Some(ApplyGeneration(7)) reason=EngineDecision}: awase_windows::tsf::probe: [composition] marked cold reason=SetOpenFalse idle=2359ms → next VK/TSF output will send VK_DBE_HIRAGANA warmup
2026-09-19T22:38:57.763469Z DEBUG awase::journal: gji fsm transition seq=266 elapsed_ms=95683 trigger="ImeOff" state_before="OnWarm" state_after="OffCold"
2026-09-19T22:38:57.871956Z DEBUG awase_windows::runtime::ime_refresh: Explicit intent: bypassing typing-idle guard for IME verify (idle=140ms)
2026-09-19T22:38:57.872096Z DEBUG awase_windows::observer::ime_observer: IME snapshot: japanese=Some(true) ime_on=Some(false) romaji=Some(true) conv=Some("0x00000019") guard=false
2026-09-19T22:38:57.872293Z DEBUG awase::journal: ime event seq=267 elapsed_ms=95798 event_kind="ObserverReported"
2026-09-19T22:38:57.872356Z DEBUG awase::journal: ime event seq=268 elapsed_ms=95799 event_kind="InputModeObserved"
2026-09-19T22:38:58.295904Z DEBUG awase_windows::runtime::key_pipeline: [engine-input] vk=0x4B KeyDown ts=96222371us delay=0ms state=Idle mods(c=false s=false a=false w=false) gas_ctrl=false phys_ctrl=false extra=0x5350494B pending_drain=0 gate_active=false l_thumb=None r_thumb=None [diag-ctx] ime_o
2026-09-19T22:38:58.296002Z DEBUG awase::journal: key input seq=269 elapsed_ms=96222 vk_code=75 is_down=true injected=false key_class="Char" state_before="Idle" state_after="Idle" decision="PassThrough" physical="Allow" repeat_count=1 last_timestamp_us=96222371 last_elapsed_ms=0
2026-09-19T22:38:58.296134Z DEBUG execute_one{generation=None}: awase_windows::runtime::executor: [reinject] vk=0x4b down (queued passthrough now firing)
2026-09-19T22:38:58.487642Z DEBUG awase_windows::runtime::key_pipeline: [engine-input] vk=0x4B KeyUp ts=96414031us delay=0ms state=Idle mods(c=false s=false a=false w=false) gas_ctrl=false phys_ctrl=false extra=0x5350494B pending_drain=0 gate_active=false l_thumb=None r_thumb=None [diag-ctx] ime_on=
2026-09-19T22:38:58.487794Z DEBUG awase::journal: key input seq=270 elapsed_ms=96414 vk_code=75 is_down=false injected=false key_class="Char" state_before="Idle" state_after="Idle" decision="PassThrough" physical="Allow" repeat_count=1 last_timestamp_us=96414031 last_elapsed_ms=0
2026-09-19T22:38:58.488028Z DEBUG execute_one{generation=None}: awase_windows::runtime::executor: [reinject] vk=0x4b up (queued passthrough now firing)
2026-09-19T22:38:58.796907Z DEBUG awase_windows::runtime::key_pipeline: [engine-input] vk=0x1B KeyDown ts=96723419us delay=0ms state=Idle mods(c=false s=false a=false w=false) gas_ctrl=false phys_ctrl=false extra=0x5350494B pending_drain=0 gate_active=false l_thumb=None r_thumb=None [diag-ctx] ime_o
2026-09-19T22:38:58.797015Z DEBUG awase::journal: key input seq=271 elapsed_ms=96723 vk_code=27 is_down=true injected=false key_class="Passthrough" state_before="Idle" state_after="Idle" decision="PassThrough" physical="Allow" repeat_count=1 last_timestamp_us=96723419 last_elapsed_ms=0
2026-09-19T22:38:58.797120Z DEBUG execute_from_hook: awase_windows::tsf::probe: [composition] marked cold reason=PassthroughConfirmKey idle=3406ms → next VK/TSF output will send VK_DBE_HIRAGANA warmup
2026-09-19T22:38:58.797152Z DEBUG execute_from_hook: awase_windows::tsf::probe: [mark-send] last_send_ms=333572843
2026-09-19T22:38:58.797217Z DEBUG execute_from_hook: awase_windows::platform: [composition-fsm] EmitWarmup (ConfirmKeyDown)
2026-09-19T22:38:58.797243Z DEBUG execute_from_hook: awase_windows::runtime::executor: [relay-passthrough] PassThrough idle: direct OS pass-through (vk=0x1b down)
2026-09-19T22:38:58.797275Z DEBUG awase::journal: gji fsm transition seq=272 elapsed_ms=96723 trigger="CompositionReset(gji_idle_ms=3172)" state_before="OffCold" state_after="OffCold"
2026-09-19T22:38:58.797333Z DEBUG awase_windows::runtime::executor: [reinject-guard] suspending drain for 50ms (vk=0x1b)
2026-09-19T22:38:58.855845Z DEBUG execute_one{generation=None}: awase_windows::runtime::executor: [reinject] vk=0x1b down (queued passthrough now firing)
2026-09-19T22:38:58.856016Z DEBUG execute_one{generation=None}: awase_windows::platform: [composition] reinject KeyDown vk=0x1b → marking cold + eager warmup
2026-09-19T22:38:58.856430Z DEBUG execute_one{generation=None}: awase_windows::tsf::probe: [composition] marked cold reason=ReinjectConfirmKey idle=63ms → next VK/TSF output will send VK_DBE_HIRAGANA warmup
2026-09-19T22:38:58.856494Z DEBUG execute_one{generation=None}: awase_windows::tsf::probe: [mark-send] last_send_ms=333572906
2026-09-19T22:38:58.864190Z DEBUG awase::journal: gji fsm transition seq=273 elapsed_ms=96783 trigger="CompositionReset(gji_idle_ms=3235)" state_before="OffCold" state_after="OffCold"
2026-09-19T22:38:58.985515Z DEBUG awase_windows::runtime::key_pipeline: [engine-input] vk=0x1B KeyUp ts=96912088us delay=0ms state=Idle mods(c=false s=false a=false w=false) gas_ctrl=false phys_ctrl=false extra=0x5350494B pending_drain=0 gate_active=false l_thumb=None r_thumb=None [diag-ctx] ime_on=
2026-09-19T22:38:58.985607Z DEBUG awase::journal: key input seq=274 elapsed_ms=96912 vk_code=27 is_down=false injected=false key_class="Passthrough" state_before="Idle" state_after="Idle" decision="PassThrough" physical="Allow" repeat_count=1 last_timestamp_us=96912088 last_elapsed_ms=0
2026-09-19T22:38:58.985713Z DEBUG execute_from_hook: awase_windows::runtime::executor: [relay-passthrough] PassThrough idle: direct OS pass-through (vk=0x1b up)
2026-09-19T22:38:58.985787Z DEBUG execute_one{generation=None}: awase_windows::runtime::executor: [reinject] vk=0x1b up (queued passthrough now firing)
2026-09-19T22:39:00.797990Z  INFO awase_windows::runtime::key_pipeline: [shadow-toggle] intent 昇格: vk=0x1D scan=0x7B action=Toggle kind=PhysicalImeKey injected=false false→true w_ops0=109024 x_ops0=241596 x_KB0=23.4
2026-09-19T22:39:00.798060Z DEBUG awase::journal: ime event seq=275 elapsed_ms=98724 event_kind="UserImeSetIntent"
2026-09-19T22:39:00.798097Z DEBUG awase_windows::runtime::key_pipeline: Shadow IME toggle: OFF → ON (vk=0x1D, source=PhysicalImeKey)
2026-09-19T22:39:00.798132Z DEBUG awase_windows::runtime::key_pipeline: [engine-input] vk=0x1D KeyDown ts=98724523us delay=0ms state=Idle mods(c=false s=false a=false w=false) gas_ctrl=false phys_ctrl=false extra=0x5350494B pending_drain=0 gate_active=false l_thumb=Some(98724511) r_thumb=None [diag-
2026-09-19T22:39:00.798171Z  INFO awase::engine::engine: Engine activated (ime=true, romaji=true, japanese=true, user=true, reason=Active)
2026-09-19T22:39:00.798265Z DEBUG awase::journal: key input seq=276 elapsed_ms=98724 vk_code=29 is_down=true injected=false key_class="LeftThumb" state_before="Idle" state_after="PendingThumb(vk=0x1D,left=true)" decision="Consume" physical="Allow" repeat_count=1 last_timestamp_us=98724523 last_elaps
2026-09-19T22:39:00.798326Z DEBUG awase::journal: ime event seq=277 elapsed_ms=98724 event_kind="EngineActivationSync"
2026-09-19T22:39:00.798359Z DEBUG awase::journal: ime event seq=278 elapsed_ms=98725 event_kind="ImeApplyRequested"
2026-09-19T22:39:00.798375Z  INFO awase_windows::runtime::key_pipeline: IME control: preconditions.ime_on = true (SetOpenRequest, origin=ActivationSync), was_open_before=true last_intent_before=Some(true) poll suspended
2026-09-19T22:39:00.798890Z DEBUG execute_one{generation=Some(ApplyGeneration(8))}:dispatch_ime_set_open{open=true generation=Some(ApplyGeneration(8))}: awase_windows::runtime::executor: [dispatch-ime] ImmCross async: optimistic applied_snapshot=true (suppress send_engine_state_ime_key)
2026-09-19T22:39:00.800343Z DEBUG execute_one{generation=Some(ApplyGeneration(8))}: awase_windows::platform: [engine-state-key] skipped (apply_ime_open aligned ime=true, profile=Standard)
2026-09-19T22:39:00.802080Z DEBUG run_open_chain_async: awase_windows::ime_controller: [warrant-shadow] chain=async open=true origin=EventOrigin { source: SelfActuated { strategy: "engine_decision_async" }, epoch: Generation(0) } warranted
2026-09-19T22:39:00.802157Z  INFO run_open_chain_async:imm_cross_write{open=true}: awase_windows::runtime::open_chain: [apply-ime] ImmCross async: open=true composition_active=false show_seq=0 change_seq=0 (issue #138診断)
2026-09-19T22:39:00.806401Z DEBUG awase_windows::shadow_send_trace: [shadow-send] channel=ImeControl cmd=0x0006 lparam=1 issue_us=98731555
2026-09-19T22:39:00.806418Z DEBUG awase_windows::ime: set_ime_open_for_target: hwnd=HWND(0xee03fc) ime_wnd=HWND(0xe129fc) open=true success=true send_elapsed=1ms candidate_visible=false
2026-09-19T22:39:00.808146Z DEBUG run_open_chain_async:imm_cross_write{open=true}: awase_windows::ime: [imm-cross-actuate] hwnd=HWND(0xee03fc) open=Written conv=Some(Written)
2026-09-19T22:39:00.808205Z DEBUG run_open_chain_async:imm_cross_write{open=true}: awase_windows::runtime::open_chain: [apply-ime] ROMAN 補完結果: Written
2026-09-19T22:39:00.808266Z DEBUG run_open_chain_async: awase::journal: actuation decision seq=279 elapsed_ms=98734 site="DispatchImeSetOpen" caller="None" open=true chain_len=4 attempts_len=1 gate_profile="Standard" gate_kind="Gji" gate_shadow_known=true gate_shadow_on=false gate_input_mode="Observ
2026-09-19T22:39:00.812261Z DEBUG on_ime_apply_complete{open=true outcome=AppliedWithoutSendInput generation=Some(ApplyGeneration(8)) reason=EngineDecision}: awase::journal: ime open applied seq=280 elapsed_ms=98738 open=true outcome="AppliedWithoutSendInput" reason="EngineDecision"
2026-09-19T22:39:00.812703Z DEBUG on_ime_apply_complete{open=true outcome=AppliedWithoutSendInput generation=Some(ApplyGeneration(8)) reason=EngineDecision}: awase::journal: ime event seq=281 elapsed_ms=98739 event_kind="ImeApplySucceeded"
2026-09-19T22:39:00.812736Z DEBUG on_ime_apply_complete{open=true outcome=AppliedWithoutSendInput generation=Some(ApplyGeneration(8)) reason=EngineDecision}: awase_windows::tsf::ime_mode_fsm: [ime-mode] SetOpen(true) applied → Hiragana (belief, unconfirmed)
2026-09-19T22:39:00.812825Z DEBUG on_ime_apply_complete{open=true outcome=AppliedWithoutSendInput generation=Some(ApplyGeneration(8)) reason=EngineDecision}: awase_windows::platform: [composition] ImeEffect::SetOpen(true) → marking cold
2026-09-19T22:39:00.812860Z DEBUG on_ime_apply_complete{open=true outcome=AppliedWithoutSendInput generation=Some(ApplyGeneration(8)) reason=EngineDecision}: awase_windows::tsf::probe: [composition] marked cold reason=SetOpenTrue idle=1953ms → next VK/TSF output will send VK_DBE_HIRAGANA warmup
2026-09-19T22:39:00.812935Z DEBUG on_ime_apply_complete{open=true outcome=AppliedWithoutSendInput generation=Some(ApplyGeneration(8)) reason=EngineDecision}:gji_on_event{event=ImeOn { injection_mode: Unicode, gji_idle_ms: 5188 }}: awase_windows::tsf::gji_fsm: [gji-fsm] ImeOn gji_idle=5188ms → Short
2026-09-19T22:39:00.813005Z DEBUG on_ime_apply_complete{open=true outcome=AppliedWithoutSendInput generation=Some(ApplyGeneration(8)) reason=EngineDecision}: awase_windows::platform: [gji-fsm] StartProbe probe_id=ProbeId(5) forces_f2=false long=false
2026-09-19T22:39:00.813416Z DEBUG awase::journal: gji fsm transition seq=282 elapsed_ms=98739 trigger="ImeOn(gji_idle_ms=5188)" state_before="OffCold" state_after="OnCold(Short)"
2026-09-19T22:39:00.813437Z DEBUG awase::journal: tsf probe started seq=283 elapsed_ms=98739 source="GjiAction::StartProbe" cold_seq=0 probe_id=5 probe_id_present=true gji_state="OnCold(Short)" consecutive_at_start=0 pending_deferred_len=0
2026-09-19T22:39:00.813456Z DEBUG awase::journal: gji fsm transition seq=284 elapsed_ms=98739 trigger="WarmupComplete(unicode)" state_before="OnCold(Short)" state_after="OnWarm"
2026-09-19T22:39:00.813470Z DEBUG awase::journal: tsf probe completed seq=285 elapsed_ms=98739 outcome="UnicodeImmediate" cold_seq=18446744073709551615 cold_seq_present=false probe_id=5 probe_id_present=true duration_ms=0 tick_count=0 gji_state="OnWarm"
2026-09-19T22:39:00.847573Z DEBUG awase_windows::runtime::ime_refresh: Explicit intent: bypassing typing-idle guard for IME verify (idle=47ms)
2026-09-19T22:39:00.847601Z DEBUG awase_windows::observer::ime_observer: IME snapshot: japanese=Some(true) ime_on=Some(true) romaji=Some(true) conv=Some("0x00000019") guard=false
2026-09-19T22:39:00.847641Z DEBUG awase::journal: ime event seq=286 elapsed_ms=98774 event_kind="ObserverReported"
2026-09-19T22:39:00.847656Z DEBUG awase::journal: ime event seq=287 elapsed_ms=98774 event_kind="InputModeObserved"
2026-09-19T22:39:00.923169Z DEBUG awase_windows::runtime::key_pipeline: [engine-input] vk=0x1D KeyUp ts=98849803us delay=0ms state=PendingThumb(vk=0x1D,left=true) mods(c=false s=false a=false w=false) gas_ctrl=false phys_ctrl=false extra=0x5350494B pending_drain=0 gate_active=false l_thumb=None r_th
2026-09-19T22:39:00.923244Z DEBUG awase::journal: key input seq=289 elapsed_ms=98849 vk_code=29 is_down=false injected=false key_class="LeftThumb" state_before="PendingThumb(vk=0x1D,left=true)" state_after="Idle" decision="Consume" physical="Allow" repeat_count=1 last_timestamp_us=98849803 last_elap
2026-09-19T22:39:01.480951Z DEBUG awase_windows::runtime::key_pipeline: [engine-input] vk=0x4B KeyDown ts=99407422us delay=0ms state=Idle mods(c=false s=false a=false w=false) gas_ctrl=false phys_ctrl=false extra=0x5350494B pending_drain=0 gate_active=false l_thumb=None r_thumb=None [diag-ctx] ime_o
2026-09-19T22:39:01.481064Z DEBUG awase::journal: key input seq=290 elapsed_ms=99407 vk_code=75 is_down=true injected=false key_class="Char" state_before="Idle" state_after="PendingChar(vk=0x4B)" decision="Consume" physical="Allow" repeat_count=1 last_timestamp_us=99407422 last_elapsed_ms=0
2026-09-19T22:39:01.589956Z DEBUG execute_from_loop:execute_one{generation=None}: awase_windows::output: send_keys: mode=Unicode actions=[Char('き')] prev_elapsed=2734ms
2026-09-19T22:39:01.589988Z DEBUG execute_from_loop:execute_one{generation=None}: awase_windows::tsf::probe: [mark-send] last_send_ms=333575640
2026-09-19T22:39:01.590010Z DEBUG execute_from_loop:execute_one{generation=None}: awase_windows::output:   → Char('き') via Unicode
2026-09-19T22:39:01.591937Z DEBUG execute_from_loop:execute_one{generation=None}: awase_windows::tsf::probe: [mark-send] last_send_ms=333575640
2026-09-19T22:39:01.604817Z DEBUG awase_windows::tsf::gji_monitor: [gji-io] WRITE: w_ops=+2 w_KB=+0.3 (r_ops=+4 x_ops=+4 x_KB=+0.0)
2026-09-19T22:39:01.613758Z  INFO awase_windows::tsf::win_event_obs: [gji-obs] candidate SHOW #11: last_gji_write=0ms ago
2026-09-19T22:39:01.706754Z DEBUG awase_windows::runtime::key_pipeline: [engine-input] vk=0x4B KeyUp ts=99633208us delay=0ms state=Idle mods(c=false s=false a=false w=false) gas_ctrl=false phys_ctrl=false extra=0x5350494B pending_drain=0 gate_active=false l_thumb=None r_thumb=None [diag-ctx] ime_on=
2026-09-19T22:39:01.706892Z DEBUG awase::journal: key input seq=292 elapsed_ms=99633 vk_code=75 is_down=false injected=false key_class="Char" state_before="Idle" state_after="Idle" decision="Consume" physical="Allow" repeat_count=1 last_timestamp_us=99633208 last_elapsed_ms=0
2026-09-19T22:39:01.707117Z DEBUG execute_one{generation=None}: awase_windows::output: send_keys: mode=Unicode actions=[Suppress] prev_elapsed=110ms
2026-09-19T22:39:01.707162Z DEBUG execute_one{generation=None}: awase_windows::tsf::probe: [mark-send] last_send_ms=333575750
2026-09-19T22:39:01.707187Z DEBUG execute_one{generation=None}: awase_windows::output:   → Suppress
2026-09-19T22:39:01.707208Z DEBUG execute_one{generation=None}: awase_windows::tsf::probe: [mark-send] last_send_ms=333575750
2026-09-19T22:39:01.707302Z DEBUG execute_one{generation=None}: awase_windows::platform: [gji-fsm] StartComposition (candidate SHOW)
2026-09-19T22:39:01.707354Z DEBUG execute_one{generation=None}:gji_on_event{event=StartComposition}: awase_windows::tsf::gji_fsm: [gji-fsm] StartComposition: OnWarm → OnComposing(AlreadyWarm)
2026-09-19T22:39:01.707602Z DEBUG awase::journal: gji fsm transition seq=293 elapsed_ms=99634 trigger="StartComposition(candidate SHOW)" state_before="OnWarm" state_after="OnComposing(Warm)"
2026-09-19T22:39:01.984172Z DEBUG awase_windows::runtime::key_pipeline: [engine-input] vk=0x1B KeyDown ts=99910501us delay=0ms state=Idle mods(c=false s=false a=false w=false) gas_ctrl=false phys_ctrl=false extra=0x5350494B pending_drain=0 gate_active=false l_thumb=None r_thumb=None [diag-ctx] ime_o
2026-09-19T22:39:01.984356Z DEBUG awase::journal: key input seq=294 elapsed_ms=99911 vk_code=27 is_down=true injected=false key_class="Passthrough" state_before="Idle" state_after="Idle" decision="PassThrough" physical="Allow" repeat_count=1 last_timestamp_us=99910501 last_elapsed_ms=0
2026-09-19T22:39:01.984521Z DEBUG execute_from_hook: awase_windows::runtime::executor: [relay-passthrough] PassThrough idle: direct OS pass-through (vk=0x1b down)
2026-09-19T22:39:01.984659Z DEBUG execute_one{generation=None}: awase_windows::runtime::executor: [reinject] vk=0x1b down (queued passthrough now firing)
2026-09-19T22:39:01.995462Z DEBUG awase_windows::tsf::gji_monitor: [gji-io] WRITE: w_ops=+2 w_KB=+0.3 (r_ops=+4 x_ops=+4 x_KB=+0.0)
2026-09-19T22:39:01.999326Z  INFO awase_windows::tsf::win_event_obs: [gji-obs] candidate HIDE: last_gji_write=0ms ago
2026-09-19T22:39:02.171430Z DEBUG awase_windows::runtime::key_pipeline: [engine-input] vk=0x1B KeyUp ts=100097992us delay=0ms state=Idle mods(c=false s=false a=false w=false) gas_ctrl=false phys_ctrl=false extra=0x5350494B pending_drain=0 gate_active=false l_thumb=None r_thumb=None [diag-ctx] ime_on
2026-09-19T22:39:02.171531Z DEBUG awase::journal: key input seq=295 elapsed_ms=100098 vk_code=27 is_down=false injected=false key_class="Passthrough" state_before="Idle" state_after="Idle" decision="PassThrough" physical="Allow" repeat_count=1 last_timestamp_us=100097992 last_elapsed_ms=0
2026-09-19T22:39:02.171623Z DEBUG execute_from_hook: awase_windows::runtime::executor: [relay-passthrough] PassThrough idle: direct OS pass-through (vk=0x1b up)
2026-09-19T22:39:02.171691Z DEBUG execute_one{generation=None}: awase_windows::runtime::executor: [reinject] vk=0x1b up (queued passthrough now firing)
2026-09-19T22:39:02.174148Z DEBUG awase_windows::platform: [gji-fsm] EndComposition (candidate HIDE) epoch=FocusEpoch(11)
2026-09-19T22:39:02.174339Z DEBUG awase::journal: gji fsm transition seq=296 elapsed_ms=100100 trigger="EndComposition(candidate HIDE, epoch=FocusEpoch(11))" state_before="OnComposing(Warm)" state_after="OnWarm"
2026-09-19T22:39:03.980862Z DEBUG awase_windows::hook: [hook] IME-mode vk=0xF2 down self_injected=false injected=false scan=0x70 extra=0x5350494B since_actuation_us=Some(22061869)
2026-09-19T22:39:03.981102Z DEBUG awase::journal: hook ime-mode diagnostic seq=297 elapsed_ms=101907 vk_code=242 is_down=true self_injected=false injected=false scan=112
2026-09-19T22:39:03.981315Z  INFO awase_windows::runtime::key_pipeline: [shadow-toggle] intent 昇格: vk=0xF2 scan=0x70 action=TurnOn kind=PhysicalImeKey injected=false true→true w_ops0=109028 x_ops0=241604 x_KB0=23.4
2026-09-19T22:39:03.981371Z DEBUG awase::journal: ime event seq=298 elapsed_ms=101908 event_kind="UserImeSetIntent"
2026-09-19T22:39:03.981402Z DEBUG awase_windows::runtime::key_pipeline: [shadow-toggle] no-op: vk=0xF2 action=TurnOn source=PhysicalImeKey effective_open は既に true → apply-ime 見送り
2026-09-19T22:39:03.981441Z DEBUG awase_windows::runtime::key_pipeline: [engine-input] vk=0xF2 KeyDown ts=101907789us delay=0ms state=Idle mods(c=false s=false a=false w=false) gas_ctrl=false phys_ctrl=false extra=0x5350494B pending_drain=0 gate_active=false l_thumb=None r_thumb=None [diag-ctx] ime_
2026-09-19T22:39:03.981548Z DEBUG awase::journal: key input seq=299 elapsed_ms=101908 vk_code=242 is_down=true injected=false key_class="Passthrough" state_before="Idle" state_after="Idle" decision="PassThrough" physical="Allow" repeat_count=1 last_timestamp_us=101907789 last_elapsed_ms=0
2026-09-19T22:39:03.981619Z DEBUG awase_windows::runtime::key_pipeline: may_change_ime key passed through → IME refresh scheduled (20ms)
2026-09-19T22:39:03.981706Z DEBUG execute_from_hook: awase_windows::runtime::executor: [relay-passthrough] PassThrough idle: direct OS pass-through (vk=0xf2 down)
2026-09-19T22:39:03.981794Z DEBUG execute_one{generation=None}: awase_windows::runtime::executor: [reinject] vk=0xf2 down (queued passthrough now firing)
2026-09-19T22:39:03.983786Z DEBUG awase_windows::hook: [hook] IME-mode vk=0xF2 down self_injected=true injected=true scan=0x0 extra=0x4B45594D since_actuation_us=Some(22064808)
2026-09-19T22:39:03.986078Z DEBUG awase::journal: hook ime-mode diagnostic seq=300 elapsed_ms=101912 vk_code=242 is_down=true self_injected=true injected=true scan=0
2026-09-19T22:39:03.995200Z DEBUG awase_windows::tsf::gji_monitor: [gji-io] WRITE: w_ops=+2 w_KB=+0.0 (r_ops=+4 x_ops=+4 x_KB=+0.0)
2026-09-19T22:39:04.018819Z DEBUG awase_windows::runtime::ime_refresh: Explicit intent: bypassing typing-idle guard for IME verify (idle=31ms)
2026-09-19T22:39:04.018889Z DEBUG awase_windows::observer::ime_observer: IME snapshot: japanese=Some(true) ime_on=Some(true) romaji=None conv=Some("0x00000010") guard=false
2026-09-19T22:39:04.019017Z DEBUG awase::journal: ime event seq=301 elapsed_ms=101945 event_kind="ObserverReported"
2026-09-19T22:39:04.019070Z DEBUG awase::journal: ime event seq=302 elapsed_ms=101945 event_kind="InputModeObserved"
2026-09-19T22:39:04.019153Z DEBUG awase::engine::engine: [diag-engine-active] ime_on=true なのに非活性: reason=Inactive(NotRomajiInput) romaji_capable=false japanese=true user_enabled=true was_active=true input_mode=ObservedEisu
2026-09-19T22:39:04.019220Z  INFO awase::engine::engine: Engine deactivated (ime=true, romaji=false, japanese=true, user=true, reason=Inactive(NotRomajiInput))
2026-09-19T22:39:04.671830Z DEBUG awase_windows::runtime::key_pipeline: [engine-input] vk=0x4B KeyDown ts=102597955us delay=0ms state=Idle mods(c=false s=false a=false w=false) gas_ctrl=false phys_ctrl=false extra=0x5350494B pending_drain=0 gate_active=false l_thumb=None r_thumb=None [diag-ctx] ime_
2026-09-19T22:39:04.671943Z DEBUG awase::engine::engine: [diag-engine-active] ime_on=true なのに非活性: reason=Inactive(NotRomajiInput) romaji_capable=false japanese=true user_enabled=true was_active=false input_mode=ObservedEisu
2026-09-19T22:39:04.672103Z DEBUG awase::journal: key input seq=303 elapsed_ms=102598 vk_code=75 is_down=true injected=false key_class="Char" state_before="Idle" state_after="Idle" decision="PassThrough" physical="Allow" repeat_count=1 last_timestamp_us=102597955 last_elapsed_ms=0
2026-09-19T22:39:04.672426Z DEBUG execute_one{generation=None}: awase_windows::runtime::executor: [reinject] vk=0x4b down (queued passthrough now firing)
2026-09-19T22:39:04.681617Z DEBUG awase_windows::tsf::gji_monitor: [gji-io] WRITE: w_ops=+1 w_KB=+0.0 (r_ops=+3 x_ops=+2 x_KB=+0.0)
2026-09-19T22:39:04.696633Z DEBUG awase_windows::tsf::gji_monitor: [gji-io] WRITE: w_ops=+1 w_KB=+0.3 (r_ops=+1 x_ops=+2 x_KB=+0.0)
2026-09-19T22:39:04.698896Z  INFO awase_windows::tsf::win_event_obs: [gji-obs] candidate SHOW #12: last_gji_write=0ms ago
2026-09-19T22:39:04.809219Z DEBUG awase_windows::runtime::key_pipeline: [engine-input] vk=0x4B KeyUp ts=102735717us delay=0ms state=Idle mods(c=false s=false a=false w=false) gas_ctrl=false phys_ctrl=false extra=0x5350494B pending_drain=0 gate_active=false l_thumb=None r_thumb=None [diag-ctx] ime_on
2026-09-19T22:39:04.809277Z DEBUG awase::engine::engine: [diag-engine-active] ime_on=true なのに非活性: reason=Inactive(NotRomajiInput) romaji_capable=false japanese=true user_enabled=true was_active=false input_mode=ObservedEisu
2026-09-19T22:39:04.809367Z DEBUG awase::journal: key input seq=304 elapsed_ms=102736 vk_code=75 is_down=false injected=false key_class="Char" state_before="Idle" state_after="Idle" decision="PassThrough" physical="Allow" repeat_count=1 last_timestamp_us=102735717 last_elapsed_ms=0
2026-09-19T22:39:04.809561Z DEBUG execute_one{generation=None}: awase_windows::runtime::executor: [reinject] vk=0x4b up (queued passthrough now firing)
2026-09-19T22:39:04.812961Z DEBUG awase_windows::platform: [gji-fsm] StartComposition (candidate SHOW)
2026-09-19T22:39:04.813005Z DEBUG gji_on_event{event=StartComposition}: awase_windows::tsf::gji_fsm: [gji-fsm] StartComposition: OnWarm → OnComposing(AlreadyWarm)
2026-09-19T22:39:04.813196Z DEBUG awase::journal: gji fsm transition seq=305 elapsed_ms=102739 trigger="StartComposition(candidate SHOW)" state_before="OnWarm" state_after="OnComposing(Warm)"
2026-09-19T22:39:05.171658Z DEBUG awase_windows::runtime::key_pipeline: [engine-input] vk=0x1B KeyDown ts=103098035us delay=0ms state=Idle mods(c=false s=false a=false w=false) gas_ctrl=false phys_ctrl=false extra=0x5350494B pending_drain=0 gate_active=false l_thumb=None r_thumb=None [diag-ctx] ime_
2026-09-19T22:39:05.171715Z DEBUG awase::engine::engine: [diag-engine-active] ime_on=true なのに非活性: reason=Inactive(NotRomajiInput) romaji_capable=false japanese=true user_enabled=true was_active=false input_mode=ObservedEisu
2026-09-19T22:39:05.171792Z DEBUG awase::journal: key input seq=306 elapsed_ms=103098 vk_code=27 is_down=true injected=false key_class="Passthrough" state_before="Idle" state_after="Idle" decision="PassThrough" physical="Allow" repeat_count=1 last_timestamp_us=103098035 last_elapsed_ms=0
2026-09-19T22:39:05.171897Z DEBUG execute_from_hook: awase_windows::runtime::executor: [relay-passthrough] PassThrough idle: direct OS pass-through (vk=0x1b down)
2026-09-19T22:39:05.172070Z DEBUG execute_one{generation=None}: awase_windows::runtime::executor: [reinject] vk=0x1b down (queued passthrough now firing)
2026-09-19T22:39:05.181997Z DEBUG awase_windows::tsf::gji_monitor: [gji-io] WRITE: w_ops=+2 w_KB=+0.4 (r_ops=+4 x_ops=+4 x_KB=+0.0)
2026-09-19T22:39:05.182375Z  INFO awase_windows::tsf::win_event_obs: [gji-obs] candidate HIDE: last_gji_write=0ms ago
2026-09-19T22:39:05.356800Z DEBUG awase_windows::runtime::key_pipeline: [engine-input] vk=0x1B KeyUp ts=103283243us delay=0ms state=Idle mods(c=false s=false a=false w=false) gas_ctrl=false phys_ctrl=false extra=0x5350494B pending_drain=0 gate_active=false l_thumb=None r_thumb=None [diag-ctx] ime_on
2026-09-19T22:39:05.356873Z DEBUG awase::engine::engine: [diag-engine-active] ime_on=true なのに非活性: reason=Inactive(NotRomajiInput) romaji_capable=false japanese=true user_enabled=true was_active=false input_mode=ObservedEisu
2026-09-19T22:39:05.356990Z DEBUG awase::journal: key input seq=307 elapsed_ms=103283 vk_code=27 is_down=false injected=false key_class="Passthrough" state_before="Idle" state_after="Idle" decision="PassThrough" physical="Allow" repeat_count=1 last_timestamp_us=103283243 last_elapsed_ms=0
2026-09-19T22:39:05.357153Z DEBUG execute_from_hook: awase_windows::runtime::executor: [relay-passthrough] PassThrough idle: direct OS pass-through (vk=0x1b up)
2026-09-19T22:39:05.357297Z DEBUG execute_one{generation=None}: awase_windows::runtime::executor: [reinject] vk=0x1b up (queued passthrough now firing)
2026-09-19T22:39:05.360971Z DEBUG awase_windows::platform: [gji-fsm] EndComposition (candidate HIDE) epoch=FocusEpoch(12)
2026-09-19T22:39:05.361133Z DEBUG awase::journal: gji fsm transition seq=308 elapsed_ms=103287 trigger="EndComposition(candidate HIDE, epoch=FocusEpoch(12))" state_before="OnComposing(Warm)" state_after="OnWarm"
2026-09-19T22:39:07.110754Z DEBUG awase_windows::runtime::key_pipeline: [shadow-toggle] vk=0x1DはFSM delegate所有 → belief書き込み/actuationをスキップ w_ops0=109034 x_ops0=241616 x_KB0=23.4
2026-09-19T22:39:07.110804Z DEBUG awase_windows::runtime::key_pipeline: [shadow-toggle] no-op: vk=0x1D action=Toggle source=PhysicalImeKey effective_open は既に true → apply-ime 見送り
2026-09-19T22:39:07.110854Z DEBUG awase_windows::runtime::key_pipeline: [engine-input] vk=0x1D KeyDown ts=105037181us delay=0ms state=Idle mods(c=false s=false a=false w=false) gas_ctrl=false phys_ctrl=false extra=0x5350494B pending_drain=0 gate_active=false l_thumb=Some(105037169) r_thumb=None [dia
2026-09-19T22:39:07.110907Z DEBUG awase::engine::engine: [diag-engine-active] ime_on=true なのに非活性: reason=Inactive(NotRomajiInput) romaji_capable=false japanese=true user_enabled=true was_active=false input_mode=ObservedEisu
2026-09-19T22:39:07.111005Z DEBUG awase::journal: key input seq=309 elapsed_ms=105037 vk_code=29 is_down=true injected=false key_class="LeftThumb" state_before="Idle" state_after="Idle" decision="PassThrough" physical="Allow" repeat_count=1 last_timestamp_us=105037181 last_elapsed_ms=0
2026-09-19T22:39:07.111206Z DEBUG execute_one{generation=None}: awase_windows::runtime::executor: [reinject] vk=0x1d down (queued passthrough now firing)
2026-09-19T22:39:07.123090Z DEBUG awase_windows::tsf::gji_monitor: [gji-io] WRITE: w_ops=+2 w_KB=+0.0 (r_ops=+4 x_ops=+4 x_KB=+0.0)
2026-09-19T22:39:07.235474Z DEBUG awase_windows::runtime::key_pipeline: [engine-input] vk=0x1D KeyUp ts=105161883us delay=0ms state=Idle mods(c=false s=false a=false w=false) gas_ctrl=false phys_ctrl=false extra=0x5350494B pending_drain=0 gate_active=false l_thumb=None r_thumb=None [diag-ctx] ime_on
2026-09-19T22:39:07.235551Z DEBUG awase::engine::engine: [diag-engine-active] ime_on=true なのに非活性: reason=Inactive(NotRomajiInput) romaji_capable=false japanese=true user_enabled=true was_active=false input_mode=ObservedEisu
2026-09-19T22:39:07.235661Z DEBUG awase::journal: key input seq=310 elapsed_ms=105162 vk_code=29 is_down=false injected=false key_class="LeftThumb" state_before="Idle" state_after="Idle" decision="PassThrough" physical="Allow" repeat_count=1 last_timestamp_us=105161883 last_elapsed_ms=0
2026-09-19T22:39:07.235889Z DEBUG execute_one{generation=None}: awase_windows::runtime::executor: [reinject] vk=0x1d up (queued passthrough now firing)
2026-09-19T22:39:07.795601Z DEBUG awase_windows::runtime::key_pipeline: [engine-input] vk=0x4B KeyDown ts=105722087us delay=0ms state=Idle mods(c=false s=false a=false w=false) gas_ctrl=false phys_ctrl=false extra=0x5350494B pending_drain=0 gate_active=false l_thumb=None r_thumb=None [diag-ctx] ime_
2026-09-19T22:39:07.795659Z DEBUG awase::engine::engine: [diag-engine-active] ime_on=true なのに非活性: reason=Inactive(NotRomajiInput) romaji_capable=false japanese=true user_enabled=true was_active=false input_mode=ObservedEisu
2026-09-19T22:39:07.795734Z DEBUG awase::journal: key input seq=311 elapsed_ms=105722 vk_code=75 is_down=true injected=false key_class="Char" state_before="Idle" state_after="Idle" decision="PassThrough" physical="Allow" repeat_count=1 last_timestamp_us=105722087 last_elapsed_ms=0
2026-09-19T22:39:07.795904Z DEBUG execute_one{generation=None}: awase_windows::runtime::executor: [reinject] vk=0x4b down (queued passthrough now firing)
2026-09-19T22:39:07.983518Z DEBUG awase_windows::runtime::key_pipeline: [engine-input] vk=0x4B KeyUp ts=105909925us delay=0ms state=Idle mods(c=false s=false a=false w=false) gas_ctrl=false phys_ctrl=false extra=0x5350494B pending_drain=0 gate_active=false l_thumb=None r_thumb=None [diag-ctx] ime_on
2026-09-19T22:39:07.983887Z DEBUG awase::engine::engine: [diag-engine-active] ime_on=true なのに非活性: reason=Inactive(NotRomajiInput) romaji_capable=false japanese=true user_enabled=true was_active=false input_mode=ObservedEisu
2026-09-19T22:39:07.984042Z DEBUG awase::journal: key input seq=312 elapsed_ms=105910 vk_code=75 is_down=false injected=false key_class="Char" state_before="Idle" state_after="Idle" decision="PassThrough" physical="Allow" repeat_count=1 last_timestamp_us=105909925 last_elapsed_ms=0
2026-09-19T22:39:07.984294Z DEBUG execute_one{generation=None}: awase_windows::runtime::executor: [reinject] vk=0x4b up (queued passthrough now firing)
2026-09-19T22:39:08.293151Z DEBUG awase_windows::runtime::key_pipeline: [engine-input] vk=0x1B KeyDown ts=106219712us delay=0ms state=Idle mods(c=false s=false a=false w=false) gas_ctrl=false phys_ctrl=false extra=0x5350494B pending_drain=0 gate_active=false l_thumb=None r_thumb=None [diag-ctx] ime_
2026-09-19T22:39:08.293182Z DEBUG awase::engine::engine: [diag-engine-active] ime_on=true なのに非活性: reason=Inactive(NotRomajiInput) romaji_capable=false japanese=true user_enabled=true was_active=false input_mode=ObservedEisu
2026-09-19T22:39:08.293217Z DEBUG awase::journal: key input seq=313 elapsed_ms=106219 vk_code=27 is_down=true injected=false key_class="Passthrough" state_before="Idle" state_after="Idle" decision="PassThrough" physical="Allow" repeat_count=1 last_timestamp_us=106219712 last_elapsed_ms=0
2026-09-19T22:39:08.293265Z DEBUG execute_from_hook: awase_windows::runtime::executor: [relay-passthrough] PassThrough idle: direct OS pass-through (vk=0x1b down)
2026-09-19T22:39:08.293300Z DEBUG execute_one{generation=None}: awase_windows::runtime::executor: [reinject] vk=0x1b down (queued passthrough now firing)
2026-09-19T22:39:08.483557Z DEBUG awase_windows::runtime::key_pipeline: [engine-input] vk=0x1B KeyUp ts=106410092us delay=0ms state=Idle mods(c=false s=false a=false w=false) gas_ctrl=false phys_ctrl=false extra=0x5350494B pending_drain=0 gate_active=false l_thumb=None r_thumb=None [diag-ctx] ime_on
2026-09-19T22:39:08.483613Z DEBUG awase::engine::engine: [diag-engine-active] ime_on=true なのに非活性: reason=Inactive(NotRomajiInput) romaji_capable=false japanese=true user_enabled=true was_active=false input_mode=ObservedEisu
2026-09-19T22:39:08.483689Z DEBUG awase::journal: key input seq=314 elapsed_ms=106410 vk_code=27 is_down=false injected=false key_class="Passthrough" state_before="Idle" state_after="Idle" decision="PassThrough" physical="Allow" repeat_count=1 last_timestamp_us=106410092 last_elapsed_ms=0
2026-09-19T22:39:08.483793Z DEBUG execute_from_hook: awase_windows::runtime::executor: [relay-passthrough] PassThrough idle: direct OS pass-through (vk=0x1b up)
2026-09-19T22:39:08.483873Z DEBUG execute_one{generation=None}: awase_windows::runtime::executor: [reinject] vk=0x1b up (queued passthrough now firing)
2026-09-19T22:39:10.293962Z DEBUG awase_windows::runtime::key_pipeline: [shadow-toggle] vk=0x1DはFSM delegate所有 → belief書き込み/actuationをスキップ w_ops0=109036 x_ops0=241620 x_KB0=23.4
2026-09-19T22:39:10.293999Z DEBUG awase_windows::runtime::key_pipeline: [shadow-toggle] no-op: vk=0x1D action=Toggle source=PhysicalImeKey effective_open は既に true → apply-ime 見送り
2026-09-19T22:39:10.294034Z DEBUG awase_windows::runtime::key_pipeline: [engine-input] vk=0x1D KeyDown ts=108220528us delay=0ms state=Idle mods(c=false s=false a=false w=false) gas_ctrl=false phys_ctrl=false extra=0x5350494B pending_drain=0 gate_active=false l_thumb=Some(108220515) r_thumb=None [dia
2026-09-19T22:39:10.294071Z DEBUG awase::engine::engine: [diag-engine-active] ime_on=true なのに非活性: reason=Inactive(NotRomajiInput) romaji_capable=false japanese=true user_enabled=true was_active=false input_mode=ObservedEisu
2026-09-19T22:39:10.294143Z DEBUG awase::journal: key input seq=315 elapsed_ms=108220 vk_code=29 is_down=true injected=false key_class="LeftThumb" state_before="Idle" state_after="Idle" decision="PassThrough" physical="Allow" repeat_count=1 last_timestamp_us=108220528 last_elapsed_ms=0
2026-09-19T22:39:10.294305Z DEBUG execute_one{generation=None}: awase_windows::runtime::executor: [reinject] vk=0x1d down (queued passthrough now firing)
2026-09-19T22:39:10.321752Z DEBUG awase_windows::tsf::gji_monitor: [gji-io] WRITE: w_ops=+2 w_KB=+0.0 (r_ops=+4 x_ops=+4 x_KB=+0.0)
2026-09-19T22:39:10.419274Z DEBUG awase_windows::runtime::key_pipeline: [engine-input] vk=0x1D KeyUp ts=108345779us delay=0ms state=Idle mods(c=false s=false a=false w=false) gas_ctrl=false phys_ctrl=false extra=0x5350494B pending_drain=0 gate_active=false l_thumb=None r_thumb=None [diag-ctx] ime_on
2026-09-19T22:39:10.419320Z DEBUG awase::engine::engine: [diag-engine-active] ime_on=true なのに非活性: reason=Inactive(NotRomajiInput) romaji_capable=false japanese=true user_enabled=true was_active=false input_mode=ObservedEisu
2026-09-19T22:39:10.419385Z DEBUG awase::journal: key input seq=316 elapsed_ms=108346 vk_code=29 is_down=false injected=false key_class="LeftThumb" state_before="Idle" state_after="Idle" decision="PassThrough" physical="Allow" repeat_count=1 last_timestamp_us=108345779 last_elapsed_ms=0
2026-09-19T22:39:10.419528Z DEBUG execute_one{generation=None}: awase_windows::runtime::executor: [reinject] vk=0x1d up (queued passthrough now firing)
2026-09-19T22:39:10.947831Z DEBUG awase_windows::runtime::key_pipeline: [engine-input] vk=0x4B KeyDown ts=108874397us delay=0ms state=Idle mods(c=false s=false a=false w=false) gas_ctrl=false phys_ctrl=false extra=0x5350494B pending_drain=0 gate_active=false l_thumb=None r_thumb=None [diag-ctx] ime_
2026-09-19T22:39:10.947884Z DEBUG awase::engine::engine: [diag-engine-active] ime_on=true なのに非活性: reason=Inactive(NotRomajiInput) romaji_capable=false japanese=true user_enabled=true was_active=false input_mode=ObservedEisu
2026-09-19T22:39:10.947957Z DEBUG awase::journal: key input seq=317 elapsed_ms=108874 vk_code=75 is_down=true injected=false key_class="Char" state_before="Idle" state_after="Idle" decision="PassThrough" physical="Allow" repeat_count=1 last_timestamp_us=108874397 last_elapsed_ms=0
2026-09-19T22:39:10.948094Z DEBUG execute_one{generation=None}: awase_windows::runtime::executor: [reinject] vk=0x4b down (queued passthrough now firing)
2026-09-19T22:39:10.959032Z DEBUG awase_windows::tsf::gji_monitor: [gji-io] WRITE: w_ops=+2 w_KB=+0.4 (r_ops=+4 x_ops=+4 x_KB=+0.0)
2026-09-19T22:39:10.965394Z  INFO awase_windows::tsf::win_event_obs: [gji-obs] candidate SHOW #13: last_gji_write=15ms ago
2026-09-19T22:39:11.138771Z DEBUG awase_windows::runtime::key_pipeline: [engine-input] vk=0x4B KeyUp ts=109065358us delay=0ms state=Idle mods(c=false s=false a=false w=false) gas_ctrl=false phys_ctrl=false extra=0x5350494B pending_drain=0 gate_active=false l_thumb=None r_thumb=None [diag-ctx] ime_on
2026-09-19T22:39:11.138818Z DEBUG awase::engine::engine: [diag-engine-active] ime_on=true なのに非活性: reason=Inactive(NotRomajiInput) romaji_capable=false japanese=true user_enabled=true was_active=false input_mode=ObservedEisu
2026-09-19T22:39:11.138885Z DEBUG awase::journal: key input seq=318 elapsed_ms=109065 vk_code=75 is_down=false injected=false key_class="Char" state_before="Idle" state_after="Idle" decision="PassThrough" physical="Allow" repeat_count=1 last_timestamp_us=109065358 last_elapsed_ms=0
2026-09-19T22:39:11.139021Z DEBUG execute_one{generation=None}: awase_windows::runtime::executor: [reinject] vk=0x4b up (queued passthrough now firing)
2026-09-19T22:39:11.142477Z DEBUG awase_windows::platform: [gji-fsm] StartComposition (candidate SHOW)
2026-09-19T22:39:11.142506Z DEBUG gji_on_event{event=StartComposition}: awase_windows::tsf::gji_fsm: [gji-fsm] StartComposition: OnWarm → OnComposing(AlreadyWarm)
2026-09-19T22:39:11.142579Z DEBUG awase::journal: gji fsm transition seq=319 elapsed_ms=109069 trigger="StartComposition(candidate SHOW)" state_before="OnWarm" state_after="OnComposing(Warm)"
2026-09-19T22:39:11.447213Z DEBUG awase_windows::runtime::key_pipeline: [engine-input] vk=0x1B KeyDown ts=109373768us delay=0ms state=Idle mods(c=false s=false a=false w=false) gas_ctrl=false phys_ctrl=false extra=0x5350494B pending_drain=0 gate_active=false l_thumb=None r_thumb=None [diag-ctx] ime_
2026-09-19T22:39:11.447265Z DEBUG awase::engine::engine: [diag-engine-active] ime_on=true なのに非活性: reason=Inactive(NotRomajiInput) romaji_capable=false japanese=true user_enabled=true was_active=false input_mode=ObservedEisu
2026-09-19T22:39:11.447332Z DEBUG awase::journal: key input seq=320 elapsed_ms=109373 vk_code=27 is_down=true injected=false key_class="Passthrough" state_before="Idle" state_after="Idle" decision="PassThrough" physical="Allow" repeat_count=1 last_timestamp_us=109373768 last_elapsed_ms=0
2026-09-19T22:39:11.447425Z DEBUG execute_from_hook: awase_windows::runtime::executor: [relay-passthrough] PassThrough idle: direct OS pass-through (vk=0x1b down)
2026-09-19T22:39:11.447798Z DEBUG execute_one{generation=None}: awase_windows::runtime::executor: [reinject] vk=0x1b down (queued passthrough now firing)
2026-09-19T22:39:11.457177Z  INFO awase_windows::tsf::win_event_obs: [gji-obs] candidate HIDE: last_gji_write=500ms ago
2026-09-19T22:39:11.459849Z DEBUG awase_windows::tsf::gji_monitor: [gji-io] WRITE: w_ops=+2 w_KB=+0.4 (r_ops=+4 x_ops=+4 x_KB=+0.0)
2026-09-19T22:39:11.636339Z DEBUG awase_windows::runtime::key_pipeline: [engine-input] vk=0x1B KeyUp ts=109562830us delay=0ms state=Idle mods(c=false s=false a=false w=false) gas_ctrl=false phys_ctrl=false extra=0x5350494B pending_drain=0 gate_active=false l_thumb=None r_thumb=None [diag-ctx] ime_on
2026-09-19T22:39:11.636385Z DEBUG awase::engine::engine: [diag-engine-active] ime_on=true なのに非活性: reason=Inactive(NotRomajiInput) romaji_capable=false japanese=true user_enabled=true was_active=false input_mode=ObservedEisu
2026-09-19T22:39:11.636455Z DEBUG awase::journal: key input seq=321 elapsed_ms=109563 vk_code=27 is_down=false injected=false key_class="Passthrough" state_before="Idle" state_after="Idle" decision="PassThrough" physical="Allow" repeat_count=1 last_timestamp_us=109562830 last_elapsed_ms=0
2026-09-19T22:39:11.636552Z DEBUG execute_from_hook: awase_windows::runtime::executor: [relay-passthrough] PassThrough idle: direct OS pass-through (vk=0x1b up)
2026-09-19T22:39:11.636669Z DEBUG execute_one{generation=None}: awase_windows::runtime::executor: [reinject] vk=0x1b up (queued passthrough now firing)
2026-09-19T22:39:11.639902Z DEBUG awase_windows::platform: [gji-fsm] EndComposition (candidate HIDE) epoch=FocusEpoch(13)
2026-09-19T22:39:11.640139Z DEBUG awase::journal: gji fsm transition seq=322 elapsed_ms=109566 trigger="EndComposition(candidate HIDE, epoch=FocusEpoch(13))" state_before="OnComposing(Warm)" state_after="OnWarm"
2026-09-19T22:39:13.426493Z DEBUG awase_windows::hook: [hook] IME-mode vk=0xF0 up self_injected=false injected=false scan=0x70 extra=0x5350494B since_actuation_us=Some(31507504)
2026-09-19T22:39:13.426794Z DEBUG awase_windows::hook: [hook] IME-mode vk=0xF2 down self_injected=false injected=false scan=0x70 extra=0x5350494B since_actuation_us=Some(31507818)
2026-09-19T22:39:13.426793Z DEBUG awase::journal: hook ime-mode diagnostic seq=323 elapsed_ms=111353 vk_code=240 is_down=false self_injected=false injected=false scan=112
2026-09-19T22:39:13.427132Z DEBUG awase_windows::runtime::key_pipeline: [engine-input] vk=0xF0 KeyUp ts=111353401us delay=0ms state=Idle mods(c=false s=false a=false w=false) gas_ctrl=false phys_ctrl=false extra=0x5350494B pending_drain=0 gate_active=false l_thumb=None r_thumb=None [diag-ctx] ime_on
2026-09-19T22:39:13.427178Z DEBUG awase::engine::engine: [diag-engine-active] ime_on=true なのに非活性: reason=Inactive(NotRomajiInput) romaji_capable=false japanese=true user_enabled=true was_active=false input_mode=ObservedEisu
2026-09-19T22:39:13.427319Z DEBUG awase::journal: key input seq=324 elapsed_ms=111353 vk_code=240 is_down=false injected=false key_class="Passthrough" state_before="Idle" state_after="Idle" decision="PassThrough" physical="Suppress" repeat_count=1 last_timestamp_us=111353401 last_elapsed_ms=0
2026-09-19T22:39:13.427378Z DEBUG awase_windows::runtime::key_pipeline: [imm-cross] key suppress vk=0xf0 KeyUp (physical disposition)
2026-09-19T22:39:13.427464Z  INFO awase_windows::runtime::key_pipeline: [shadow-toggle] intent 昇格: vk=0xF2 scan=0x70 action=TurnOn kind=PhysicalImeKey injected=false true→true w_ops0=109042 x_ops0=241632 x_KB0=23.4
2026-09-19T22:39:13.427510Z DEBUG awase::journal: ime event seq=325 elapsed_ms=111354 event_kind="UserImeSetIntent"
2026-09-19T22:39:13.427536Z DEBUG awase_windows::runtime::key_pipeline: [shadow-toggle] no-op: vk=0xF2 action=TurnOn source=PhysicalImeKey effective_open は既に true → apply-ime 見送り
2026-09-19T22:39:13.427571Z DEBUG awase::journal: ime event seq=326 elapsed_ms=111354 event_kind="InputModeApplied"
2026-09-19T22:39:13.427589Z  INFO awase_windows::runtime::key_pipeline: [shadow-toggle] TurnOn (IME既にopen) + ObservedEisu → AssumedRomaji に リセット (UserTurnOnEisuReset)
2026-09-19T22:39:13.427611Z DEBUG awase_windows::runtime::key_pipeline: [engine-input] vk=0xF2 KeyDown ts=111353733us delay=0ms state=Idle mods(c=false s=false a=false w=false) gas_ctrl=false phys_ctrl=false extra=0x5350494B pending_drain=0 gate_active=false l_thumb=None r_thumb=None [diag-ctx] ime_
2026-09-19T22:39:13.427647Z  INFO awase::engine::engine: Engine activated (ime=true, romaji=true, japanese=true, user=true, reason=Active)
2026-09-19T22:39:13.427709Z DEBUG awase::journal: key input seq=327 elapsed_ms=111354 vk_code=242 is_down=true injected=false key_class="Passthrough" state_before="Idle" state_after="Idle" decision="PassThroughWith" physical="Allow" repeat_count=1 last_timestamp_us=111353733 last_elapsed_ms=0
2026-09-19T22:39:13.427764Z DEBUG awase::journal: ime event seq=328 elapsed_ms=111354 event_kind="EngineActivationSync"
2026-09-19T22:39:13.427799Z DEBUG awase::journal: ime event seq=329 elapsed_ms=111354 event_kind="ImeApplyRequested"
2026-09-19T22:39:13.427817Z  INFO awase_windows::runtime::key_pipeline: IME control: preconditions.ime_on = true (SetOpenRequest, origin=ActivationSync), was_open_before=true last_intent_before=Some(true) poll suspended
2026-09-19T22:39:13.427864Z DEBUG awase_windows::runtime::key_pipeline: may_change_ime key passed through → IME refresh scheduled (20ms)
2026-09-19T22:39:13.427896Z DEBUG execute_from_hook: awase_windows::runtime::executor: [relay-flush] PassThroughWith: queue 2 effect(s) + reinject (vk=0xf2 down)
2026-09-19T22:39:13.427961Z DEBUG awase::journal: hook ime-mode diagnostic seq=330 elapsed_ms=111354 vk_code=242 is_down=true self_injected=false injected=false scan=112
2026-09-19T22:39:13.428094Z DEBUG execute_one{generation=Some(ApplyGeneration(9))}:dispatch_ime_set_open{open=true generation=Some(ApplyGeneration(9))}: awase_windows::runtime::executor: [dispatch-ime] ImmCross async: optimistic applied_snapshot=true (suppress send_engine_state_ime_key)
2026-09-19T22:39:13.429789Z DEBUG execute_one{generation=Some(ApplyGeneration(9))}: awase_windows::platform: [engine-state-key] skipped (apply_ime_open aligned ime=true, profile=Standard)
2026-09-19T22:39:13.429863Z DEBUG execute_one{generation=Some(ApplyGeneration(9))}: awase_windows::runtime::executor: [reinject] vk=0xf2 down (queued passthrough now firing)
2026-09-19T22:39:13.430052Z DEBUG awase_windows::hook: [hook] IME-mode vk=0xF0 up self_injected=true injected=false scan=0x0 extra=0x4B45594D since_actuation_us=Some(31511077)
2026-09-19T22:39:13.432204Z DEBUG awase_windows::hook: [hook] IME-mode vk=0xF2 down self_injected=true injected=true scan=0x0 extra=0x4B45594D since_actuation_us=Some(31513222)
2026-09-19T22:39:13.435984Z DEBUG awase::journal: hook ime-mode diagnostic seq=331 elapsed_ms=111362 vk_code=240 is_down=false self_injected=true injected=false scan=0
2026-09-19T22:39:13.436047Z DEBUG awase::journal: hook ime-mode diagnostic seq=332 elapsed_ms=111362 vk_code=242 is_down=true self_injected=true injected=true scan=0
2026-09-19T22:39:13.436374Z DEBUG run_open_chain_async: awase_windows::ime_controller: [warrant-shadow] chain=async open=true origin=EventOrigin { source: SelfActuated { strategy: "engine_decision_async" }, epoch: Generation(0) } warranted
2026-09-19T22:39:13.436482Z  INFO run_open_chain_async:imm_cross_write{open=true}: awase_windows::runtime::open_chain: [apply-ime] ImmCross async: open=true composition_active=false show_seq=0 change_seq=0 (issue #138診断)
2026-09-19T22:39:13.439292Z DEBUG awase_windows::tsf::gji_monitor: [gji-io] WRITE: w_ops=+2 w_KB=+0.0 (r_ops=+4 x_ops=+4 x_KB=+0.0)
2026-09-19T22:39:13.451071Z DEBUG awase_windows::shadow_send_trace: [shadow-send] channel=ImeControl cmd=0x0006 lparam=1 issue_us=111371437
2026-09-19T22:39:13.451087Z DEBUG awase_windows::ime: set_ime_open_for_target: hwnd=HWND(0xee03fc) ime_wnd=HWND(0xe129fc) open=true success=true send_elapsed=6ms candidate_visible=false
2026-09-19T22:39:13.453665Z DEBUG run_open_chain_async:imm_cross_write{open=true}: awase_windows::ime: [imm-cross-actuate] hwnd=HWND(0xee03fc) open=Written conv=Some(Written)
2026-09-19T22:39:13.453840Z DEBUG run_open_chain_async:imm_cross_write{open=true}: awase_windows::runtime::open_chain: [apply-ime] ROMAN 補完結果: Written
2026-09-19T22:39:13.453947Z DEBUG run_open_chain_async: awase::journal: actuation decision seq=333 elapsed_ms=111380 site="DispatchImeSetOpen" caller="None" open=true chain_len=4 attempts_len=1 gate_profile="Standard" gate_kind="Gji" gate_shadow_known=true gate_shadow_on=true gate_input_mode="Assume
2026-09-19T22:39:13.456390Z DEBUG on_ime_apply_complete{open=true outcome=AppliedWithoutSendInput generation=Some(ApplyGeneration(9)) reason=EngineDecision}: awase::journal: ime open applied seq=334 elapsed_ms=111383 open=true outcome="AppliedWithoutSendInput" reason="EngineDecision"
2026-09-19T22:39:13.457519Z DEBUG on_ime_apply_complete{open=true outcome=AppliedWithoutSendInput generation=Some(ApplyGeneration(9)) reason=EngineDecision}: awase::journal: ime event seq=335 elapsed_ms=111384 event_kind="ImeApplySucceeded"
2026-09-19T22:39:13.457563Z DEBUG on_ime_apply_complete{open=true outcome=AppliedWithoutSendInput generation=Some(ApplyGeneration(9)) reason=EngineDecision}: awase_windows::tsf::ime_mode_fsm: [ime-mode] SetOpen(true) applied → Hiragana (belief, unconfirmed)
2026-09-19T22:39:13.457599Z DEBUG on_ime_apply_complete{open=true outcome=AppliedWithoutSendInput generation=Some(ApplyGeneration(9)) reason=EngineDecision}: awase_windows::platform: [composition] ImeEffect::SetOpen(true) → marking cold
2026-09-19T22:39:13.457630Z DEBUG on_ime_apply_complete{open=true outcome=AppliedWithoutSendInput generation=Some(ApplyGeneration(9)) reason=EngineDecision}: awase_windows::tsf::probe: [composition] marked cold reason=SetOpenTrue idle=11750ms → next VK/TSF output will send VK_DBE_HIRAGANA warmup
2026-09-19T22:39:13.457699Z DEBUG on_ime_apply_complete{open=true outcome=AppliedWithoutSendInput generation=Some(ApplyGeneration(9)) reason=EngineDecision}:gji_on_event{event=ImeOn { injection_mode: Unicode, gji_idle_ms: 16 }}: awase_windows::tsf::gji_fsm: [gji-fsm] ImeOn: already on (OnWarm), igno
2026-09-19T22:39:13.458588Z DEBUG awase::journal: gji fsm transition seq=336 elapsed_ms=111384 trigger="ImeOn(gji_idle_ms=16)" state_before="OnWarm" state_after="OnWarm"
2026-09-19T22:39:13.463313Z DEBUG awase_windows::runtime::ime_refresh: Explicit intent: bypassing typing-idle guard for IME verify (idle=47ms)
2026-09-19T22:39:13.463388Z DEBUG awase_windows::observer::ime_observer: IME snapshot: japanese=Some(true) ime_on=Some(true) romaji=Some(true) conv=Some("0x00000019") guard=false
2026-09-19T22:39:13.463515Z DEBUG awase::journal: ime event seq=337 elapsed_ms=111390 event_kind="ObserverReported"
2026-09-19T22:39:13.463564Z DEBUG awase::journal: ime event seq=338 elapsed_ms=111390 event_kind="InputModeObserved"
2026-09-19T22:39:13.495950Z DEBUG awase_windows::runtime::ime_refresh: Explicit intent: bypassing typing-idle guard for IME verify (idle=78ms)
2026-09-19T22:39:13.496013Z DEBUG awase_windows::observer::ime_observer: IME snapshot: japanese=Some(true) ime_on=Some(true) romaji=Some(true) conv=Some("0x00000019") guard=false
2026-09-19T22:39:13.496130Z DEBUG awase::journal: ime event seq=339 elapsed_ms=111422 event_kind="ObserverReported"
2026-09-19T22:39:13.496174Z DEBUG awase::journal: ime event seq=340 elapsed_ms=111422 event_kind="InputModeObserved"
2026-09-19T22:39:14.108028Z DEBUG awase_windows::runtime::key_pipeline: [engine-input] vk=0x4B KeyDown ts=112034527us delay=0ms state=Idle mods(c=false s=false a=false w=false) gas_ctrl=false phys_ctrl=false extra=0x5350494B pending_drain=0 gate_active=false l_thumb=None r_thumb=None [diag-ctx] ime_
2026-09-19T22:39:14.108180Z DEBUG awase::journal: key input seq=341 elapsed_ms=112034 vk_code=75 is_down=true injected=false key_class="Char" state_before="Idle" state_after="PendingChar(vk=0x4B)" decision="Consume" physical="Allow" repeat_count=1 last_timestamp_us=112034527 last_elapsed_ms=0
2026-09-19T22:39:14.218542Z DEBUG execute_from_loop:execute_one{generation=None}: awase_windows::output: send_keys: mode=Unicode actions=[Char('き')] prev_elapsed=12515ms
2026-09-19T22:39:14.218578Z DEBUG execute_from_loop:execute_one{generation=None}: awase_windows::tsf::probe: [mark-send] last_send_ms=333588265
2026-09-19T22:39:14.218602Z DEBUG execute_from_loop:execute_one{generation=None}: awase_windows::output:   → Char('き') via Unicode
2026-09-19T22:39:14.221177Z DEBUG execute_from_loop:execute_one{generation=None}: awase_windows::tsf::probe: [mark-send] last_send_ms=333588265
2026-09-19T22:39:14.232701Z  INFO awase_windows::tsf::win_event_obs: [gji-obs] candidate SHOW #14: last_gji_write=797ms ago
2026-09-19T22:39:14.233410Z DEBUG awase_windows::tsf::gji_monitor: [gji-io] WRITE: w_ops=+2 w_KB=+0.3 (r_ops=+4 x_ops=+4 x_KB=+0.0)
2026-09-19T22:39:14.282417Z DEBUG awase_windows::runtime::key_pipeline: [engine-input] vk=0x4B KeyUp ts=112209015us delay=0ms state=Idle mods(c=false s=false a=false w=false) gas_ctrl=false phys_ctrl=false extra=0x5350494B pending_drain=0 gate_active=false l_thumb=None r_thumb=None [diag-ctx] ime_on
2026-09-19T22:39:14.282531Z DEBUG awase::journal: key input seq=343 elapsed_ms=112209 vk_code=75 is_down=false injected=false key_class="Char" state_before="Idle" state_after="Idle" decision="Consume" physical="Allow" repeat_count=1 last_timestamp_us=112209015 last_elapsed_ms=0
2026-09-19T22:39:14.282675Z DEBUG execute_one{generation=None}: awase_windows::output: send_keys: mode=Unicode actions=[Suppress] prev_elapsed=63ms
2026-09-19T22:39:14.282707Z DEBUG execute_one{generation=None}: awase_windows::tsf::probe: [mark-send] last_send_ms=333588328
2026-09-19T22:39:14.282726Z DEBUG execute_one{generation=None}: awase_windows::output:   → Suppress
2026-09-19T22:39:14.282742Z DEBUG execute_one{generation=None}: awase_windows::tsf::probe: [mark-send] last_send_ms=333588328
2026-09-19T22:39:14.282802Z DEBUG execute_one{generation=None}: awase_windows::platform: [gji-fsm] StartComposition (candidate SHOW)
2026-09-19T22:39:14.282839Z DEBUG execute_one{generation=None}:gji_on_event{event=StartComposition}: awase_windows::tsf::gji_fsm: [gji-fsm] StartComposition: OnWarm → OnComposing(AlreadyWarm)
2026-09-19T22:39:14.282973Z DEBUG awase::journal: gji fsm transition seq=344 elapsed_ms=112209 trigger="StartComposition(candidate SHOW)" state_before="OnWarm" state_after="OnComposing(Warm)"
2026-09-19T22:39:14.608408Z DEBUG awase_windows::runtime::key_pipeline: [engine-input] vk=0x1B KeyDown ts=112534994us delay=0ms state=Idle mods(c=false s=false a=false w=false) gas_ctrl=false phys_ctrl=false extra=0x5350494B pending_drain=0 gate_active=false l_thumb=None r_thumb=None [diag-ctx] ime_
2026-09-19T22:39:14.608530Z DEBUG awase::journal: key input seq=345 elapsed_ms=112535 vk_code=27 is_down=true injected=false key_class="Passthrough" state_before="Idle" state_after="Idle" decision="PassThrough" physical="Allow" repeat_count=1 last_timestamp_us=112534994 last_elapsed_ms=0
2026-09-19T22:39:14.608626Z DEBUG execute_from_hook: awase_windows::runtime::executor: [relay-passthrough] PassThrough idle: direct OS pass-through (vk=0x1b down)
2026-09-19T22:39:14.608702Z DEBUG execute_one{generation=None}: awase_windows::runtime::executor: [reinject] vk=0x1b down (queued passthrough now firing)
2026-09-19T22:39:14.615123Z  INFO awase_windows::tsf::win_event_obs: [gji-obs] candidate HIDE: last_gji_write=375ms ago
2026-09-19T22:39:14.621400Z DEBUG awase_windows::tsf::gji_monitor: [gji-io] WRITE: w_ops=+2 w_KB=+0.3 (r_ops=+4 x_ops=+4 x_KB=+0.0)
2026-09-19T22:39:14.799348Z DEBUG awase_windows::runtime::key_pipeline: [engine-input] vk=0x1B KeyUp ts=112725901us delay=0ms state=Idle mods(c=false s=false a=false w=false) gas_ctrl=false phys_ctrl=false extra=0x5350494B pending_drain=0 gate_active=false l_thumb=None r_thumb=None [diag-ctx] ime_on
2026-09-19T22:39:14.799450Z DEBUG awase::journal: key input seq=346 elapsed_ms=112726 vk_code=27 is_down=false injected=false key_class="Passthrough" state_before="Idle" state_after="Idle" decision="PassThrough" physical="Allow" repeat_count=1 last_timestamp_us=112725901 last_elapsed_ms=0
2026-09-19T22:39:14.799554Z DEBUG execute_from_hook: awase_windows::runtime::executor: [relay-passthrough] PassThrough idle: direct OS pass-through (vk=0x1b up)
2026-09-19T22:39:14.799627Z DEBUG execute_one{generation=None}: awase_windows::runtime::executor: [reinject] vk=0x1b up (queued passthrough now firing)
2026-09-19T22:39:14.801514Z DEBUG awase_windows::platform: [gji-fsm] EndComposition (candidate HIDE) epoch=FocusEpoch(14)
2026-09-19T22:39:14.801844Z DEBUG awase::journal: gji fsm transition seq=347 elapsed_ms=112728 trigger="EndComposition(candidate HIDE, epoch=FocusEpoch(14))" state_before="OnComposing(Warm)" state_after="OnWarm"
2026-09-19T22:39:18.089045Z DEBUG awase_windows::tsf::gji_monitor: [gji-io] WRITE: w_ops=+1 w_KB=+0.0 (r_ops=+2 x_ops=+2 x_KB=+0.0)
2026-09-19T22:39:18.148721Z DEBUG awase_windows::runtime: [focus-sync] hwnd=0x3042C class="CASCADIA_HOSTING_WINDOW_CLASS" app_kind=Win32 hint=ForceTsf → mode=Tsf
2026-09-19T22:39:18.148776Z DEBUG awase_windows::runtime: [focus-sync] belief=ON かつ実状態を問い合わせられないプロファイル (profile=Imm32Unavailable) → 次の入力で再プライムするため cold mark
2026-09-19T22:39:18.148795Z DEBUG awase_windows::tsf::probe: [composition] marked cold reason=FocusChange idle=3875ms → next VK/TSF output will send VK_DBE_HIRAGANA warmup
2026-09-19T22:39:18.148821Z DEBUG awase_windows::tsf::tsf_gate: [tsf-gate] focus change → PendingWarmup (held cleared)
2026-09-19T22:39:18.163691Z DEBUG awase_windows::runtime: [focus-sync] hwnd=0x30580 class="Windows.UI.Composition.DesktopWindowContentBridge" app_kind=Win32 hint=Default → mode=Unicode
2026-09-19T22:39:18.163814Z DEBUG awase_windows::output: [tsf-gate] focus change while PendingWarmup — held バッファを保持して再初期化スキップ (Chrome等の連続フォーカスイベント対策)
2026-09-19T22:39:18.173408Z DEBUG awase_windows::runtime: [focus-sync] hwnd=0x5058A class="Windows.UI.Input.InputSite.WindowClass" app_kind=Uwp hint=ForceTsf → mode=Tsf
2026-09-19T22:39:18.173447Z DEBUG awase_windows::runtime: [focus-sync] belief=ON かつ実状態を問い合わせられないプロファイル (profile=TsfNative) → 次の入力で再プライムするため cold mark
2026-09-19T22:39:18.173471Z DEBUG awase_windows::tsf::probe: [composition] marked cold reason=FocusChange idle=3890ms → next VK/TSF output will send VK_DBE_HIRAGANA warmup
2026-09-19T22:39:18.173494Z DEBUG awase_windows::output: [tsf-gate] focus change while PendingWarmup — held バッファを保持して再初期化スキップ (Chrome等の連続フォーカスイベント対策)
2026-09-19T22:39:18.232848Z  INFO apply_focus_probe_result: awase_windows::runtime::focus_tracking: AppKind changed: Win32 → Uwp (class=Windows.UI.Input.InputSite.WindowClass)
2026-09-19T22:39:18.237862Z DEBUG apply_focus_probe_result: awase_windows::runtime::focus_tracking: Focus kind changed: TextInput → Undetermined (reason=Undetermined)
2026-09-19T22:39:18.238203Z DEBUG apply_focus_probe_result: awase::journal: focus transition seq=348 elapsed_ms=116164 changed_process=true changed_window=true changed_app_kind=true changed_focus_kind=true dwell_ms=36156 profile="TsfNative"
2026-09-19T22:39:18.238540Z  INFO apply_focus_probe_result: awase_windows::runtime::focus_tracking: FocusChange [21932→19612] Windows.UI.Input.InputSite.WindowClass: stale ime_on=true intent=Some(true) mode=ObservedRomaji japanese=true
2026-09-19T22:39:18.238573Z DEBUG apply_focus_probe_result: awase_windows::tsf::probe: [composition] focus changed → marked cold
2026-09-19T22:39:18.238598Z DEBUG apply_focus_probe_result: awase_windows::runtime: [keymap] active rules recomputed: 0 rule(s) for process="windowsterminal.exe"
2026-09-19T22:39:18.238618Z DEBUG apply_focus_probe_result: awase_windows::runtime::focus_tracking: [keymap] active rules updated on focus change: 0 rule(s) (hwnd=HWND(0x5058a) kind=Undetermined focus_epoch=5)
2026-09-19T22:39:18.238658Z DEBUG apply_focus_probe_result:reduce: awase_windows::state::ime_model: [explicit-intent] cleared (focus change)
2026-09-19T22:39:18.238701Z DEBUG apply_focus_probe_result: awase::journal: ime event seq=349 elapsed_ms=116165 event_kind="FocusChanged"
2026-09-19T22:39:18.238755Z DEBUG apply_focus_probe_result: awase_windows::runtime::focus_tracking: [focus] TsfNative/SSOT: cache restore スキップ (desired_open=true cache_hwnd=Some(329098) new_hwnd=329098) — 最初のキー入力で dispatch_ime が apply
2026-09-19T22:39:18.239011Z DEBUG awase_windows::runtime::ime_refresh: Skipping IMM query for known-broken class (shadow state SSOT)
2026-09-19T22:39:18.239023Z DEBUG awase_windows::observer::gji_observer: [gji-poll] GJI I/O 141ms ago predates focus change (141ms before focus) → skipped
2026-09-19T22:39:18.239045Z DEBUG awase_windows::runtime::ime_refresh: [composition] focus change → marking cold
2026-09-19T22:39:18.239057Z DEBUG awase_windows::tsf::probe: [composition] marked cold reason=FocusChange idle=3953ms → next VK/TSF output will send VK_DBE_HIRAGANA warmup
2026-09-19T22:39:18.239097Z DEBUG gji_on_event{event=FocusChange { injection_mode: Tsf, gji_idle_ms: 141 }}: awase_windows::tsf::gji_fsm: [gji-fsm] FocusChange gji_idle=141ms → Short
2026-09-19T22:39:18.239170Z DEBUG awase_windows::platform: [gji-fsm] StartProbe probe_id=ProbeId(6) forces_f2=false long=false
2026-09-19T22:39:18.239187Z DEBUG awase_windows::tsf::ime_mode_fsm: [ime-mode] FocusChange → Unknown
2026-09-19T22:39:18.239222Z DEBUG awase::journal: gji fsm transition seq=350 elapsed_ms=116165 trigger="FocusChange(gji_idle_ms=141)" state_before="OnWarm" state_after="OnCold(Short)"
2026-09-19T22:39:18.239250Z DEBUG awase::journal: tsf probe started seq=351 elapsed_ms=116165 source="GjiAction::StartProbe" cold_seq=0 probe_id=6 probe_id_present=true gji_state="OnCold(Short)" consecutive_at_start=0 pending_deferred_len=0
2026-09-19T22:39:18.239321Z DEBUG awase_windows::shadow_send_trace: [shadow-send] channel=SendInput kind=tsf_marker_warmup vk=[16] issue_us=116166103
2026-09-19T22:39:18.239484Z DEBUG awase_windows::hook: [hook] IME-mode vk=0x16 down self_injected=true injected=true scan=0xF2 extra=0x4B455946 since_actuation_us=Some(181)
2026-09-19T22:39:18.240764Z DEBUG awase_windows::hook: [hook] IME-mode vk=0x16 up self_injected=true injected=true scan=0xF2 extra=0x4B455946 since_actuation_us=Some(1456)
2026-09-19T22:39:18.241730Z  INFO awase_windows::output: [tsf-eager-warmup] VK_IME_ON 送信 (origin=gated), eager_warmup_sent_ms=333592296ms
2026-09-19T22:39:18.241886Z DEBUG awase_windows::runtime::ime_refresh: [composition] FocusChange: send_eager_tsf_warmup called (ime_on via warmup_ime_on())
2026-09-19T22:39:18.242633Z DEBUG awase_windows::platform: [ime-mode] FocusProbe: GJI actuation との交錯を検知 → hint更新をabandon
2026-09-19T22:39:18.242678Z DEBUG awase::journal: hook ime-mode diagnostic seq=352 elapsed_ms=116169 vk_code=22 is_down=true self_injected=true injected=true scan=242
2026-09-19T22:39:18.242704Z DEBUG awase::journal: hook ime-mode diagnostic seq=353 elapsed_ms=116169 vk_code=22 is_down=false self_injected=true injected=true scan=242
2026-09-19T22:39:18.244163Z DEBUG awase_windows::tsf::gji_monitor: [gji-io] WRITE: w_ops=+1 w_KB=+0.0 (r_ops=+2 x_ops=+2 x_KB=+0.0)
2026-09-19T22:39:25.226498Z  WARN awase_windows::runtime::message_handlers: Hook watchdog: no activity for 7000ms (OS全体の最終入力は7000ms前、OSも無操作のため単なるアイドルの可能性が高い)
2026-09-19T22:39:28.235179Z  WARN awase_windows::runtime::message_handlers: Hook watchdog: no activity for 10000ms (OS全体の最終入力は10000ms前、OSも無操作のため単なるアイドルの可能性が高い)
2026-09-19T22:39:31.231666Z  WARN awase_windows::runtime::message_handlers: Hook watchdog: no activity for 13000ms (OS全体の最終入力は13000ms前、OSも無操作のため単なるアイドルの可能性が高い)
2026-09-19T22:39:34.228104Z  WARN awase_windows::runtime::message_handlers: Hook watchdog: no activity for 16000ms (OS全体の最終入力は16000ms前、OSも無操作のため単なるアイドルの可能性が高い)
2026-09-19T22:39:37.227838Z  WARN awase_windows::runtime::message_handlers: Hook watchdog: no activity for 19000ms (OS全体の最終入力は19000ms前、OSも無操作のため単なるアイドルの可能性が高い)
script error: Output type incorrect: bool (expecting ())
