2026-09-19T23:34:46.182431Z DEBUG awase_windows::runtime: [focus-sync] hwnd=0xD404E8 class="ImeKeyMatrixSpikeWindowClass" app_kind=Win32 hint=Default → mode=Unicode
2026-09-19T23:34:46.182496Z DEBUG awase_windows::tsf::tsf_gate: [tsf-gate] focus change → PendingWarmup (held cleared)
2026-09-19T23:34:46.335696Z DEBUG awase_windows::runtime: [focus-sync] hwnd=0xB603F8 class="Edit" app_kind=Win32 hint=Default → mode=Unicode
2026-09-19T23:34:46.335775Z DEBUG awase_windows::output: [tsf-gate] focus change while PendingWarmup — held バッファを保持して再初期化スキップ (Chrome等の連続フォーカスイベント対策)
2026-09-19T23:34:46.384611Z  INFO apply_focus_probe_result: awase_windows::runtime::focus_tracking: AppKind changed: Uwp → Win32 (class=ImeKeyMatrixSpikeWindowClass)
2026-09-19T23:34:46.389609Z DEBUG apply_focus_probe_result: awase::journal: focus transition seq=174 elapsed_ms=68775 changed_process=true changed_window=true changed_app_kind=true changed_focus_kind=false dwell_ms=23703 profile="ImmCross"
2026-09-19T23:34:46.389814Z  INFO apply_focus_probe_result: awase_windows::runtime::focus_tracking: FocusChange [19612→42768] ImeKeyMatrixSpikeWindowClass: stale ime_on=true intent=None mode=ObservedRomaji japanese=true
2026-09-19T23:34:46.389833Z DEBUG apply_focus_probe_result: awase_windows::tsf::probe: [composition] focus changed → marked cold
2026-09-19T23:34:46.389847Z DEBUG apply_focus_probe_result: awase_windows::runtime: [keymap] active rules recomputed: 0 rule(s) for process="ime_key_matrix_spike.exe"
2026-09-19T23:34:46.389857Z DEBUG apply_focus_probe_result: awase_windows::runtime::focus_tracking: [keymap] active rules updated on focus change: 0 rule(s) (hwnd=HWND(0xd404e8) kind=Undetermined focus_epoch=4)
2026-09-19T23:34:46.389878Z DEBUG apply_focus_probe_result:reduce: awase_windows::state::ime_model: [explicit-intent] cleared (focus change)
2026-09-19T23:34:46.389894Z DEBUG apply_focus_probe_result: awase::journal: ime event seq=175 elapsed_ms=68775 event_kind="FocusChanged"
2026-09-19T23:34:46.389922Z DEBUG apply_focus_probe_result: awase_windows::runtime::focus_tracking: [focus] Imm32Unavailable hard pre-sync applied=true (prevent spurious VK_KANJI on first character key)
2026-09-19T23:34:46.389947Z DEBUG apply_focus_probe_result:gji_on_event{event=ImeOn { injection_mode: Unicode, gji_idle_ms: 23672 }}: awase_windows::tsf::gji_fsm: [gji-fsm] ImeOn: already on (OnCold(Short)), ignored
2026-09-19T23:34:46.389967Z DEBUG apply_focus_probe_result: awase::journal: gji fsm transition seq=176 elapsed_ms=68775 trigger="ImeOn(gji_idle_ms=23672)" state_before="OnCold(Short)" state_after="OnCold(Short)"
2026-09-19T23:34:46.390498Z DEBUG awase_windows::observer::ime_observer: IME snapshot: japanese=Some(true) ime_on=None romaji=None conv=None guard=false
2026-09-19T23:34:46.390520Z DEBUG awase_windows::runtime::ime_refresh: ObserverPoll +0ms since focus: detection failed (miss=1), stale ime_on=true mode=ObservedRomaji
2026-09-19T23:34:46.392368Z DEBUG awase_windows::ime_diagnostic: [ime-diag] label=focus_changed t=336920437 hwnd=0x0 pid=0 tid=48572 class="" hkl=04110411 lang=0411 imm_bridge=true imc_open=- imc_conv=- shadow_on=false shadow_romaji=false shadow_jp=false inject=Unknown dt_focus_ms=- dt_activity_ms=-
2026-09-19T23:34:46.392414Z DEBUG awase_windows::runtime::ime_refresh: [composition] focus change → marking cold
2026-09-19T23:34:46.392448Z DEBUG awase_windows::tsf::probe: [composition] marked cold reason=FocusChange idle=27703ms → next VK/TSF output will send VK_DBE_HIRAGANA warmup
2026-09-19T23:34:46.392513Z DEBUG gji_on_event{event=FocusChange { injection_mode: Unicode, gji_idle_ms: 23672 }}: awase_windows::tsf::gji_fsm: [gji-fsm] FocusChange gji_idle=23672ms → Long
2026-09-19T23:34:46.392578Z DEBUG awase_windows::platform: [gji-fsm] CancelProbe probe_id=ProbeId(3)
2026-09-19T23:34:46.392602Z DEBUG awase_windows::platform: [gji-fsm] StartProbe probe_id=ProbeId(4) forces_f2=true long=true
2026-09-19T23:34:46.392628Z DEBUG awase_windows::platform: [gji-fsm] Unicode long-cold StartProbe: VK_IME_OFF→VK_IME_ON reinit (chars なし)
2026-09-19T23:34:46.392672Z DEBUG awase_windows::output::probe_io: [chrome-reinit] cold=0 VK_IME_OFF→VK_IME_ON 強制リセット送信 + IMC ポーリング開始 (write_bytes_baseline=185830926)
2026-09-19T23:34:46.392718Z DEBUG awase_windows::shadow_send_trace: [shadow-send] channel=SendInput kind=kanji_marker vk=[1A, 16] issue_us=68778072
2026-09-19T23:34:46.393067Z DEBUG awase_windows::hook: [hook] IME-mode vk=0x1A down self_injected=true injected=true scan=0x0 extra=0x4B45594A since_actuation_us=Some(364)
2026-09-19T23:34:46.400318Z DEBUG awase_windows::hook: [hook] IME-mode vk=0x1A up self_injected=true injected=true scan=0x0 extra=0x4B45594A since_actuation_us=Some(7598)
2026-09-19T23:34:46.409822Z DEBUG awase_windows::hook: [hook] IME-mode vk=0x16 down self_injected=true injected=true scan=0x0 extra=0x4B45594A since_actuation_us=Some(17110)
2026-09-19T23:34:46.411415Z DEBUG awase_windows::hook: [hook] IME-mode vk=0x16 up self_injected=true injected=true scan=0x0 extra=0x4B45594A since_actuation_us=Some(18715)
2026-09-19T23:34:46.412129Z DEBUG awase_windows::tsf::ime_mode_fsm: [ime-mode] VK_IME_OFF 送信 → Off (belief, unconfirmed)
2026-09-19T23:34:46.412161Z DEBUG awase_windows::tsf::ime_mode_fsm: [ime-mode] VK_IME_ON 送信 → Hiragana (belief, unconfirmed)
2026-09-19T23:34:46.412513Z DEBUG awase_windows::tsf::ime_mode_fsm: [ime-mode] FocusChange (0ms after VK send) → confirmed=false のみ（state=Hiragana 維持）
2026-09-19T23:34:46.412537Z DEBUG awase::journal: gji fsm transition seq=177 elapsed_ms=68778 trigger="FocusChange(gji_idle_ms=23672)" state_before="OnCold(Short)" state_after="OnCold(Long)"
2026-09-19T23:34:46.412587Z DEBUG awase::journal: tsf probe completed seq=178 elapsed_ms=68778 outcome="Canceled" cold_seq=18446744073709551615 cold_seq_present=false probe_id=3 probe_id_present=true duration_ms=23703 tick_count=0 gji_state="OnCold(Long)"
2026-09-19T23:34:46.412600Z DEBUG awase::journal: tsf probe started seq=179 elapsed_ms=68778 source="GjiAction::StartProbe" cold_seq=0 probe_id=4 probe_id_present=true gji_state="OnCold(Long)" consecutive_at_start=0 pending_deferred_len=0
2026-09-19T23:34:46.412610Z DEBUG awase::journal: gji fsm transition seq=180 elapsed_ms=68798 trigger="WarmupComplete(unicode)" state_before="OnCold(Long)" state_after="OnWarm"
2026-09-19T23:34:46.412617Z DEBUG awase::journal: tsf probe completed seq=181 elapsed_ms=68798 outcome="UnicodeImmediate" cold_seq=18446744073709551615 cold_seq_present=false probe_id=4 probe_id_present=true duration_ms=16 tick_count=0 gji_state="OnWarm"
2026-09-19T23:34:46.412652Z DEBUG awase_windows::runtime::ime_refresh: [composition] FocusChange: send_eager_tsf_warmup called (ime_on via warmup_ime_on())
2026-09-19T23:34:46.413139Z DEBUG awase::journal: hook ime-mode diagnostic seq=182 elapsed_ms=68799 vk_code=26 is_down=true self_injected=true injected=true scan=0
2026-09-19T23:34:46.413155Z DEBUG awase::journal: hook ime-mode diagnostic seq=183 elapsed_ms=68799 vk_code=26 is_down=false self_injected=true injected=true scan=0
2026-09-19T23:34:46.413165Z DEBUG awase::journal: hook ime-mode diagnostic seq=184 elapsed_ms=68799 vk_code=22 is_down=true self_injected=true injected=true scan=0
2026-09-19T23:34:46.413175Z DEBUG awase::journal: hook ime-mode diagnostic seq=185 elapsed_ms=68799 vk_code=22 is_down=false self_injected=true injected=true scan=0
2026-09-19T23:34:46.414908Z DEBUG awase_windows::tsf::gji_monitor: [gji-io] r_ops=+1 w_ops=+0 x_ops=+0 read_KB=+0.0 x_KB=+0.0
2026-09-19T23:34:46.418017Z DEBUG awase_windows::ime: [idle-conv-check-diag] focused_hwnd=HWND(0xb603f8) ime_wnd=Some(HWND(0x920402))
2026-09-19T23:34:46.423343Z DEBUG awase::journal: ime event seq=186 elapsed_ms=68809 event_kind="ObserverReported"
2026-09-19T23:34:46.423375Z DEBUG awase_windows::runtime::focus_tracking: [ImmCrossProbe/focus] child-hwnd IME=true → High confidence 観測記録
2026-09-19T23:34:46.429597Z DEBUG awase_windows::tsf::gji_monitor: [gji-io] WRITE: w_ops=+5 w_KB=+0.1 (r_ops=+9 x_ops=+10 x_KB=+0.0)
2026-09-19T23:34:46.430908Z DEBUG awase_windows::ime: [idle-conv-check-diag] focused_hwnd=HWND(0xb603f8) ime_wnd=Some(HWND(0x920402))
2026-09-19T23:34:46.435626Z DEBUG awase_windows::output::probe_io: [chrome-reinit] cold=0 IMC poll #0: conv=0x00000009 NATIVE=true write_delta=+0B
2026-09-19T23:34:46.435656Z DEBUG awase_windows::output::probe_io: [chrome-reinit] cold=0 stale focus_gen=2 → ポーリング終了
2026-09-19T23:34:46.435663Z  INFO awase_windows::output::probe_io: [chrome-reinit] cold=0 ポーリング完了: total_write_delta=+60B first_write_tick=None
2026-09-19T23:34:46.454995Z DEBUG awase_windows::runtime: [focus-sync] hwnd=0x13A125C class="RICHEDIT50W" app_kind=Win32 hint=Default → mode=Unicode
2026-09-19T23:34:46.455067Z DEBUG awase_windows::tsf::tsf_gate: [tsf-gate] focus change → PendingWarmup (held cleared)
2026-09-19T23:34:46.472642Z DEBUG awase_windows::runtime: [focus-sync] hwnd=0xB603F8 class="Edit" app_kind=Win32 hint=Default → mode=Unicode
2026-09-19T23:34:46.472686Z DEBUG awase_windows::output: [tsf-gate] focus change while PendingWarmup — held バッファを保持して再初期化スキップ (Chrome等の連続フォーカスイベント対策)
2026-09-19T23:34:46.532435Z DEBUG apply_focus_probe_result: awase_windows::runtime::focus_tracking: Focus kind changed: Undetermined → TextInput (reason=KnownTextClass(Edit))
2026-09-19T23:34:46.532557Z DEBUG apply_focus_probe_result:reduce: awase_windows::state::observation_store: [focus-hwnd-track] update_focus_window: current_fence.hwnd HwndId(13894888) -> HwndId(11928568)
2026-09-19T23:34:46.532618Z DEBUG apply_focus_probe_result: awase::journal: ime event seq=187 elapsed_ms=68918 event_kind="FocusHwndUpdated"
2026-09-19T23:34:46.532665Z DEBUG apply_focus_probe_result: awase::journal: focus transition seq=188 elapsed_ms=68918 changed_process=false changed_window=true changed_app_kind=false changed_focus_kind=true dwell_ms=141 profile="ImmCross"
2026-09-19T23:34:46.533011Z DEBUG awase_windows::state::observation_store: [identity-gate] hwnd不一致で除外: source=ImmCrossProbe obs_hwnd=HwndId(13894888) current_hwnd=HwndId(11928568) confidence=High
2026-09-19T23:34:46.533034Z DEBUG awase_windows::state::observation_store: [identity-gate] hwnd不一致で除外: source=ImmCrossProbe obs_hwnd=HwndId(13894888) current_hwnd=HwndId(11928568) confidence=High
2026-09-19T23:34:46.533136Z DEBUG awase_windows::state::observation_store: [identity-gate] hwnd不一致で除外: source=ImmCrossProbe obs_hwnd=HwndId(13894888) current_hwnd=HwndId(11928568) confidence=High
2026-09-19T23:34:46.533157Z DEBUG awase_windows::state::observation_store: [identity-gate] hwnd不一致で除外: source=ImmCrossProbe obs_hwnd=HwndId(13894888) current_hwnd=HwndId(11928568) confidence=High
2026-09-19T23:34:46.533190Z DEBUG awase_windows::observer::ime_observer: IME snapshot: japanese=Some(true) ime_on=Some(true) romaji=None conv=Some("0x00000009") guard=false
2026-09-19T23:34:46.533286Z DEBUG awase::journal: ime event seq=189 elapsed_ms=68919 event_kind="ObserverReported"
2026-09-19T23:34:46.533310Z DEBUG awase_windows::state::observation_store: [identity-gate] hwnd不一致で除外: source=ImmCrossProbe obs_hwnd=HwndId(13894888) current_hwnd=HwndId(11928568) confidence=High
2026-09-19T23:34:46.533330Z DEBUG awase_windows::state::observation_store: [identity-gate] hwnd不一致で除外: source=ImmCrossProbe obs_hwnd=HwndId(13894888) current_hwnd=HwndId(11928568) confidence=High
2026-09-19T23:34:46.533379Z DEBUG awase_windows::state::observation_store: [identity-gate] hwnd不一致で除外: source=ImmCrossProbe obs_hwnd=HwndId(13894888) current_hwnd=HwndId(11928568) confidence=High
2026-09-19T23:34:46.533400Z DEBUG awase_windows::state::observation_store: [identity-gate] hwnd不一致で除外: source=ImmCrossProbe obs_hwnd=HwndId(13894888) current_hwnd=HwndId(11928568) confidence=High
2026-09-19T23:34:46.836138Z DEBUG awase_windows::hook: [hook] IME-mode vk=0xF2 down self_injected=false injected=false scan=0x70 extra=0x5350494B since_actuation_us=Some(443420)
2026-09-19T23:34:46.836305Z DEBUG awase::journal: hook ime-mode diagnostic seq=190 elapsed_ms=69222 vk_code=242 is_down=true self_injected=false injected=false scan=112
2026-09-19T23:34:46.836456Z DEBUG awase_windows::state::observation_store: [identity-gate] hwnd不一致で除外: source=ImmCrossProbe obs_hwnd=HwndId(13894888) current_hwnd=HwndId(11928568) confidence=High
2026-09-19T23:34:46.836483Z DEBUG awase_windows::state::observation_store: [identity-gate] hwnd不一致で除外: source=ImmCrossProbe obs_hwnd=HwndId(13894888) current_hwnd=HwndId(11928568) confidence=High
2026-09-19T23:34:46.836632Z DEBUG awase_windows::state::observation_store: [identity-gate] hwnd不一致で除外: source=ImmCrossProbe obs_hwnd=HwndId(13894888) current_hwnd=HwndId(11928568) confidence=High
2026-09-19T23:34:46.836651Z DEBUG awase_windows::state::observation_store: [identity-gate] hwnd不一致で除外: source=ImmCrossProbe obs_hwnd=HwndId(13894888) current_hwnd=HwndId(11928568) confidence=High
2026-09-19T23:34:46.836673Z  INFO awase_windows::runtime::key_pipeline: [shadow-toggle] intent 昇格: vk=0xF2 scan=0x70 action=TurnOn kind=PhysicalImeKey injected=false true→true w_ops0=110876 x_ops0=245657 x_KB0=23.6
2026-09-19T23:34:46.836713Z DEBUG awase::journal: ime event seq=191 elapsed_ms=69222 event_kind="UserImeSetIntent"
2026-09-19T23:34:46.836738Z DEBUG awase_windows::runtime::key_pipeline: [shadow-toggle] no-op: vk=0xF2 action=TurnOn source=PhysicalImeKey effective_open は既に true → apply-ime 見送り
2026-09-19T23:34:46.836768Z DEBUG awase_windows::runtime::key_pipeline: [engine-input] vk=0xF2 KeyDown ts=69221647us delay=0ms state=Idle mods(c=false s=false a=false w=false) gas_ctrl=false phys_ctrl=false extra=0x5350494B pending_drain=0 gate_active=false l_thumb=None r_thumb=None [diag-ctx] ime_o
2026-09-19T23:34:46.836857Z DEBUG awase::journal: key input seq=192 elapsed_ms=69222 vk_code=242 is_down=true injected=false key_class="Passthrough" state_before="Idle" state_after="Idle" decision="PassThrough" physical="Allow" repeat_count=1 last_timestamp_us=69221647 last_elapsed_ms=0
2026-09-19T23:34:46.836938Z DEBUG awase_windows::runtime::key_pipeline: may_change_ime key passed through → IME refresh scheduled (20ms)
2026-09-19T23:34:46.837004Z DEBUG execute_from_hook: awase_windows::runtime::executor: [relay-passthrough] PassThrough idle: direct OS pass-through (vk=0xf2 down)
2026-09-19T23:34:46.837448Z DEBUG execute_one{generation=None}: awase_windows::runtime::executor: [reinject] vk=0xf2 down (queued passthrough now firing)
2026-09-19T23:34:46.839813Z DEBUG awase_windows::hook: [hook] IME-mode vk=0xF2 down self_injected=true injected=true scan=0x0 extra=0x4B45594D since_actuation_us=Some(447114)
2026-09-19T23:34:46.842608Z DEBUG awase::journal: hook ime-mode diagnostic seq=193 elapsed_ms=69228 vk_code=242 is_down=true self_injected=true injected=true scan=0
2026-09-19T23:34:46.843267Z DEBUG awase::journal: ime event seq=194 elapsed_ms=69229 event_kind="ObserverReported"
2026-09-19T23:34:46.843353Z  INFO awase_windows::runtime::key_pipeline: FocusProbe +0ms: ime_on=true mode=ObservedRomaji [ime=GoogleJapaneseInput sig1=false gji_io=406ms sig2=false]
2026-09-19T23:34:46.850188Z DEBUG awase::journal: ime event seq=195 elapsed_ms=69236 event_kind="ObserverReported"
2026-09-19T23:34:46.850165Z DEBUG awase_windows::tsf::gji_monitor: [gji-io] WRITE: w_ops=+2 w_KB=+0.0 (r_ops=+4 x_ops=+4 x_KB=+0.0)
2026-09-19T23:34:46.850239Z DEBUG awase_windows::runtime::key_pipeline: [ImmCrossProbe] child-hwnd IME=true → High confidence 観測記録
2026-09-19T23:34:46.850290Z DEBUG awase_windows::observer::ime_observer: IME snapshot: japanese=Some(true) ime_on=Some(true) romaji=None conv=Some("0x00000010") guard=false
2026-09-19T23:34:46.850560Z DEBUG awase::journal: ime event seq=196 elapsed_ms=69236 event_kind="InputModeObserved"
2026-09-19T23:34:46.875600Z DEBUG awase_windows::runtime::ime_refresh: Explicit intent: bypassing typing-idle guard for IME verify (idle=31ms)
2026-09-19T23:34:46.875690Z DEBUG awase_windows::observer::ime_observer: IME snapshot: japanese=Some(true) ime_on=Some(true) romaji=None conv=Some("0x00000010") guard=false
2026-09-19T23:34:46.875848Z DEBUG awase::journal: ime event seq=197 elapsed_ms=69261 event_kind="ObserverReported"
2026-09-19T23:34:46.875973Z DEBUG awase::engine::engine: [diag-engine-active] ime_on=true なのに非活性: reason=Inactive(NotRomajiInput) romaji_capable=false japanese=true user_enabled=true was_active=true input_mode=ObservedEisu
2026-09-19T23:34:46.876053Z  INFO awase::engine::engine: Engine deactivated (ime=true, romaji=false, japanese=true, user=true, reason=Inactive(NotRomajiInput))
2026-09-19T23:34:47.511621Z DEBUG awase_windows::runtime::message_handlers: [drain] vk=0x4B KeyDown
2026-09-19T23:34:47.511628Z DEBUG awase_windows::runtime::message_handlers: [output-drain] replay vk=0x4B KeyDown event_ts=69896708us now=69897005us delta=0ms
2026-09-19T23:34:47.511669Z DEBUG awase_windows::runtime::key_pipeline: [engine-input] vk=0x4B KeyDown ts=69896708us delay=0ms state=Idle mods(c=false s=false a=false w=false) gas_ctrl=false phys_ctrl=false extra=0x5350494B pending_drain=0 gate_active=false l_thumb=None r_thumb=None [diag-ctx] ime_o
2026-09-19T23:34:47.511687Z DEBUG awase::engine::engine: [diag-engine-active] ime_on=true なのに非活性: reason=Inactive(NotRomajiInput) romaji_capable=false japanese=true user_enabled=true was_active=false input_mode=ObservedEisu
2026-09-19T23:34:47.511721Z DEBUG awase::journal: key input seq=198 elapsed_ms=69897 vk_code=75 is_down=true injected=false key_class="Char" state_before="Idle" state_after="Idle" decision="PassThrough" physical="Allow" repeat_count=1 last_timestamp_us=69896708 last_elapsed_ms=0
2026-09-19T23:34:47.511765Z DEBUG awase_windows::runtime::message_handlers: [output-drain] PassThrough → enqueue ReinjectKey vk=0x4B KeyDown (drain has no hook→OS path)
2026-09-19T23:34:47.511789Z DEBUG execute_one{generation=None}: awase_windows::runtime::executor: [reinject] vk=0x4b down (queued passthrough now firing)
2026-09-19T23:34:47.523157Z DEBUG awase_windows::tsf::gji_monitor: [gji-io] WRITE: w_ops=+2 w_KB=+0.4 (r_ops=+4 x_ops=+4 x_KB=+0.0)
2026-09-19T23:34:47.525619Z  INFO awase_windows::tsf::win_event_obs: [gji-obs] candidate SHOW #8: last_gji_write=0ms ago
2026-09-19T23:34:47.697169Z DEBUG awase_windows::runtime::key_pipeline: [engine-input] vk=0x4B KeyUp ts=70082232us delay=0ms state=Idle mods(c=false s=false a=false w=false) gas_ctrl=false phys_ctrl=false extra=0x5350494B pending_drain=0 gate_active=false l_thumb=None r_thumb=None [diag-ctx] ime_on=
2026-09-19T23:34:47.697216Z DEBUG awase::engine::engine: [diag-engine-active] ime_on=true なのに非活性: reason=Inactive(NotRomajiInput) romaji_capable=false japanese=true user_enabled=true was_active=false input_mode=ObservedEisu
2026-09-19T23:34:47.697284Z DEBUG awase::journal: key input seq=199 elapsed_ms=70083 vk_code=75 is_down=false injected=false key_class="Char" state_before="Idle" state_after="Idle" decision="PassThrough" physical="Allow" repeat_count=1 last_timestamp_us=70082232 last_elapsed_ms=0
2026-09-19T23:34:47.697427Z DEBUG execute_one{generation=None}: awase_windows::runtime::executor: [reinject] vk=0x4b up (queued passthrough now firing)
2026-09-19T23:34:47.699974Z DEBUG awase_windows::platform: [gji-fsm] StartComposition (candidate SHOW)
2026-09-19T23:34:47.699991Z DEBUG gji_on_event{event=StartComposition}: awase_windows::tsf::gji_fsm: [gji-fsm] StartComposition: OnWarm → OnComposing(AlreadyWarm)
2026-09-19T23:34:47.700074Z DEBUG awase::journal: gji fsm transition seq=200 elapsed_ms=70085 trigger="StartComposition(candidate SHOW)" state_before="OnWarm" state_after="OnComposing(Warm)"
2026-09-19T23:34:48.138195Z DEBUG awase_windows::runtime::key_pipeline: [engine-input] vk=0x1B KeyDown ts=70523296us delay=0ms state=Idle mods(c=false s=false a=false w=false) gas_ctrl=false phys_ctrl=false extra=0x5350494B pending_drain=0 gate_active=false l_thumb=None r_thumb=None [diag-ctx] ime_o
2026-09-19T23:34:48.138246Z DEBUG awase::engine::engine: [diag-engine-active] ime_on=true なのに非活性: reason=Inactive(NotRomajiInput) romaji_capable=false japanese=true user_enabled=true was_active=false input_mode=ObservedEisu
2026-09-19T23:34:48.138313Z DEBUG awase::journal: key input seq=201 elapsed_ms=70524 vk_code=27 is_down=true injected=false key_class="Passthrough" state_before="Idle" state_after="Idle" decision="PassThrough" physical="Allow" repeat_count=1 last_timestamp_us=70523296 last_elapsed_ms=0
2026-09-19T23:34:48.138404Z DEBUG execute_from_hook: awase_windows::runtime::executor: [relay-passthrough] PassThrough idle: direct OS pass-through (vk=0x1b down)
2026-09-19T23:34:48.138480Z DEBUG execute_one{generation=None}: awase_windows::runtime::executor: [reinject] vk=0x1b down (queued passthrough now firing)
2026-09-19T23:34:48.148216Z  INFO awase_windows::tsf::win_event_obs: [gji-obs] candidate HIDE: last_gji_write=625ms ago
2026-09-19T23:34:48.148608Z DEBUG awase_windows::tsf::gji_monitor: [gji-io] WRITE: w_ops=+2 w_KB=+0.4 (r_ops=+4 x_ops=+4 x_KB=+0.0)
2026-09-19T23:34:48.200104Z DEBUG awase_windows::runtime::key_pipeline: [engine-input] vk=0x1B KeyUp ts=70585053us delay=0ms state=Idle mods(c=false s=false a=false w=false) gas_ctrl=false phys_ctrl=false extra=0x5350494B pending_drain=0 gate_active=false l_thumb=None r_thumb=None [diag-ctx] ime_on=
2026-09-19T23:34:48.200157Z DEBUG awase::engine::engine: [diag-engine-active] ime_on=true なのに非活性: reason=Inactive(NotRomajiInput) romaji_capable=false japanese=true user_enabled=true was_active=false input_mode=ObservedEisu
2026-09-19T23:34:48.200236Z DEBUG awase::journal: key input seq=202 elapsed_ms=70586 vk_code=27 is_down=false injected=false key_class="Passthrough" state_before="Idle" state_after="Idle" decision="PassThrough" physical="Allow" repeat_count=1 last_timestamp_us=70585053 last_elapsed_ms=0
2026-09-19T23:34:48.200332Z DEBUG execute_from_hook: awase_windows::runtime::executor: [relay-passthrough] PassThrough idle: direct OS pass-through (vk=0x1b up)
2026-09-19T23:34:48.200448Z DEBUG execute_one{generation=None}: awase_windows::runtime::executor: [reinject] vk=0x1b up (queued passthrough now firing)
2026-09-19T23:34:48.202884Z DEBUG awase_windows::platform: [gji-fsm] EndComposition (candidate HIDE) epoch=FocusEpoch(8)
2026-09-19T23:34:48.203156Z DEBUG awase::journal: gji fsm transition seq=203 elapsed_ms=70588 trigger="EndComposition(candidate HIDE, epoch=FocusEpoch(8))" state_before="OnComposing(Warm)" state_after="OnWarm"
2026-09-19T23:34:50.011982Z DEBUG awase_windows::runtime::key_pipeline: [engine-input] vk=0x1D KeyDown ts=72396938us delay=0ms state=Idle mods(c=false s=false a=false w=false) gas_ctrl=false phys_ctrl=false extra=0x5350494B pending_drain=0 gate_active=false l_thumb=Some(72396915) r_thumb=None [diag-
2026-09-19T23:34:50.012064Z DEBUG awase::engine::engine: [diag-engine-active] ime_on=true なのに非活性: reason=Inactive(NotRomajiInput) romaji_capable=false japanese=true user_enabled=true was_active=false input_mode=ObservedEisu
2026-09-19T23:34:50.012181Z DEBUG awase::journal: key input seq=204 elapsed_ms=72398 vk_code=29 is_down=true injected=false key_class="LeftThumb" state_before="Idle" state_after="Idle" decision="PassThrough" physical="Allow" repeat_count=1 last_timestamp_us=72396938 last_elapsed_ms=0
2026-09-19T23:34:50.012419Z DEBUG execute_one{generation=None}: awase_windows::runtime::executor: [reinject] vk=0x1d down (queued passthrough now firing)
2026-09-19T23:34:50.034256Z DEBUG awase_windows::tsf::gji_monitor: [gji-io] WRITE: w_ops=+2 w_KB=+0.0 (r_ops=+4 x_ops=+4 x_KB=+0.0)
2026-09-19T23:34:50.145419Z DEBUG awase_windows::runtime::key_pipeline: [engine-input] vk=0x1D KeyUp ts=72530131us delay=0ms state=Idle mods(c=false s=false a=false w=false) gas_ctrl=false phys_ctrl=false extra=0x5350494B pending_drain=0 gate_active=false l_thumb=None r_thumb=None [diag-ctx] ime_on=
2026-09-19T23:34:50.145474Z DEBUG awase::engine::engine: [diag-engine-active] ime_on=true なのに非活性: reason=Inactive(NotRomajiInput) romaji_capable=false japanese=true user_enabled=true was_active=false input_mode=ObservedEisu
2026-09-19T23:34:50.145554Z DEBUG awase::journal: key input seq=205 elapsed_ms=72531 vk_code=29 is_down=false injected=false key_class="LeftThumb" state_before="Idle" state_after="Idle" decision="PassThrough" physical="Allow" repeat_count=1 last_timestamp_us=72530131 last_elapsed_ms=0
2026-09-19T23:34:50.145701Z DEBUG execute_one{generation=None}: awase_windows::runtime::executor: [reinject] vk=0x1d up (queued passthrough now firing)
2026-09-19T23:34:50.705676Z DEBUG awase_windows::runtime::key_pipeline: [engine-input] vk=0x4B KeyDown ts=73090804us delay=0ms state=Idle mods(c=false s=false a=false w=false) gas_ctrl=false phys_ctrl=false extra=0x5350494B pending_drain=0 gate_active=false l_thumb=None r_thumb=None [diag-ctx] ime_o
2026-09-19T23:34:50.705724Z DEBUG awase::engine::engine: [diag-engine-active] ime_on=true なのに非活性: reason=Inactive(NotRomajiInput) romaji_capable=false japanese=true user_enabled=true was_active=false input_mode=ObservedEisu
2026-09-19T23:34:50.705791Z DEBUG awase::journal: key input seq=206 elapsed_ms=73091 vk_code=75 is_down=true injected=false key_class="Char" state_before="Idle" state_after="Idle" decision="PassThrough" physical="Allow" repeat_count=1 last_timestamp_us=73090804 last_elapsed_ms=0
2026-09-19T23:34:50.705919Z DEBUG execute_one{generation=None}: awase_windows::runtime::executor: [reinject] vk=0x4b down (queued passthrough now firing)
2026-09-19T23:34:50.895017Z DEBUG awase_windows::runtime::key_pipeline: [engine-input] vk=0x4B KeyUp ts=73280227us delay=0ms state=Idle mods(c=false s=false a=false w=false) gas_ctrl=false phys_ctrl=false extra=0x5350494B pending_drain=0 gate_active=false l_thumb=None r_thumb=None [diag-ctx] ime_on=
2026-09-19T23:34:50.895045Z DEBUG awase::engine::engine: [diag-engine-active] ime_on=true なのに非活性: reason=Inactive(NotRomajiInput) romaji_capable=false japanese=true user_enabled=true was_active=false input_mode=ObservedEisu
2026-09-19T23:34:50.895084Z DEBUG awase::journal: key input seq=207 elapsed_ms=73281 vk_code=75 is_down=false injected=false key_class="Char" state_before="Idle" state_after="Idle" decision="PassThrough" physical="Allow" repeat_count=1 last_timestamp_us=73280227 last_elapsed_ms=0
2026-09-19T23:34:50.895155Z DEBUG execute_one{generation=None}: awase_windows::runtime::executor: [reinject] vk=0x4b up (queued passthrough now firing)
2026-09-19T23:34:51.205977Z DEBUG awase_windows::runtime::key_pipeline: [engine-input] vk=0x1B KeyDown ts=73591130us delay=0ms state=Idle mods(c=false s=false a=false w=false) gas_ctrl=false phys_ctrl=false extra=0x5350494B pending_drain=0 gate_active=false l_thumb=None r_thumb=None [diag-ctx] ime_o
2026-09-19T23:34:51.206005Z DEBUG awase::engine::engine: [diag-engine-active] ime_on=true なのに非活性: reason=Inactive(NotRomajiInput) romaji_capable=false japanese=true user_enabled=true was_active=false input_mode=ObservedEisu
2026-09-19T23:34:51.206041Z DEBUG awase::journal: key input seq=208 elapsed_ms=73592 vk_code=27 is_down=true injected=false key_class="Passthrough" state_before="Idle" state_after="Idle" decision="PassThrough" physical="Allow" repeat_count=1 last_timestamp_us=73591130 last_elapsed_ms=0
2026-09-19T23:34:51.206087Z DEBUG execute_from_hook: awase_windows::runtime::executor: [relay-passthrough] PassThrough idle: direct OS pass-through (vk=0x1b down)
2026-09-19T23:34:51.206119Z DEBUG execute_one{generation=None}: awase_windows::runtime::executor: [reinject] vk=0x1b down (queued passthrough now firing)
2026-09-19T23:34:51.395000Z DEBUG awase_windows::runtime::key_pipeline: [engine-input] vk=0x1B KeyUp ts=73780111us delay=0ms state=Idle mods(c=false s=false a=false w=false) gas_ctrl=false phys_ctrl=false extra=0x5350494B pending_drain=0 gate_active=false l_thumb=None r_thumb=None [diag-ctx] ime_on=
2026-09-19T23:34:51.395047Z DEBUG awase::engine::engine: [diag-engine-active] ime_on=true なのに非活性: reason=Inactive(NotRomajiInput) romaji_capable=false japanese=true user_enabled=true was_active=false input_mode=ObservedEisu
2026-09-19T23:34:51.395114Z DEBUG awase::journal: key input seq=209 elapsed_ms=73781 vk_code=27 is_down=false injected=false key_class="Passthrough" state_before="Idle" state_after="Idle" decision="PassThrough" physical="Allow" repeat_count=1 last_timestamp_us=73780111 last_elapsed_ms=0
2026-09-19T23:34:51.395207Z DEBUG execute_from_hook: awase_windows::runtime::executor: [relay-passthrough] PassThrough idle: direct OS pass-through (vk=0x1b up)
2026-09-19T23:34:51.395281Z DEBUG execute_one{generation=None}: awase_windows::runtime::executor: [reinject] vk=0x1b up (queued passthrough now firing)
2026-09-19T23:34:53.209226Z DEBUG awase_windows::runtime::key_pipeline: [engine-input] vk=0x1D KeyDown ts=75594298us delay=0ms state=Idle mods(c=false s=false a=false w=false) gas_ctrl=false phys_ctrl=false extra=0x5350494B pending_drain=0 gate_active=false l_thumb=Some(75594284) r_thumb=None [diag-
2026-09-19T23:34:53.209286Z DEBUG awase::engine::engine: [diag-engine-active] ime_on=true なのに非活性: reason=Inactive(NotRomajiInput) romaji_capable=false japanese=true user_enabled=true was_active=false input_mode=ObservedEisu
2026-09-19T23:34:53.209363Z DEBUG awase::journal: key input seq=210 elapsed_ms=75595 vk_code=29 is_down=true injected=false key_class="LeftThumb" state_before="Idle" state_after="Idle" decision="PassThrough" physical="Allow" repeat_count=1 last_timestamp_us=75594298 last_elapsed_ms=0
2026-09-19T23:34:53.209517Z DEBUG execute_one{generation=None}: awase_windows::runtime::executor: [reinject] vk=0x1d down (queued passthrough now firing)
2026-09-19T23:34:53.221087Z DEBUG awase_windows::tsf::gji_monitor: [gji-io] WRITE: w_ops=+2 w_KB=+0.0 (r_ops=+4 x_ops=+4 x_KB=+0.0)
2026-09-19T23:34:53.329760Z DEBUG awase_windows::runtime::key_pipeline: [engine-input] vk=0x1D KeyUp ts=75714944us delay=0ms state=Idle mods(c=false s=false a=false w=false) gas_ctrl=false phys_ctrl=false extra=0x5350494B pending_drain=0 gate_active=false l_thumb=None r_thumb=None [diag-ctx] ime_on=
2026-09-19T23:34:53.329794Z DEBUG awase::engine::engine: [diag-engine-active] ime_on=true なのに非活性: reason=Inactive(NotRomajiInput) romaji_capable=false japanese=true user_enabled=true was_active=false input_mode=ObservedEisu
2026-09-19T23:34:53.329839Z DEBUG awase::journal: key input seq=211 elapsed_ms=75715 vk_code=29 is_down=false injected=false key_class="LeftThumb" state_before="Idle" state_after="Idle" decision="PassThrough" physical="Allow" repeat_count=1 last_timestamp_us=75714944 last_elapsed_ms=0
2026-09-19T23:34:53.329922Z DEBUG execute_one{generation=None}: awase_windows::runtime::executor: [reinject] vk=0x1d up (queued passthrough now firing)
2026-09-19T23:34:53.892359Z DEBUG awase_windows::runtime::key_pipeline: [engine-input] vk=0x4B KeyDown ts=76277509us delay=0ms state=Idle mods(c=false s=false a=false w=false) gas_ctrl=false phys_ctrl=false extra=0x5350494B pending_drain=0 gate_active=false l_thumb=None r_thumb=None [diag-ctx] ime_o
2026-09-19T23:34:53.892390Z DEBUG awase::engine::engine: [diag-engine-active] ime_on=true なのに非活性: reason=Inactive(NotRomajiInput) romaji_capable=false japanese=true user_enabled=true was_active=false input_mode=ObservedEisu
2026-09-19T23:34:53.892429Z DEBUG awase::journal: key input seq=212 elapsed_ms=76278 vk_code=75 is_down=true injected=false key_class="Char" state_before="Idle" state_after="Idle" decision="PassThrough" physical="Allow" repeat_count=1 last_timestamp_us=76277509 last_elapsed_ms=0
2026-09-19T23:34:53.892504Z DEBUG execute_one{generation=None}: awase_windows::runtime::executor: [reinject] vk=0x4b down (queued passthrough now firing)
2026-09-19T23:34:53.905891Z DEBUG awase_windows::tsf::gji_monitor: [gji-io] WRITE: w_ops=+2 w_KB=+0.4 (r_ops=+4 x_ops=+4 x_KB=+0.0)
2026-09-19T23:34:53.909213Z  INFO awase_windows::tsf::win_event_obs: [gji-obs] candidate SHOW #9: last_gji_write=0ms ago
2026-09-19T23:34:54.081227Z DEBUG awase_windows::runtime::key_pipeline: [engine-input] vk=0x4B KeyUp ts=76466361us delay=0ms state=Idle mods(c=false s=false a=false w=false) gas_ctrl=false phys_ctrl=false extra=0x5350494B pending_drain=0 gate_active=false l_thumb=None r_thumb=None [diag-ctx] ime_on=
2026-09-19T23:34:54.081275Z DEBUG awase::engine::engine: [diag-engine-active] ime_on=true なのに非活性: reason=Inactive(NotRomajiInput) romaji_capable=false japanese=true user_enabled=true was_active=false input_mode=ObservedEisu
2026-09-19T23:34:54.081345Z DEBUG awase::journal: key input seq=213 elapsed_ms=76467 vk_code=75 is_down=false injected=false key_class="Char" state_before="Idle" state_after="Idle" decision="PassThrough" physical="Allow" repeat_count=1 last_timestamp_us=76466361 last_elapsed_ms=0
2026-09-19T23:34:54.081487Z DEBUG execute_one{generation=None}: awase_windows::runtime::executor: [reinject] vk=0x4b up (queued passthrough now firing)
2026-09-19T23:34:54.084684Z DEBUG awase_windows::platform: [gji-fsm] StartComposition (candidate SHOW)
2026-09-19T23:34:54.084700Z DEBUG gji_on_event{event=StartComposition}: awase_windows::tsf::gji_fsm: [gji-fsm] StartComposition: OnWarm → OnComposing(AlreadyWarm)
2026-09-19T23:34:54.084971Z DEBUG awase::journal: gji fsm transition seq=214 elapsed_ms=76470 trigger="StartComposition(candidate SHOW)" state_before="OnWarm" state_after="OnComposing(Warm)"
2026-09-19T23:34:54.392571Z DEBUG awase_windows::runtime::key_pipeline: [engine-input] vk=0x1B KeyDown ts=76777765us delay=0ms state=Idle mods(c=false s=false a=false w=false) gas_ctrl=false phys_ctrl=false extra=0x5350494B pending_drain=0 gate_active=false l_thumb=None r_thumb=None [diag-ctx] ime_o
2026-09-19T23:34:54.392602Z DEBUG awase::engine::engine: [diag-engine-active] ime_on=true なのに非活性: reason=Inactive(NotRomajiInput) romaji_capable=false japanese=true user_enabled=true was_active=false input_mode=ObservedEisu
2026-09-19T23:34:54.392638Z DEBUG awase::journal: key input seq=215 elapsed_ms=76778 vk_code=27 is_down=true injected=false key_class="Passthrough" state_before="Idle" state_after="Idle" decision="PassThrough" physical="Allow" repeat_count=1 last_timestamp_us=76777765 last_elapsed_ms=0
2026-09-19T23:34:54.392684Z DEBUG execute_from_hook: awase_windows::runtime::executor: [relay-passthrough] PassThrough idle: direct OS pass-through (vk=0x1b down)
2026-09-19T23:34:54.392717Z DEBUG execute_one{generation=None}: awase_windows::runtime::executor: [reinject] vk=0x1b down (queued passthrough now firing)
2026-09-19T23:34:54.401374Z  INFO awase_windows::tsf::win_event_obs: [gji-obs] candidate HIDE: last_gji_write=500ms ago
2026-09-19T23:34:54.407814Z DEBUG awase_windows::tsf::gji_monitor: [gji-io] WRITE: w_ops=+2 w_KB=+0.4 (r_ops=+4 x_ops=+4 x_KB=+0.0)
2026-09-19T23:34:54.580711Z DEBUG awase_windows::runtime::key_pipeline: [engine-input] vk=0x1B KeyUp ts=76965784us delay=0ms state=Idle mods(c=false s=false a=false w=false) gas_ctrl=false phys_ctrl=false extra=0x5350494B pending_drain=0 gate_active=false l_thumb=None r_thumb=None [diag-ctx] ime_on=
2026-09-19T23:34:54.580759Z DEBUG awase::engine::engine: [diag-engine-active] ime_on=true なのに非活性: reason=Inactive(NotRomajiInput) romaji_capable=false japanese=true user_enabled=true was_active=false input_mode=ObservedEisu
2026-09-19T23:34:54.580827Z DEBUG awase::journal: key input seq=216 elapsed_ms=76966 vk_code=27 is_down=false injected=false key_class="Passthrough" state_before="Idle" state_after="Idle" decision="PassThrough" physical="Allow" repeat_count=1 last_timestamp_us=76965784 last_elapsed_ms=0
2026-09-19T23:34:54.580922Z DEBUG execute_from_hook: awase_windows::runtime::executor: [relay-passthrough] PassThrough idle: direct OS pass-through (vk=0x1b up)
2026-09-19T23:34:54.580994Z DEBUG execute_one{generation=None}: awase_windows::runtime::executor: [reinject] vk=0x1b up (queued passthrough now firing)
2026-09-19T23:34:54.583322Z DEBUG awase_windows::platform: [gji-fsm] EndComposition (candidate HIDE) epoch=FocusEpoch(9)
2026-09-19T23:34:54.583434Z DEBUG awase::journal: gji fsm transition seq=217 elapsed_ms=76969 trigger="EndComposition(candidate HIDE, epoch=FocusEpoch(9))" state_before="OnComposing(Warm)" state_after="OnWarm"
2026-09-19T23:34:56.390626Z DEBUG awase_windows::hook: [hook] IME-mode vk=0xF0 up self_injected=false injected=false scan=0x70 extra=0x5350494B since_actuation_us=Some(9997915)
2026-09-19T23:34:56.390756Z DEBUG awase::journal: hook ime-mode diagnostic seq=218 elapsed_ms=78776 vk_code=240 is_down=false self_injected=false injected=false scan=112
2026-09-19T23:34:56.390950Z DEBUG awase_windows::runtime::key_pipeline: [engine-input] vk=0xF0 KeyUp ts=78776122us delay=0ms state=Idle mods(c=false s=false a=false w=false) gas_ctrl=false phys_ctrl=false extra=0x5350494B pending_drain=0 gate_active=false l_thumb=None r_thumb=None [diag-ctx] ime_on=
2026-09-19T23:34:56.390985Z DEBUG awase::engine::engine: [diag-engine-active] ime_on=true なのに非活性: reason=Inactive(NotRomajiInput) romaji_capable=false japanese=true user_enabled=true was_active=false input_mode=ObservedEisu
2026-09-19T23:34:56.391045Z DEBUG awase_windows::hook: [hook] IME-mode vk=0xF2 down self_injected=false injected=false scan=0x70 extra=0x5350494B since_actuation_us=Some(9998343)
2026-09-19T23:34:56.391119Z DEBUG awase::journal: key input seq=219 elapsed_ms=78777 vk_code=240 is_down=false injected=false key_class="Passthrough" state_before="Idle" state_after="Idle" decision="PassThrough" physical="Suppress" repeat_count=1 last_timestamp_us=78776122 last_elapsed_ms=0
2026-09-19T23:34:56.391230Z DEBUG awase_windows::runtime::key_pipeline: [imm-cross] key suppress vk=0xf0 KeyUp (physical disposition)
2026-09-19T23:34:56.391282Z DEBUG awase::journal: hook ime-mode diagnostic seq=220 elapsed_ms=78777 vk_code=242 is_down=true self_injected=false injected=false scan=112
2026-09-19T23:34:56.391358Z  INFO awase_windows::runtime::key_pipeline: [shadow-toggle] intent 昇格: vk=0xF2 scan=0x70 action=TurnOn kind=PhysicalImeKey injected=false true→true w_ops0=110890 x_ops0=245685 x_KB0=23.6
2026-09-19T23:34:56.391399Z DEBUG awase::journal: ime event seq=221 elapsed_ms=78777 event_kind="UserImeSetIntent"
2026-09-19T23:34:56.391422Z DEBUG awase_windows::runtime::key_pipeline: [shadow-toggle] no-op: vk=0xF2 action=TurnOn source=PhysicalImeKey effective_open は既に true → apply-ime 見送り
2026-09-19T23:34:56.391453Z DEBUG awase::journal: ime event seq=222 elapsed_ms=78777 event_kind="InputModeApplied"
2026-09-19T23:34:56.391469Z  INFO awase_windows::runtime::key_pipeline: [shadow-toggle] TurnOn (IME既にopen) + ObservedEisu → AssumedRomaji に リセット (UserTurnOnEisuReset)
2026-09-19T23:34:56.391488Z DEBUG awase_windows::runtime::key_pipeline: [engine-input] vk=0xF2 KeyDown ts=78776481us delay=0ms state=Idle mods(c=false s=false a=false w=false) gas_ctrl=false phys_ctrl=false extra=0x5350494B pending_drain=0 gate_active=false l_thumb=None r_thumb=None [diag-ctx] ime_o
2026-09-19T23:34:56.391520Z  INFO awase::engine::engine: Engine activated (ime=true, romaji=true, japanese=true, user=true, reason=Active)
2026-09-19T23:34:56.391576Z DEBUG awase::journal: key input seq=223 elapsed_ms=78777 vk_code=242 is_down=true injected=false key_class="Passthrough" state_before="Idle" state_after="Idle" decision="PassThroughWith" physical="Allow" repeat_count=1 last_timestamp_us=78776481 last_elapsed_ms=0
2026-09-19T23:34:56.391625Z DEBUG awase::journal: ime event seq=224 elapsed_ms=78777 event_kind="EngineActivationSync"
2026-09-19T23:34:56.391657Z DEBUG awase::journal: ime event seq=225 elapsed_ms=78777 event_kind="ImeApplyRequested"
2026-09-19T23:34:56.391673Z  INFO awase_windows::runtime::key_pipeline: IME control: preconditions.ime_on = true (SetOpenRequest, origin=ActivationSync), was_open_before=true last_intent_before=Some(true) poll suspended
2026-09-19T23:34:56.391714Z DEBUG awase_windows::runtime::key_pipeline: may_change_ime key passed through → IME refresh scheduled (20ms)
2026-09-19T23:34:56.391744Z DEBUG execute_from_hook: awase_windows::runtime::executor: [relay-flush] PassThroughWith: queue 2 effect(s) + reinject (vk=0xf2 down)
2026-09-19T23:34:56.391887Z DEBUG execute_one{generation=Some(ApplyGeneration(4))}:dispatch_ime_set_open{open=true generation=Some(ApplyGeneration(4))}: awase_windows::runtime::executor: [dispatch-ime] ImmCross async: optimistic applied_snapshot=true (suppress send_engine_state_ime_key)
2026-09-19T23:34:56.393321Z DEBUG execute_one{generation=Some(ApplyGeneration(4))}: awase_windows::platform: [engine-state-key] skipped (apply_ime_open aligned ime=true, profile=Standard)
2026-09-19T23:34:56.393390Z DEBUG execute_one{generation=Some(ApplyGeneration(4))}: awase_windows::runtime::executor: [reinject] vk=0xf2 down (queued passthrough now firing)
2026-09-19T23:34:56.394980Z DEBUG awase_windows::hook: [hook] IME-mode vk=0xF0 up self_injected=true injected=false scan=0x0 extra=0x4B45594D since_actuation_us=Some(10002274)
2026-09-19T23:34:56.397571Z DEBUG awase_windows::hook: [hook] IME-mode vk=0xF2 down self_injected=true injected=true scan=0x0 extra=0x4B45594D since_actuation_us=Some(10004863)
2026-09-19T23:34:56.399436Z DEBUG run_open_chain_async: awase_windows::ime_controller: [warrant-shadow] chain=async open=true origin=EventOrigin { source: SelfActuated { strategy: "engine_decision_async" }, epoch: Generation(0) } warranted
2026-09-19T23:34:56.399483Z  INFO run_open_chain_async:imm_cross_write{open=true}: awase_windows::runtime::open_chain: [apply-ime] ImmCross async: open=true composition_active=false show_seq=0 change_seq=0 (issue #138診断)
2026-09-19T23:34:56.399627Z DEBUG awase::journal: hook ime-mode diagnostic seq=226 elapsed_ms=78785 vk_code=240 is_down=false self_injected=true injected=false scan=0
2026-09-19T23:34:56.399667Z DEBUG awase::journal: hook ime-mode diagnostic seq=227 elapsed_ms=78785 vk_code=242 is_down=true self_injected=true injected=true scan=0
2026-09-19T23:34:56.402795Z DEBUG awase_windows::shadow_send_trace: [shadow-send] channel=ImeControl cmd=0x0006 lparam=1 issue_us=78786958
2026-09-19T23:34:56.402803Z DEBUG awase_windows::ime: set_ime_open_for_target: hwnd=HWND(0xb603f8) ime_wnd=HWND(0x920402) open=true success=true send_elapsed=1ms candidate_visible=false
2026-09-19T23:34:56.404079Z DEBUG awase_windows::tsf::gji_monitor: [gji-io] WRITE: w_ops=+2 w_KB=+0.0 (r_ops=+4 x_ops=+4 x_KB=+0.0)
2026-09-19T23:34:56.408165Z DEBUG run_open_chain_async:imm_cross_write{open=true}: awase_windows::ime: [imm-cross-actuate] hwnd=HWND(0xb603f8) open=Written conv=Some(Written)
2026-09-19T23:34:56.408225Z DEBUG run_open_chain_async:imm_cross_write{open=true}: awase_windows::runtime::open_chain: [apply-ime] ROMAN 補完結果: Written
2026-09-19T23:34:56.408288Z DEBUG run_open_chain_async: awase::journal: actuation decision seq=228 elapsed_ms=78794 site="DispatchImeSetOpen" caller="None" open=true chain_len=4 attempts_len=1 gate_profile="Standard" gate_kind="Gji" gate_shadow_known=true gate_shadow_on=true gate_input_mode="Assumed
2026-09-19T23:34:56.409623Z DEBUG on_ime_apply_complete{open=true outcome=AppliedWithoutSendInput generation=Some(ApplyGeneration(4)) reason=EngineDecision}: awase::journal: ime open applied seq=229 elapsed_ms=78795 open=true outcome="AppliedWithoutSendInput" reason="EngineDecision"
2026-09-19T23:34:56.409869Z DEBUG on_ime_apply_complete{open=true outcome=AppliedWithoutSendInput generation=Some(ApplyGeneration(4)) reason=EngineDecision}: awase::journal: ime event seq=230 elapsed_ms=78795 event_kind="ImeApplySucceeded"
2026-09-19T23:34:56.409905Z DEBUG on_ime_apply_complete{open=true outcome=AppliedWithoutSendInput generation=Some(ApplyGeneration(4)) reason=EngineDecision}: awase_windows::tsf::ime_mode_fsm: [ime-mode] SetOpen(true) applied → Hiragana (belief, unconfirmed)
2026-09-19T23:34:56.409992Z DEBUG on_ime_apply_complete{open=true outcome=AppliedWithoutSendInput generation=Some(ApplyGeneration(4)) reason=EngineDecision}: awase_windows::platform: [composition] ImeEffect::SetOpen(true) → marking cold
2026-09-19T23:34:56.410016Z DEBUG on_ime_apply_complete{open=true outcome=AppliedWithoutSendInput generation=Some(ApplyGeneration(4)) reason=EngineDecision}: awase_windows::tsf::probe: [composition] marked cold reason=SetOpenTrue idle=37719ms → next VK/TSF output will send VK_DBE_HIRAGANA warmup
2026-09-19T23:34:56.410065Z DEBUG on_ime_apply_complete{open=true outcome=AppliedWithoutSendInput generation=Some(ApplyGeneration(4)) reason=EngineDecision}:gji_on_event{event=ImeOn { injection_mode: Unicode, gji_idle_ms: 0 }}: awase_windows::tsf::gji_fsm: [gji-fsm] ImeOn: already on (OnWarm), ignor
2026-09-19T23:34:56.410172Z DEBUG awase::journal: gji fsm transition seq=231 elapsed_ms=78796 trigger="ImeOn(gji_idle_ms=0)" state_before="OnWarm" state_after="OnWarm"
2026-09-19T23:34:56.442397Z DEBUG awase_windows::runtime::ime_refresh: Explicit intent: bypassing typing-idle guard for IME verify (idle=47ms)
2026-09-19T23:34:56.442444Z DEBUG awase_windows::observer::ime_observer: IME snapshot: japanese=Some(true) ime_on=Some(true) romaji=Some(true) conv=Some("0x00000019") guard=false
2026-09-19T23:34:56.442529Z DEBUG awase::journal: ime event seq=232 elapsed_ms=78828 event_kind="ObserverReported"
2026-09-19T23:34:56.442565Z DEBUG awase::journal: ime event seq=233 elapsed_ms=78828 event_kind="InputModeObserved"
2026-09-19T23:34:57.077717Z DEBUG awase_windows::runtime::key_pipeline: [engine-input] vk=0x4B KeyDown ts=79462925us delay=0ms state=Idle mods(c=false s=false a=false w=false) gas_ctrl=false phys_ctrl=false extra=0x5350494B pending_drain=0 gate_active=false l_thumb=None r_thumb=None [diag-ctx] ime_o
2026-09-19T23:34:57.077792Z DEBUG awase::journal: key input seq=234 elapsed_ms=79463 vk_code=75 is_down=true injected=false key_class="Char" state_before="Idle" state_after="PendingChar(vk=0x4B)" decision="Consume" physical="Allow" repeat_count=1 last_timestamp_us=79462925 last_elapsed_ms=0
2026-09-19T23:34:57.185234Z DEBUG execute_from_loop:execute_one{generation=None}: awase_windows::output: send_keys: mode=Unicode actions=[Char('き')] prev_elapsed=38500ms
2026-09-19T23:34:57.185251Z DEBUG execute_from_loop:execute_one{generation=None}: awase_windows::tsf::probe: [mark-send] last_send_ms=336931234
2026-09-19T23:34:57.185261Z DEBUG execute_from_loop:execute_one{generation=None}: awase_windows::output:   → Char('き') via Unicode
2026-09-19T23:34:57.186957Z DEBUG execute_from_loop:execute_one{generation=None}: awase_windows::tsf::probe: [mark-send] last_send_ms=336931234
2026-09-19T23:34:57.195504Z  INFO awase_windows::tsf::win_event_obs: [gji-obs] candidate SHOW #10: last_gji_write=797ms ago
2026-09-19T23:34:57.200545Z DEBUG awase_windows::tsf::gji_monitor: [gji-io] WRITE: w_ops=+2 w_KB=+0.3 (r_ops=+4 x_ops=+4 x_KB=+0.0)
2026-09-19T23:34:57.247225Z DEBUG awase_windows::runtime::key_pipeline: [engine-input] vk=0x4B KeyUp ts=79632372us delay=0ms state=Idle mods(c=false s=false a=false w=false) gas_ctrl=false phys_ctrl=false extra=0x5350494B pending_drain=0 gate_active=false l_thumb=None r_thumb=None [diag-ctx] ime_on=
2026-09-19T23:34:57.247333Z DEBUG awase::journal: key input seq=236 elapsed_ms=79633 vk_code=75 is_down=false injected=false key_class="Char" state_before="Idle" state_after="Idle" decision="Consume" physical="Allow" repeat_count=1 last_timestamp_us=79632372 last_elapsed_ms=0
2026-09-19T23:34:57.247477Z DEBUG execute_one{generation=None}: awase_windows::output: send_keys: mode=Unicode actions=[Suppress] prev_elapsed=62ms
2026-09-19T23:34:57.247513Z DEBUG execute_one{generation=None}: awase_windows::tsf::probe: [mark-send] last_send_ms=336931296
2026-09-19T23:34:57.247534Z DEBUG execute_one{generation=None}: awase_windows::output:   → Suppress
2026-09-19T23:34:57.247551Z DEBUG execute_one{generation=None}: awase_windows::tsf::probe: [mark-send] last_send_ms=336931296
2026-09-19T23:34:57.247608Z DEBUG execute_one{generation=None}: awase_windows::platform: [gji-fsm] StartComposition (candidate SHOW)
2026-09-19T23:34:57.247645Z DEBUG execute_one{generation=None}:gji_on_event{event=StartComposition}: awase_windows::tsf::gji_fsm: [gji-fsm] StartComposition: OnWarm → OnComposing(AlreadyWarm)
2026-09-19T23:34:57.247838Z DEBUG awase::journal: gji fsm transition seq=237 elapsed_ms=79633 trigger="StartComposition(candidate SHOW)" state_before="OnWarm" state_after="OnComposing(Warm)"
2026-09-19T23:34:57.579526Z DEBUG awase_windows::runtime::key_pipeline: [engine-input] vk=0x1B KeyDown ts=79964657us delay=0ms state=Idle mods(c=false s=false a=false w=false) gas_ctrl=false phys_ctrl=false extra=0x5350494B pending_drain=0 gate_active=false l_thumb=None r_thumb=None [diag-ctx] ime_o
2026-09-19T23:34:57.579629Z DEBUG awase::journal: key input seq=238 elapsed_ms=79965 vk_code=27 is_down=true injected=false key_class="Passthrough" state_before="Idle" state_after="Idle" decision="PassThrough" physical="Allow" repeat_count=1 last_timestamp_us=79964657 last_elapsed_ms=0
2026-09-19T23:34:57.579780Z DEBUG execute_from_hook: awase_windows::runtime::executor: [relay-passthrough] PassThrough idle: direct OS pass-through (vk=0x1b down)
2026-09-19T23:34:57.579851Z DEBUG execute_one{generation=None}: awase_windows::runtime::executor: [reinject] vk=0x1b down (queued passthrough now firing)
2026-09-19T23:34:57.588034Z  INFO awase_windows::tsf::win_event_obs: [gji-obs] candidate HIDE: last_gji_write=390ms ago
2026-09-19T23:34:57.591804Z DEBUG awase_windows::tsf::gji_monitor: [gji-io] WRITE: w_ops=+2 w_KB=+0.3 (r_ops=+4 x_ops=+4 x_KB=+0.0)
2026-09-19T23:34:57.765934Z DEBUG awase_windows::runtime::key_pipeline: [engine-input] vk=0x1B KeyUp ts=80151137us delay=0ms state=Idle mods(c=false s=false a=false w=false) gas_ctrl=false phys_ctrl=false extra=0x5350494B pending_drain=0 gate_active=false l_thumb=None r_thumb=None [diag-ctx] ime_on=
2026-09-19T23:34:57.765995Z DEBUG awase::journal: key input seq=239 elapsed_ms=80152 vk_code=27 is_down=false injected=false key_class="Passthrough" state_before="Idle" state_after="Idle" decision="PassThrough" physical="Allow" repeat_count=1 last_timestamp_us=80151137 last_elapsed_ms=0
2026-09-19T23:34:57.766044Z DEBUG execute_from_hook: awase_windows::runtime::executor: [relay-passthrough] PassThrough idle: direct OS pass-through (vk=0x1b up)
2026-09-19T23:34:57.766076Z DEBUG execute_one{generation=None}: awase_windows::runtime::executor: [reinject] vk=0x1b up (queued passthrough now firing)
2026-09-19T23:34:57.768086Z DEBUG awase_windows::platform: [gji-fsm] EndComposition (candidate HIDE) epoch=FocusEpoch(10)
2026-09-19T23:34:57.768141Z DEBUG awase::journal: gji fsm transition seq=240 elapsed_ms=80154 trigger="EndComposition(candidate HIDE, epoch=FocusEpoch(10))" state_before="OnComposing(Warm)" state_after="OnWarm"
2026-09-19T23:34:59.522610Z DEBUG awase_windows::runtime::key_pipeline: [engine-input] vk=0x1D KeyDown ts=81907802us delay=0ms state=Idle mods(c=false s=false a=false w=false) gas_ctrl=false phys_ctrl=false extra=0x5350494B pending_drain=0 gate_active=false l_thumb=Some(81907789) r_thumb=None [diag-
2026-09-19T23:34:59.522686Z DEBUG awase::journal: key input seq=241 elapsed_ms=81908 vk_code=29 is_down=true injected=false key_class="LeftThumb" state_before="Idle" state_after="PendingThumb(vk=0x1D,left=true)" decision="Consume" physical="Allow" repeat_count=1 last_timestamp_us=81907802 last_elaps
2026-09-19T23:34:59.647544Z DEBUG awase_windows::runtime::key_pipeline: [engine-input] vk=0x1D KeyUp ts=82032655us delay=0ms state=PendingThumb(vk=0x1D,left=true) mods(c=false s=false a=false w=false) gas_ctrl=false phys_ctrl=false extra=0x5350494B pending_drain=0 gate_active=false l_thumb=None r_th
2026-09-19T23:34:59.647750Z DEBUG awase::journal: key input seq=243 elapsed_ms=82033 vk_code=29 is_down=false injected=false key_class="LeftThumb" state_before="PendingThumb(vk=0x1D,left=true)" state_after="Idle" decision="Consume" physical="Allow" repeat_count=1 last_timestamp_us=82032655 last_elap
2026-09-19T23:34:59.647882Z DEBUG execute_one{generation=None}: awase_windows::output: send_keys: mode=Unicode actions=[Key(VkCode(29)), KeyUp(VkCode(29))] prev_elapsed=2407ms
2026-09-19T23:34:59.647911Z DEBUG execute_one{generation=None}: awase_windows::tsf::probe: [mark-send] last_send_ms=336933703
2026-09-19T23:34:59.647925Z DEBUG execute_one{generation=None}: awase_windows::output:   → Key(0x001D)
2026-09-19T23:34:59.650669Z DEBUG execute_one{generation=None}: awase_windows::output:   → KeyUp(0x001D)
2026-09-19T23:34:59.661013Z DEBUG execute_one{generation=None}: awase_windows::tsf::probe: [mark-send] last_send_ms=336933703
2026-09-19T23:34:59.661544Z DEBUG awase_windows::tsf::gji_monitor: [gji-io] WRITE: w_ops=+2 w_KB=+0.0 (r_ops=+4 x_ops=+4 x_KB=+0.0)
2026-09-19T23:35:00.163488Z DEBUG awase_windows::runtime::key_pipeline: [engine-input] vk=0x4B KeyDown ts=82548588us delay=0ms state=Idle mods(c=false s=false a=false w=false) gas_ctrl=false phys_ctrl=false extra=0x5350494B pending_drain=0 gate_active=false l_thumb=None r_thumb=None [diag-ctx] ime_o
2026-09-19T23:35:00.163606Z DEBUG awase::journal: key input seq=244 elapsed_ms=82549 vk_code=75 is_down=true injected=false key_class="Char" state_before="Idle" state_after="PendingChar(vk=0x4B)" decision="Consume" physical="Allow" repeat_count=1 last_timestamp_us=82548588 last_elapsed_ms=0
2026-09-19T23:35:00.286290Z DEBUG execute_from_loop:execute_one{generation=None}: awase_windows::output: send_keys: mode=Unicode actions=[Char('き')] prev_elapsed=625ms
2026-09-19T23:35:00.286305Z DEBUG execute_from_loop:execute_one{generation=None}: awase_windows::tsf::probe: [mark-send] last_send_ms=336934328
2026-09-19T23:35:00.286313Z DEBUG execute_from_loop:execute_one{generation=None}: awase_windows::output:   → Char('き') via Unicode
2026-09-19T23:35:00.291230Z DEBUG execute_from_loop:execute_one{generation=None}: awase_windows::tsf::probe: [mark-send] last_send_ms=336934343
2026-09-19T23:35:00.350329Z DEBUG awase_windows::runtime::key_pipeline: [engine-input] vk=0x4B KeyUp ts=82735426us delay=0ms state=Idle mods(c=false s=false a=false w=false) gas_ctrl=false phys_ctrl=false extra=0x5350494B pending_drain=0 gate_active=false l_thumb=None r_thumb=None [diag-ctx] ime_on=
2026-09-19T23:35:00.350441Z DEBUG awase::journal: key input seq=246 elapsed_ms=82736 vk_code=75 is_down=false injected=false key_class="Char" state_before="Idle" state_after="Idle" decision="Consume" physical="Allow" repeat_count=1 last_timestamp_us=82735426 last_elapsed_ms=0
2026-09-19T23:35:00.350588Z DEBUG execute_one{generation=None}: awase_windows::output: send_keys: mode=Unicode actions=[Suppress] prev_elapsed=47ms
2026-09-19T23:35:00.350620Z DEBUG execute_one{generation=None}: awase_windows::tsf::probe: [mark-send] last_send_ms=336934390
2026-09-19T23:35:00.350639Z DEBUG execute_one{generation=None}: awase_windows::output:   → Suppress
2026-09-19T23:35:00.350655Z DEBUG execute_one{generation=None}: awase_windows::tsf::probe: [mark-send] last_send_ms=336934390
2026-09-19T23:35:00.663011Z DEBUG awase_windows::runtime::key_pipeline: [engine-input] vk=0x1B KeyDown ts=83048142us delay=0ms state=Idle mods(c=false s=false a=false w=false) gas_ctrl=false phys_ctrl=false extra=0x5350494B pending_drain=0 gate_active=false l_thumb=None r_thumb=None [diag-ctx] ime_o
2026-09-19T23:35:00.663117Z DEBUG awase::journal: key input seq=247 elapsed_ms=83049 vk_code=27 is_down=true injected=false key_class="Passthrough" state_before="Idle" state_after="Idle" decision="PassThrough" physical="Allow" repeat_count=1 last_timestamp_us=83048142 last_elapsed_ms=0
2026-09-19T23:35:00.663208Z DEBUG execute_from_hook: awase_windows::runtime::executor: [relay-passthrough] PassThrough idle: direct OS pass-through (vk=0x1b down)
2026-09-19T23:35:00.663281Z DEBUG execute_one{generation=None}: awase_windows::runtime::executor: [reinject] vk=0x1b down (queued passthrough now firing)
2026-09-19T23:35:00.850454Z DEBUG awase_windows::runtime::key_pipeline: [engine-input] vk=0x1B KeyUp ts=83235650us delay=0ms state=Idle mods(c=false s=false a=false w=false) gas_ctrl=false phys_ctrl=false extra=0x5350494B pending_drain=0 gate_active=false l_thumb=None r_thumb=None [diag-ctx] ime_on=
2026-09-19T23:35:00.850525Z DEBUG awase::journal: key input seq=248 elapsed_ms=83236 vk_code=27 is_down=false injected=false key_class="Passthrough" state_before="Idle" state_after="Idle" decision="PassThrough" physical="Allow" repeat_count=1 last_timestamp_us=83235650 last_elapsed_ms=0
2026-09-19T23:35:00.850588Z DEBUG execute_from_hook: awase_windows::runtime::executor: [relay-passthrough] PassThrough idle: direct OS pass-through (vk=0x1b up)
2026-09-19T23:35:00.850652Z DEBUG execute_one{generation=None}: awase_windows::runtime::executor: [reinject] vk=0x1b up (queued passthrough now firing)
2026-09-19T23:35:02.662147Z DEBUG awase_windows::runtime::key_pipeline: [engine-input] vk=0x1D KeyDown ts=85047309us delay=0ms state=Idle mods(c=false s=false a=false w=false) gas_ctrl=false phys_ctrl=false extra=0x5350494B pending_drain=0 gate_active=false l_thumb=Some(85047297) r_thumb=None [diag-
2026-09-19T23:35:02.662229Z DEBUG awase::journal: key input seq=249 elapsed_ms=85048 vk_code=29 is_down=true injected=false key_class="LeftThumb" state_before="Idle" state_after="PendingThumb(vk=0x1D,left=true)" decision="Consume" physical="Allow" repeat_count=1 last_timestamp_us=85047309 last_elaps
2026-09-19T23:35:02.790076Z DEBUG awase_windows::runtime::key_pipeline: [engine-input] vk=0x1D KeyUp ts=85175143us delay=0ms state=PendingThumb(vk=0x1D,left=true) mods(c=false s=false a=false w=false) gas_ctrl=false phys_ctrl=false extra=0x5350494B pending_drain=0 gate_active=false l_thumb=None r_th
2026-09-19T23:35:02.790195Z DEBUG awase::journal: key input seq=251 elapsed_ms=85176 vk_code=29 is_down=false injected=false key_class="LeftThumb" state_before="PendingThumb(vk=0x1D,left=true)" state_after="Idle" decision="Consume" physical="Allow" repeat_count=1 last_timestamp_us=85175143 last_elap
2026-09-19T23:35:02.790349Z DEBUG execute_one{generation=None}: awase_windows::output: send_keys: mode=Unicode actions=[Key(VkCode(29)), KeyUp(VkCode(29))] prev_elapsed=2453ms
2026-09-19T23:35:02.790386Z DEBUG execute_one{generation=None}: awase_windows::tsf::probe: [mark-send] last_send_ms=336936843
2026-09-19T23:35:02.790406Z DEBUG execute_one{generation=None}: awase_windows::output:   → Key(0x001D)
2026-09-19T23:35:02.792800Z DEBUG execute_one{generation=None}: awase_windows::output:   → KeyUp(0x001D)
2026-09-19T23:35:02.795088Z DEBUG execute_one{generation=None}: awase_windows::tsf::probe: [mark-send] last_send_ms=336936843
2026-09-19T23:35:02.803511Z DEBUG awase_windows::tsf::gji_monitor: [gji-io] WRITE: w_ops=+2 w_KB=+0.0 (r_ops=+4 x_ops=+4 x_KB=+0.0)
2026-09-19T23:35:03.366045Z DEBUG awase_windows::runtime::key_pipeline: [engine-input] vk=0x4B KeyDown ts=85751170us delay=0ms state=Idle mods(c=false s=false a=false w=false) gas_ctrl=false phys_ctrl=false extra=0x5350494B pending_drain=0 gate_active=false l_thumb=None r_thumb=None [diag-ctx] ime_o
2026-09-19T23:35:03.366125Z DEBUG awase::journal: key input seq=252 elapsed_ms=85752 vk_code=75 is_down=true injected=false key_class="Char" state_before="Idle" state_after="PendingChar(vk=0x4B)" decision="Consume" physical="Allow" repeat_count=1 last_timestamp_us=85751170 last_elapsed_ms=0
2026-09-19T23:35:03.474112Z DEBUG execute_from_loop:execute_one{generation=None}: awase_windows::output: send_keys: mode=Unicode actions=[Char('き')] prev_elapsed=672ms
2026-09-19T23:35:03.474128Z DEBUG execute_from_loop:execute_one{generation=None}: awase_windows::tsf::probe: [mark-send] last_send_ms=336937515
2026-09-19T23:35:03.474137Z DEBUG execute_from_loop:execute_one{generation=None}: awase_windows::output:   → Char('き') via Unicode
2026-09-19T23:35:03.478394Z DEBUG execute_from_loop:execute_one{generation=None}: awase_windows::tsf::probe: [mark-send] last_send_ms=336937531
2026-09-19T23:35:03.489641Z  INFO awase_windows::tsf::win_event_obs: [gji-obs] candidate SHOW #11: last_gji_write=672ms ago
2026-09-19T23:35:03.490121Z DEBUG awase_windows::tsf::gji_monitor: [gji-io] WRITE: w_ops=+2 w_KB=+0.3 (r_ops=+4 x_ops=+4 x_KB=+0.0)
2026-09-19T23:35:03.536049Z DEBUG awase_windows::runtime::key_pipeline: [engine-input] vk=0x4B KeyUp ts=85921241us delay=0ms state=Idle mods(c=false s=false a=false w=false) gas_ctrl=false phys_ctrl=false extra=0x5350494B pending_drain=0 gate_active=false l_thumb=None r_thumb=None [diag-ctx] ime_on=
2026-09-19T23:35:03.536118Z DEBUG awase::journal: key input seq=254 elapsed_ms=85922 vk_code=75 is_down=false injected=false key_class="Char" state_before="Idle" state_after="Idle" decision="Consume" physical="Allow" repeat_count=1 last_timestamp_us=85921241 last_elapsed_ms=0
2026-09-19T23:35:03.536189Z DEBUG execute_one{generation=None}: awase_windows::output: send_keys: mode=Unicode actions=[Suppress] prev_elapsed=47ms
2026-09-19T23:35:03.536206Z DEBUG execute_one{generation=None}: awase_windows::tsf::probe: [mark-send] last_send_ms=336937578
2026-09-19T23:35:03.536213Z DEBUG execute_one{generation=None}: awase_windows::output:   → Suppress
2026-09-19T23:35:03.536219Z DEBUG execute_one{generation=None}: awase_windows::tsf::probe: [mark-send] last_send_ms=336937578
2026-09-19T23:35:03.536241Z DEBUG execute_one{generation=None}: awase_windows::platform: [gji-fsm] StartComposition (candidate SHOW)
2026-09-19T23:35:03.536254Z DEBUG execute_one{generation=None}:gji_on_event{event=StartComposition}: awase_windows::tsf::gji_fsm: [gji-fsm] StartComposition: OnWarm → OnComposing(AlreadyWarm)
2026-09-19T23:35:03.536310Z DEBUG awase::journal: gji fsm transition seq=255 elapsed_ms=85922 trigger="StartComposition(candidate SHOW)" state_before="OnWarm" state_after="OnComposing(Warm)"
2026-09-19T23:35:03.803246Z DEBUG awase_windows::runtime::key_pipeline: [engine-input] vk=0x1B KeyDown ts=86188261us delay=0ms state=Idle mods(c=false s=false a=false w=false) gas_ctrl=false phys_ctrl=false extra=0x5350494B pending_drain=0 gate_active=false l_thumb=None r_thumb=None [diag-ctx] ime_o
2026-09-19T23:35:03.803352Z DEBUG awase::journal: key input seq=256 elapsed_ms=86189 vk_code=27 is_down=true injected=false key_class="Passthrough" state_before="Idle" state_after="Idle" decision="PassThrough" physical="Allow" repeat_count=1 last_timestamp_us=86188261 last_elapsed_ms=0
2026-09-19T23:35:03.803444Z DEBUG execute_from_hook: awase_windows::runtime::executor: [relay-passthrough] PassThrough idle: direct OS pass-through (vk=0x1b down)
2026-09-19T23:35:03.803515Z DEBUG execute_one{generation=None}: awase_windows::runtime::executor: [reinject] vk=0x1b down (queued passthrough now firing)
2026-09-19T23:35:03.812285Z  INFO awase_windows::tsf::win_event_obs: [gji-obs] candidate HIDE: last_gji_write=328ms ago
2026-09-19T23:35:03.816873Z DEBUG awase_windows::tsf::gji_monitor: [gji-io] WRITE: w_ops=+2 w_KB=+0.3 (r_ops=+4 x_ops=+4 x_KB=+0.0)
2026-09-19T23:35:03.990284Z DEBUG awase_windows::runtime::key_pipeline: [engine-input] vk=0x1B KeyUp ts=86375326us delay=0ms state=Idle mods(c=false s=false a=false w=false) gas_ctrl=false phys_ctrl=false extra=0x5350494B pending_drain=0 gate_active=false l_thumb=None r_thumb=None [diag-ctx] ime_on=
2026-09-19T23:35:03.990421Z DEBUG awase::journal: key input seq=257 elapsed_ms=86376 vk_code=27 is_down=false injected=false key_class="Passthrough" state_before="Idle" state_after="Idle" decision="PassThrough" physical="Allow" repeat_count=1 last_timestamp_us=86375326 last_elapsed_ms=0
2026-09-19T23:35:03.990573Z DEBUG execute_from_hook: awase_windows::runtime::executor: [relay-passthrough] PassThrough idle: direct OS pass-through (vk=0x1b up)
2026-09-19T23:35:03.990681Z DEBUG execute_one{generation=None}: awase_windows::runtime::executor: [reinject] vk=0x1b up (queued passthrough now firing)
2026-09-19T23:35:03.993500Z DEBUG awase_windows::platform: [gji-fsm] EndComposition (candidate HIDE) epoch=FocusEpoch(11)
2026-09-19T23:35:03.994072Z DEBUG awase::journal: gji fsm transition seq=258 elapsed_ms=86379 trigger="EndComposition(candidate HIDE, epoch=FocusEpoch(11))" state_before="OnComposing(Warm)" state_after="OnWarm"
2026-09-19T23:35:05.798070Z DEBUG awase_windows::hook: [hook] IME-mode vk=0xF2 down self_injected=false injected=false scan=0x70 extra=0x5350494B since_actuation_us=Some(19405357)
2026-09-19T23:35:05.798180Z DEBUG awase::journal: hook ime-mode diagnostic seq=259 elapsed_ms=88184 vk_code=242 is_down=true self_injected=false injected=false scan=112
2026-09-19T23:35:05.798316Z  INFO awase_windows::runtime::key_pipeline: [shadow-toggle] intent 昇格: vk=0xF2 scan=0x70 action=TurnOn kind=PhysicalImeKey injected=false true→true w_ops0=110904 x_ops0=245713 x_KB0=23.6
2026-09-19T23:35:05.798389Z DEBUG awase::journal: ime event seq=260 elapsed_ms=88184 event_kind="UserImeSetIntent"
2026-09-19T23:35:05.798402Z DEBUG awase_windows::runtime::key_pipeline: [shadow-toggle] no-op: vk=0xF2 action=TurnOn source=PhysicalImeKey effective_open は既に true → apply-ime 見送り
2026-09-19T23:35:05.798421Z DEBUG awase_windows::runtime::key_pipeline: [engine-input] vk=0xF2 KeyDown ts=88183539us delay=0ms state=Idle mods(c=false s=false a=false w=false) gas_ctrl=false phys_ctrl=false extra=0x5350494B pending_drain=0 gate_active=false l_thumb=None r_thumb=None [diag-ctx] ime_o
2026-09-19T23:35:05.798467Z DEBUG awase::journal: key input seq=261 elapsed_ms=88184 vk_code=242 is_down=true injected=false key_class="Passthrough" state_before="Idle" state_after="Idle" decision="PassThrough" physical="Allow" repeat_count=1 last_timestamp_us=88183539 last_elapsed_ms=0
2026-09-19T23:35:05.798493Z DEBUG awase_windows::runtime::key_pipeline: may_change_ime key passed through → IME refresh scheduled (20ms)
2026-09-19T23:35:05.798527Z DEBUG execute_from_hook: awase_windows::runtime::executor: [relay-passthrough] PassThrough idle: direct OS pass-through (vk=0xf2 down)
2026-09-19T23:35:05.798558Z DEBUG execute_one{generation=None}: awase_windows::runtime::executor: [reinject] vk=0xf2 down (queued passthrough now firing)
2026-09-19T23:35:05.801301Z DEBUG awase_windows::hook: [hook] IME-mode vk=0xF2 down self_injected=true injected=true scan=0x0 extra=0x4B45594D since_actuation_us=Some(19408604)
2026-09-19T23:35:05.802222Z DEBUG awase::journal: hook ime-mode diagnostic seq=262 elapsed_ms=88188 vk_code=242 is_down=true self_injected=true injected=true scan=0
2026-09-19T23:35:05.811043Z DEBUG awase_windows::tsf::gji_monitor: [gji-io] WRITE: w_ops=+2 w_KB=+0.0 (r_ops=+4 x_ops=+4 x_KB=+0.0)
2026-09-19T23:35:05.831586Z DEBUG awase_windows::runtime::ime_refresh: Explicit intent: bypassing typing-idle guard for IME verify (idle=32ms)
2026-09-19T23:35:05.831617Z DEBUG awase_windows::observer::ime_observer: IME snapshot: japanese=Some(true) ime_on=Some(true) romaji=None conv=Some("0x00000010") guard=false
2026-09-19T23:35:05.831666Z DEBUG awase::journal: ime event seq=263 elapsed_ms=88217 event_kind="ObserverReported"
2026-09-19T23:35:05.831682Z DEBUG awase::journal: ime event seq=264 elapsed_ms=88217 event_kind="InputModeObserved"
2026-09-19T23:35:05.831715Z DEBUG awase::engine::engine: [diag-engine-active] ime_on=true なのに非活性: reason=Inactive(NotRomajiInput) romaji_capable=false japanese=true user_enabled=true was_active=true input_mode=ObservedEisu
2026-09-19T23:35:05.831748Z  INFO awase::engine::engine: Engine deactivated (ime=true, romaji=false, japanese=true, user=true, reason=Inactive(NotRomajiInput))
2026-09-19T23:35:06.483231Z DEBUG awase_windows::runtime::key_pipeline: [engine-input] vk=0x4B KeyDown ts=88868343us delay=0ms state=Idle mods(c=false s=false a=false w=false) gas_ctrl=false phys_ctrl=false extra=0x5350494B pending_drain=0 gate_active=false l_thumb=None r_thumb=None [diag-ctx] ime_o
2026-09-19T23:35:06.483281Z DEBUG awase::engine::engine: [diag-engine-active] ime_on=true なのに非活性: reason=Inactive(NotRomajiInput) romaji_capable=false japanese=true user_enabled=true was_active=false input_mode=ObservedEisu
2026-09-19T23:35:06.483348Z DEBUG awase::journal: key input seq=265 elapsed_ms=88869 vk_code=75 is_down=true injected=false key_class="Char" state_before="Idle" state_after="Idle" decision="PassThrough" physical="Allow" repeat_count=1 last_timestamp_us=88868343 last_elapsed_ms=0
2026-09-19T23:35:06.483480Z DEBUG execute_one{generation=None}: awase_windows::runtime::executor: [reinject] vk=0x4b down (queued passthrough now firing)
2026-09-19T23:35:06.497656Z DEBUG awase_windows::tsf::gji_monitor: [gji-io] WRITE: w_ops=+2 w_KB=+0.4 (r_ops=+4 x_ops=+4 x_KB=+0.0)
2026-09-19T23:35:06.505023Z  INFO awase_windows::tsf::win_event_obs: [gji-obs] candidate SHOW #12: last_gji_write=0ms ago
2026-09-19T23:35:06.670977Z DEBUG awase_windows::runtime::key_pipeline: [engine-input] vk=0x4B KeyUp ts=89056117us delay=0ms state=Idle mods(c=false s=false a=false w=false) gas_ctrl=false phys_ctrl=false extra=0x5350494B pending_drain=0 gate_active=false l_thumb=None r_thumb=None [diag-ctx] ime_on=
2026-09-19T23:35:06.671025Z DEBUG awase::engine::engine: [diag-engine-active] ime_on=true なのに非活性: reason=Inactive(NotRomajiInput) romaji_capable=false japanese=true user_enabled=true was_active=false input_mode=ObservedEisu
2026-09-19T23:35:06.671094Z DEBUG awase::journal: key input seq=266 elapsed_ms=89057 vk_code=75 is_down=false injected=false key_class="Char" state_before="Idle" state_after="Idle" decision="PassThrough" physical="Allow" repeat_count=1 last_timestamp_us=89056117 last_elapsed_ms=0
2026-09-19T23:35:06.671235Z DEBUG execute_one{generation=None}: awase_windows::runtime::executor: [reinject] vk=0x4b up (queued passthrough now firing)
2026-09-19T23:35:06.673894Z DEBUG awase_windows::platform: [gji-fsm] StartComposition (candidate SHOW)
2026-09-19T23:35:06.673913Z DEBUG gji_on_event{event=StartComposition}: awase_windows::tsf::gji_fsm: [gji-fsm] StartComposition: OnWarm → OnComposing(AlreadyWarm)
2026-09-19T23:35:06.673960Z DEBUG awase::journal: gji fsm transition seq=267 elapsed_ms=89059 trigger="StartComposition(candidate SHOW)" state_before="OnWarm" state_after="OnComposing(Warm)"
2026-09-19T23:35:06.984216Z DEBUG awase_windows::runtime::key_pipeline: [engine-input] vk=0x1B KeyDown ts=89369318us delay=0ms state=Idle mods(c=false s=false a=false w=false) gas_ctrl=false phys_ctrl=false extra=0x5350494B pending_drain=0 gate_active=false l_thumb=None r_thumb=None [diag-ctx] ime_o
2026-09-19T23:35:06.984267Z DEBUG awase::engine::engine: [diag-engine-active] ime_on=true なのに非活性: reason=Inactive(NotRomajiInput) romaji_capable=false japanese=true user_enabled=true was_active=false input_mode=ObservedEisu
2026-09-19T23:35:06.984334Z DEBUG awase::journal: key input seq=268 elapsed_ms=89370 vk_code=27 is_down=true injected=false key_class="Passthrough" state_before="Idle" state_after="Idle" decision="PassThrough" physical="Allow" repeat_count=1 last_timestamp_us=89369318 last_elapsed_ms=0
2026-09-19T23:35:06.984424Z DEBUG execute_from_hook: awase_windows::runtime::executor: [relay-passthrough] PassThrough idle: direct OS pass-through (vk=0x1b down)
2026-09-19T23:35:06.984499Z DEBUG execute_one{generation=None}: awase_windows::runtime::executor: [reinject] vk=0x1b down (queued passthrough now firing)
2026-09-19T23:35:06.996179Z  INFO awase_windows::tsf::win_event_obs: [gji-obs] candidate HIDE: last_gji_write=500ms ago
2026-09-19T23:35:06.997611Z DEBUG awase_windows::tsf::gji_monitor: [gji-io] WRITE: w_ops=+2 w_KB=+0.4 (r_ops=+4 x_ops=+4 x_KB=+0.0)
2026-09-19T23:35:07.173822Z DEBUG awase_windows::runtime::key_pipeline: [engine-input] vk=0x1B KeyUp ts=89558685us delay=0ms state=Idle mods(c=false s=false a=false w=false) gas_ctrl=false phys_ctrl=false extra=0x5350494B pending_drain=0 gate_active=false l_thumb=None r_thumb=None [diag-ctx] ime_on=
2026-09-19T23:35:07.173879Z DEBUG awase::engine::engine: [diag-engine-active] ime_on=true なのに非活性: reason=Inactive(NotRomajiInput) romaji_capable=false japanese=true user_enabled=true was_active=false input_mode=ObservedEisu
2026-09-19T23:35:07.173964Z DEBUG awase::journal: key input seq=269 elapsed_ms=89560 vk_code=27 is_down=false injected=false key_class="Passthrough" state_before="Idle" state_after="Idle" decision="PassThrough" physical="Allow" repeat_count=1 last_timestamp_us=89558685 last_elapsed_ms=0
2026-09-19T23:35:07.174079Z DEBUG execute_from_hook: awase_windows::runtime::executor: [relay-passthrough] PassThrough idle: direct OS pass-through (vk=0x1b up)
2026-09-19T23:35:07.174167Z DEBUG execute_one{generation=None}: awase_windows::runtime::executor: [reinject] vk=0x1b up (queued passthrough now firing)
2026-09-19T23:35:07.177294Z DEBUG awase_windows::platform: [gji-fsm] EndComposition (candidate HIDE) epoch=FocusEpoch(12)
2026-09-19T23:35:07.177496Z DEBUG awase::journal: gji fsm transition seq=270 elapsed_ms=89563 trigger="EndComposition(candidate HIDE, epoch=FocusEpoch(12))" state_before="OnComposing(Warm)" state_after="OnWarm"
2026-09-19T23:35:08.922041Z DEBUG awase_windows::runtime::key_pipeline: [engine-input] vk=0x1D KeyDown ts=91307172us delay=0ms state=Idle mods(c=false s=false a=false w=false) gas_ctrl=false phys_ctrl=false extra=0x5350494B pending_drain=0 gate_active=false l_thumb=Some(91307156) r_thumb=None [diag-
2026-09-19T23:35:08.922093Z DEBUG awase::engine::engine: [diag-engine-active] ime_on=true なのに非活性: reason=Inactive(NotRomajiInput) romaji_capable=false japanese=true user_enabled=true was_active=false input_mode=ObservedEisu
2026-09-19T23:35:08.922163Z DEBUG awase::journal: key input seq=271 elapsed_ms=91308 vk_code=29 is_down=true injected=false key_class="LeftThumb" state_before="Idle" state_after="Idle" decision="PassThrough" physical="Allow" repeat_count=1 last_timestamp_us=91307172 last_elapsed_ms=0
2026-09-19T23:35:08.922296Z DEBUG execute_one{generation=None}: awase_windows::runtime::executor: [reinject] vk=0x1d down (queued passthrough now firing)
2026-09-19T23:35:08.936392Z DEBUG awase_windows::tsf::gji_monitor: [gji-io] WRITE: w_ops=+2 w_KB=+0.0 (r_ops=+4 x_ops=+4 x_KB=+0.0)
2026-09-19T23:35:09.046700Z DEBUG awase_windows::runtime::key_pipeline: [engine-input] vk=0x1D KeyUp ts=91431800us delay=0ms state=Idle mods(c=false s=false a=false w=false) gas_ctrl=false phys_ctrl=false extra=0x5350494B pending_drain=0 gate_active=false l_thumb=None r_thumb=None [diag-ctx] ime_on=
2026-09-19T23:35:09.046757Z DEBUG awase::engine::engine: [diag-engine-active] ime_on=true なのに非活性: reason=Inactive(NotRomajiInput) romaji_capable=false japanese=true user_enabled=true was_active=false input_mode=ObservedEisu
2026-09-19T23:35:09.046839Z DEBUG awase::journal: key input seq=272 elapsed_ms=91432 vk_code=29 is_down=false injected=false key_class="LeftThumb" state_before="Idle" state_after="Idle" decision="PassThrough" physical="Allow" repeat_count=1 last_timestamp_us=91431800 last_elapsed_ms=0
2026-09-19T23:35:09.047007Z DEBUG execute_one{generation=None}: awase_windows::runtime::executor: [reinject] vk=0x1d up (queued passthrough now firing)
2026-09-19T23:35:09.617041Z DEBUG awase_windows::runtime::key_pipeline: [engine-input] vk=0x4B KeyDown ts=92002118us delay=0ms state=Idle mods(c=false s=false a=false w=false) gas_ctrl=false phys_ctrl=false extra=0x5350494B pending_drain=0 gate_active=false l_thumb=None r_thumb=None [diag-ctx] ime_o
2026-09-19T23:35:09.617297Z DEBUG awase::engine::engine: [diag-engine-active] ime_on=true なのに非活性: reason=Inactive(NotRomajiInput) romaji_capable=false japanese=true user_enabled=true was_active=false input_mode=ObservedEisu
2026-09-19T23:35:09.617386Z DEBUG awase::journal: key input seq=273 elapsed_ms=92003 vk_code=75 is_down=true injected=false key_class="Char" state_before="Idle" state_after="Idle" decision="PassThrough" physical="Allow" repeat_count=1 last_timestamp_us=92002118 last_elapsed_ms=0
2026-09-19T23:35:09.617540Z DEBUG execute_one{generation=None}: awase_windows::runtime::executor: [reinject] vk=0x4b down (queued passthrough now firing)
2026-09-19T23:35:09.740512Z DEBUG awase_windows::runtime::key_pipeline: [engine-input] vk=0x4B KeyUp ts=92125594us delay=0ms state=Idle mods(c=false s=false a=false w=false) gas_ctrl=false phys_ctrl=false extra=0x5350494B pending_drain=0 gate_active=false l_thumb=None r_thumb=None [diag-ctx] ime_on=
2026-09-19T23:35:09.740561Z DEBUG awase::engine::engine: [diag-engine-active] ime_on=true なのに非活性: reason=Inactive(NotRomajiInput) romaji_capable=false japanese=true user_enabled=true was_active=false input_mode=ObservedEisu
2026-09-19T23:35:09.740632Z DEBUG awase::journal: key input seq=274 elapsed_ms=92126 vk_code=75 is_down=false injected=false key_class="Char" state_before="Idle" state_after="Idle" decision="PassThrough" physical="Allow" repeat_count=1 last_timestamp_us=92125594 last_elapsed_ms=0
2026-09-19T23:35:09.740769Z DEBUG execute_one{generation=None}: awase_windows::runtime::executor: [reinject] vk=0x4b up (queued passthrough now firing)
2026-09-19T23:35:10.117114Z DEBUG awase_windows::runtime::key_pipeline: [engine-input] vk=0x1B KeyDown ts=92502175us delay=0ms state=Idle mods(c=false s=false a=false w=false) gas_ctrl=false phys_ctrl=false extra=0x5350494B pending_drain=0 gate_active=false l_thumb=None r_thumb=None [diag-ctx] ime_o
2026-09-19T23:35:10.117170Z DEBUG awase::engine::engine: [diag-engine-active] ime_on=true なのに非活性: reason=Inactive(NotRomajiInput) romaji_capable=false japanese=true user_enabled=true was_active=false input_mode=ObservedEisu
2026-09-19T23:35:10.117239Z DEBUG awase::journal: key input seq=275 elapsed_ms=92503 vk_code=27 is_down=true injected=false key_class="Passthrough" state_before="Idle" state_after="Idle" decision="PassThrough" physical="Allow" repeat_count=1 last_timestamp_us=92502175 last_elapsed_ms=0
2026-09-19T23:35:10.117333Z DEBUG execute_from_hook: awase_windows::runtime::executor: [relay-passthrough] PassThrough idle: direct OS pass-through (vk=0x1b down)
2026-09-19T23:35:10.117463Z DEBUG execute_one{generation=None}: awase_windows::runtime::executor: [reinject] vk=0x1b down (queued passthrough now firing)
2026-09-19T23:35:10.243620Z DEBUG awase_windows::runtime::key_pipeline: [engine-input] vk=0x1B KeyUp ts=92628816us delay=0ms state=Idle mods(c=false s=false a=false w=false) gas_ctrl=false phys_ctrl=false extra=0x5350494B pending_drain=0 gate_active=false l_thumb=None r_thumb=None [diag-ctx] ime_on=
2026-09-19T23:35:10.243656Z DEBUG awase::engine::engine: [diag-engine-active] ime_on=true なのに非活性: reason=Inactive(NotRomajiInput) romaji_capable=false japanese=true user_enabled=true was_active=false input_mode=ObservedEisu
2026-09-19T23:35:10.243704Z DEBUG awase::journal: key input seq=276 elapsed_ms=92629 vk_code=27 is_down=false injected=false key_class="Passthrough" state_before="Idle" state_after="Idle" decision="PassThrough" physical="Allow" repeat_count=1 last_timestamp_us=92628816 last_elapsed_ms=0
2026-09-19T23:35:10.243770Z DEBUG execute_from_hook: awase_windows::runtime::executor: [relay-passthrough] PassThrough idle: direct OS pass-through (vk=0x1b up)
2026-09-19T23:35:10.243817Z DEBUG execute_one{generation=None}: awase_windows::runtime::executor: [reinject] vk=0x1b up (queued passthrough now firing)
2026-09-19T23:35:12.083755Z DEBUG awase_windows::runtime::key_pipeline: [engine-input] vk=0x1D KeyDown ts=94468870us delay=0ms state=Idle mods(c=false s=false a=false w=false) gas_ctrl=false phys_ctrl=false extra=0x5350494B pending_drain=0 gate_active=false l_thumb=Some(94468836) r_thumb=None [diag-
2026-09-19T23:35:12.083810Z DEBUG awase::engine::engine: [diag-engine-active] ime_on=true なのに非活性: reason=Inactive(NotRomajiInput) romaji_capable=false japanese=true user_enabled=true was_active=false input_mode=ObservedEisu
2026-09-19T23:35:12.083885Z DEBUG awase::journal: key input seq=277 elapsed_ms=94469 vk_code=29 is_down=true injected=false key_class="LeftThumb" state_before="Idle" state_after="Idle" decision="PassThrough" physical="Allow" repeat_count=1 last_timestamp_us=94468870 last_elapsed_ms=0
2026-09-19T23:35:12.084031Z DEBUG execute_one{generation=None}: awase_windows::runtime::executor: [reinject] vk=0x1d down (queued passthrough now firing)
2026-09-19T23:35:12.098481Z DEBUG awase_windows::tsf::gji_monitor: [gji-io] WRITE: w_ops=+2 w_KB=+0.0 (r_ops=+4 x_ops=+4 x_KB=+0.0)
2026-09-19T23:35:12.210550Z DEBUG awase_windows::runtime::key_pipeline: [engine-input] vk=0x1D KeyUp ts=94595611us delay=0ms state=Idle mods(c=false s=false a=false w=false) gas_ctrl=false phys_ctrl=false extra=0x5350494B pending_drain=0 gate_active=false l_thumb=None r_thumb=None [diag-ctx] ime_on=
2026-09-19T23:35:12.210797Z DEBUG awase::engine::engine: [diag-engine-active] ime_on=true なのに非活性: reason=Inactive(NotRomajiInput) romaji_capable=false japanese=true user_enabled=true was_active=false input_mode=ObservedEisu
2026-09-19T23:35:12.210874Z DEBUG awase::journal: key input seq=278 elapsed_ms=94596 vk_code=29 is_down=false injected=false key_class="LeftThumb" state_before="Idle" state_after="Idle" decision="PassThrough" physical="Allow" repeat_count=1 last_timestamp_us=94595611 last_elapsed_ms=0
2026-09-19T23:35:12.211011Z DEBUG execute_one{generation=None}: awase_windows::runtime::executor: [reinject] vk=0x1d up (queued passthrough now firing)
2026-09-19T23:35:12.771609Z DEBUG awase_windows::runtime::key_pipeline: [engine-input] vk=0x4B KeyDown ts=95156716us delay=0ms state=Idle mods(c=false s=false a=false w=false) gas_ctrl=false phys_ctrl=false extra=0x5350494B pending_drain=0 gate_active=false l_thumb=None r_thumb=None [diag-ctx] ime_o
2026-09-19T23:35:12.771658Z DEBUG awase::engine::engine: [diag-engine-active] ime_on=true なのに非活性: reason=Inactive(NotRomajiInput) romaji_capable=false japanese=true user_enabled=true was_active=false input_mode=ObservedEisu
2026-09-19T23:35:12.771725Z DEBUG awase::journal: key input seq=279 elapsed_ms=95157 vk_code=75 is_down=true injected=false key_class="Char" state_before="Idle" state_after="Idle" decision="PassThrough" physical="Allow" repeat_count=1 last_timestamp_us=95156716 last_elapsed_ms=0
2026-09-19T23:35:12.771855Z DEBUG execute_one{generation=None}: awase_windows::runtime::executor: [reinject] vk=0x4b down (queued passthrough now firing)
2026-09-19T23:35:12.784031Z  INFO awase_windows::tsf::win_event_obs: [gji-obs] candidate SHOW #13: last_gji_write=688ms ago
2026-09-19T23:35:12.784824Z DEBUG awase_windows::tsf::gji_monitor: [gji-io] WRITE: w_ops=+2 w_KB=+0.4 (r_ops=+4 x_ops=+4 x_KB=+0.0)
2026-09-19T23:35:12.958912Z DEBUG awase_windows::runtime::key_pipeline: [engine-input] vk=0x4B KeyUp ts=95344010us delay=0ms state=Idle mods(c=false s=false a=false w=false) gas_ctrl=false phys_ctrl=false extra=0x5350494B pending_drain=0 gate_active=false l_thumb=None r_thumb=None [diag-ctx] ime_on=
2026-09-19T23:35:12.958969Z DEBUG awase::engine::engine: [diag-engine-active] ime_on=true なのに非活性: reason=Inactive(NotRomajiInput) romaji_capable=false japanese=true user_enabled=true was_active=false input_mode=ObservedEisu
2026-09-19T23:35:12.959051Z DEBUG awase::journal: key input seq=280 elapsed_ms=95345 vk_code=75 is_down=false injected=false key_class="Char" state_before="Idle" state_after="Idle" decision="PassThrough" physical="Allow" repeat_count=1 last_timestamp_us=95344010 last_elapsed_ms=0
2026-09-19T23:35:12.959216Z DEBUG execute_one{generation=None}: awase_windows::runtime::executor: [reinject] vk=0x4b up (queued passthrough now firing)
2026-09-19T23:35:12.963025Z DEBUG awase_windows::platform: [gji-fsm] StartComposition (candidate SHOW)
2026-09-19T23:35:12.963069Z DEBUG gji_on_event{event=StartComposition}: awase_windows::tsf::gji_fsm: [gji-fsm] StartComposition: OnWarm → OnComposing(AlreadyWarm)
2026-09-19T23:35:12.963173Z DEBUG awase::journal: gji fsm transition seq=281 elapsed_ms=95349 trigger="StartComposition(candidate SHOW)" state_before="OnWarm" state_after="OnComposing(Warm)"
2026-09-19T23:35:13.270580Z DEBUG awase_windows::runtime::key_pipeline: [engine-input] vk=0x1B KeyDown ts=95655727us delay=0ms state=Idle mods(c=false s=false a=false w=false) gas_ctrl=false phys_ctrl=false extra=0x5350494B pending_drain=0 gate_active=false l_thumb=None r_thumb=None [diag-ctx] ime_o
2026-09-19T23:35:13.270623Z DEBUG awase::engine::engine: [diag-engine-active] ime_on=true なのに非活性: reason=Inactive(NotRomajiInput) romaji_capable=false japanese=true user_enabled=true was_active=false input_mode=ObservedEisu
2026-09-19T23:35:13.270675Z DEBUG awase::journal: key input seq=282 elapsed_ms=95656 vk_code=27 is_down=true injected=false key_class="Passthrough" state_before="Idle" state_after="Idle" decision="PassThrough" physical="Allow" repeat_count=1 last_timestamp_us=95655727 last_elapsed_ms=0
2026-09-19T23:35:13.270745Z DEBUG execute_from_hook: awase_windows::runtime::executor: [relay-passthrough] PassThrough idle: direct OS pass-through (vk=0x1b down)
2026-09-19T23:35:13.270797Z DEBUG execute_one{generation=None}: awase_windows::runtime::executor: [reinject] vk=0x1b down (queued passthrough now firing)
2026-09-19T23:35:13.274010Z DEBUG awase_windows::tsf::gji_monitor: [gji-io] WRITE: w_ops=+2 w_KB=+0.4 (r_ops=+4 x_ops=+4 x_KB=+0.0)
2026-09-19T23:35:13.276959Z  INFO awase_windows::tsf::win_event_obs: [gji-obs] candidate HIDE: last_gji_write=0ms ago
2026-09-19T23:35:13.456872Z DEBUG awase_windows::runtime::key_pipeline: [engine-input] vk=0x1B KeyUp ts=95841974us delay=0ms state=Idle mods(c=false s=false a=false w=false) gas_ctrl=false phys_ctrl=false extra=0x5350494B pending_drain=0 gate_active=false l_thumb=None r_thumb=None [diag-ctx] ime_on=
2026-09-19T23:35:13.456914Z DEBUG awase::engine::engine: [diag-engine-active] ime_on=true なのに非活性: reason=Inactive(NotRomajiInput) romaji_capable=false japanese=true user_enabled=true was_active=false input_mode=ObservedEisu
2026-09-19T23:35:13.456971Z DEBUG awase::journal: key input seq=283 elapsed_ms=95843 vk_code=27 is_down=false injected=false key_class="Passthrough" state_before="Idle" state_after="Idle" decision="PassThrough" physical="Allow" repeat_count=1 last_timestamp_us=95841974 last_elapsed_ms=0
2026-09-19T23:35:13.457049Z DEBUG execute_from_hook: awase_windows::runtime::executor: [relay-passthrough] PassThrough idle: direct OS pass-through (vk=0x1b up)
2026-09-19T23:35:13.457345Z DEBUG execute_one{generation=None}: awase_windows::runtime::executor: [reinject] vk=0x1b up (queued passthrough now firing)
2026-09-19T23:35:13.459554Z DEBUG awase_windows::platform: [gji-fsm] EndComposition (candidate HIDE) epoch=FocusEpoch(13)
2026-09-19T23:35:13.459765Z DEBUG awase::journal: gji fsm transition seq=284 elapsed_ms=95845 trigger="EndComposition(candidate HIDE, epoch=FocusEpoch(13))" state_before="OnComposing(Warm)" state_after="OnWarm"
2026-09-19T23:35:15.266765Z DEBUG awase_windows::hook: [hook] IME-mode vk=0xF0 up self_injected=false injected=false scan=0x70 extra=0x5350494B since_actuation_us=Some(28874052)
2026-09-19T23:35:15.266885Z DEBUG awase::journal: hook ime-mode diagnostic seq=285 elapsed_ms=97652 vk_code=240 is_down=false self_injected=false injected=false scan=112
2026-09-19T23:35:15.266962Z DEBUG awase_windows::hook: [hook] IME-mode vk=0xF2 down self_injected=false injected=false scan=0x70 extra=0x5350494B since_actuation_us=Some(28874262)
2026-09-19T23:35:15.267083Z DEBUG awase_windows::runtime::key_pipeline: [engine-input] vk=0xF0 KeyUp ts=97652242us delay=0ms state=Idle mods(c=false s=false a=false w=false) gas_ctrl=false phys_ctrl=false extra=0x5350494B pending_drain=0 gate_active=false l_thumb=None r_thumb=None [diag-ctx] ime_on=
2026-09-19T23:35:15.267120Z DEBUG awase::engine::engine: [diag-engine-active] ime_on=true なのに非活性: reason=Inactive(NotRomajiInput) romaji_capable=false japanese=true user_enabled=true was_active=false input_mode=ObservedEisu
2026-09-19T23:35:15.267226Z DEBUG awase::journal: key input seq=286 elapsed_ms=97653 vk_code=240 is_down=false injected=false key_class="Passthrough" state_before="Idle" state_after="Idle" decision="PassThrough" physical="Suppress" repeat_count=1 last_timestamp_us=97652242 last_elapsed_ms=0
2026-09-19T23:35:15.267264Z DEBUG awase_windows::runtime::key_pipeline: [imm-cross] key suppress vk=0xf0 KeyUp (physical disposition)
2026-09-19T23:35:15.267306Z DEBUG awase::journal: hook ime-mode diagnostic seq=287 elapsed_ms=97653 vk_code=242 is_down=true self_injected=false injected=false scan=112
2026-09-19T23:35:15.267361Z  INFO awase_windows::runtime::key_pipeline: [shadow-toggle] intent 昇格: vk=0xF2 scan=0x70 action=TurnOn kind=PhysicalImeKey injected=false true→true w_ops0=110918 x_ops0=245741 x_KB0=23.6
2026-09-19T23:35:15.267386Z DEBUG awase::journal: ime event seq=288 elapsed_ms=97653 event_kind="UserImeSetIntent"
2026-09-19T23:35:15.267404Z DEBUG awase_windows::runtime::key_pipeline: [shadow-toggle] no-op: vk=0xF2 action=TurnOn source=PhysicalImeKey effective_open は既に true → apply-ime 見送り
2026-09-19T23:35:15.267422Z DEBUG awase::journal: ime event seq=289 elapsed_ms=97653 event_kind="InputModeApplied"
2026-09-19T23:35:15.267431Z  INFO awase_windows::runtime::key_pipeline: [shadow-toggle] TurnOn (IME既にopen) + ObservedEisu → AssumedRomaji に リセット (UserTurnOnEisuReset)
2026-09-19T23:35:15.267443Z DEBUG awase_windows::runtime::key_pipeline: [engine-input] vk=0xF2 KeyDown ts=97652390us delay=0ms state=Idle mods(c=false s=false a=false w=false) gas_ctrl=false phys_ctrl=false extra=0x5350494B pending_drain=0 gate_active=false l_thumb=None r_thumb=None [diag-ctx] ime_o
2026-09-19T23:35:15.267468Z  INFO awase::engine::engine: Engine activated (ime=true, romaji=true, japanese=true, user=true, reason=Active)
2026-09-19T23:35:15.267511Z DEBUG awase::journal: key input seq=290 elapsed_ms=97653 vk_code=242 is_down=true injected=false key_class="Passthrough" state_before="Idle" state_after="Idle" decision="PassThroughWith" physical="Allow" repeat_count=1 last_timestamp_us=97652390 last_elapsed_ms=0
2026-09-19T23:35:15.267542Z DEBUG awase::journal: ime event seq=291 elapsed_ms=97653 event_kind="EngineActivationSync"
2026-09-19T23:35:15.267561Z DEBUG awase::journal: ime event seq=292 elapsed_ms=97653 event_kind="ImeApplyRequested"
2026-09-19T23:35:15.267572Z  INFO awase_windows::runtime::key_pipeline: IME control: preconditions.ime_on = true (SetOpenRequest, origin=ActivationSync), was_open_before=true last_intent_before=Some(true) poll suspended
2026-09-19T23:35:15.267605Z DEBUG awase_windows::runtime::key_pipeline: may_change_ime key passed through → IME refresh scheduled (20ms)
2026-09-19T23:35:15.267629Z DEBUG execute_from_hook: awase_windows::runtime::executor: [relay-flush] PassThroughWith: queue 2 effect(s) + reinject (vk=0xf2 down)
2026-09-19T23:35:15.267746Z DEBUG execute_one{generation=Some(ApplyGeneration(5))}:dispatch_ime_set_open{open=true generation=Some(ApplyGeneration(5))}: awase_windows::runtime::executor: [dispatch-ime] ImmCross async: optimistic applied_snapshot=true (suppress send_engine_state_ime_key)
2026-09-19T23:35:15.270613Z DEBUG execute_one{generation=Some(ApplyGeneration(5))}: awase_windows::platform: [engine-state-key] skipped (apply_ime_open aligned ime=true, profile=Standard)
2026-09-19T23:35:15.270753Z DEBUG execute_one{generation=Some(ApplyGeneration(5))}: awase_windows::runtime::executor: [reinject] vk=0xf2 down (queued passthrough now firing)
2026-09-19T23:35:15.271617Z DEBUG awase_windows::hook: [hook] IME-mode vk=0xF0 up self_injected=true injected=false scan=0x0 extra=0x4B45594D since_actuation_us=Some(28878912)
2026-09-19T23:35:15.274670Z DEBUG awase_windows::hook: [hook] IME-mode vk=0xF2 down self_injected=true injected=true scan=0x0 extra=0x4B45594D since_actuation_us=Some(28881958)
2026-09-19T23:35:15.276223Z DEBUG awase::journal: hook ime-mode diagnostic seq=293 elapsed_ms=97662 vk_code=240 is_down=false self_injected=true injected=false scan=0
2026-09-19T23:35:15.276280Z DEBUG awase::journal: hook ime-mode diagnostic seq=294 elapsed_ms=97662 vk_code=242 is_down=true self_injected=true injected=true scan=0
2026-09-19T23:35:15.276537Z DEBUG run_open_chain_async: awase_windows::ime_controller: [warrant-shadow] chain=async open=true origin=EventOrigin { source: SelfActuated { strategy: "engine_decision_async" }, epoch: Generation(0) } warranted
2026-09-19T23:35:15.276645Z  INFO run_open_chain_async:imm_cross_write{open=true}: awase_windows::runtime::open_chain: [apply-ime] ImmCross async: open=true composition_active=false show_seq=0 change_seq=0 (issue #138診断)
2026-09-19T23:35:15.280929Z DEBUG awase_windows::tsf::gji_monitor: [gji-io] WRITE: w_ops=+1 w_KB=+0.0 (r_ops=+2 x_ops=+2 x_KB=+0.0)
2026-09-19T23:35:15.296435Z DEBUG awase_windows::tsf::gji_monitor: [gji-io] WRITE: w_ops=+1 w_KB=+0.0 (r_ops=+2 x_ops=+2 x_KB=+0.0)
2026-09-19T23:35:15.308081Z DEBUG awase_windows::shadow_send_trace: [shadow-send] channel=ImeControl cmd=0x0006 lparam=1 issue_us=97691231
2026-09-19T23:35:15.308108Z DEBUG awase_windows::ime: set_ime_open_for_target: hwnd=HWND(0xb603f8) ime_wnd=HWND(0x920402) open=true success=true send_elapsed=2ms candidate_visible=false
2026-09-19T23:35:15.311905Z DEBUG run_open_chain_async:imm_cross_write{open=true}: awase_windows::ime: [imm-cross-actuate] hwnd=HWND(0xb603f8) open=Written conv=Some(Written)
2026-09-19T23:35:15.311959Z DEBUG run_open_chain_async:imm_cross_write{open=true}: awase_windows::runtime::open_chain: [apply-ime] ROMAN 補完結果: Written
2026-09-19T23:35:15.312023Z DEBUG run_open_chain_async: awase::journal: actuation decision seq=295 elapsed_ms=97698 site="DispatchImeSetOpen" caller="None" open=true chain_len=4 attempts_len=1 gate_profile="Standard" gate_kind="Gji" gate_shadow_known=true gate_shadow_on=true gate_input_mode="Assumed
2026-09-19T23:35:15.317065Z DEBUG on_ime_apply_complete{open=true outcome=AppliedWithoutSendInput generation=Some(ApplyGeneration(5)) reason=EngineDecision}: awase::journal: ime open applied seq=296 elapsed_ms=97703 open=true outcome="AppliedWithoutSendInput" reason="EngineDecision"
2026-09-19T23:35:15.317572Z DEBUG on_ime_apply_complete{open=true outcome=AppliedWithoutSendInput generation=Some(ApplyGeneration(5)) reason=EngineDecision}: awase::journal: ime event seq=297 elapsed_ms=97703 event_kind="ImeApplySucceeded"
2026-09-19T23:35:15.317585Z DEBUG on_ime_apply_complete{open=true outcome=AppliedWithoutSendInput generation=Some(ApplyGeneration(5)) reason=EngineDecision}: awase_windows::tsf::ime_mode_fsm: [ime-mode] SetOpen(true) applied → Hiragana (belief, unconfirmed)
2026-09-19T23:35:15.317597Z DEBUG on_ime_apply_complete{open=true outcome=AppliedWithoutSendInput generation=Some(ApplyGeneration(5)) reason=EngineDecision}: awase_windows::platform: [composition] ImeEffect::SetOpen(true) → marking cold
2026-09-19T23:35:15.317606Z DEBUG on_ime_apply_complete{open=true outcome=AppliedWithoutSendInput generation=Some(ApplyGeneration(5)) reason=EngineDecision}: awase_windows::tsf::probe: [composition] marked cold reason=SetOpenTrue idle=11781ms → next VK/TSF output will send VK_DBE_HIRAGANA warmup
2026-09-19T23:35:15.317627Z DEBUG on_ime_apply_complete{open=true outcome=AppliedWithoutSendInput generation=Some(ApplyGeneration(5)) reason=EngineDecision}:gji_on_event{event=ImeOn { injection_mode: Unicode, gji_idle_ms: 16 }}: awase_windows::tsf::gji_fsm: [gji-fsm] ImeOn: already on (OnWarm), igno
2026-09-19T23:35:15.318032Z DEBUG awase::journal: gji fsm transition seq=298 elapsed_ms=97703 trigger="ImeOn(gji_idle_ms=16)" state_before="OnWarm" state_after="OnWarm"
2026-09-19T23:35:15.327087Z DEBUG awase_windows::runtime::ime_refresh: Explicit intent: bypassing typing-idle guard for IME verify (idle=63ms)
2026-09-19T23:35:15.327115Z DEBUG awase_windows::observer::ime_observer: IME snapshot: japanese=Some(true) ime_on=Some(true) romaji=Some(true) conv=Some("0x00000019") guard=false
2026-09-19T23:35:15.327158Z DEBUG awase::journal: ime event seq=299 elapsed_ms=97713 event_kind="ObserverReported"
2026-09-19T23:35:15.327173Z DEBUG awase::journal: ime event seq=300 elapsed_ms=97713 event_kind="InputModeObserved"
2026-09-19T23:35:15.354081Z DEBUG awase_windows::runtime::ime_refresh: Explicit intent: bypassing typing-idle guard for IME verify (idle=94ms)
2026-09-19T23:35:15.354107Z DEBUG awase_windows::observer::ime_observer: IME snapshot: japanese=Some(true) ime_on=Some(true) romaji=Some(true) conv=Some("0x00000019") guard=false
2026-09-19T23:35:15.354147Z DEBUG awase::journal: ime event seq=301 elapsed_ms=97740 event_kind="ObserverReported"
2026-09-19T23:35:15.354185Z DEBUG awase::journal: ime event seq=302 elapsed_ms=97740 event_kind="InputModeObserved"
2026-09-19T23:35:15.952083Z DEBUG awase_windows::runtime::key_pipeline: [engine-input] vk=0x4B KeyDown ts=98337254us delay=0ms state=Idle mods(c=false s=false a=false w=false) gas_ctrl=false phys_ctrl=false extra=0x5350494B pending_drain=0 gate_active=false l_thumb=None r_thumb=None [diag-ctx] ime_o
2026-09-19T23:35:15.952165Z DEBUG awase::journal: key input seq=303 elapsed_ms=98338 vk_code=75 is_down=true injected=false key_class="Char" state_before="Idle" state_after="PendingChar(vk=0x4B)" decision="Consume" physical="Allow" repeat_count=1 last_timestamp_us=98337254 last_elapsed_ms=0
2026-09-19T23:35:16.064904Z DEBUG execute_from_loop:execute_one{generation=None}: awase_windows::output: send_keys: mode=Unicode actions=[Char('き')] prev_elapsed=12531ms
2026-09-19T23:35:16.064952Z DEBUG execute_from_loop:execute_one{generation=None}: awase_windows::tsf::probe: [mark-send] last_send_ms=336950109
2026-09-19T23:35:16.064984Z DEBUG execute_from_loop:execute_one{generation=None}: awase_windows::output:   → Char('き') via Unicode
2026-09-19T23:35:16.134545Z DEBUG execute_from_loop:execute_one{generation=None}: awase_windows::tsf::probe: [mark-send] last_send_ms=336950187
2026-09-19T23:35:16.134826Z DEBUG awase_windows::runtime::key_pipeline: [engine-input] vk=0x4B KeyUp ts=98480377us delay=39ms state=Idle mods(c=false s=false a=false w=false) gas_ctrl=false phys_ctrl=false extra=0x5350494B pending_drain=0 gate_active=false l_thumb=None r_thumb=None [diag-ctx] ime_on
2026-09-19T23:35:16.134914Z DEBUG awase::journal: key input seq=305 elapsed_ms=98521 vk_code=75 is_down=false injected=false key_class="Char" state_before="Idle" state_after="Idle" decision="Consume" physical="Allow" repeat_count=1 last_timestamp_us=98480377 last_elapsed_ms=0
2026-09-19T23:35:16.135105Z DEBUG execute_one{generation=None}: awase_windows::output: send_keys: mode=Unicode actions=[Suppress] prev_elapsed=0ms
2026-09-19T23:35:16.135131Z DEBUG execute_one{generation=None}: awase_windows::tsf::probe: [mark-send] last_send_ms=336950187
2026-09-19T23:35:16.135149Z DEBUG execute_one{generation=None}: awase_windows::output:   → Suppress
2026-09-19T23:35:16.135165Z DEBUG execute_one{generation=None}: awase_windows::tsf::probe: [mark-send] last_send_ms=336950187
2026-09-19T23:35:16.139563Z DEBUG awase_windows::tsf::gji_monitor: [gji-io] WRITE: w_ops=+2 w_KB=+0.3 (r_ops=+4 x_ops=+4 x_KB=+0.0)
2026-09-19T23:35:16.145784Z  INFO awase_windows::tsf::win_event_obs: [gji-obs] candidate SHOW #14: last_gji_write=0ms ago
2026-09-19T23:35:16.452790Z DEBUG awase_windows::runtime::key_pipeline: [engine-input] vk=0x1B KeyDown ts=98837787us delay=0ms state=Idle mods(c=false s=false a=false w=false) gas_ctrl=false phys_ctrl=false extra=0x5350494B pending_drain=0 gate_active=false l_thumb=None r_thumb=None [diag-ctx] ime_o
2026-09-19T23:35:16.452955Z DEBUG awase::journal: key input seq=306 elapsed_ms=98839 vk_code=27 is_down=true injected=false key_class="Passthrough" state_before="Idle" state_after="Idle" decision="PassThrough" physical="Allow" repeat_count=1 last_timestamp_us=98837787 last_elapsed_ms=0
2026-09-19T23:35:16.453106Z DEBUG execute_from_hook: awase_windows::runtime::executor: [relay-passthrough] PassThrough idle: direct OS pass-through (vk=0x1b down)
2026-09-19T23:35:16.453310Z DEBUG execute_one{generation=None}: awase_windows::runtime::executor: [reinject] vk=0x1b down (queued passthrough now firing)
2026-09-19T23:35:16.457835Z DEBUG awase_windows::platform: [gji-fsm] StartComposition (candidate SHOW)
2026-09-19T23:35:16.457858Z DEBUG gji_on_event{event=StartComposition}: awase_windows::tsf::gji_fsm: [gji-fsm] StartComposition: OnWarm → OnComposing(AlreadyWarm)
2026-09-19T23:35:16.457978Z DEBUG awase::journal: gji fsm transition seq=307 elapsed_ms=98844 trigger="StartComposition(candidate SHOW)" state_before="OnWarm" state_after="OnComposing(Warm)"
2026-09-19T23:35:16.464826Z DEBUG awase_windows::tsf::gji_monitor: [gji-io] WRITE: w_ops=+2 w_KB=+0.3 (r_ops=+4 x_ops=+4 x_KB=+0.0)
2026-09-19T23:35:16.467858Z  INFO awase_windows::tsf::win_event_obs: [gji-obs] candidate HIDE: last_gji_write=0ms ago
2026-09-19T23:35:16.639762Z DEBUG awase_windows::runtime::key_pipeline: [engine-input] vk=0x1B KeyUp ts=99024963us delay=0ms state=Idle mods(c=false s=false a=false w=false) gas_ctrl=false phys_ctrl=false extra=0x5350494B pending_drain=0 gate_active=false l_thumb=None r_thumb=None [diag-ctx] ime_on=
2026-09-19T23:35:16.639830Z DEBUG awase::journal: key input seq=308 elapsed_ms=99025 vk_code=27 is_down=false injected=false key_class="Passthrough" state_before="Idle" state_after="Idle" decision="PassThrough" physical="Allow" repeat_count=1 last_timestamp_us=99024963 last_elapsed_ms=0
2026-09-19T23:35:16.639888Z DEBUG execute_from_hook: awase_windows::runtime::executor: [relay-passthrough] PassThrough idle: direct OS pass-through (vk=0x1b up)
2026-09-19T23:35:16.639928Z DEBUG execute_one{generation=None}: awase_windows::runtime::executor: [reinject] vk=0x1b up (queued passthrough now firing)
2026-09-19T23:35:16.642974Z DEBUG awase_windows::platform: [gji-fsm] EndComposition (candidate HIDE) epoch=FocusEpoch(14)
2026-09-19T23:35:16.643081Z DEBUG awase::journal: gji fsm transition seq=309 elapsed_ms=99029 trigger="EndComposition(candidate HIDE, epoch=FocusEpoch(14))" state_before="OnComposing(Warm)" state_after="OnWarm"
2026-09-19T23:35:19.913352Z DEBUG awase_windows::tsf::gji_monitor: [gji-io] WRITE: w_ops=+1 w_KB=+0.0 (r_ops=+2 x_ops=+2 x_KB=+0.0)
2026-09-19T23:35:19.993520Z DEBUG awase_windows::runtime: [focus-sync] hwnd=0x3042C class="CASCADIA_HOSTING_WINDOW_CLASS" app_kind=Win32 hint=ForceTsf → mode=Tsf
2026-09-19T23:35:19.993564Z DEBUG awase_windows::runtime: [focus-sync] belief=ON かつ実状態を問い合わせられないプロファイル (profile=Imm32Unavailable) → 次の入力で再プライムするため cold mark
2026-09-19T23:35:19.993578Z DEBUG awase_windows::tsf::probe: [composition] marked cold reason=FocusChange idle=3859ms → next VK/TSF output will send VK_DBE_HIRAGANA warmup
2026-09-19T23:35:19.993599Z DEBUG awase_windows::tsf::tsf_gate: [tsf-gate] focus change → PendingWarmup (held cleared)
2026-09-19T23:35:20.001998Z DEBUG awase_windows::runtime: [focus-sync] hwnd=0x30580 class="Windows.UI.Composition.DesktopWindowContentBridge" app_kind=Win32 hint=Default → mode=Unicode
2026-09-19T23:35:20.002043Z DEBUG awase_windows::output: [tsf-gate] focus change while PendingWarmup — held バッファを保持して再初期化スキップ (Chrome等の連続フォーカスイベント対策)
2026-09-19T23:35:20.004134Z DEBUG awase_windows::runtime: [focus-sync] hwnd=0x5058A class="Windows.UI.Input.InputSite.WindowClass" app_kind=Uwp hint=ForceTsf → mode=Tsf
2026-09-19T23:35:20.004170Z DEBUG awase_windows::runtime: [focus-sync] belief=ON かつ実状態を問い合わせられないプロファイル (profile=TsfNative) → 次の入力で再プライムするため cold mark
2026-09-19T23:35:20.004196Z DEBUG awase_windows::tsf::probe: [composition] marked cold reason=FocusChange idle=3859ms → next VK/TSF output will send VK_DBE_HIRAGANA warmup
2026-09-19T23:35:20.004219Z DEBUG awase_windows::output: [tsf-gate] focus change while PendingWarmup — held バッファを保持して再初期化スキップ (Chrome等の連続フォーカスイベント対策)
2026-09-19T23:35:20.081021Z  INFO apply_focus_probe_result: awase_windows::runtime::focus_tracking: AppKind changed: Win32 → Uwp (class=Windows.UI.Input.InputSite.WindowClass)
2026-09-19T23:35:20.094779Z DEBUG apply_focus_probe_result: awase_windows::runtime::focus_tracking: Focus kind changed: TextInput → Undetermined (reason=Undetermined)
2026-09-19T23:35:20.095117Z DEBUG apply_focus_probe_result: awase::journal: focus transition seq=310 elapsed_ms=102481 changed_process=true changed_window=true changed_app_kind=true changed_focus_kind=true dwell_ms=33562 profile="TsfNative"
2026-09-19T23:35:20.095469Z  INFO apply_focus_probe_result: awase_windows::runtime::focus_tracking: FocusChange [42768→19612] Windows.UI.Input.InputSite.WindowClass: stale ime_on=true intent=Some(true) mode=ObservedRomaji japanese=true
2026-09-19T23:35:20.095499Z DEBUG apply_focus_probe_result: awase_windows::tsf::probe: [composition] focus changed → marked cold
2026-09-19T23:35:20.095524Z DEBUG apply_focus_probe_result: awase_windows::runtime: [keymap] active rules recomputed: 0 rule(s) for process="windowsterminal.exe"
2026-09-19T23:35:20.095544Z DEBUG apply_focus_probe_result: awase_windows::runtime::focus_tracking: [keymap] active rules updated on focus change: 0 rule(s) (hwnd=HWND(0x5058a) kind=Undetermined focus_epoch=5)
2026-09-19T23:35:20.095584Z DEBUG apply_focus_probe_result:reduce: awase_windows::state::ime_model: [explicit-intent] cleared (focus change)
2026-09-19T23:35:20.095616Z DEBUG apply_focus_probe_result: awase::journal: ime event seq=311 elapsed_ms=102481 event_kind="FocusChanged"
2026-09-19T23:35:20.095669Z DEBUG apply_focus_probe_result: awase_windows::runtime::focus_tracking: [focus] TsfNative/SSOT: cache restore スキップ (desired_open=true cache_hwnd=Some(329098) new_hwnd=329098) — 最初のキー入力で dispatch_ime が apply
2026-09-19T23:35:20.095921Z DEBUG awase_windows::runtime::ime_refresh: Skipping IMM query for known-broken class (shadow state SSOT)
2026-09-19T23:35:20.095932Z DEBUG awase_windows::observer::gji_observer: [gji-poll] GJI I/O 172ms ago predates focus change (172ms before focus) → skipped
2026-09-19T23:35:20.095954Z DEBUG awase_windows::runtime::ime_refresh: [composition] focus change → marking cold
2026-09-19T23:35:20.095965Z DEBUG awase_windows::tsf::probe: [composition] marked cold reason=FocusChange idle=3953ms → next VK/TSF output will send VK_DBE_HIRAGANA warmup
2026-09-19T23:35:20.096004Z DEBUG gji_on_event{event=FocusChange { injection_mode: Tsf, gji_idle_ms: 172 }}: awase_windows::tsf::gji_fsm: [gji-fsm] FocusChange gji_idle=172ms → Short
2026-09-19T23:35:20.096147Z DEBUG awase_windows::platform: [gji-fsm] StartProbe probe_id=ProbeId(5) forces_f2=false long=false
2026-09-19T23:35:20.096169Z DEBUG awase_windows::tsf::ime_mode_fsm: [ime-mode] FocusChange → Unknown
2026-09-19T23:35:20.096279Z DEBUG awase::journal: gji fsm transition seq=312 elapsed_ms=102482 trigger="FocusChange(gji_idle_ms=172)" state_before="OnWarm" state_after="OnCold(Short)"
2026-09-19T23:35:20.096316Z DEBUG awase::journal: tsf probe started seq=313 elapsed_ms=102482 source="GjiAction::StartProbe" cold_seq=0 probe_id=5 probe_id_present=true gji_state="OnCold(Short)" consecutive_at_start=0 pending_deferred_len=0
2026-09-19T23:35:20.096516Z DEBUG awase_windows::shadow_send_trace: [shadow-send] channel=SendInput kind=tsf_marker_warmup vk=[16] issue_us=102481856
2026-09-19T23:35:20.096739Z DEBUG awase_windows::hook: [hook] IME-mode vk=0x16 down self_injected=true injected=true scan=0xF2 extra=0x4B455946 since_actuation_us=Some(244)
2026-09-19T23:35:20.100087Z DEBUG awase_windows::hook: [hook] IME-mode vk=0x16 up self_injected=true injected=true scan=0xF2 extra=0x4B455946 since_actuation_us=Some(3591)
2026-09-19T23:35:20.104088Z  INFO awase_windows::output: [tsf-eager-warmup] VK_IME_ON 送信 (origin=gated), eager_warmup_sent_ms=336954156ms
2026-09-19T23:35:20.104118Z DEBUG awase_windows::runtime::ime_refresh: [composition] FocusChange: send_eager_tsf_warmup called (ime_on via warmup_ime_on())
2026-09-19T23:35:20.104965Z DEBUG awase_windows::platform: [ime-mode] FocusProbe: GJI actuation との交錯を検知 → hint更新をabandon
2026-09-19T23:35:20.105039Z DEBUG awase::journal: hook ime-mode diagnostic seq=314 elapsed_ms=102491 vk_code=22 is_down=true self_injected=true injected=true scan=242
2026-09-19T23:35:20.105055Z DEBUG awase::journal: hook ime-mode diagnostic seq=315 elapsed_ms=102491 vk_code=22 is_down=false self_injected=true injected=true scan=242
2026-09-19T23:35:20.116058Z DEBUG awase_windows::tsf::gji_monitor: [gji-io] WRITE: w_ops=+1 w_KB=+0.0 (r_ops=+2 x_ops=+2 x_KB=+0.0)
2026-09-19T23:35:25.726138Z  WARN awase_windows::runtime::message_handlers: Hook watchdog: no activity for 5641ms (OS全体の最終入力は5641ms前、OSも無操作のため単なるアイドルの可能性が高い)
2026-09-19T23:35:28.728276Z  WARN awase_windows::runtime::message_handlers: Hook watchdog: no activity for 8641ms (OS全体の最終入力は8641ms前、OSも無操作のため単なるアイドルの可能性が高い)
2026-09-19T23:35:31.733931Z  WARN awase_windows::runtime::message_handlers: Hook watchdog: no activity for 11641ms (OS全体の最終入力は11641ms前、OSも無操作のため単なるアイドルの可能性が高い)
2026-09-19T23:35:34.737880Z  WARN awase_windows::runtime::message_handlers: Hook watchdog: no activity for 14641ms (OS全体の最終入力は14641ms前、OSも無操作のため単なるアイドルの可能性が高い)
2026-09-19T23:35:37.733695Z  WARN awase_windows::runtime::message_handlers: Hook watchdog: no activity for 17641ms (OS全体の最終入力は17641ms前、OSも無操作のため単なるアイドルの可能性が高い)
2026-09-19T23:35:40.729771Z  WARN awase_windows::runtime::message_handlers: Hook watchdog: no activity for 20641ms (OS全体の最終入力は20641ms前、OSも無操作のため単なるアイドルの可能性が高い)
script error: Output type incorrect: bool (expecting ())
