2026-09-19T23:59:51.174477Z DEBUG awase_windows::shadow_send_trace: [shadow-send] channel=ImeControl cmd=0x0006 lparam=0 issue_us=199740408
2026-09-19T23:59:51.174514Z DEBUG awase_windows::ime: set_ime_open_for_target: hwnd=HWND(0xbc1812) ime_wnd=HWND(0x1180d06) open=false success=true send_elapsed=25ms candidate_visible=false
2026-09-19T23:59:51.175055Z DEBUG run_open_chain_async:imm_cross_write{open=false}: awase_windows::ime: [imm-cross-actuate] hwnd=HWND(0xbc1812) open=Written conv=None
2026-09-19T23:59:51.175148Z DEBUG run_open_chain_async: awase::journal: actuation decision seq=524 elapsed_ms=199756 site="DispatchImeSetOpen" caller="None" open=false chain_len=4 attempts_len=1 gate_profile="Standard" gate_kind="Gji" gate_shadow_known=true gate_shadow_on=true gate_input_mode="Obser
2026-09-19T23:59:51.176786Z DEBUG on_ime_apply_complete{open=false outcome=AppliedWithoutSendInput generation=None reason=EngineDecision}: awase::journal: ime open applied seq=525 elapsed_ms=199757 open=false outcome="AppliedWithoutSendInput" reason="EngineDecision"
2026-09-19T23:59:51.176872Z DEBUG on_ime_apply_complete{open=false outcome=AppliedWithoutSendInput generation=None reason=EngineDecision}: awase_windows::tsf::ime_mode_fsm: [ime-mode] SetOpen(false) applied → Off (belief, unconfirmed)
2026-09-19T23:59:51.176897Z DEBUG on_ime_apply_complete{open=false outcome=AppliedWithoutSendInput generation=None reason=EngineDecision}: awase_windows::platform: [composition] ImeEffect::SetOpen(false) → marking cold (prevent warm+TSF Enter leak)
2026-09-19T23:59:51.176918Z DEBUG on_ime_apply_complete{open=false outcome=AppliedWithoutSendInput generation=None reason=EngineDecision}: awase_windows::tsf::probe: [composition] marked cold reason=SetOpenFalse idle=30547ms → next VK/TSF output will send VK_DBE_HIRAGANA warmup
2026-09-19T23:59:51.177073Z DEBUG awase::journal: gji fsm transition seq=526 elapsed_ms=199758 trigger="ImeOff" state_before="OnWarm" state_after="OffCold"
2026-09-19T23:59:51.210885Z DEBUG awase_windows::state::observation_store: [identity-gate] hwnd不一致で除外: source=ImmCrossProbe obs_hwnd=HwndId(11601138) current_hwnd=HwndId(12326930) confidence=High
2026-09-19T23:59:51.210897Z DEBUG awase_windows::state::observation_store: [identity-gate] hwnd不一致で除外: source=ImmCrossProbe obs_hwnd=HwndId(11601138) current_hwnd=HwndId(12326930) confidence=High
2026-09-19T23:59:51.210916Z DEBUG awase_windows::state::observation_store: [identity-gate] hwnd不一致で除外: source=ImmCrossProbe obs_hwnd=HwndId(11601138) current_hwnd=HwndId(12326930) confidence=High
2026-09-19T23:59:51.210923Z DEBUG awase_windows::state::observation_store: [identity-gate] hwnd不一致で除外: source=ImmCrossProbe obs_hwnd=HwndId(11601138) current_hwnd=HwndId(12326930) confidence=High
2026-09-19T23:59:51.210937Z DEBUG awase_windows::observer::ime_observer: IME snapshot: japanese=Some(true) ime_on=Some(false) romaji=None conv=Some("0x00000009") guard=false
2026-09-19T23:59:51.210976Z DEBUG awase::journal: ime event seq=527 elapsed_ms=199792 event_kind="ObserverReported"
2026-09-19T23:59:51.210986Z DEBUG awase_windows::state::observation_store: [identity-gate] hwnd不一致で除外: source=ImmCrossProbe obs_hwnd=HwndId(11601138) current_hwnd=HwndId(12326930) confidence=High
2026-09-19T23:59:51.210993Z DEBUG awase_windows::state::observation_store: [identity-gate] hwnd不一致で除外: source=ImmCrossProbe obs_hwnd=HwndId(11601138) current_hwnd=HwndId(12326930) confidence=High
2026-09-19T23:59:51.211012Z DEBUG awase_windows::state::observation_store: [identity-gate] hwnd不一致で除外: source=ImmCrossProbe obs_hwnd=HwndId(11601138) current_hwnd=HwndId(12326930) confidence=High
2026-09-19T23:59:51.211019Z DEBUG awase_windows::state::observation_store: [identity-gate] hwnd不一致で除外: source=ImmCrossProbe obs_hwnd=HwndId(11601138) current_hwnd=HwndId(12326930) confidence=High
2026-09-19T23:59:51.423996Z DEBUG awase_windows::runtime::message_handlers: [drain] vk=0x1C KeyDown
2026-09-19T23:59:51.424011Z DEBUG awase_windows::runtime::message_handlers: [output-drain] replay vk=0x1C KeyDown event_ts=200014633us now=200014925us delta=0ms
2026-09-19T23:59:51.424044Z DEBUG awase_windows::state::observation_store: [identity-gate] hwnd不一致で除外: source=ImmCrossProbe obs_hwnd=HwndId(11601138) current_hwnd=HwndId(12326930) confidence=High
2026-09-19T23:59:51.424066Z DEBUG awase_windows::state::observation_store: [identity-gate] hwnd不一致で除外: source=ImmCrossProbe obs_hwnd=HwndId(11601138) current_hwnd=HwndId(12326930) confidence=High
2026-09-19T23:59:51.424140Z DEBUG awase_windows::state::observation_store: [identity-gate] hwnd不一致で除外: source=ImmCrossProbe obs_hwnd=HwndId(11601138) current_hwnd=HwndId(12326930) confidence=High
2026-09-19T23:59:51.424159Z DEBUG awase_windows::state::observation_store: [identity-gate] hwnd不一致で除外: source=ImmCrossProbe obs_hwnd=HwndId(11601138) current_hwnd=HwndId(12326930) confidence=High
2026-09-19T23:59:51.424180Z  INFO awase_windows::runtime::key_pipeline: [shadow-toggle] intent 昇格: vk=0x1C scan=0x79 action=Toggle kind=PhysicalImeKey injected=false false→true w_ops0=111951 x_ops0=248079 x_KB0=23.7
2026-09-19T23:59:51.424221Z DEBUG awase::journal: ime event seq=528 elapsed_ms=200005 event_kind="UserImeSetIntent"
2026-09-19T23:59:51.424479Z DEBUG awase_windows::runtime::key_pipeline: Shadow IME toggle: OFF → ON (vk=0x1C, source=PhysicalImeKey)
2026-09-19T23:59:51.424512Z DEBUG awase_windows::runtime::key_pipeline: [engine-input] vk=0x1C KeyDown ts=200014633us delay=0ms state=Idle mods(c=false s=false a=false w=false) gas_ctrl=false phys_ctrl=false extra=0x5350494B pending_drain=0 gate_active=false l_thumb=None r_thumb=Some(200014626) [dia
2026-09-19T23:59:51.424546Z  INFO awase::engine::engine: Engine activated (ime=true, romaji=true, japanese=true, user=true, reason=Active)
2026-09-19T23:59:51.424646Z DEBUG awase::journal: key input seq=529 elapsed_ms=200005 vk_code=28 is_down=true injected=false key_class="RightThumb" state_before="Idle" state_after="PendingThumb(vk=0x1C,left=false)" decision="Consume" physical="Allow" repeat_count=1 last_timestamp_us=200014633 last_e
2026-09-19T23:59:51.424726Z DEBUG awase::journal: ime event seq=530 elapsed_ms=200005 event_kind="EngineActivationSync"
2026-09-19T23:59:51.424770Z DEBUG awase::journal: ime event seq=531 elapsed_ms=200005 event_kind="ImeApplyRequested"
2026-09-19T23:59:51.424788Z  INFO awase_windows::runtime::key_pipeline: IME control: preconditions.ime_on = true (SetOpenRequest, origin=ActivationSync), was_open_before=true last_intent_before=Some(true) poll suspended
2026-09-19T23:59:51.425202Z DEBUG execute_one{generation=Some(ApplyGeneration(13))}:dispatch_ime_set_open{open=true generation=Some(ApplyGeneration(13))}: awase_windows::runtime::executor: [dispatch-ime] ImmCross async: optimistic applied_snapshot=true (suppress send_engine_state_ime_key)
2026-09-19T23:59:51.427162Z DEBUG execute_one{generation=Some(ApplyGeneration(13))}: awase_windows::platform: [engine-state-key] skipped (apply_ime_open aligned ime=true, profile=Standard)
2026-09-19T23:59:51.427300Z DEBUG awase::journal: ime event seq=532 elapsed_ms=200008 event_kind="ObserverReported"
2026-09-19T23:59:51.427328Z  INFO awase_windows::runtime::key_pipeline: FocusProbe +0ms: ime_on=true mode=ObservedRomaji [ime=GoogleJapaneseInput sig1=false gji_io=5172ms sig2=false]
2026-09-19T23:59:51.428723Z DEBUG run_open_chain_async: awase_windows::ime_controller: [warrant-shadow] chain=async open=true origin=EventOrigin { source: SelfActuated { strategy: "engine_decision_async" }, epoch: Generation(0) } warranted
2026-09-19T23:59:51.428760Z  INFO run_open_chain_async:imm_cross_write{open=true}: awase_windows::runtime::open_chain: [apply-ime] ImmCross async: open=true composition_active=false show_seq=0 change_seq=0 (issue #138診断)
2026-09-19T23:59:51.430129Z DEBUG awase::journal: ime event seq=533 elapsed_ms=200011 event_kind="ObserverReported"
2026-09-19T23:59:51.430142Z DEBUG awase_windows::runtime::key_pipeline: [ImmCrossProbe] child-hwnd IME=false → High confidence 観測記録
2026-09-19T23:59:51.430159Z DEBUG awase_windows::observer::ime_observer: IME snapshot: japanese=Some(true) ime_on=Some(false) romaji=None conv=Some("0x00000009") guard=false
2026-09-19T23:59:51.432681Z DEBUG awase_windows::shadow_send_trace: [shadow-send] channel=ImeControl cmd=0x0006 lparam=1 issue_us=200022189
2026-09-19T23:59:51.432696Z DEBUG awase_windows::ime: set_ime_open_for_target: hwnd=HWND(0xbc1812) ime_wnd=HWND(0x1180d06) open=true success=true send_elapsed=1ms candidate_visible=false
2026-09-19T23:59:51.433657Z DEBUG awase_windows::shadow_send_trace: [shadow-send] channel=ImeControl cmd=0x0002 lparam=25 issue_us=200023862
2026-09-19T23:59:51.433708Z DEBUG awase_windows::ime: [imm-romaji] conv 0x00000009 → 0x00000019 success=true target=None
2026-09-19T23:59:51.434054Z DEBUG run_open_chain_async:imm_cross_write{open=true}: awase_windows::ime: [imm-cross-actuate] hwnd=HWND(0xbc1812) open=Written conv=Some(Written)
2026-09-19T23:59:51.434104Z DEBUG run_open_chain_async:imm_cross_write{open=true}: awase_windows::runtime::open_chain: [apply-ime] ROMAN 補完結果: Written
2026-09-19T23:59:51.434161Z DEBUG run_open_chain_async: awase::journal: actuation decision seq=534 elapsed_ms=200015 site="DispatchImeSetOpen" caller="None" open=true chain_len=4 attempts_len=1 gate_profile="Standard" gate_kind="Gji" gate_shadow_known=true gate_shadow_on=false gate_input_mode="Obser
2026-09-19T23:59:51.434682Z DEBUG on_ime_apply_complete{open=true outcome=AppliedWithoutSendInput generation=Some(ApplyGeneration(13)) reason=EngineDecision}: awase::journal: ime open applied seq=535 elapsed_ms=200015 open=true outcome="AppliedWithoutSendInput" reason="EngineDecision"
2026-09-19T23:59:51.435622Z DEBUG on_ime_apply_complete{open=true outcome=AppliedWithoutSendInput generation=Some(ApplyGeneration(13)) reason=EngineDecision}: awase::journal: ime event seq=536 elapsed_ms=200016 event_kind="ImeApplySucceeded"
2026-09-19T23:59:51.435663Z DEBUG on_ime_apply_complete{open=true outcome=AppliedWithoutSendInput generation=Some(ApplyGeneration(13)) reason=EngineDecision}: awase_windows::tsf::ime_mode_fsm: [ime-mode] SetOpen(true) applied → Hiragana (belief, unconfirmed)
2026-09-19T23:59:51.435689Z DEBUG on_ime_apply_complete{open=true outcome=AppliedWithoutSendInput generation=Some(ApplyGeneration(13)) reason=EngineDecision}: awase_windows::platform: [composition] ImeEffect::SetOpen(true) → marking cold
2026-09-19T23:59:51.435900Z DEBUG on_ime_apply_complete{open=true outcome=AppliedWithoutSendInput generation=Some(ApplyGeneration(13)) reason=EngineDecision}: awase_windows::tsf::probe: [composition] marked cold reason=SetOpenTrue idle=30813ms → next VK/TSF output will send VK_DBE_HIRAGANA warmup
2026-09-19T23:59:51.435964Z DEBUG on_ime_apply_complete{open=true outcome=AppliedWithoutSendInput generation=Some(ApplyGeneration(13)) reason=EngineDecision}:gji_on_event{event=ImeOn { injection_mode: Unicode, gji_idle_ms: 5188 }}: awase_windows::tsf::gji_fsm: [gji-fsm] ImeOn gji_idle=5188ms → Short
2026-09-19T23:59:51.436015Z DEBUG on_ime_apply_complete{open=true outcome=AppliedWithoutSendInput generation=Some(ApplyGeneration(13)) reason=EngineDecision}: awase_windows::platform: [gji-fsm] StartProbe probe_id=ProbeId(11) forces_f2=false long=false
2026-09-19T23:59:51.438925Z DEBUG awase::journal: gji fsm transition seq=537 elapsed_ms=200017 trigger="ImeOn(gji_idle_ms=5188)" state_before="OffCold" state_after="OnCold(Short)"
2026-09-19T23:59:51.438940Z DEBUG awase::journal: tsf probe started seq=538 elapsed_ms=200017 source="GjiAction::StartProbe" cold_seq=0 probe_id=11 probe_id_present=true gji_state="OnCold(Short)" consecutive_at_start=0 pending_deferred_len=0
2026-09-19T23:59:51.438949Z DEBUG awase::journal: gji fsm transition seq=539 elapsed_ms=200017 trigger="WarmupComplete(unicode)" state_before="OnCold(Short)" state_after="OnWarm"
2026-09-19T23:59:51.438956Z DEBUG awase::journal: tsf probe completed seq=540 elapsed_ms=200017 outcome="UnicodeImmediate" cold_seq=18446744073709551615 cold_seq_present=false probe_id=11 probe_id_present=true duration_ms=0 tick_count=0 gji_state="OnWarm"
2026-09-19T23:59:51.476698Z DEBUG awase_windows::observer::ime_observer: IME snapshot: japanese=Some(true) ime_on=Some(true) romaji=Some(true) conv=Some("0x00000019") guard=false
2026-09-19T23:59:51.476784Z DEBUG awase::journal: ime event seq=541 elapsed_ms=200057 event_kind="ObserverReported"
2026-09-19T23:59:51.476818Z DEBUG awase::journal: ime event seq=542 elapsed_ms=200057 event_kind="InputModeObserved"
2026-09-19T23:59:51.549541Z DEBUG awase_windows::runtime::key_pipeline: [engine-input] vk=0x1C KeyUp ts=200140294us delay=0ms state=PendingThumb(vk=0x1C,left=false) mods(c=false s=false a=false w=false) gas_ctrl=false phys_ctrl=false extra=0x5350494B pending_drain=0 gate_active=false l_thumb=None r_
2026-09-19T23:59:51.549611Z DEBUG awase::journal: key input seq=544 elapsed_ms=200130 vk_code=28 is_down=false injected=false key_class="RightThumb" state_before="PendingThumb(vk=0x1C,left=false)" state_after="Idle" decision="Consume" physical="Allow" repeat_count=1 last_timestamp_us=200140294 last_
2026-09-19T23:59:53.978192Z DEBUG awase_windows::hook: [hook] IME-mode vk=0xF2 down self_injected=false injected=false scan=0x70 extra=0x5350494B since_actuation_us=Some(7748771)
2026-09-19T23:59:53.978311Z DEBUG awase::journal: hook ime-mode diagnostic seq=545 elapsed_ms=202559 vk_code=242 is_down=true self_injected=false injected=false scan=112
2026-09-19T23:59:53.978462Z  INFO awase_windows::runtime::key_pipeline: [shadow-toggle] intent 昇格: vk=0xF2 scan=0x70 action=TurnOn kind=PhysicalImeKey injected=false true→true w_ops0=111951 x_ops0=248079 x_KB0=23.7
2026-09-19T23:59:53.978484Z DEBUG awase::journal: ime event seq=546 elapsed_ms=202559 event_kind="UserImeSetIntent"
2026-09-19T23:59:53.978497Z DEBUG awase_windows::runtime::key_pipeline: [shadow-toggle] no-op: vk=0xF2 action=TurnOn source=PhysicalImeKey effective_open は既に true → apply-ime 見送り
2026-09-19T23:59:53.978512Z DEBUG awase_windows::runtime::key_pipeline: [engine-input] vk=0xF2 KeyDown ts=202569202us delay=0ms state=Idle mods(c=false s=false a=false w=false) gas_ctrl=false phys_ctrl=false extra=0x5350494B pending_drain=0 gate_active=false l_thumb=None r_thumb=None [diag-ctx] ime_
2026-09-19T23:59:53.978557Z DEBUG awase::journal: key input seq=547 elapsed_ms=202559 vk_code=242 is_down=true injected=false key_class="Passthrough" state_before="Idle" state_after="Idle" decision="PassThrough" physical="Allow" repeat_count=1 last_timestamp_us=202569202 last_elapsed_ms=0
2026-09-19T23:59:53.978583Z DEBUG awase_windows::runtime::key_pipeline: may_change_ime key passed through → IME refresh scheduled (20ms)
2026-09-19T23:59:53.978619Z DEBUG execute_from_hook: awase_windows::runtime::executor: [relay-passthrough] PassThrough idle: direct OS pass-through (vk=0xf2 down)
2026-09-19T23:59:53.978652Z DEBUG execute_one{generation=None}: awase_windows::runtime::executor: [reinject] vk=0xf2 down (queued passthrough now firing)
2026-09-19T23:59:53.982117Z DEBUG awase_windows::hook: [hook] IME-mode vk=0xF2 down self_injected=true injected=true scan=0x0 extra=0x4B45594D since_actuation_us=Some(7752710)
2026-09-19T23:59:53.983771Z DEBUG awase::journal: hook ime-mode diagnostic seq=548 elapsed_ms=202564 vk_code=242 is_down=true self_injected=true injected=true scan=0
2026-09-19T23:59:53.991512Z DEBUG awase_windows::tsf::gji_monitor: [gji-io] WRITE: w_ops=+5 w_KB=+0.1 (r_ops=+10 x_ops=+10 x_KB=+0.0)
2026-09-19T23:59:54.011585Z DEBUG awase_windows::runtime::ime_refresh: Explicit intent: bypassing typing-idle guard for IME verify (idle=31ms)
2026-09-19T23:59:54.011634Z DEBUG awase_windows::observer::ime_observer: IME snapshot: japanese=Some(true) ime_on=Some(true) romaji=None conv=Some("0x00000010") guard=false
2026-09-19T23:59:54.011719Z DEBUG awase::journal: ime event seq=549 elapsed_ms=202592 event_kind="ObserverReported"
2026-09-19T23:59:54.011753Z DEBUG awase::journal: ime event seq=550 elapsed_ms=202592 event_kind="InputModeObserved"
2026-09-19T23:59:54.011774Z  INFO awase_windows::runtime::ime_refresh: ObserverPoll +3031ms since focus: mode ObservedRomaji → ObservedEisu
2026-09-19T23:59:54.011825Z DEBUG awase::engine::engine: [diag-engine-active] ime_on=true なのに非活性: reason=Inactive(NotRomajiInput) romaji_capable=false japanese=true user_enabled=true was_active=true input_mode=ObservedEisu
2026-09-19T23:59:54.011870Z  INFO awase::engine::engine: Engine deactivated (ime=true, romaji=false, japanese=true, user=true, reason=Inactive(NotRomajiInput))
2026-09-19T23:59:54.665963Z DEBUG awase_windows::runtime::key_pipeline: [engine-input] vk=0x4B KeyDown ts=203256609us delay=0ms state=Idle mods(c=false s=false a=false w=false) gas_ctrl=false phys_ctrl=false extra=0x5350494B pending_drain=0 gate_active=false l_thumb=None r_thumb=None [diag-ctx] ime_
2026-09-19T23:59:54.666013Z DEBUG awase::engine::engine: [diag-engine-active] ime_on=true なのに非活性: reason=Inactive(NotRomajiInput) romaji_capable=false japanese=true user_enabled=true was_active=false input_mode=ObservedEisu
2026-09-19T23:59:54.666079Z DEBUG awase::journal: key input seq=551 elapsed_ms=203247 vk_code=75 is_down=true injected=false key_class="Char" state_before="Idle" state_after="Idle" decision="PassThrough" physical="Allow" repeat_count=1 last_timestamp_us=203256609 last_elapsed_ms=0
2026-09-19T23:59:54.666208Z DEBUG execute_one{generation=None}: awase_windows::runtime::executor: [reinject] vk=0x4b down (queued passthrough now firing)
2026-09-19T23:59:54.679396Z DEBUG awase_windows::tsf::gji_monitor: [gji-io] WRITE: w_ops=+2 w_KB=+0.4 (r_ops=+4 x_ops=+4 x_KB=+0.0)
2026-09-19T23:59:54.680280Z  INFO awase_windows::tsf::win_event_obs: [gji-obs] candidate SHOW #22: last_gji_write=0ms ago
2026-09-19T23:59:54.856547Z DEBUG awase_windows::runtime::key_pipeline: [engine-input] vk=0x4B KeyUp ts=203447059us delay=0ms state=Idle mods(c=false s=false a=false w=false) gas_ctrl=false phys_ctrl=false extra=0x5350494B pending_drain=0 gate_active=false l_thumb=None r_thumb=None [diag-ctx] ime_on
2026-09-19T23:59:54.856615Z DEBUG awase::engine::engine: [diag-engine-active] ime_on=true なのに非活性: reason=Inactive(NotRomajiInput) romaji_capable=false japanese=true user_enabled=true was_active=false input_mode=ObservedEisu
2026-09-19T23:59:54.856715Z DEBUG awase::journal: key input seq=552 elapsed_ms=203437 vk_code=75 is_down=false injected=false key_class="Char" state_before="Idle" state_after="Idle" decision="PassThrough" physical="Allow" repeat_count=1 last_timestamp_us=203447059 last_elapsed_ms=0
2026-09-19T23:59:54.856915Z DEBUG execute_one{generation=None}: awase_windows::runtime::executor: [reinject] vk=0x4b up (queued passthrough now firing)
2026-09-19T23:59:54.861327Z DEBUG awase_windows::platform: [gji-fsm] StartComposition (candidate SHOW)
2026-09-19T23:59:54.861372Z DEBUG gji_on_event{event=StartComposition}: awase_windows::tsf::gji_fsm: [gji-fsm] StartComposition: OnWarm → OnComposing(AlreadyWarm)
2026-09-19T23:59:54.861525Z DEBUG awase::journal: gji fsm transition seq=553 elapsed_ms=203442 trigger="StartComposition(candidate SHOW)" state_before="OnWarm" state_after="OnComposing(Warm)"
2026-09-19T23:59:55.165842Z DEBUG awase_windows::runtime::key_pipeline: [engine-input] vk=0x1B KeyDown ts=203756550us delay=0ms state=Idle mods(c=false s=false a=false w=false) gas_ctrl=false phys_ctrl=false extra=0x5350494B pending_drain=0 gate_active=false l_thumb=None r_thumb=None [diag-ctx] ime_
2026-09-19T23:59:55.165882Z DEBUG awase::engine::engine: [diag-engine-active] ime_on=true なのに非活性: reason=Inactive(NotRomajiInput) romaji_capable=false japanese=true user_enabled=true was_active=false input_mode=ObservedEisu
2026-09-19T23:59:55.165929Z DEBUG awase::journal: key input seq=554 elapsed_ms=203746 vk_code=27 is_down=true injected=false key_class="Passthrough" state_before="Idle" state_after="Idle" decision="PassThrough" physical="Allow" repeat_count=1 last_timestamp_us=203756550 last_elapsed_ms=0
2026-09-19T23:59:55.165994Z DEBUG execute_from_hook: awase_windows::runtime::executor: [relay-passthrough] PassThrough idle: direct OS pass-through (vk=0x1b down)
2026-09-19T23:59:55.166041Z DEBUG execute_one{generation=None}: awase_windows::runtime::executor: [reinject] vk=0x1b down (queued passthrough now firing)
2026-09-19T23:59:55.174271Z  INFO awase_windows::tsf::win_event_obs: [gji-obs] candidate HIDE: last_gji_write=484ms ago
2026-09-19T23:59:55.177458Z DEBUG awase_windows::tsf::gji_monitor: [gji-io] WRITE: w_ops=+2 w_KB=+0.4 (r_ops=+4 x_ops=+4 x_KB=+0.0)
2026-09-19T23:59:55.355361Z DEBUG awase_windows::runtime::key_pipeline: [engine-input] vk=0x1B KeyUp ts=203946011us delay=0ms state=Idle mods(c=false s=false a=false w=false) gas_ctrl=false phys_ctrl=false extra=0x5350494B pending_drain=0 gate_active=false l_thumb=None r_thumb=None [diag-ctx] ime_on
2026-09-19T23:59:55.355412Z DEBUG awase::engine::engine: [diag-engine-active] ime_on=true なのに非活性: reason=Inactive(NotRomajiInput) romaji_capable=false japanese=true user_enabled=true was_active=false input_mode=ObservedEisu
2026-09-19T23:59:55.355476Z DEBUG awase::journal: key input seq=555 elapsed_ms=203936 vk_code=27 is_down=false injected=false key_class="Passthrough" state_before="Idle" state_after="Idle" decision="PassThrough" physical="Allow" repeat_count=1 last_timestamp_us=203946011 last_elapsed_ms=0
2026-09-19T23:59:55.355556Z DEBUG execute_from_hook: awase_windows::runtime::executor: [relay-passthrough] PassThrough idle: direct OS pass-through (vk=0x1b up)
2026-09-19T23:59:55.355616Z DEBUG execute_one{generation=None}: awase_windows::runtime::executor: [reinject] vk=0x1b up (queued passthrough now firing)
2026-09-19T23:59:55.359798Z DEBUG awase_windows::platform: [gji-fsm] EndComposition (candidate HIDE) epoch=FocusEpoch(22)
2026-09-19T23:59:55.360092Z DEBUG awase::journal: gji fsm transition seq=556 elapsed_ms=203940 trigger="EndComposition(candidate HIDE, epoch=FocusEpoch(22))" state_before="OnComposing(Warm)" state_after="OnWarm"
2026-09-19T23:59:57.173487Z DEBUG awase_windows::runtime::key_pipeline: [shadow-toggle] vk=0x1DはFSM delegate所有 → belief書き込み/actuationをスキップ w_ops0=111960 x_ops0=248097 x_KB0=23.7
2026-09-19T23:59:57.173522Z DEBUG awase_windows::runtime::key_pipeline: [shadow-toggle] no-op: vk=0x1D action=Toggle source=PhysicalImeKey effective_open は既に true → apply-ime 見送り
2026-09-19T23:59:57.173555Z DEBUG awase_windows::runtime::key_pipeline: [engine-input] vk=0x1D KeyDown ts=205764156us delay=0ms state=Idle mods(c=false s=false a=false w=false) gas_ctrl=false phys_ctrl=false extra=0x5350494B pending_drain=0 gate_active=false l_thumb=Some(205764146) r_thumb=None [dia
2026-09-19T23:59:57.173591Z DEBUG awase::engine::engine: [diag-engine-active] ime_on=true なのに非活性: reason=Inactive(NotRomajiInput) romaji_capable=false japanese=true user_enabled=true was_active=false input_mode=ObservedEisu
2026-09-19T23:59:57.173657Z DEBUG awase::journal: key input seq=557 elapsed_ms=205754 vk_code=29 is_down=true injected=false key_class="LeftThumb" state_before="Idle" state_after="Idle" decision="PassThrough" physical="Allow" repeat_count=1 last_timestamp_us=205764156 last_elapsed_ms=0
2026-09-19T23:59:57.173788Z DEBUG execute_one{generation=None}: awase_windows::runtime::executor: [reinject] vk=0x1d down (queued passthrough now firing)
2026-09-19T23:59:57.185702Z DEBUG awase_windows::tsf::gji_monitor: [gji-io] WRITE: w_ops=+2 w_KB=+0.0 (r_ops=+4 x_ops=+4 x_KB=+0.0)
2026-09-19T23:59:57.296615Z DEBUG awase_windows::runtime::key_pipeline: [engine-input] vk=0x1D KeyUp ts=205887272us delay=0ms state=Idle mods(c=false s=false a=false w=false) gas_ctrl=false phys_ctrl=false extra=0x5350494B pending_drain=0 gate_active=false l_thumb=None r_thumb=None [diag-ctx] ime_on
2026-09-19T23:59:57.296664Z DEBUG awase::engine::engine: [diag-engine-active] ime_on=true なのに非活性: reason=Inactive(NotRomajiInput) romaji_capable=false japanese=true user_enabled=true was_active=false input_mode=ObservedEisu
2026-09-19T23:59:57.296735Z DEBUG awase::journal: key input seq=558 elapsed_ms=205877 vk_code=29 is_down=false injected=false key_class="LeftThumb" state_before="Idle" state_after="Idle" decision="PassThrough" physical="Allow" repeat_count=1 last_timestamp_us=205887272 last_elapsed_ms=0
2026-09-19T23:59:57.296877Z DEBUG execute_one{generation=None}: awase_windows::runtime::executor: [reinject] vk=0x1d up (queued passthrough now firing)
2026-09-19T23:59:57.857027Z DEBUG awase_windows::runtime::key_pipeline: [engine-input] vk=0x4B KeyDown ts=206447673us delay=0ms state=Idle mods(c=false s=false a=false w=false) gas_ctrl=false phys_ctrl=false extra=0x5350494B pending_drain=0 gate_active=false l_thumb=None r_thumb=None [diag-ctx] ime_
2026-09-19T23:59:57.857080Z DEBUG awase::engine::engine: [diag-engine-active] ime_on=true なのに非活性: reason=Inactive(NotRomajiInput) romaji_capable=false japanese=true user_enabled=true was_active=false input_mode=ObservedEisu
2026-09-19T23:59:57.857152Z DEBUG awase::journal: key input seq=559 elapsed_ms=206437 vk_code=75 is_down=true injected=false key_class="Char" state_before="Idle" state_after="Idle" decision="PassThrough" physical="Allow" repeat_count=1 last_timestamp_us=206447673 last_elapsed_ms=0
2026-09-19T23:59:57.857293Z DEBUG execute_one{generation=None}: awase_windows::runtime::executor: [reinject] vk=0x4b down (queued passthrough now firing)
2026-09-19T23:59:58.047845Z DEBUG awase_windows::runtime::key_pipeline: [engine-input] vk=0x4B KeyUp ts=206638375us delay=0ms state=Idle mods(c=false s=false a=false w=false) gas_ctrl=false phys_ctrl=false extra=0x5350494B pending_drain=0 gate_active=false l_thumb=None r_thumb=None [diag-ctx] ime_on
2026-09-19T23:59:58.047893Z DEBUG awase::engine::engine: [diag-engine-active] ime_on=true なのに非活性: reason=Inactive(NotRomajiInput) romaji_capable=false japanese=true user_enabled=true was_active=false input_mode=ObservedEisu
2026-09-19T23:59:58.048016Z DEBUG awase::journal: key input seq=560 elapsed_ms=206628 vk_code=75 is_down=false injected=false key_class="Char" state_before="Idle" state_after="Idle" decision="PassThrough" physical="Allow" repeat_count=1 last_timestamp_us=206638375 last_elapsed_ms=0
2026-09-19T23:59:58.048270Z DEBUG execute_one{generation=None}: awase_windows::runtime::executor: [reinject] vk=0x4b up (queued passthrough now firing)
2026-09-19T23:59:58.363188Z DEBUG awase_windows::runtime::key_pipeline: [engine-input] vk=0x1B KeyDown ts=206953731us delay=0ms state=Idle mods(c=false s=false a=false w=false) gas_ctrl=false phys_ctrl=false extra=0x5350494B pending_drain=0 gate_active=false l_thumb=None r_thumb=None [diag-ctx] ime_
2026-09-19T23:59:58.363262Z DEBUG awase::engine::engine: [diag-engine-active] ime_on=true なのに非活性: reason=Inactive(NotRomajiInput) romaji_capable=false japanese=true user_enabled=true was_active=false input_mode=ObservedEisu
2026-09-19T23:59:58.363361Z DEBUG awase::journal: key input seq=561 elapsed_ms=206944 vk_code=27 is_down=true injected=false key_class="Passthrough" state_before="Idle" state_after="Idle" decision="PassThrough" physical="Allow" repeat_count=1 last_timestamp_us=206953731 last_elapsed_ms=0
2026-09-19T23:59:58.363497Z DEBUG execute_from_hook: awase_windows::runtime::executor: [relay-passthrough] PassThrough idle: direct OS pass-through (vk=0x1b down)
2026-09-19T23:59:58.363988Z DEBUG execute_one{generation=None}: awase_windows::runtime::executor: [reinject] vk=0x1b down (queued passthrough now firing)
2026-09-19T23:59:58.548122Z DEBUG awase_windows::runtime::key_pipeline: [engine-input] vk=0x1B KeyUp ts=207138391us delay=0ms state=Idle mods(c=false s=false a=false w=false) gas_ctrl=false phys_ctrl=false extra=0x5350494B pending_drain=0 gate_active=false l_thumb=None r_thumb=None [diag-ctx] ime_on
2026-09-19T23:59:58.548208Z DEBUG awase::engine::engine: [diag-engine-active] ime_on=true なのに非活性: reason=Inactive(NotRomajiInput) romaji_capable=false japanese=true user_enabled=true was_active=false input_mode=ObservedEisu
2026-09-19T23:59:58.548338Z DEBUG awase::journal: key input seq=562 elapsed_ms=207129 vk_code=27 is_down=false injected=false key_class="Passthrough" state_before="Idle" state_after="Idle" decision="PassThrough" physical="Allow" repeat_count=1 last_timestamp_us=207138391 last_elapsed_ms=0
2026-09-19T23:59:58.548499Z DEBUG execute_from_hook: awase_windows::runtime::executor: [relay-passthrough] PassThrough idle: direct OS pass-through (vk=0x1b up)
2026-09-19T23:59:58.548894Z DEBUG execute_one{generation=None}: awase_windows::runtime::executor: [reinject] vk=0x1b up (queued passthrough now firing)
2026-09-20T00:02:45.682144Z DEBUG awase_windows::runtime: [focus-sync] hwnd=0xBE04F2 class="ImeKeyMatrixSpikeWindowClass" app_kind=Win32 hint=Default → mode=Unicode
2026-09-20T00:02:45.682218Z DEBUG awase_windows::tsf::tsf_gate: [tsf-gate] focus change → PendingWarmup (held cleared)
2026-09-20T00:02:45.786075Z DEBUG awase_windows::runtime: [focus-sync] hwnd=0xE41550 class="Edit" app_kind=Win32 hint=Default → mode=Unicode
2026-09-20T00:02:45.786117Z DEBUG awase_windows::output: [tsf-gate] focus change while PendingWarmup — held バッファを保持して再初期化スキップ (Chrome等の連続フォーカスイベント対策)
2026-09-20T00:02:45.878103Z  INFO apply_focus_probe_result: awase_windows::runtime::focus_tracking: AppKind changed: Uwp → Win32 (class=ImeKeyMatrixSpikeWindowClass)
2026-09-20T00:02:45.889035Z DEBUG apply_focus_probe_result: awase::journal: focus transition seq=1376 elapsed_ms=374461 changed_process=true changed_window=true changed_app_kind=true changed_focus_kind=false dwell_ms=24750 profile="ImmCross"
2026-09-20T00:02:45.889383Z  INFO apply_focus_probe_result: awase_windows::runtime::focus_tracking: FocusChange [19612→12372] ImeKeyMatrixSpikeWindowClass: stale ime_on=true intent=None mode=ObservedRomaji japanese=true
2026-09-20T00:02:45.889421Z DEBUG apply_focus_probe_result: awase_windows::tsf::probe: [composition] focus changed → marked cold
2026-09-20T00:02:45.889446Z DEBUG apply_focus_probe_result: awase_windows::runtime: [keymap] active rules recomputed: 0 rule(s) for process="ime_key_matrix_spike.exe"
2026-09-20T00:02:45.889467Z DEBUG apply_focus_probe_result: awase_windows::runtime::focus_tracking: [keymap] active rules updated on focus change: 0 rule(s) (hwnd=HWND(0xbe04f2) kind=Undetermined focus_epoch=18)
2026-09-20T00:02:45.889507Z DEBUG apply_focus_probe_result:reduce: awase_windows::state::ime_model: [explicit-intent] cleared (focus change)
2026-09-20T00:02:45.889541Z DEBUG apply_focus_probe_result: awase::journal: ime event seq=1377 elapsed_ms=374461 event_kind="FocusChanged"
2026-09-20T00:02:45.889602Z DEBUG apply_focus_probe_result: awase_windows::runtime::focus_tracking: [focus] Imm32Unavailable hard pre-sync applied=true (prevent spurious VK_KANJI on first character key)
2026-09-20T00:02:45.889646Z DEBUG apply_focus_probe_result:gji_on_event{event=ImeOn { injection_mode: Unicode, gji_idle_ms: 24719 }}: awase_windows::tsf::gji_fsm: [gji-fsm] ImeOn: already on (OnCold(Short)), ignored
2026-09-20T00:02:45.889688Z DEBUG apply_focus_probe_result: awase::journal: gji fsm transition seq=1378 elapsed_ms=374462 trigger="ImeOn(gji_idle_ms=24719)" state_before="OnCold(Short)" state_after="OnCold(Short)"
2026-09-20T00:02:45.890283Z DEBUG awase_windows::observer::ime_observer: IME snapshot: japanese=Some(true) ime_on=None romaji=None conv=None guard=false
2026-09-20T00:02:45.890322Z DEBUG awase_windows::runtime::ime_refresh: ObserverPoll +0ms since focus: detection failed (miss=1), stale ime_on=true mode=ObservedRomaji
2026-09-20T00:02:45.894954Z DEBUG awase_windows::ime_diagnostic: [ime-diag] label=focus_changed t=338599937 hwnd=0x0 pid=0 tid=43640 class="" hkl=04110411 lang=0411 imm_bridge=true imc_open=- imc_conv=- shadow_on=false shadow_romaji=false shadow_jp=false inject=Unknown dt_focus_ms=- dt_activity_ms=-
2026-09-20T00:02:45.895032Z DEBUG awase_windows::runtime::ime_refresh: [composition] focus change → marking cold
2026-09-20T00:02:45.895081Z DEBUG awase_windows::tsf::probe: [composition] marked cold reason=FocusChange idle=28703ms → next VK/TSF output will send VK_DBE_HIRAGANA warmup
2026-09-20T00:02:45.895174Z DEBUG gji_on_event{event=FocusChange { injection_mode: Unicode, gji_idle_ms: 24719 }}: awase_windows::tsf::gji_fsm: [gji-fsm] FocusChange gji_idle=24719ms → Long
2026-09-20T00:02:45.895264Z DEBUG awase_windows::platform: [gji-fsm] CancelProbe probe_id=ProbeId(27)
2026-09-20T00:02:45.895293Z DEBUG awase_windows::platform: [gji-fsm] StartProbe probe_id=ProbeId(28) forces_f2=true long=true
2026-09-20T00:02:45.895318Z DEBUG awase_windows::platform: [gji-fsm] Unicode long-cold StartProbe: VK_IME_OFF→VK_IME_ON reinit (chars なし)
2026-09-20T00:02:45.895337Z DEBUG awase_windows::output::probe_io: [chrome-reinit] cold=0 VK_IME_OFF→VK_IME_ON 強制リセット送信 + IMC ポーリング開始 (write_bytes_baseline=188352586)
2026-09-20T00:02:45.895387Z DEBUG awase_windows::shadow_send_trace: [shadow-send] channel=SendInput kind=kanji_marker vk=[1A, 16] issue_us=374486275
2026-09-20T00:02:45.903436Z DEBUG awase_windows::hook: [hook] IME-mode vk=0x1A down self_injected=true injected=true scan=0x0 extra=0x4B45594A since_actuation_us=Some(8053)
2026-09-20T00:02:45.914853Z DEBUG awase_windows::hook: [hook] IME-mode vk=0x1A up self_injected=true injected=true scan=0x0 extra=0x4B45594A since_actuation_us=Some(19460)
2026-09-20T00:02:45.920235Z DEBUG awase_windows::hook: [hook] IME-mode vk=0x16 down self_injected=true injected=true scan=0x0 extra=0x4B45594A since_actuation_us=Some(24860)
2026-09-20T00:02:45.921787Z DEBUG awase_windows::hook: [hook] IME-mode vk=0x16 up self_injected=true injected=true scan=0x0 extra=0x4B45594A since_actuation_us=Some(26420)
2026-09-20T00:02:45.922320Z DEBUG awase_windows::tsf::ime_mode_fsm: [ime-mode] VK_IME_OFF 送信 → Off (belief, unconfirmed)
2026-09-20T00:02:45.922344Z DEBUG awase_windows::tsf::ime_mode_fsm: [ime-mode] VK_IME_ON 送信 → Hiragana (belief, unconfirmed)
2026-09-20T00:02:45.923416Z DEBUG awase_windows::tsf::ime_mode_fsm: [ime-mode] FocusChange (0ms after VK send) → confirmed=false のみ（state=Hiragana 維持）
2026-09-20T00:02:45.923544Z DEBUG awase::journal: gji fsm transition seq=1379 elapsed_ms=374467 trigger="FocusChange(gji_idle_ms=24719)" state_before="OnCold(Short)" state_after="OnCold(Long)"
2026-09-20T00:02:45.923564Z DEBUG awase::journal: tsf probe completed seq=1380 elapsed_ms=374467 outcome="Canceled" cold_seq=18446744073709551615 cold_seq_present=false probe_id=27 probe_id_present=true duration_ms=24734 tick_count=0 gji_state="OnCold(Long)"
2026-09-20T00:02:45.923575Z DEBUG awase::journal: tsf probe started seq=1381 elapsed_ms=374467 source="GjiAction::StartProbe" cold_seq=4 probe_id=28 probe_id_present=true gji_state="OnCold(Long)" consecutive_at_start=0 pending_deferred_len=0
2026-09-20T00:02:45.923584Z DEBUG awase::journal: gji fsm transition seq=1382 elapsed_ms=374495 trigger="WarmupComplete(unicode)" state_before="OnCold(Long)" state_after="OnWarm"
2026-09-20T00:02:45.923591Z DEBUG awase::journal: tsf probe completed seq=1383 elapsed_ms=374495 outcome="UnicodeImmediate" cold_seq=18446744073709551615 cold_seq_present=false probe_id=28 probe_id_present=true duration_ms=31 tick_count=0 gji_state="OnWarm"
2026-09-20T00:02:45.923626Z DEBUG awase_windows::runtime::ime_refresh: [composition] FocusChange: send_eager_tsf_warmup called (ime_on via warmup_ime_on())
2026-09-20T00:02:45.929819Z DEBUG apply_focus_probe_result: awase_windows::runtime::focus_tracking: Focus kind changed: Undetermined → TextInput (reason=KnownTextClass(Edit))
2026-09-20T00:02:45.929991Z DEBUG apply_focus_probe_result:reduce: awase_windows::state::observation_store: [focus-hwnd-track] update_focus_window: current_fence.hwnd HwndId(12453106) -> HwndId(14947664)
2026-09-20T00:02:45.930048Z DEBUG apply_focus_probe_result: awase::journal: ime event seq=1384 elapsed_ms=374502 event_kind="FocusHwndUpdated"
2026-09-20T00:02:45.930091Z DEBUG apply_focus_probe_result: awase::journal: focus transition seq=1385 elapsed_ms=374502 changed_process=false changed_window=true changed_app_kind=false changed_focus_kind=true dwell_ms=47 profile="ImmCross"
2026-09-20T00:02:45.930457Z DEBUG awase_windows::observer::ime_observer: IME snapshot: japanese=Some(true) ime_on=Some(false) romaji=None conv=Some("0x00000009") guard=false
2026-09-20T00:02:45.930544Z DEBUG awase::journal: ime event seq=1386 elapsed_ms=374502 event_kind="ObserverReported"
2026-09-20T00:02:45.930586Z  INFO awase_windows::runtime::ime_refresh: ObserverPoll +47ms since focus: ime_on true → false(intent=None) 
2026-09-20T00:02:45.930673Z  INFO awase::engine::engine: Engine deactivated (ime=false, romaji=true, japanese=true, user=true, reason=Inactive(ImeOff))
2026-09-20T00:02:45.930713Z DEBUG execute_from_loop: awase_windows::runtime::executor: [focus-settle] SetOpen(false) effect stripped from decision (focus transition barrier still settling)
2026-09-20T00:02:45.933606Z DEBUG execute_from_loop:execute_one{generation=None}: awase_windows::platform: [engine-state-key] suppressed (polling/focus-triggered, enabled=false)
2026-09-20T00:02:45.933778Z DEBUG awase_windows::runtime: [focus-settle] SetOpen stripped from execute_from_loop decision → 150ms 後に refresh で再試行
2026-09-20T00:02:45.935605Z DEBUG awase::journal: hook ime-mode diagnostic seq=1387 elapsed_ms=374508 vk_code=26 is_down=true self_injected=true injected=true scan=0
2026-09-20T00:02:45.935680Z DEBUG awase::journal: hook ime-mode diagnostic seq=1388 elapsed_ms=374508 vk_code=26 is_down=false self_injected=true injected=true scan=0
2026-09-20T00:02:45.935718Z DEBUG awase::journal: hook ime-mode diagnostic seq=1389 elapsed_ms=374508 vk_code=22 is_down=true self_injected=true injected=true scan=0
2026-09-20T00:02:45.935756Z DEBUG awase::journal: hook ime-mode diagnostic seq=1390 elapsed_ms=374508 vk_code=22 is_down=false self_injected=true injected=true scan=0
2026-09-20T00:02:45.938823Z DEBUG awase_windows::tsf::gji_monitor: [gji-io] WRITE: w_ops=+5 w_KB=+0.1 (r_ops=+10 x_ops=+10 x_KB=+0.0)
2026-09-20T00:02:45.942860Z DEBUG awase_windows::ime: [idle-conv-check-diag] focused_hwnd=HWND(0xe41550) ime_wnd=Some(HWND(0x1263866))
2026-09-20T00:02:45.945302Z DEBUG awase_windows::state::probe_admission: [ImmCrossProbe/focus] epoch rejected (transient window — focus changed since probe spawn) (same_root=true)
2026-09-20T00:02:45.946842Z  INFO awase_windows::output::probe_io: [chrome-reinit] cold=0 GJI write_bytes 上昇検出: tick=#0 delta=+60B (+0.1KB)
2026-09-20T00:02:45.948966Z DEBUG awase_windows::ime: [idle-conv-check-diag] focused_hwnd=HWND(0xe41550) ime_wnd=Some(HWND(0x1263866))
2026-09-20T00:02:45.949583Z DEBUG awase_windows::output::probe_io: [chrome-reinit] cold=0 IMC poll #0: conv=0x00000009 NATIVE=true write_delta=+60B
2026-09-20T00:02:45.949597Z DEBUG awase_windows::output::probe_io: [chrome-reinit] cold=0 stale focus_gen=16 → ポーリング終了
2026-09-20T00:02:45.949642Z  INFO awase_windows::output::probe_io: [chrome-reinit] cold=0 ポーリング完了: total_write_delta=+60B first_write_tick=Some(1)
2026-09-20T00:02:45.966310Z DEBUG awase_windows::runtime: [focus-sync] hwnd=0x1301F78 class="RICHEDIT50W" app_kind=Win32 hint=Default → mode=Unicode
2026-09-20T00:02:45.966379Z DEBUG awase_windows::tsf::tsf_gate: [tsf-gate] focus change → PendingWarmup (held cleared)
2026-09-20T00:02:45.984457Z DEBUG awase_windows::runtime: [focus-sync] hwnd=0xE41550 class="Edit" app_kind=Win32 hint=Default → mode=Unicode
2026-09-20T00:02:45.984518Z DEBUG awase_windows::output: [tsf-gate] focus change while PendingWarmup — held バッファを保持して再初期化スキップ (Chrome等の連続フォーカスイベント対策)
2026-09-20T00:02:46.056261Z DEBUG awase_windows::observer::ime_observer: IME snapshot: japanese=Some(true) ime_on=Some(true) romaji=None conv=Some("0x00000009") guard=false
2026-09-20T00:02:46.056305Z DEBUG awase::journal: ime event seq=1391 elapsed_ms=374628 event_kind="ObserverReported"
2026-09-20T00:02:46.056320Z  INFO awase_windows::runtime::ime_refresh: ObserverPoll +172ms since focus: ime_on false → true(intent=None) 
2026-09-20T00:02:46.056350Z  INFO awase::engine::engine: Engine activated (ime=true, romaji=true, japanese=true, user=true, reason=Active)
2026-09-20T00:02:46.056411Z DEBUG execute_from_loop:execute_one{generation=None}:dispatch_ime_set_open{open=true generation=None}: awase_windows::runtime::executor: [dispatch-ime] ImmCross async: optimistic applied_snapshot=true (suppress send_engine_state_ime_key)
2026-09-20T00:02:46.057617Z DEBUG execute_from_loop:execute_one{generation=None}: awase_windows::platform: [engine-state-key] suppressed (polling/focus-triggered, enabled=true)
2026-09-20T00:02:46.060379Z DEBUG run_open_chain_async: awase_windows::ime_controller: [warrant-shadow] chain=async open=true origin=EventOrigin { source: SelfActuated { strategy: "engine_decision_async" }, epoch: Generation(0) } warranted
2026-09-20T00:02:46.060457Z  INFO run_open_chain_async:imm_cross_write{open=true}: awase_windows::runtime::open_chain: [apply-ime] ImmCross async: open=true composition_active=false show_seq=0 change_seq=0 (issue #138診断)
2026-09-20T00:02:46.063101Z DEBUG awase_windows::shadow_send_trace: [shadow-send] channel=ImeControl cmd=0x0006 lparam=1 issue_us=374653830
2026-09-20T00:02:46.063117Z DEBUG awase_windows::ime: set_ime_open_for_target: hwnd=HWND(0xe41550) ime_wnd=HWND(0x1263866) open=true success=true send_elapsed=0ms candidate_visible=false
2026-09-20T00:02:46.065127Z DEBUG awase_windows::shadow_send_trace: [shadow-send] channel=ImeControl cmd=0x0002 lparam=25 issue_us=374654149
2026-09-20T00:02:46.065139Z DEBUG awase_windows::ime: [imm-romaji] conv 0x00000009 → 0x00000019 success=true target=None
2026-09-20T00:02:46.065511Z DEBUG run_open_chain_async:imm_cross_write{open=true}: awase_windows::ime: [imm-cross-actuate] hwnd=HWND(0xe41550) open=Written conv=Some(Written)
2026-09-20T00:02:46.065589Z DEBUG run_open_chain_async:imm_cross_write{open=true}: awase_windows::runtime::open_chain: [apply-ime] ROMAN 補完結果: Written
2026-09-20T00:02:46.065670Z DEBUG run_open_chain_async: awase::journal: actuation decision seq=1392 elapsed_ms=374638 site="DispatchImeSetOpen" caller="None" open=true chain_len=4 attempts_len=1 gate_profile="Standard" gate_kind="Gji" gate_shadow_known=true gate_shadow_on=true gate_input_mode="Obser
2026-09-20T00:02:46.066140Z DEBUG on_ime_apply_complete{open=true outcome=AppliedWithoutSendInput generation=None reason=EngineDecision}: awase::journal: ime open applied seq=1393 elapsed_ms=374638 open=true outcome="AppliedWithoutSendInput" reason="EngineDecision"
2026-09-20T00:02:46.066194Z DEBUG on_ime_apply_complete{open=true outcome=AppliedWithoutSendInput generation=None reason=EngineDecision}: awase_windows::tsf::ime_mode_fsm: [ime-mode] SetOpen(true) applied → Hiragana (belief, unconfirmed)
2026-09-20T00:02:46.066208Z DEBUG on_ime_apply_complete{open=true outcome=AppliedWithoutSendInput generation=None reason=EngineDecision}: awase_windows::platform: [composition] ImeEffect::SetOpen(true) → marking cold
2026-09-20T00:02:46.066261Z DEBUG on_ime_apply_complete{open=true outcome=AppliedWithoutSendInput generation=None reason=EngineDecision}: awase_windows::tsf::probe: [composition] marked cold reason=SetOpenTrue idle=28875ms → next VK/TSF output will send VK_DBE_HIRAGANA warmup
2026-09-20T00:02:46.066286Z DEBUG on_ime_apply_complete{open=true outcome=AppliedWithoutSendInput generation=None reason=EngineDecision}:gji_on_event{event=ImeOn { injection_mode: Unicode, gji_idle_ms: 125 }}: awase_windows::tsf::gji_fsm: [gji-fsm] ImeOn: already on (OnWarm), ignored
2026-09-20T00:02:46.066400Z DEBUG awase::journal: gji fsm transition seq=1394 elapsed_ms=374638 trigger="ImeOn(gji_idle_ms=125)" state_before="OnWarm" state_after="OnWarm"
2026-09-20T00:02:46.104909Z DEBUG awase_windows::observer::ime_observer: IME snapshot: japanese=Some(true) ime_on=Some(true) romaji=Some(true) conv=Some("0x00000019") guard=false
2026-09-20T00:02:46.104987Z DEBUG awase::journal: ime event seq=1395 elapsed_ms=374677 event_kind="ObserverReported"
2026-09-20T00:02:46.105013Z DEBUG awase::journal: ime event seq=1396 elapsed_ms=374677 event_kind="InputModeObserved"
2026-09-20T00:02:46.330804Z DEBUG awase_windows::hook: [hook] IME-mode vk=0xF2 down self_injected=false injected=false scan=0x70 extra=0x5350494B since_actuation_us=Some(435412)
2026-09-20T00:02:46.331270Z DEBUG awase::journal: hook ime-mode diagnostic seq=1397 elapsed_ms=374903 vk_code=242 is_down=true self_injected=false injected=false scan=112
2026-09-20T00:02:46.332119Z  INFO awase_windows::runtime::key_pipeline: [shadow-toggle] intent 昇格: vk=0xF2 scan=0x70 action=TurnOn kind=PhysicalImeKey injected=false true→true w_ops0=112217 x_ops0=248692 x_KB0=23.8
2026-09-20T00:02:46.332209Z DEBUG awase::journal: ime event seq=1398 elapsed_ms=374904 event_kind="UserImeSetIntent"
2026-09-20T00:02:46.332246Z DEBUG awase_windows::runtime::key_pipeline: [shadow-toggle] no-op: vk=0xF2 action=TurnOn source=PhysicalImeKey effective_open は既に true → apply-ime 見送り
2026-09-20T00:02:46.332281Z DEBUG awase_windows::runtime::key_pipeline: [engine-input] vk=0xF2 KeyDown ts=374922169us delay=1ms state=Idle mods(c=false s=false a=false w=false) gas_ctrl=false phys_ctrl=false extra=0x5350494B pending_drain=0 gate_active=false l_thumb=None r_thumb=None [diag-ctx] ime_
2026-09-20T00:02:46.332381Z DEBUG awase::journal: key input seq=1399 elapsed_ms=374904 vk_code=242 is_down=true injected=false key_class="Passthrough" state_before="Idle" state_after="Idle" decision="PassThrough" physical="Allow" repeat_count=1 last_timestamp_us=374922169 last_elapsed_ms=0
2026-09-20T00:02:46.332672Z DEBUG awase_windows::runtime::key_pipeline: may_change_ime key passed through → IME refresh scheduled (20ms)
2026-09-20T00:02:46.332746Z DEBUG execute_from_hook: awase_windows::runtime::executor: [relay-passthrough] PassThrough idle: direct OS pass-through (vk=0xf2 down)
2026-09-20T00:02:46.333158Z DEBUG execute_one{generation=None}: awase_windows::runtime::executor: [reinject] vk=0xf2 down (queued passthrough now firing)
2026-09-20T00:02:46.336545Z DEBUG awase_windows::hook: [hook] IME-mode vk=0xF2 down self_injected=true injected=true scan=0x0 extra=0x4B45594D since_actuation_us=Some(441166)
2026-09-20T00:02:46.343083Z DEBUG awase::journal: hook ime-mode diagnostic seq=1400 elapsed_ms=374915 vk_code=242 is_down=true self_injected=true injected=true scan=0
2026-09-20T00:02:46.343399Z DEBUG awase::journal: ime event seq=1401 elapsed_ms=374915 event_kind="ObserverReported"
2026-09-20T00:02:46.343459Z  INFO awase_windows::runtime::key_pipeline: FocusProbe +15ms: ime_on=true mode=ObservedRomaji [ime=GoogleJapaneseInput sig1=false gji_io=406ms sig2=false]
2026-09-20T00:02:46.344672Z DEBUG awase_windows::tsf::gji_monitor: [gji-io] WRITE: w_ops=+2 w_KB=+0.0 (r_ops=+4 x_ops=+2 x_KB=+0.0)
2026-09-20T00:02:46.349752Z DEBUG awase::journal: ime event seq=1402 elapsed_ms=374922 event_kind="ObserverReported"
2026-09-20T00:02:46.349785Z DEBUG awase_windows::runtime::key_pipeline: [ImmCrossProbe] child-hwnd IME=true → High confidence 観測記録
2026-09-20T00:02:46.349822Z DEBUG awase_windows::observer::ime_observer: IME snapshot: japanese=Some(true) ime_on=Some(true) romaji=None conv=Some("0x00000010") guard=false
2026-09-20T00:02:46.349851Z DEBUG awase::journal: ime event seq=1403 elapsed_ms=374922 event_kind="InputModeObserved"
2026-09-20T00:02:46.360651Z DEBUG awase_windows::tsf::gji_monitor: [gji-io] r_ops=+0 w_ops=+0 x_ops=+2 read_KB=+0.0 x_KB=+0.0
2026-09-20T00:02:46.368271Z DEBUG awase_windows::runtime::ime_refresh: Explicit intent: bypassing typing-idle guard for IME verify (idle=46ms)
2026-09-20T00:02:46.368318Z DEBUG awase_windows::observer::ime_observer: IME snapshot: japanese=Some(true) ime_on=Some(true) romaji=None conv=Some("0x00000010") guard=false
2026-09-20T00:02:46.368396Z DEBUG awase::journal: ime event seq=1404 elapsed_ms=374940 event_kind="ObserverReported"
2026-09-20T00:02:46.368453Z DEBUG awase::engine::engine: [diag-engine-active] ime_on=true なのに非活性: reason=Inactive(NotRomajiInput) romaji_capable=false japanese=true user_enabled=true was_active=true input_mode=ObservedEisu
2026-09-20T00:02:46.368501Z  INFO awase::engine::engine: Engine deactivated (ime=true, romaji=false, japanese=true, user=true, reason=Inactive(NotRomajiInput))
2026-09-20T00:02:47.018570Z DEBUG awase_windows::runtime::message_handlers: [drain] vk=0x4B KeyDown
2026-09-20T00:02:47.018601Z DEBUG awase_windows::runtime::message_handlers: [output-drain] replay vk=0x4B KeyDown event_ts=375608753us now=375609512us delta=0ms
2026-09-20T00:02:47.018746Z DEBUG awase_windows::runtime::key_pipeline: [engine-input] vk=0x4B KeyDown ts=375608753us delay=0ms state=Idle mods(c=false s=false a=false w=false) gas_ctrl=false phys_ctrl=false extra=0x5350494B pending_drain=0 gate_active=false l_thumb=None r_thumb=None [diag-ctx] ime_
2026-09-20T00:02:47.018818Z DEBUG awase::engine::engine: [diag-engine-active] ime_on=true なのに非活性: reason=Inactive(NotRomajiInput) romaji_capable=false japanese=true user_enabled=true was_active=false input_mode=ObservedEisu
2026-09-20T00:02:47.018952Z DEBUG awase::journal: key input seq=1405 elapsed_ms=375591 vk_code=75 is_down=true injected=false key_class="Char" state_before="Idle" state_after="Idle" decision="PassThrough" physical="Allow" repeat_count=1 last_timestamp_us=375608753 last_elapsed_ms=0
2026-09-20T00:02:47.019190Z DEBUG awase_windows::runtime::message_handlers: [output-drain] PassThrough → enqueue ReinjectKey vk=0x4B KeyDown (drain has no hook→OS path)
2026-09-20T00:02:47.019323Z DEBUG execute_one{generation=None}: awase_windows::runtime::executor: [reinject] vk=0x4b down (queued passthrough now firing)
2026-09-20T00:02:47.028063Z DEBUG awase_windows::tsf::gji_monitor: [gji-io] WRITE: w_ops=+1 w_KB=+0.0 (r_ops=+2 x_ops=+2 x_KB=+0.0)
2026-09-20T00:02:47.043390Z DEBUG awase_windows::tsf::gji_monitor: [gji-io] WRITE: w_ops=+1 w_KB=+0.3 (r_ops=+2 x_ops=+2 x_KB=+0.0)
2026-09-20T00:02:47.053398Z  INFO awase_windows::tsf::win_event_obs: [gji-obs] candidate SHOW #55: last_gji_write=0ms ago
2026-09-20T00:02:47.156408Z DEBUG awase_windows::runtime::key_pipeline: [engine-input] vk=0x4B KeyUp ts=375746913us delay=0ms state=Idle mods(c=false s=false a=false w=false) gas_ctrl=false phys_ctrl=false extra=0x5350494B pending_drain=0 gate_active=false l_thumb=None r_thumb=None [diag-ctx] ime_on
2026-09-20T00:02:47.156439Z DEBUG awase::engine::engine: [diag-engine-active] ime_on=true なのに非活性: reason=Inactive(NotRomajiInput) romaji_capable=false japanese=true user_enabled=true was_active=false input_mode=ObservedEisu
2026-09-20T00:02:47.156480Z DEBUG awase::journal: key input seq=1406 elapsed_ms=375728 vk_code=75 is_down=false injected=false key_class="Char" state_before="Idle" state_after="Idle" decision="PassThrough" physical="Allow" repeat_count=1 last_timestamp_us=375746913 last_elapsed_ms=0
2026-09-20T00:02:47.156557Z DEBUG execute_one{generation=None}: awase_windows::runtime::executor: [reinject] vk=0x4b up (queued passthrough now firing)
2026-09-20T00:02:47.160271Z DEBUG awase_windows::platform: [gji-fsm] StartComposition (candidate SHOW)
2026-09-20T00:02:47.160352Z DEBUG gji_on_event{event=StartComposition}: awase_windows::tsf::gji_fsm: [gji-fsm] StartComposition: OnWarm → OnComposing(AlreadyWarm)
2026-09-20T00:02:47.160689Z DEBUG awase::journal: gji fsm transition seq=1407 elapsed_ms=375732 trigger="StartComposition(candidate SHOW)" state_before="OnWarm" state_after="OnComposing(Warm)"
2026-09-20T00:02:47.697274Z DEBUG awase_windows::runtime::key_pipeline: [engine-input] vk=0x1B KeyDown ts=376287907us delay=0ms state=Idle mods(c=false s=false a=false w=false) gas_ctrl=false phys_ctrl=false extra=0x5350494B pending_drain=0 gate_active=false l_thumb=None r_thumb=None [diag-ctx] ime_
2026-09-20T00:02:47.697331Z DEBUG awase::engine::engine: [diag-engine-active] ime_on=true なのに非活性: reason=Inactive(NotRomajiInput) romaji_capable=false japanese=true user_enabled=true was_active=false input_mode=ObservedEisu
2026-09-20T00:02:47.697403Z DEBUG awase::journal: key input seq=1408 elapsed_ms=376269 vk_code=27 is_down=true injected=false key_class="Passthrough" state_before="Idle" state_after="Idle" decision="PassThrough" physical="Allow" repeat_count=1 last_timestamp_us=376287907 last_elapsed_ms=0
2026-09-20T00:02:47.697502Z DEBUG execute_from_hook: awase_windows::runtime::executor: [relay-passthrough] PassThrough idle: direct OS pass-through (vk=0x1b down)
2026-09-20T00:02:47.697592Z DEBUG execute_one{generation=None}: awase_windows::runtime::executor: [reinject] vk=0x1b down (queued passthrough now firing)
2026-09-20T00:02:47.701044Z DEBUG awase_windows::tsf::gji_monitor: [gji-io] r_ops=+1 w_ops=+0 x_ops=+0 read_KB=+0.0 x_KB=+0.0
2026-09-20T00:02:47.709599Z  INFO awase_windows::tsf::win_event_obs: [gji-obs] candidate HIDE: last_gji_write=657ms ago
2026-09-20T00:02:47.716267Z DEBUG awase_windows::tsf::gji_monitor: [gji-io] WRITE: w_ops=+2 w_KB=+0.4 (r_ops=+3 x_ops=+4 x_KB=+0.0)
2026-09-20T00:02:47.726951Z DEBUG awase_windows::runtime::key_pipeline: [engine-input] vk=0x1B KeyUp ts=376317559us delay=0ms state=Idle mods(c=false s=false a=false w=false) gas_ctrl=false phys_ctrl=false extra=0x5350494B pending_drain=0 gate_active=false l_thumb=None r_thumb=None [diag-ctx] ime_on
2026-09-20T00:02:47.727014Z DEBUG awase::engine::engine: [diag-engine-active] ime_on=true なのに非活性: reason=Inactive(NotRomajiInput) romaji_capable=false japanese=true user_enabled=true was_active=false input_mode=ObservedEisu
2026-09-20T00:02:47.727098Z DEBUG awase::journal: key input seq=1409 elapsed_ms=376299 vk_code=27 is_down=false injected=false key_class="Passthrough" state_before="Idle" state_after="Idle" decision="PassThrough" physical="Allow" repeat_count=1 last_timestamp_us=376317559 last_elapsed_ms=0
2026-09-20T00:02:47.727198Z DEBUG execute_from_hook: awase_windows::runtime::executor: [relay-passthrough] PassThrough idle: direct OS pass-through (vk=0x1b up)
2026-09-20T00:02:47.727276Z DEBUG execute_one{generation=None}: awase_windows::runtime::executor: [reinject] vk=0x1b up (queued passthrough now firing)
2026-09-20T00:02:47.729942Z DEBUG awase_windows::platform: [gji-fsm] EndComposition (candidate HIDE) epoch=FocusEpoch(55)
2026-09-20T00:02:47.730010Z DEBUG awase::journal: gji fsm transition seq=1410 elapsed_ms=376302 trigger="EndComposition(candidate HIDE, epoch=FocusEpoch(55))" state_before="OnComposing(Warm)" state_after="OnWarm"
2026-09-20T00:02:49.482892Z DEBUG awase_windows::runtime::key_pipeline: [shadow-toggle] vk=0x1DはFSM delegate所有 → belief書き込み/actuationをスキップ w_ops0=112223 x_ops0=248704 x_KB0=23.8
2026-09-20T00:02:49.482949Z DEBUG awase_windows::runtime::key_pipeline: [shadow-toggle] no-op: vk=0x1D action=Toggle source=PhysicalImeKey effective_open は既に true → apply-ime 見送り
2026-09-20T00:02:49.483007Z DEBUG awase_windows::runtime::key_pipeline: [engine-input] vk=0x1D KeyDown ts=378073446us delay=0ms state=Idle mods(c=false s=false a=false w=false) gas_ctrl=false phys_ctrl=false extra=0x5350494B pending_drain=0 gate_active=false l_thumb=Some(378073422) r_thumb=None [dia
2026-09-20T00:02:49.483069Z DEBUG awase::engine::engine: [diag-engine-active] ime_on=true なのに非活性: reason=Inactive(NotRomajiInput) romaji_capable=false japanese=true user_enabled=true was_active=false input_mode=ObservedEisu
2026-09-20T00:02:49.483182Z DEBUG awase::journal: key input seq=1411 elapsed_ms=378055 vk_code=29 is_down=true injected=false key_class="LeftThumb" state_before="Idle" state_after="Idle" decision="PassThrough" physical="Allow" repeat_count=1 last_timestamp_us=378073446 last_elapsed_ms=0
2026-09-20T00:02:49.483415Z DEBUG execute_one{generation=None}: awase_windows::runtime::executor: [reinject] vk=0x1d down (queued passthrough now firing)
2026-09-20T00:02:49.491973Z DEBUG awase_windows::tsf::gji_monitor: [gji-io] WRITE: w_ops=+2 w_KB=+0.0 (r_ops=+4 x_ops=+4 x_KB=+0.0)
2026-09-20T00:02:49.605931Z DEBUG awase_windows::runtime::key_pipeline: [engine-input] vk=0x1D KeyUp ts=378196584us delay=0ms state=Idle mods(c=false s=false a=false w=false) gas_ctrl=false phys_ctrl=false extra=0x5350494B pending_drain=0 gate_active=false l_thumb=None r_thumb=None [diag-ctx] ime_on
2026-09-20T00:02:49.605983Z DEBUG awase::engine::engine: [diag-engine-active] ime_on=true なのに非活性: reason=Inactive(NotRomajiInput) romaji_capable=false japanese=true user_enabled=true was_active=false input_mode=ObservedEisu
2026-09-20T00:02:49.606062Z DEBUG awase::journal: key input seq=1412 elapsed_ms=378178 vk_code=29 is_down=false injected=false key_class="LeftThumb" state_before="Idle" state_after="Idle" decision="PassThrough" physical="Allow" repeat_count=1 last_timestamp_us=378196584 last_elapsed_ms=0
2026-09-20T00:02:49.606216Z DEBUG execute_one{generation=None}: awase_windows::runtime::executor: [reinject] vk=0x1d up (queued passthrough now firing)
2026-09-20T00:02:50.176527Z DEBUG awase_windows::runtime::key_pipeline: [engine-input] vk=0x4B KeyDown ts=378767272us delay=0ms state=Idle mods(c=false s=false a=false w=false) gas_ctrl=false phys_ctrl=false extra=0x5350494B pending_drain=0 gate_active=false l_thumb=None r_thumb=None [diag-ctx] ime_
2026-09-20T00:02:50.176572Z DEBUG awase::engine::engine: [diag-engine-active] ime_on=true なのに非活性: reason=Inactive(NotRomajiInput) romaji_capable=false japanese=true user_enabled=true was_active=false input_mode=ObservedEisu
2026-09-20T00:02:50.176612Z DEBUG awase::journal: key input seq=1413 elapsed_ms=378748 vk_code=75 is_down=true injected=false key_class="Char" state_before="Idle" state_after="Idle" decision="PassThrough" physical="Allow" repeat_count=1 last_timestamp_us=378767272 last_elapsed_ms=0
2026-09-20T00:02:50.176684Z DEBUG execute_one{generation=None}: awase_windows::runtime::executor: [reinject] vk=0x4b down (queued passthrough now firing)
2026-09-20T00:02:50.304506Z DEBUG awase_windows::runtime::key_pipeline: [engine-input] vk=0x4B KeyUp ts=378895259us delay=0ms state=Idle mods(c=false s=false a=false w=false) gas_ctrl=false phys_ctrl=false extra=0x5350494B pending_drain=0 gate_active=false l_thumb=None r_thumb=None [diag-ctx] ime_on
2026-09-20T00:02:50.304535Z DEBUG awase::engine::engine: [diag-engine-active] ime_on=true なのに非活性: reason=Inactive(NotRomajiInput) romaji_capable=false japanese=true user_enabled=true was_active=false input_mode=ObservedEisu
2026-09-20T00:02:50.304644Z DEBUG awase::journal: key input seq=1414 elapsed_ms=378876 vk_code=75 is_down=false injected=false key_class="Char" state_before="Idle" state_after="Idle" decision="PassThrough" physical="Allow" repeat_count=1 last_timestamp_us=378895259 last_elapsed_ms=0
2026-09-20T00:02:50.304756Z DEBUG execute_one{generation=None}: awase_windows::runtime::executor: [reinject] vk=0x4b up (queued passthrough now firing)
2026-09-20T00:02:50.664588Z DEBUG awase_windows::runtime::key_pipeline: [engine-input] vk=0x1B KeyDown ts=379255341us delay=0ms state=Idle mods(c=false s=false a=false w=false) gas_ctrl=false phys_ctrl=false extra=0x5350494B pending_drain=0 gate_active=false l_thumb=None r_thumb=None [diag-ctx] ime_
2026-09-20T00:02:50.664619Z DEBUG awase::engine::engine: [diag-engine-active] ime_on=true なのに非活性: reason=Inactive(NotRomajiInput) romaji_capable=false japanese=true user_enabled=true was_active=false input_mode=ObservedEisu
2026-09-20T00:02:50.664655Z DEBUG awase::journal: key input seq=1415 elapsed_ms=379236 vk_code=27 is_down=true injected=false key_class="Passthrough" state_before="Idle" state_after="Idle" decision="PassThrough" physical="Allow" repeat_count=1 last_timestamp_us=379255341 last_elapsed_ms=0
2026-09-20T00:02:50.664705Z DEBUG execute_from_hook: awase_windows::runtime::executor: [relay-passthrough] PassThrough idle: direct OS pass-through (vk=0x1b down)
2026-09-20T00:02:50.664740Z DEBUG execute_one{generation=None}: awase_windows::runtime::executor: [reinject] vk=0x1b down (queued passthrough now firing)
2026-09-20T00:02:50.867932Z DEBUG awase_windows::runtime::key_pipeline: [engine-input] vk=0x1B KeyUp ts=379458599us delay=0ms state=Idle mods(c=false s=false a=false w=false) gas_ctrl=false phys_ctrl=false extra=0x5350494B pending_drain=0 gate_active=false l_thumb=None r_thumb=None [diag-ctx] ime_on
2026-09-20T00:02:50.867962Z DEBUG awase::engine::engine: [diag-engine-active] ime_on=true なのに非活性: reason=Inactive(NotRomajiInput) romaji_capable=false japanese=true user_enabled=true was_active=false input_mode=ObservedEisu
2026-09-20T00:02:50.868000Z DEBUG awase::journal: key input seq=1416 elapsed_ms=379440 vk_code=27 is_down=false injected=false key_class="Passthrough" state_before="Idle" state_after="Idle" decision="PassThrough" physical="Allow" repeat_count=1 last_timestamp_us=379458599 last_elapsed_ms=0
2026-09-20T00:02:50.868053Z DEBUG execute_from_hook: awase_windows::runtime::executor: [relay-passthrough] PassThrough idle: direct OS pass-through (vk=0x1b up)
2026-09-20T00:02:50.868086Z DEBUG execute_one{generation=None}: awase_windows::runtime::executor: [reinject] vk=0x1b up (queued passthrough now firing)
2026-09-20T00:02:52.613875Z DEBUG awase_windows::runtime::key_pipeline: [shadow-toggle] vk=0x1DはFSM delegate所有 → belief書き込み/actuationをスキップ w_ops0=112225 x_ops0=248708 x_KB0=23.8
2026-09-20T00:02:52.613939Z DEBUG awase_windows::runtime::key_pipeline: [shadow-toggle] no-op: vk=0x1D action=Toggle source=PhysicalImeKey effective_open は既に true → apply-ime 見送り
2026-09-20T00:02:52.614002Z DEBUG awase_windows::runtime::key_pipeline: [engine-input] vk=0x1D KeyDown ts=381203895us delay=0ms state=Idle mods(c=false s=false a=false w=false) gas_ctrl=false phys_ctrl=false extra=0x5350494B pending_drain=0 gate_active=false l_thumb=Some(381203865) r_thumb=None [dia
2026-09-20T00:02:52.614067Z DEBUG awase::engine::engine: [diag-engine-active] ime_on=true なのに非活性: reason=Inactive(NotRomajiInput) romaji_capable=false japanese=true user_enabled=true was_active=false input_mode=ObservedEisu
2026-09-20T00:02:52.614191Z DEBUG awase::journal: key input seq=1417 elapsed_ms=381186 vk_code=29 is_down=true injected=false key_class="LeftThumb" state_before="Idle" state_after="Idle" decision="PassThrough" physical="Allow" repeat_count=1 last_timestamp_us=381203895 last_elapsed_ms=0
2026-09-20T00:02:52.614447Z DEBUG execute_one{generation=None}: awase_windows::runtime::executor: [reinject] vk=0x1d down (queued passthrough now firing)
2026-09-20T00:02:52.624894Z DEBUG awase_windows::tsf::gji_monitor: [gji-io] WRITE: w_ops=+2 w_KB=+0.0 (r_ops=+4 x_ops=+4 x_KB=+0.0)
2026-09-20T00:02:52.738074Z DEBUG awase_windows::runtime::key_pipeline: [engine-input] vk=0x1D KeyUp ts=381328742us delay=0ms state=Idle mods(c=false s=false a=false w=false) gas_ctrl=false phys_ctrl=false extra=0x5350494B pending_drain=0 gate_active=false l_thumb=None r_thumb=None [diag-ctx] ime_on
2026-09-20T00:02:52.738128Z DEBUG awase::engine::engine: [diag-engine-active] ime_on=true なのに非活性: reason=Inactive(NotRomajiInput) romaji_capable=false japanese=true user_enabled=true was_active=false input_mode=ObservedEisu
2026-09-20T00:02:52.738205Z DEBUG awase::journal: key input seq=1418 elapsed_ms=381310 vk_code=29 is_down=false injected=false key_class="LeftThumb" state_before="Idle" state_after="Idle" decision="PassThrough" physical="Allow" repeat_count=1 last_timestamp_us=381328742 last_elapsed_ms=0
2026-09-20T00:02:52.738364Z DEBUG execute_one{generation=None}: awase_windows::runtime::executor: [reinject] vk=0x1d up (queued passthrough now firing)
2026-09-20T00:02:53.302317Z DEBUG awase_windows::runtime::key_pipeline: [engine-input] vk=0x4B KeyDown ts=381893021us delay=0ms state=Idle mods(c=false s=false a=false w=false) gas_ctrl=false phys_ctrl=false extra=0x5350494B pending_drain=0 gate_active=false l_thumb=None r_thumb=None [diag-ctx] ime_
2026-09-20T00:02:53.302348Z DEBUG awase::engine::engine: [diag-engine-active] ime_on=true なのに非活性: reason=Inactive(NotRomajiInput) romaji_capable=false japanese=true user_enabled=true was_active=false input_mode=ObservedEisu
2026-09-20T00:02:53.302600Z DEBUG awase::journal: key input seq=1419 elapsed_ms=381874 vk_code=75 is_down=true injected=false key_class="Char" state_before="Idle" state_after="Idle" decision="PassThrough" physical="Allow" repeat_count=1 last_timestamp_us=381893021 last_elapsed_ms=0
2026-09-20T00:02:53.302668Z DEBUG execute_one{generation=None}: awase_windows::runtime::executor: [reinject] vk=0x4b down (queued passthrough now firing)
2026-09-20T00:02:53.315123Z DEBUG awase_windows::tsf::gji_monitor: [gji-io] WRITE: w_ops=+2 w_KB=+0.4 (r_ops=+4 x_ops=+4 x_KB=+0.0)
2026-09-20T00:02:53.319136Z  INFO awase_windows::tsf::win_event_obs: [gji-obs] candidate SHOW #56: last_gji_write=0ms ago
2026-09-20T00:02:53.490011Z DEBUG awase_windows::runtime::key_pipeline: [engine-input] vk=0x4B KeyUp ts=382080602us delay=0ms state=Idle mods(c=false s=false a=false w=false) gas_ctrl=false phys_ctrl=false extra=0x5350494B pending_drain=0 gate_active=false l_thumb=None r_thumb=None [diag-ctx] ime_on
2026-09-20T00:02:53.490056Z DEBUG awase::engine::engine: [diag-engine-active] ime_on=true なのに非活性: reason=Inactive(NotRomajiInput) romaji_capable=false japanese=true user_enabled=true was_active=false input_mode=ObservedEisu
2026-09-20T00:02:53.490122Z DEBUG awase::journal: key input seq=1420 elapsed_ms=382062 vk_code=75 is_down=false injected=false key_class="Char" state_before="Idle" state_after="Idle" decision="PassThrough" physical="Allow" repeat_count=1 last_timestamp_us=382080602 last_elapsed_ms=0
2026-09-20T00:02:53.490280Z DEBUG execute_one{generation=None}: awase_windows::runtime::executor: [reinject] vk=0x4b up (queued passthrough now firing)
2026-09-20T00:02:53.494289Z DEBUG awase_windows::platform: [gji-fsm] StartComposition (candidate SHOW)
2026-09-20T00:02:53.494329Z DEBUG gji_on_event{event=StartComposition}: awase_windows::tsf::gji_fsm: [gji-fsm] StartComposition: OnWarm → OnComposing(AlreadyWarm)
2026-09-20T00:02:53.494600Z DEBUG awase::journal: gji fsm transition seq=1421 elapsed_ms=382066 trigger="StartComposition(candidate SHOW)" state_before="OnWarm" state_after="OnComposing(Warm)"
2026-09-20T00:02:53.799904Z DEBUG awase_windows::runtime::key_pipeline: [engine-input] vk=0x1B KeyDown ts=382390604us delay=0ms state=Idle mods(c=false s=false a=false w=false) gas_ctrl=false phys_ctrl=false extra=0x5350494B pending_drain=0 gate_active=false l_thumb=None r_thumb=None [diag-ctx] ime_
2026-09-20T00:02:53.799959Z DEBUG awase::engine::engine: [diag-engine-active] ime_on=true なのに非活性: reason=Inactive(NotRomajiInput) romaji_capable=false japanese=true user_enabled=true was_active=false input_mode=ObservedEisu
2026-09-20T00:02:53.800033Z DEBUG awase::journal: key input seq=1422 elapsed_ms=382372 vk_code=27 is_down=true injected=false key_class="Passthrough" state_before="Idle" state_after="Idle" decision="PassThrough" physical="Allow" repeat_count=1 last_timestamp_us=382390604 last_elapsed_ms=0
2026-09-20T00:02:53.800131Z DEBUG execute_from_hook: awase_windows::runtime::executor: [relay-passthrough] PassThrough idle: direct OS pass-through (vk=0x1b down)
2026-09-20T00:02:53.800207Z DEBUG execute_one{generation=None}: awase_windows::runtime::executor: [reinject] vk=0x1b down (queued passthrough now firing)
2026-09-20T00:02:53.813042Z DEBUG awase_windows::tsf::gji_monitor: [gji-io] WRITE: w_ops=+2 w_KB=+0.4 (r_ops=+4 x_ops=+4 x_KB=+0.0)
2026-09-20T00:02:53.813263Z  INFO awase_windows::tsf::win_event_obs: [gji-obs] candidate HIDE: last_gji_write=0ms ago
2026-09-20T00:02:53.986741Z DEBUG awase_windows::runtime::key_pipeline: [engine-input] vk=0x1B KeyUp ts=382576482us delay=1ms state=Idle mods(c=false s=false a=false w=false) gas_ctrl=false phys_ctrl=false extra=0x5350494B pending_drain=0 gate_active=false l_thumb=None r_thumb=None [diag-ctx] ime_on
2026-09-20T00:02:53.986770Z DEBUG awase::engine::engine: [diag-engine-active] ime_on=true なのに非活性: reason=Inactive(NotRomajiInput) romaji_capable=false japanese=true user_enabled=true was_active=false input_mode=ObservedEisu
2026-09-20T00:02:53.986807Z DEBUG awase::journal: key input seq=1423 elapsed_ms=382558 vk_code=27 is_down=false injected=false key_class="Passthrough" state_before="Idle" state_after="Idle" decision="PassThrough" physical="Allow" repeat_count=1 last_timestamp_us=382576482 last_elapsed_ms=0
2026-09-20T00:02:53.986859Z DEBUG execute_from_hook: awase_windows::runtime::executor: [relay-passthrough] PassThrough idle: direct OS pass-through (vk=0x1b up)
2026-09-20T00:02:53.986894Z DEBUG execute_one{generation=None}: awase_windows::runtime::executor: [reinject] vk=0x1b up (queued passthrough now firing)
2026-09-20T00:02:53.988070Z DEBUG awase_windows::platform: [gji-fsm] EndComposition (candidate HIDE) epoch=FocusEpoch(56)
2026-09-20T00:02:53.988319Z DEBUG awase::journal: gji fsm transition seq=1424 elapsed_ms=382560 trigger="EndComposition(candidate HIDE, epoch=FocusEpoch(56))" state_before="OnComposing(Warm)" state_after="OnWarm"
2026-09-20T00:02:55.796872Z DEBUG awase_windows::hook: [hook] IME-mode vk=0xF0 up self_injected=false injected=false scan=0x70 extra=0x5350494B since_actuation_us=Some(9901491)
2026-09-20T00:02:55.797027Z DEBUG awase::journal: hook ime-mode diagnostic seq=1425 elapsed_ms=384368 vk_code=240 is_down=false self_injected=false injected=false scan=112
2026-09-20T00:02:55.797310Z DEBUG awase_windows::runtime::key_pipeline: [engine-input] vk=0xF0 KeyUp ts=384387941us delay=0ms state=Idle mods(c=false s=false a=false w=false) gas_ctrl=false phys_ctrl=false extra=0x5350494B pending_drain=0 gate_active=false l_thumb=None r_thumb=None [diag-ctx] ime_on
2026-09-20T00:02:55.797432Z DEBUG awase::engine::engine: [diag-engine-active] ime_on=true なのに非活性: reason=Inactive(NotRomajiInput) romaji_capable=false japanese=true user_enabled=true was_active=false input_mode=ObservedEisu
2026-09-20T00:02:55.797325Z DEBUG awase_windows::hook: [hook] IME-mode vk=0xF2 down self_injected=false injected=false scan=0x70 extra=0x5350494B since_actuation_us=Some(9901959)
2026-09-20T00:02:55.797604Z DEBUG awase::journal: key input seq=1426 elapsed_ms=384369 vk_code=240 is_down=false injected=false key_class="Passthrough" state_before="Idle" state_after="Idle" decision="PassThrough" physical="Suppress" repeat_count=1 last_timestamp_us=384387941 last_elapsed_ms=0
2026-09-20T00:02:55.797669Z DEBUG awase_windows::runtime::key_pipeline: [imm-cross] key suppress vk=0xf0 KeyUp (physical disposition)
2026-09-20T00:02:55.797734Z DEBUG awase::journal: hook ime-mode diagnostic seq=1427 elapsed_ms=384369 vk_code=242 is_down=true self_injected=false injected=false scan=112
2026-09-20T00:02:55.797831Z  INFO awase_windows::runtime::key_pipeline: [shadow-toggle] intent 昇格: vk=0xF2 scan=0x70 action=TurnOn kind=PhysicalImeKey injected=false true→true w_ops0=112231 x_ops0=248720 x_KB0=23.8
2026-09-20T00:02:55.797881Z DEBUG awase::journal: ime event seq=1428 elapsed_ms=384369 event_kind="UserImeSetIntent"
2026-09-20T00:02:55.797910Z DEBUG awase_windows::runtime::key_pipeline: [shadow-toggle] no-op: vk=0xF2 action=TurnOn source=PhysicalImeKey effective_open は既に true → apply-ime 見送り
2026-09-20T00:02:55.797965Z DEBUG awase::journal: ime event seq=1429 elapsed_ms=384369 event_kind="InputModeApplied"
2026-09-20T00:02:55.797985Z  INFO awase_windows::runtime::key_pipeline: [shadow-toggle] TurnOn (IME既にopen) + ObservedEisu → AssumedRomaji に リセット (UserTurnOnEisuReset)
2026-09-20T00:02:55.798011Z DEBUG awase_windows::runtime::key_pipeline: [engine-input] vk=0xF2 KeyDown ts=384388445us delay=0ms state=Idle mods(c=false s=false a=false w=false) gas_ctrl=false phys_ctrl=false extra=0x5350494B pending_drain=0 gate_active=false l_thumb=None r_thumb=None [diag-ctx] ime_
2026-09-20T00:02:55.798050Z  INFO awase::engine::engine: Engine activated (ime=true, romaji=true, japanese=true, user=true, reason=Active)
2026-09-20T00:02:55.798123Z DEBUG awase::journal: key input seq=1430 elapsed_ms=384370 vk_code=242 is_down=true injected=false key_class="Passthrough" state_before="Idle" state_after="Idle" decision="PassThroughWith" physical="Allow" repeat_count=1 last_timestamp_us=384388445 last_elapsed_ms=0
2026-09-20T00:02:55.798188Z DEBUG awase::journal: ime event seq=1431 elapsed_ms=384370 event_kind="EngineActivationSync"
2026-09-20T00:02:55.798227Z DEBUG awase::journal: ime event seq=1432 elapsed_ms=384370 event_kind="ImeApplyRequested"
2026-09-20T00:02:55.798246Z  INFO awase_windows::runtime::key_pipeline: IME control: preconditions.ime_on = true (SetOpenRequest, origin=ActivationSync), was_open_before=true last_intent_before=Some(true) poll suspended
2026-09-20T00:02:55.798298Z DEBUG awase_windows::runtime::key_pipeline: may_change_ime key passed through → IME refresh scheduled (20ms)
2026-09-20T00:02:55.798338Z DEBUG execute_from_hook: awase_windows::runtime::executor: [relay-flush] PassThroughWith: queue 2 effect(s) + reinject (vk=0xf2 down)
2026-09-20T00:02:55.798599Z DEBUG execute_one{generation=Some(ApplyGeneration(34))}:dispatch_ime_set_open{open=true generation=Some(ApplyGeneration(34))}: awase_windows::runtime::executor: [dispatch-ime] ImmCross async: optimistic applied_snapshot=true (suppress send_engine_state_ime_key)
2026-09-20T00:02:55.802357Z DEBUG execute_one{generation=Some(ApplyGeneration(34))}: awase_windows::platform: [engine-state-key] skipped (apply_ime_open aligned ime=true, profile=Standard)
2026-09-20T00:02:55.802489Z DEBUG execute_one{generation=Some(ApplyGeneration(34))}: awase_windows::runtime::executor: [reinject] vk=0xf2 down (queued passthrough now firing)
2026-09-20T00:02:55.802925Z DEBUG awase_windows::hook: [hook] IME-mode vk=0xF0 up self_injected=true injected=false scan=0x0 extra=0x4B45594D since_actuation_us=Some(9907558)
2026-09-20T00:02:55.810175Z DEBUG awase_windows::hook: [hook] IME-mode vk=0xF2 down self_injected=true injected=true scan=0x0 extra=0x4B45594D since_actuation_us=Some(9914781)
2026-09-20T00:02:55.815829Z DEBUG awase::journal: hook ime-mode diagnostic seq=1433 elapsed_ms=384387 vk_code=240 is_down=false self_injected=true injected=false scan=0
2026-09-20T00:02:55.815906Z DEBUG awase::journal: hook ime-mode diagnostic seq=1434 elapsed_ms=384387 vk_code=242 is_down=true self_injected=true injected=true scan=0
2026-09-20T00:02:55.816296Z DEBUG run_open_chain_async: awase_windows::ime_controller: [warrant-shadow] chain=async open=true origin=EventOrigin { source: SelfActuated { strategy: "engine_decision_async" }, epoch: Generation(0) } warranted
2026-09-20T00:02:55.816384Z  INFO run_open_chain_async:imm_cross_write{open=true}: awase_windows::runtime::open_chain: [apply-ime] ImmCross async: open=true composition_active=false show_seq=0 change_seq=0 (issue #138診断)
2026-09-20T00:02:55.823633Z DEBUG awase_windows::tsf::gji_monitor: [gji-io] WRITE: w_ops=+2 w_KB=+0.0 (r_ops=+4 x_ops=+4 x_KB=+0.0)
2026-09-20T00:02:55.835330Z DEBUG awase_windows::shadow_send_trace: [shadow-send] channel=ImeControl cmd=0x0006 lparam=1 issue_us=384412782
2026-09-20T00:02:55.835365Z DEBUG awase_windows::ime: set_ime_open_for_target: hwnd=HWND(0xe41550) ime_wnd=HWND(0x1263866) open=true success=true send_elapsed=13ms candidate_visible=false
2026-09-20T00:02:55.838298Z DEBUG run_open_chain_async:imm_cross_write{open=true}: awase_windows::ime: [imm-cross-actuate] hwnd=HWND(0xe41550) open=Written conv=Some(Written)
2026-09-20T00:02:55.838389Z DEBUG run_open_chain_async:imm_cross_write{open=true}: awase_windows::runtime::open_chain: [apply-ime] ROMAN 補完結果: Written
2026-09-20T00:02:55.838571Z DEBUG run_open_chain_async: awase::journal: actuation decision seq=1435 elapsed_ms=384410 site="DispatchImeSetOpen" caller="None" open=true chain_len=4 attempts_len=1 gate_profile="Standard" gate_kind="Gji" gate_shadow_known=true gate_shadow_on=true gate_input_mode="Assum
2026-09-20T00:02:55.842399Z DEBUG on_ime_apply_complete{open=true outcome=AppliedWithoutSendInput generation=Some(ApplyGeneration(34)) reason=EngineDecision}: awase::journal: ime open applied seq=1436 elapsed_ms=384414 open=true outcome="AppliedWithoutSendInput" reason="EngineDecision"
2026-09-20T00:02:55.843938Z DEBUG on_ime_apply_complete{open=true outcome=AppliedWithoutSendInput generation=Some(ApplyGeneration(34)) reason=EngineDecision}: awase::journal: ime event seq=1437 elapsed_ms=384415 event_kind="ImeApplySucceeded"
2026-09-20T00:02:55.844006Z DEBUG on_ime_apply_complete{open=true outcome=AppliedWithoutSendInput generation=Some(ApplyGeneration(34)) reason=EngineDecision}: awase_windows::tsf::ime_mode_fsm: [ime-mode] SetOpen(true) applied → Hiragana (belief, unconfirmed)
2026-09-20T00:02:55.844058Z DEBUG on_ime_apply_complete{open=true outcome=AppliedWithoutSendInput generation=Some(ApplyGeneration(34)) reason=EngineDecision}: awase_windows::platform: [composition] ImeEffect::SetOpen(true) → marking cold
2026-09-20T00:02:55.844098Z DEBUG on_ime_apply_complete{open=true outcome=AppliedWithoutSendInput generation=Some(ApplyGeneration(34)) reason=EngineDecision}: awase_windows::tsf::probe: [composition] marked cold reason=SetOpenTrue idle=38656ms → next VK/TSF output will send VK_DBE_HIRAGANA warmup
2026-09-20T00:02:55.844200Z DEBUG on_ime_apply_complete{open=true outcome=AppliedWithoutSendInput generation=Some(ApplyGeneration(34)) reason=EngineDecision}:gji_on_event{event=ImeOn { injection_mode: Unicode, gji_idle_ms: 15 }}: awase_windows::tsf::gji_fsm: [gji-fsm] ImeOn: already on (OnWarm), ign
2026-09-20T00:02:55.845268Z DEBUG awase::journal: gji fsm transition seq=1438 elapsed_ms=384416 trigger="ImeOn(gji_idle_ms=15)" state_before="OnWarm" state_after="OnWarm"
2026-09-20T00:02:55.850636Z DEBUG awase_windows::runtime::ime_refresh: Explicit intent: bypassing typing-idle guard for IME verify (idle=63ms)
2026-09-20T00:02:55.850720Z DEBUG awase_windows::observer::ime_observer: IME snapshot: japanese=Some(true) ime_on=Some(true) romaji=Some(true) conv=Some("0x00000019") guard=false
2026-09-20T00:02:55.850878Z DEBUG awase::journal: ime event seq=1439 elapsed_ms=384422 event_kind="ObserverReported"
2026-09-20T00:02:55.850944Z DEBUG awase::journal: ime event seq=1440 elapsed_ms=384422 event_kind="InputModeObserved"
2026-09-20T00:02:55.850989Z  INFO awase_windows::runtime::ime_refresh: ObserverPoll +9969ms since focus: mode AssumedRomaji { reason: AppKindExcluded } → ObservedRomaji
2026-09-20T00:02:55.876541Z DEBUG awase_windows::runtime::ime_refresh: Explicit intent: bypassing typing-idle guard for IME verify (idle=78ms)
2026-09-20T00:02:55.876599Z DEBUG awase_windows::observer::ime_observer: IME snapshot: japanese=Some(true) ime_on=Some(true) romaji=Some(true) conv=Some("0x00000019") guard=false
2026-09-20T00:02:55.876703Z DEBUG awase::journal: ime event seq=1441 elapsed_ms=384448 event_kind="ObserverReported"
2026-09-20T00:02:55.876749Z DEBUG awase::journal: ime event seq=1442 elapsed_ms=384448 event_kind="InputModeObserved"
2026-09-20T00:02:56.485308Z DEBUG awase_windows::runtime::key_pipeline: [engine-input] vk=0x4B KeyDown ts=385075967us delay=0ms state=Idle mods(c=false s=false a=false w=false) gas_ctrl=false phys_ctrl=false extra=0x5350494B pending_drain=0 gate_active=false l_thumb=None r_thumb=None [diag-ctx] ime_
2026-09-20T00:02:56.485425Z DEBUG awase::journal: key input seq=1443 elapsed_ms=385057 vk_code=75 is_down=true injected=false key_class="Char" state_before="Idle" state_after="PendingChar(vk=0x4B)" decision="Consume" physical="Allow" repeat_count=1 last_timestamp_us=385075967 last_elapsed_ms=0
2026-09-20T00:02:56.591638Z DEBUG execute_from_loop:execute_one{generation=None}: awase_windows::output: send_keys: mode=Unicode actions=[Char('き')] prev_elapsed=39406ms
2026-09-20T00:02:56.591660Z DEBUG execute_from_loop:execute_one{generation=None}: awase_windows::tsf::probe: [mark-send] last_send_ms=338610640
2026-09-20T00:02:56.591673Z DEBUG execute_from_loop:execute_one{generation=None}: awase_windows::output:   → Char('き') via Unicode
2026-09-20T00:02:56.594761Z DEBUG execute_from_loop:execute_one{generation=None}: awase_windows::tsf::probe: [mark-send] last_send_ms=338610640
2026-09-20T00:02:56.606552Z DEBUG awase_windows::tsf::gji_monitor: [gji-io] WRITE: w_ops=+2 w_KB=+0.4 (r_ops=+4 x_ops=+4 x_KB=+0.0)
2026-09-20T00:02:56.609296Z  INFO awase_windows::tsf::win_event_obs: [gji-obs] candidate SHOW #57: last_gji_write=0ms ago
2026-09-20T00:02:56.681871Z DEBUG awase_windows::runtime::key_pipeline: [engine-input] vk=0x4B KeyUp ts=385272564us delay=0ms state=Idle mods(c=false s=false a=false w=false) gas_ctrl=false phys_ctrl=false extra=0x5350494B pending_drain=0 gate_active=false l_thumb=None r_thumb=None [diag-ctx] ime_on
2026-09-20T00:02:56.681982Z DEBUG awase::journal: key input seq=1445 elapsed_ms=385253 vk_code=75 is_down=false injected=false key_class="Char" state_before="Idle" state_after="Idle" decision="Consume" physical="Allow" repeat_count=1 last_timestamp_us=385272564 last_elapsed_ms=0
2026-09-20T00:02:56.682134Z DEBUG execute_one{generation=None}: awase_windows::output: send_keys: mode=Unicode actions=[Suppress] prev_elapsed=94ms
2026-09-20T00:02:56.682169Z DEBUG execute_one{generation=None}: awase_windows::tsf::probe: [mark-send] last_send_ms=338610734
2026-09-20T00:02:56.682188Z DEBUG execute_one{generation=None}: awase_windows::output:   → Suppress
2026-09-20T00:02:56.682203Z DEBUG execute_one{generation=None}: awase_windows::tsf::probe: [mark-send] last_send_ms=338610734
2026-09-20T00:02:56.682256Z DEBUG execute_one{generation=None}: awase_windows::platform: [gji-fsm] StartComposition (candidate SHOW)
2026-09-20T00:02:56.682292Z DEBUG execute_one{generation=None}:gji_on_event{event=StartComposition}: awase_windows::tsf::gji_fsm: [gji-fsm] StartComposition: OnWarm → OnComposing(AlreadyWarm)
2026-09-20T00:02:56.682433Z DEBUG awase::journal: gji fsm transition seq=1446 elapsed_ms=385254 trigger="StartComposition(candidate SHOW)" state_before="OnWarm" state_after="OnComposing(Warm)"
2026-09-20T00:02:56.982786Z DEBUG awase_windows::runtime::key_pipeline: [engine-input] vk=0x1B KeyDown ts=385573455us delay=0ms state=Idle mods(c=false s=false a=false w=false) gas_ctrl=false phys_ctrl=false extra=0x5350494B pending_drain=0 gate_active=false l_thumb=None r_thumb=None [diag-ctx] ime_
2026-09-20T00:02:56.982916Z DEBUG awase::journal: key input seq=1447 elapsed_ms=385554 vk_code=27 is_down=true injected=false key_class="Passthrough" state_before="Idle" state_after="Idle" decision="PassThrough" physical="Allow" repeat_count=1 last_timestamp_us=385573455 last_elapsed_ms=0
2026-09-20T00:02:56.983039Z DEBUG execute_from_hook: awase_windows::runtime::executor: [relay-passthrough] PassThrough idle: direct OS pass-through (vk=0x1b down)
2026-09-20T00:02:56.983139Z DEBUG execute_one{generation=None}: awase_windows::runtime::executor: [reinject] vk=0x1b down (queued passthrough now firing)
2026-09-20T00:02:56.994359Z DEBUG awase_windows::tsf::gji_monitor: [gji-io] WRITE: w_ops=+2 w_KB=+0.4 (r_ops=+4 x_ops=+4 x_KB=+0.0)
2026-09-20T00:02:56.998032Z  INFO awase_windows::tsf::win_event_obs: [gji-obs] candidate HIDE: last_gji_write=0ms ago
2026-09-20T00:02:57.167800Z DEBUG awase_windows::runtime::key_pipeline: [engine-input] vk=0x1B KeyUp ts=385758500us delay=0ms state=Idle mods(c=false s=false a=false w=false) gas_ctrl=false phys_ctrl=false extra=0x5350494B pending_drain=0 gate_active=false l_thumb=None r_thumb=None [diag-ctx] ime_on
2026-09-20T00:02:57.167902Z DEBUG awase::journal: key input seq=1448 elapsed_ms=385739 vk_code=27 is_down=false injected=false key_class="Passthrough" state_before="Idle" state_after="Idle" decision="PassThrough" physical="Allow" repeat_count=1 last_timestamp_us=385758500 last_elapsed_ms=0
2026-09-20T00:02:57.167998Z DEBUG execute_from_hook: awase_windows::runtime::executor: [relay-passthrough] PassThrough idle: direct OS pass-through (vk=0x1b up)
2026-09-20T00:02:57.168067Z DEBUG execute_one{generation=None}: awase_windows::runtime::executor: [reinject] vk=0x1b up (queued passthrough now firing)
2026-09-20T00:02:57.170123Z DEBUG awase_windows::platform: [gji-fsm] EndComposition (candidate HIDE) epoch=FocusEpoch(57)
2026-09-20T00:02:57.170224Z DEBUG awase::journal: gji fsm transition seq=1449 elapsed_ms=385742 trigger="EndComposition(candidate HIDE, epoch=FocusEpoch(57))" state_before="OnComposing(Warm)" state_after="OnWarm"
2026-09-20T00:02:58.922067Z DEBUG awase_windows::runtime::key_pipeline: [shadow-toggle] vk=0x1DはFSM delegate所有 → belief書き込み/actuationをスキップ w_ops0=112237 x_ops0=248732 x_KB0=23.8
2026-09-20T00:02:58.922130Z DEBUG awase_windows::runtime::key_pipeline: [shadow-toggle] no-op: vk=0x1D action=Toggle source=PhysicalImeKey effective_open は既に true → apply-ime 見送り
2026-09-20T00:02:58.922192Z DEBUG awase_windows::runtime::key_pipeline: [engine-input] vk=0x1D KeyDown ts=387512604us delay=0ms state=Idle mods(c=false s=false a=false w=false) gas_ctrl=false phys_ctrl=false extra=0x5350494B pending_drain=0 gate_active=false l_thumb=Some(387512587) r_thumb=None [dia
2026-09-20T00:02:58.922371Z DEBUG awase::journal: key input seq=1450 elapsed_ms=387494 vk_code=29 is_down=true injected=false key_class="LeftThumb" state_before="Idle" state_after="PendingThumb(vk=0x1D,left=true)" decision="Consume" physical="Allow" repeat_count=1 last_timestamp_us=387512604 last_el
2026-09-20T00:02:59.044093Z DEBUG awase_windows::runtime::key_pipeline: [engine-input] vk=0x1D KeyUp ts=387634645us delay=0ms state=PendingThumb(vk=0x1D,left=true) mods(c=false s=false a=false w=false) gas_ctrl=false phys_ctrl=false extra=0x5350494B pending_drain=0 gate_active=false l_thumb=None r_t
2026-09-20T00:02:59.044216Z  INFO awase::engine::engine: IME open axis delegated (solo tap, key semantics absorption) → false (origin=ExplicitUserAction)
2026-09-20T00:02:59.044341Z DEBUG awase::journal: key input seq=1452 elapsed_ms=387616 vk_code=29 is_down=false injected=false key_class="LeftThumb" state_before="PendingThumb(vk=0x1D,left=true)" state_after="Idle" decision="Consume" physical="Allow" repeat_count=1 last_timestamp_us=387634645 last_e
2026-09-20T00:02:59.044464Z DEBUG awase::journal: ime event seq=1453 elapsed_ms=387616 event_kind="UserImeSetIntent"
2026-09-20T00:02:59.044521Z DEBUG awase::journal: ime event seq=1454 elapsed_ms=387616 event_kind="ImeApplyRequested"
2026-09-20T00:02:59.044556Z  INFO awase_windows::runtime::key_pipeline: IME control: preconditions.ime_on = false (SetOpenRequest, origin=ExplicitUserAction), was_open_before=true last_intent_before=Some(true) poll suspended
2026-09-20T00:02:59.044929Z DEBUG execute_one{generation=Some(ApplyGeneration(35))}:dispatch_ime_set_open{open=false generation=Some(ApplyGeneration(35))}: awase_windows::runtime::executor: [dispatch-ime] ImmCross async: optimistic applied_snapshot=false (suppress send_engine_state_ime_key)
2026-09-20T00:02:59.048613Z DEBUG execute_one{generation=Some(ApplyGeneration(35))}: awase_windows::platform: [engine-state-key] skipped (apply_ime_open aligned ime=false, profile=Standard)
2026-09-20T00:02:59.054092Z DEBUG run_open_chain_async: awase_windows::ime_controller: [warrant-shadow] chain=async open=false origin=EventOrigin { source: SelfActuated { strategy: "engine_decision_async" }, epoch: Generation(0) } warranted
2026-09-20T00:02:59.054265Z  INFO run_open_chain_async:imm_cross_write{open=false}: awase_windows::runtime::open_chain: [apply-ime] ImmCross async: open=false composition_active=false show_seq=0 change_seq=0 (issue #138診断)
2026-09-20T00:02:59.062776Z DEBUG awase_windows::shadow_send_trace: [shadow-send] channel=ImeControl cmd=0x0006 lparam=0 issue_us=387651926
2026-09-20T00:02:59.062816Z DEBUG awase_windows::ime: set_ime_open_for_target: hwnd=HWND(0xe41550) ime_wnd=HWND(0x1263866) open=false success=true send_elapsed=1ms candidate_visible=false
2026-09-20T00:02:59.063744Z DEBUG run_open_chain_async:imm_cross_write{open=false}: awase_windows::ime: [imm-cross-actuate] hwnd=HWND(0xe41550) open=Written conv=None
2026-09-20T00:02:59.063922Z DEBUG run_open_chain_async: awase::journal: actuation decision seq=1455 elapsed_ms=387635 site="DispatchImeSetOpen" caller="None" open=false chain_len=4 attempts_len=1 gate_profile="Standard" gate_kind="Gji" gate_shadow_known=true gate_shadow_on=true gate_input_mode="Obse
2026-09-20T00:02:59.068804Z DEBUG on_ime_apply_complete{open=false outcome=AppliedWithoutSendInput generation=Some(ApplyGeneration(35)) reason=EngineDecision}: awase::journal: ime open applied seq=1456 elapsed_ms=387640 open=false outcome="AppliedWithoutSendInput" reason="EngineDecision"
2026-09-20T00:02:59.070728Z DEBUG on_ime_apply_complete{open=false outcome=AppliedWithoutSendInput generation=Some(ApplyGeneration(35)) reason=EngineDecision}: awase::journal: ime event seq=1457 elapsed_ms=387642 event_kind="ImeApplySucceeded"
2026-09-20T00:02:59.070803Z DEBUG on_ime_apply_complete{open=false outcome=AppliedWithoutSendInput generation=Some(ApplyGeneration(35)) reason=EngineDecision}: awase_windows::tsf::ime_mode_fsm: [ime-mode] SetOpen(false) applied → Off (belief, unconfirmed)
2026-09-20T00:02:59.070858Z DEBUG on_ime_apply_complete{open=false outcome=AppliedWithoutSendInput generation=Some(ApplyGeneration(35)) reason=EngineDecision}: awase_windows::platform: [composition] ImeEffect::SetOpen(false) → marking cold (prevent warm+TSF Enter leak)
2026-09-20T00:02:59.070903Z DEBUG on_ime_apply_complete{open=false outcome=AppliedWithoutSendInput generation=Some(ApplyGeneration(35)) reason=EngineDecision}: awase_windows::tsf::probe: [composition] marked cold reason=SetOpenFalse idle=2391ms → next VK/TSF output will send VK_DBE_HIRAGANA warmup
2026-09-20T00:02:59.080942Z DEBUG awase::journal: gji fsm transition seq=1458 elapsed_ms=387642 trigger="ImeOff" state_before="OnWarm" state_after="OffCold"
2026-09-20T00:02:59.137681Z DEBUG awase_windows::runtime::ime_refresh: Explicit intent: bypassing typing-idle guard for IME verify (idle=94ms)
2026-09-20T00:02:59.137774Z DEBUG awase_windows::observer::ime_observer: IME snapshot: japanese=Some(true) ime_on=Some(false) romaji=Some(true) conv=Some("0x00000019") guard=false
2026-09-20T00:02:59.138038Z DEBUG awase::journal: ime event seq=1459 elapsed_ms=387709 event_kind="ObserverReported"
2026-09-20T00:02:59.138107Z DEBUG awase::journal: ime event seq=1460 elapsed_ms=387709 event_kind="InputModeObserved"
2026-09-20T00:02:59.616421Z DEBUG awase_windows::runtime::key_pipeline: [engine-input] vk=0x4B KeyDown ts=388207155us delay=0ms state=Idle mods(c=false s=false a=false w=false) gas_ctrl=false phys_ctrl=false extra=0x5350494B pending_drain=0 gate_active=false l_thumb=None r_thumb=None [diag-ctx] ime_
2026-09-20T00:02:59.616478Z DEBUG awase::journal: key input seq=1461 elapsed_ms=388188 vk_code=75 is_down=true injected=false key_class="Char" state_before="Idle" state_after="Idle" decision="PassThrough" physical="Allow" repeat_count=1 last_timestamp_us=388207155 last_elapsed_ms=0
2026-09-20T00:02:59.616577Z DEBUG execute_one{generation=None}: awase_windows::runtime::executor: [reinject] vk=0x4b down (queued passthrough now firing)
2026-09-20T00:02:59.791599Z DEBUG awase_windows::runtime::key_pipeline: [engine-input] vk=0x4B KeyUp ts=388382197us delay=0ms state=Idle mods(c=false s=false a=false w=false) gas_ctrl=false phys_ctrl=false extra=0x5350494B pending_drain=0 gate_active=false l_thumb=None r_thumb=None [diag-ctx] ime_on
2026-09-20T00:02:59.791694Z DEBUG awase::journal: key input seq=1462 elapsed_ms=388363 vk_code=75 is_down=false injected=false key_class="Char" state_before="Idle" state_after="Idle" decision="PassThrough" physical="Allow" repeat_count=1 last_timestamp_us=388382197 last_elapsed_ms=0
2026-09-20T00:02:59.791832Z DEBUG execute_one{generation=None}: awase_windows::runtime::executor: [reinject] vk=0x4b up (queued passthrough now firing)
2026-09-20T00:03:00.106834Z DEBUG awase_windows::runtime::key_pipeline: [engine-input] vk=0x1B KeyDown ts=388697389us delay=0ms state=Idle mods(c=false s=false a=false w=false) gas_ctrl=false phys_ctrl=false extra=0x5350494B pending_drain=0 gate_active=false l_thumb=None r_thumb=None [diag-ctx] ime_
2026-09-20T00:03:00.106987Z DEBUG awase::journal: key input seq=1463 elapsed_ms=388678 vk_code=27 is_down=true injected=false key_class="Passthrough" state_before="Idle" state_after="Idle" decision="PassThrough" physical="Allow" repeat_count=1 last_timestamp_us=388697389 last_elapsed_ms=0
2026-09-20T00:03:00.107135Z DEBUG execute_from_hook: awase_windows::tsf::probe: [composition] marked cold reason=PassthroughConfirmKey idle=3422ms → next VK/TSF output will send VK_DBE_HIRAGANA warmup
2026-09-20T00:03:00.107174Z DEBUG execute_from_hook: awase_windows::tsf::probe: [mark-send] last_send_ms=338614156
2026-09-20T00:03:00.107263Z DEBUG execute_from_hook: awase_windows::platform: [composition-fsm] EmitWarmup (ConfirmKeyDown)
2026-09-20T00:03:00.107300Z DEBUG execute_from_hook: awase_windows::runtime::executor: [relay-passthrough] PassThrough idle: direct OS pass-through (vk=0x1b down)
2026-09-20T00:03:00.107347Z DEBUG awase::journal: gji fsm transition seq=1464 elapsed_ms=388678 trigger="CompositionReset(gji_idle_ms=3110)" state_before="OffCold" state_after="OffCold"
2026-09-20T00:03:00.107431Z DEBUG awase_windows::runtime::executor: [reinject-guard] suspending drain for 50ms (vk=0x1b)
2026-09-20T00:03:00.178048Z DEBUG execute_one{generation=None}: awase_windows::runtime::executor: [reinject] vk=0x1b down (queued passthrough now firing)
2026-09-20T00:03:00.178143Z DEBUG execute_one{generation=None}: awase_windows::platform: [composition] reinject KeyDown vk=0x1b → marking cold + eager warmup
2026-09-20T00:03:00.178175Z DEBUG execute_one{generation=None}: awase_windows::tsf::probe: [composition] marked cold reason=ReinjectConfirmKey idle=62ms → next VK/TSF output will send VK_DBE_HIRAGANA warmup
2026-09-20T00:03:00.178187Z DEBUG execute_one{generation=None}: awase_windows::tsf::probe: [mark-send] last_send_ms=338614218
2026-09-20T00:03:00.183155Z DEBUG awase::journal: gji fsm transition seq=1465 elapsed_ms=388749 trigger="CompositionReset(gji_idle_ms=3172)" state_before="OffCold" state_after="OffCold"
2026-09-20T00:03:00.244342Z DEBUG awase_windows::runtime::key_pipeline: [engine-input] vk=0x1B KeyUp ts=388834623us delay=0ms state=Idle mods(c=false s=false a=false w=false) gas_ctrl=false phys_ctrl=false extra=0x5350494B pending_drain=0 gate_active=false l_thumb=None r_thumb=None [diag-ctx] ime_on
2026-09-20T00:03:00.244462Z DEBUG awase::journal: key input seq=1466 elapsed_ms=388816 vk_code=27 is_down=false injected=false key_class="Passthrough" state_before="Idle" state_after="Idle" decision="PassThrough" physical="Allow" repeat_count=1 last_timestamp_us=388834623 last_elapsed_ms=0
2026-09-20T00:03:00.244606Z DEBUG execute_from_hook: awase_windows::runtime::executor: [relay-passthrough] PassThrough idle: direct OS pass-through (vk=0x1b up)
2026-09-20T00:03:00.244728Z DEBUG execute_one{generation=None}: awase_windows::runtime::executor: [reinject] vk=0x1b up (queued passthrough now firing)
2026-09-20T00:03:02.043188Z  INFO awase_windows::runtime::key_pipeline: [shadow-toggle] intent 昇格: vk=0x1D scan=0x7B action=Toggle kind=PhysicalImeKey injected=false false→true w_ops0=112237 x_ops0=248732 x_KB0=23.8
2026-09-20T00:03:02.043297Z DEBUG awase::journal: ime event seq=1467 elapsed_ms=390614 event_kind="UserImeSetIntent"
2026-09-20T00:03:02.043356Z DEBUG awase_windows::runtime::key_pipeline: Shadow IME toggle: OFF → ON (vk=0x1D, source=PhysicalImeKey)
2026-09-20T00:03:02.043413Z DEBUG awase_windows::runtime::key_pipeline: [engine-input] vk=0x1D KeyDown ts=390633640us delay=0ms state=Idle mods(c=false s=false a=false w=false) gas_ctrl=false phys_ctrl=false extra=0x5350494B pending_drain=0 gate_active=false l_thumb=Some(390633623) r_thumb=None [dia
2026-09-20T00:03:02.043577Z  INFO awase::engine::engine: Engine activated (ime=true, romaji=true, japanese=true, user=true, reason=Active)
2026-09-20T00:03:02.043744Z DEBUG awase::journal: key input seq=1468 elapsed_ms=390615 vk_code=29 is_down=true injected=false key_class="LeftThumb" state_before="Idle" state_after="PendingThumb(vk=0x1D,left=true)" decision="Consume" physical="Allow" repeat_count=1 last_timestamp_us=390633640 last_el
2026-09-20T00:03:02.043855Z DEBUG awase::journal: ime event seq=1469 elapsed_ms=390615 event_kind="EngineActivationSync"
2026-09-20T00:03:02.043910Z DEBUG awase::journal: ime event seq=1470 elapsed_ms=390615 event_kind="ImeApplyRequested"
2026-09-20T00:03:02.043937Z  INFO awase_windows::runtime::key_pipeline: IME control: preconditions.ime_on = true (SetOpenRequest, origin=ActivationSync), was_open_before=true last_intent_before=Some(true) poll suspended
2026-09-20T00:03:02.044388Z DEBUG execute_one{generation=Some(ApplyGeneration(36))}:dispatch_ime_set_open{open=true generation=Some(ApplyGeneration(36))}: awase_windows::runtime::executor: [dispatch-ime] ImmCross async: optimistic applied_snapshot=true (suppress send_engine_state_ime_key)
2026-09-20T00:03:02.046630Z DEBUG execute_one{generation=Some(ApplyGeneration(36))}: awase_windows::platform: [engine-state-key] skipped (apply_ime_open aligned ime=true, profile=Standard)
2026-09-20T00:03:02.050271Z DEBUG run_open_chain_async: awase_windows::ime_controller: [warrant-shadow] chain=async open=true origin=EventOrigin { source: SelfActuated { strategy: "engine_decision_async" }, epoch: Generation(0) } warranted
2026-09-20T00:03:02.050412Z  INFO run_open_chain_async:imm_cross_write{open=true}: awase_windows::runtime::open_chain: [apply-ime] ImmCross async: open=true composition_active=false show_seq=0 change_seq=0 (issue #138診断)
2026-09-20T00:03:02.058781Z DEBUG awase_windows::shadow_send_trace: [shadow-send] channel=ImeControl cmd=0x0006 lparam=1 issue_us=390647211
2026-09-20T00:03:02.058813Z DEBUG awase_windows::ime: set_ime_open_for_target: hwnd=HWND(0xe41550) ime_wnd=HWND(0x1263866) open=true success=true send_elapsed=2ms candidate_visible=false
2026-09-20T00:03:02.068482Z DEBUG run_open_chain_async:imm_cross_write{open=true}: awase_windows::ime: [imm-cross-actuate] hwnd=HWND(0xe41550) open=Written conv=Some(Written)
2026-09-20T00:03:02.068605Z DEBUG run_open_chain_async:imm_cross_write{open=true}: awase_windows::runtime::open_chain: [apply-ime] ROMAN 補完結果: Written
2026-09-20T00:03:02.068737Z DEBUG run_open_chain_async: awase::journal: actuation decision seq=1471 elapsed_ms=390640 site="DispatchImeSetOpen" caller="None" open=true chain_len=4 attempts_len=1 gate_profile="Standard" gate_kind="Gji" gate_shadow_known=true gate_shadow_on=false gate_input_mode="Obse
2026-09-20T00:03:02.078416Z DEBUG on_ime_apply_complete{open=true outcome=AppliedWithoutSendInput generation=Some(ApplyGeneration(36)) reason=EngineDecision}: awase::journal: ime open applied seq=1472 elapsed_ms=390650 open=true outcome="AppliedWithoutSendInput" reason="EngineDecision"
2026-09-20T00:03:02.079987Z DEBUG on_ime_apply_complete{open=true outcome=AppliedWithoutSendInput generation=Some(ApplyGeneration(36)) reason=EngineDecision}: awase::journal: ime event seq=1473 elapsed_ms=390651 event_kind="ImeApplySucceeded"
2026-09-20T00:03:02.080039Z DEBUG on_ime_apply_complete{open=true outcome=AppliedWithoutSendInput generation=Some(ApplyGeneration(36)) reason=EngineDecision}: awase_windows::tsf::ime_mode_fsm: [ime-mode] SetOpen(true) applied → Hiragana (belief, unconfirmed)
2026-09-20T00:03:02.080085Z DEBUG on_ime_apply_complete{open=true outcome=AppliedWithoutSendInput generation=Some(ApplyGeneration(36)) reason=EngineDecision}: awase_windows::platform: [composition] ImeEffect::SetOpen(true) → marking cold
2026-09-20T00:03:02.080123Z DEBUG on_ime_apply_complete{open=true outcome=AppliedWithoutSendInput generation=Some(ApplyGeneration(36)) reason=EngineDecision}: awase_windows::tsf::probe: [composition] marked cold reason=SetOpenTrue idle=1907ms → next VK/TSF output will send VK_DBE_HIRAGANA warmup
2026-09-20T00:03:02.080209Z DEBUG on_ime_apply_complete{open=true outcome=AppliedWithoutSendInput generation=Some(ApplyGeneration(36)) reason=EngineDecision}:gji_on_event{event=ImeOn { injection_mode: Unicode, gji_idle_ms: 5079 }}: awase_windows::tsf::gji_fsm: [gji-fsm] ImeOn gji_idle=5079ms → Short
2026-09-20T00:03:02.080290Z DEBUG on_ime_apply_complete{open=true outcome=AppliedWithoutSendInput generation=Some(ApplyGeneration(36)) reason=EngineDecision}: awase_windows::platform: [gji-fsm] StartProbe probe_id=ProbeId(29) forces_f2=false long=false
2026-09-20T00:03:02.081746Z DEBUG awase::journal: gji fsm transition seq=1474 elapsed_ms=390651 trigger="ImeOn(gji_idle_ms=5079)" state_before="OffCold" state_after="OnCold(Short)"
2026-09-20T00:03:02.081791Z DEBUG awase::journal: tsf probe started seq=1475 elapsed_ms=390651 source="GjiAction::StartProbe" cold_seq=4 probe_id=29 probe_id_present=true gji_state="OnCold(Short)" consecutive_at_start=0 pending_deferred_len=0
2026-09-20T00:03:02.081831Z DEBUG awase::journal: gji fsm transition seq=1476 elapsed_ms=390652 trigger="WarmupComplete(unicode)" state_before="OnCold(Short)" state_after="OnWarm"
2026-09-20T00:03:02.081860Z DEBUG awase::journal: tsf probe completed seq=1477 elapsed_ms=390652 outcome="UnicodeImmediate" cold_seq=18446744073709551615 cold_seq_present=false probe_id=29 probe_id_present=true duration_ms=0 tick_count=0 gji_state="OnWarm"
2026-09-20T00:03:02.136585Z DEBUG awase_windows::runtime::ime_refresh: Explicit intent: bypassing typing-idle guard for IME verify (idle=94ms)
2026-09-20T00:03:02.136679Z DEBUG awase_windows::observer::ime_observer: IME snapshot: japanese=Some(true) ime_on=Some(true) romaji=Some(true) conv=Some("0x00000019") guard=false
2026-09-20T00:03:02.136846Z DEBUG awase::journal: ime event seq=1478 elapsed_ms=390708 event_kind="ObserverReported"
2026-09-20T00:03:02.136914Z DEBUG awase::journal: ime event seq=1479 elapsed_ms=390708 event_kind="InputModeObserved"
2026-09-20T00:03:02.184185Z DEBUG awase_windows::runtime::key_pipeline: [engine-input] vk=0x1D KeyUp ts=390773786us delay=1ms state=PendingThumb(vk=0x1D,left=true) mods(c=false s=false a=false w=false) gas_ctrl=false phys_ctrl=false extra=0x5350494B pending_drain=0 gate_active=false l_thumb=None r_t
2026-09-20T00:03:02.184341Z DEBUG awase::journal: key input seq=1481 elapsed_ms=390755 vk_code=29 is_down=false injected=false key_class="LeftThumb" state_before="PendingThumb(vk=0x1D,left=true)" state_after="Idle" decision="Consume" physical="Allow" repeat_count=1 last_timestamp_us=390773786 last_e
2026-09-20T00:03:02.739235Z DEBUG awase_windows::runtime::key_pipeline: [engine-input] vk=0x4B KeyDown ts=391329790us delay=0ms state=Idle mods(c=false s=false a=false w=false) gas_ctrl=false phys_ctrl=false extra=0x5350494B pending_drain=0 gate_active=false l_thumb=None r_thumb=None [diag-ctx] ime_
2026-09-20T00:03:02.739394Z DEBUG awase::journal: key input seq=1482 elapsed_ms=391310 vk_code=75 is_down=true injected=false key_class="Char" state_before="Idle" state_after="PendingChar(vk=0x4B)" decision="Consume" physical="Allow" repeat_count=1 last_timestamp_us=391329790 last_elapsed_ms=0
2026-09-20T00:03:02.844061Z DEBUG execute_from_loop:execute_one{generation=None}: awase_windows::output: send_keys: mode=Unicode actions=[Char('き')] prev_elapsed=2672ms
2026-09-20T00:03:02.844096Z DEBUG execute_from_loop:execute_one{generation=None}: awase_windows::tsf::probe: [mark-send] last_send_ms=338616890
2026-09-20T00:03:02.844119Z DEBUG execute_from_loop:execute_one{generation=None}: awase_windows::output:   → Char('き') via Unicode
2026-09-20T00:03:02.847370Z DEBUG execute_from_loop:execute_one{generation=None}: awase_windows::tsf::probe: [mark-send] last_send_ms=338616890
2026-09-20T00:03:02.858456Z DEBUG awase_windows::tsf::gji_monitor: [gji-io] WRITE: w_ops=+2 w_KB=+0.4 (r_ops=+4 x_ops=+4 x_KB=+0.0)
2026-09-20T00:03:02.864267Z  INFO awase_windows::tsf::win_event_obs: [gji-obs] candidate SHOW #58: last_gji_write=0ms ago
2026-09-20T00:03:02.913313Z DEBUG awase_windows::runtime::key_pipeline: [engine-input] vk=0x4B KeyUp ts=391503957us delay=0ms state=Idle mods(c=false s=false a=false w=false) gas_ctrl=false phys_ctrl=false extra=0x5350494B pending_drain=0 gate_active=false l_thumb=None r_thumb=None [diag-ctx] ime_on
2026-09-20T00:03:02.913439Z DEBUG awase::journal: key input seq=1484 elapsed_ms=391485 vk_code=75 is_down=false injected=false key_class="Char" state_before="Idle" state_after="Idle" decision="Consume" physical="Allow" repeat_count=1 last_timestamp_us=391503957 last_elapsed_ms=0
2026-09-20T00:03:02.913613Z DEBUG execute_one{generation=None}: awase_windows::output: send_keys: mode=Unicode actions=[Suppress] prev_elapsed=78ms
2026-09-20T00:03:02.913652Z DEBUG execute_one{generation=None}: awase_windows::tsf::probe: [mark-send] last_send_ms=338616968
2026-09-20T00:03:02.913676Z DEBUG execute_one{generation=None}: awase_windows::output:   → Suppress
2026-09-20T00:03:02.913695Z DEBUG execute_one{generation=None}: awase_windows::tsf::probe: [mark-send] last_send_ms=338616968
2026-09-20T00:03:02.913758Z DEBUG execute_one{generation=None}: awase_windows::platform: [gji-fsm] StartComposition (candidate SHOW)
2026-09-20T00:03:02.913798Z DEBUG execute_one{generation=None}:gji_on_event{event=StartComposition}: awase_windows::tsf::gji_fsm: [gji-fsm] StartComposition: OnWarm → OnComposing(AlreadyWarm)
2026-09-20T00:03:02.913933Z DEBUG awase::journal: gji fsm transition seq=1485 elapsed_ms=391485 trigger="StartComposition(candidate SHOW)" state_before="OnWarm" state_after="OnComposing(Warm)"
2026-09-20T00:03:03.239864Z DEBUG awase_windows::runtime::key_pipeline: [engine-input] vk=0x1B KeyDown ts=391830500us delay=0ms state=Idle mods(c=false s=false a=false w=false) gas_ctrl=false phys_ctrl=false extra=0x5350494B pending_drain=0 gate_active=false l_thumb=None r_thumb=None [diag-ctx] ime_
2026-09-20T00:03:03.239972Z DEBUG awase::journal: key input seq=1486 elapsed_ms=391811 vk_code=27 is_down=true injected=false key_class="Passthrough" state_before="Idle" state_after="Idle" decision="PassThrough" physical="Allow" repeat_count=1 last_timestamp_us=391830500 last_elapsed_ms=0
2026-09-20T00:03:03.240133Z DEBUG execute_from_hook: awase_windows::runtime::executor: [relay-passthrough] PassThrough idle: direct OS pass-through (vk=0x1b down)
2026-09-20T00:03:03.240210Z DEBUG execute_one{generation=None}: awase_windows::runtime::executor: [reinject] vk=0x1b down (queued passthrough now firing)
2026-09-20T00:03:03.250110Z  INFO awase_windows::tsf::win_event_obs: [gji-obs] candidate HIDE: last_gji_write=390ms ago
2026-09-20T00:03:03.251990Z DEBUG awase_windows::tsf::gji_monitor: [gji-io] WRITE: w_ops=+2 w_KB=+0.4 (r_ops=+4 x_ops=+4 x_KB=+0.0)
2026-09-20T00:03:03.427801Z DEBUG awase_windows::runtime::key_pipeline: [engine-input] vk=0x1B KeyUp ts=392018366us delay=0ms state=Idle mods(c=false s=false a=false w=false) gas_ctrl=false phys_ctrl=false extra=0x5350494B pending_drain=0 gate_active=false l_thumb=None r_thumb=None [diag-ctx] ime_on
2026-09-20T00:03:03.427947Z DEBUG awase::journal: key input seq=1487 elapsed_ms=391999 vk_code=27 is_down=false injected=false key_class="Passthrough" state_before="Idle" state_after="Idle" decision="PassThrough" physical="Allow" repeat_count=1 last_timestamp_us=392018366 last_elapsed_ms=0
2026-09-20T00:03:03.428055Z DEBUG execute_from_hook: awase_windows::runtime::executor: [relay-passthrough] PassThrough idle: direct OS pass-through (vk=0x1b up)
2026-09-20T00:03:03.428130Z DEBUG execute_one{generation=None}: awase_windows::runtime::executor: [reinject] vk=0x1b up (queued passthrough now firing)
2026-09-20T00:03:03.431015Z DEBUG awase_windows::platform: [gji-fsm] EndComposition (candidate HIDE) epoch=FocusEpoch(58)
2026-09-20T00:03:03.431303Z DEBUG awase::journal: gji fsm transition seq=1488 elapsed_ms=392002 trigger="EndComposition(candidate HIDE, epoch=FocusEpoch(58))" state_before="OnComposing(Warm)" state_after="OnWarm"
2026-09-20T00:03:05.230780Z DEBUG awase_windows::hook: [hook] IME-mode vk=0xF2 down self_injected=false injected=false scan=0x70 extra=0x5350494B since_actuation_us=Some(19335397)
2026-09-20T00:03:05.230979Z DEBUG awase::journal: hook ime-mode diagnostic seq=1489 elapsed_ms=393802 vk_code=242 is_down=true self_injected=false injected=false scan=112
2026-09-20T00:03:05.231228Z  INFO awase_windows::runtime::key_pipeline: [shadow-toggle] intent 昇格: vk=0xF2 scan=0x70 action=TurnOn kind=PhysicalImeKey injected=false true→true w_ops0=112241 x_ops0=248740 x_KB0=23.8
2026-09-20T00:03:05.231293Z DEBUG awase::journal: ime event seq=1490 elapsed_ms=393802 event_kind="UserImeSetIntent"
2026-09-20T00:03:05.231327Z DEBUG awase_windows::runtime::key_pipeline: [shadow-toggle] no-op: vk=0xF2 action=TurnOn source=PhysicalImeKey effective_open は既に true → apply-ime 見送り
2026-09-20T00:03:05.231377Z DEBUG awase_windows::runtime::key_pipeline: [engine-input] vk=0xF2 KeyDown ts=393821877us delay=0ms state=Idle mods(c=false s=false a=false w=false) gas_ctrl=false phys_ctrl=false extra=0x5350494B pending_drain=0 gate_active=false l_thumb=None r_thumb=None [diag-ctx] ime_
2026-09-20T00:03:05.231504Z DEBUG awase::journal: key input seq=1491 elapsed_ms=393802 vk_code=242 is_down=true injected=false key_class="Passthrough" state_before="Idle" state_after="Idle" decision="PassThrough" physical="Allow" repeat_count=1 last_timestamp_us=393821877 last_elapsed_ms=0
2026-09-20T00:03:05.231592Z DEBUG awase_windows::runtime::key_pipeline: may_change_ime key passed through → IME refresh scheduled (20ms)
2026-09-20T00:03:05.231694Z DEBUG execute_from_hook: awase_windows::runtime::executor: [relay-passthrough] PassThrough idle: direct OS pass-through (vk=0xf2 down)
2026-09-20T00:03:05.231802Z DEBUG execute_one{generation=None}: awase_windows::runtime::executor: [reinject] vk=0xf2 down (queued passthrough now firing)
2026-09-20T00:03:05.234722Z DEBUG awase_windows::hook: [hook] IME-mode vk=0xF2 down self_injected=true injected=true scan=0x0 extra=0x4B45594D since_actuation_us=Some(19339341)
2026-09-20T00:03:05.236664Z DEBUG awase::journal: hook ime-mode diagnostic seq=1492 elapsed_ms=393808 vk_code=242 is_down=true self_injected=true injected=true scan=0
2026-09-20T00:03:05.244387Z DEBUG awase_windows::tsf::gji_monitor: [gji-io] WRITE: w_ops=+2 w_KB=+0.0 (r_ops=+4 x_ops=+4 x_KB=+0.0)
2026-09-20T00:03:05.264734Z DEBUG awase_windows::runtime::ime_refresh: Explicit intent: bypassing typing-idle guard for IME verify (idle=31ms)
2026-09-20T00:03:05.264782Z DEBUG awase_windows::observer::ime_observer: IME snapshot: japanese=Some(true) ime_on=Some(true) romaji=None conv=Some("0x00000010") guard=false
2026-09-20T00:03:05.264890Z DEBUG awase::journal: ime event seq=1493 elapsed_ms=393836 event_kind="ObserverReported"
2026-09-20T00:03:05.264946Z DEBUG awase::journal: ime event seq=1494 elapsed_ms=393836 event_kind="InputModeObserved"
2026-09-20T00:03:05.265081Z DEBUG awase::engine::engine: [diag-engine-active] ime_on=true なのに非活性: reason=Inactive(NotRomajiInput) romaji_capable=false japanese=true user_enabled=true was_active=true input_mode=ObservedEisu
2026-09-20T00:03:05.265139Z  INFO awase::engine::engine: Engine deactivated (ime=true, romaji=false, japanese=true, user=true, reason=Inactive(NotRomajiInput))
2026-09-20T00:03:05.917210Z DEBUG awase_windows::runtime::key_pipeline: [engine-input] vk=0x4B KeyDown ts=394507810us delay=0ms state=Idle mods(c=false s=false a=false w=false) gas_ctrl=false phys_ctrl=false extra=0x5350494B pending_drain=0 gate_active=false l_thumb=None r_thumb=None [diag-ctx] ime_
2026-09-20T00:03:05.917279Z DEBUG awase::engine::engine: [diag-engine-active] ime_on=true なのに非活性: reason=Inactive(NotRomajiInput) romaji_capable=false japanese=true user_enabled=true was_active=false input_mode=ObservedEisu
2026-09-20T00:03:05.917376Z DEBUG awase::journal: key input seq=1495 elapsed_ms=394488 vk_code=75 is_down=true injected=false key_class="Char" state_before="Idle" state_after="Idle" decision="PassThrough" physical="Allow" repeat_count=1 last_timestamp_us=394507810 last_elapsed_ms=0
2026-09-20T00:03:05.917574Z DEBUG execute_one{generation=None}: awase_windows::runtime::executor: [reinject] vk=0x4b down (queued passthrough now firing)
2026-09-20T00:03:05.930533Z  INFO awase_windows::tsf::win_event_obs: [gji-obs] candidate SHOW #59: last_gji_write=688ms ago
2026-09-20T00:03:05.931545Z DEBUG awase_windows::tsf::gji_monitor: [gji-io] WRITE: w_ops=+2 w_KB=+0.4 (r_ops=+4 x_ops=+4 x_KB=+0.0)
2026-09-20T00:03:06.107366Z DEBUG awase_windows::runtime::key_pipeline: [engine-input] vk=0x4B KeyUp ts=394697967us delay=0ms state=Idle mods(c=false s=false a=false w=false) gas_ctrl=false phys_ctrl=false extra=0x5350494B pending_drain=0 gate_active=false l_thumb=None r_thumb=None [diag-ctx] ime_on
2026-09-20T00:03:06.107421Z DEBUG awase::engine::engine: [diag-engine-active] ime_on=true なのに非活性: reason=Inactive(NotRomajiInput) romaji_capable=false japanese=true user_enabled=true was_active=false input_mode=ObservedEisu
2026-09-20T00:03:06.107504Z DEBUG awase::journal: key input seq=1496 elapsed_ms=394678 vk_code=75 is_down=false injected=false key_class="Char" state_before="Idle" state_after="Idle" decision="PassThrough" physical="Allow" repeat_count=1 last_timestamp_us=394697967 last_elapsed_ms=0
2026-09-20T00:03:06.107683Z DEBUG execute_one{generation=None}: awase_windows::runtime::executor: [reinject] vk=0x4b up (queued passthrough now firing)
2026-09-20T00:03:06.111476Z DEBUG awase_windows::platform: [gji-fsm] StartComposition (candidate SHOW)
2026-09-20T00:03:06.111537Z DEBUG gji_on_event{event=StartComposition}: awase_windows::tsf::gji_fsm: [gji-fsm] StartComposition: OnWarm → OnComposing(AlreadyWarm)
2026-09-20T00:03:06.111652Z DEBUG awase::journal: gji fsm transition seq=1497 elapsed_ms=394683 trigger="StartComposition(candidate SHOW)" state_before="OnWarm" state_after="OnComposing(Warm)"
2026-09-20T00:03:06.420336Z DEBUG awase_windows::runtime::key_pipeline: [engine-input] vk=0x1B KeyDown ts=395010909us delay=0ms state=Idle mods(c=false s=false a=false w=false) gas_ctrl=false phys_ctrl=false extra=0x5350494B pending_drain=0 gate_active=false l_thumb=None r_thumb=None [diag-ctx] ime_
2026-09-20T00:03:06.420385Z DEBUG awase::engine::engine: [diag-engine-active] ime_on=true なのに非活性: reason=Inactive(NotRomajiInput) romaji_capable=false japanese=true user_enabled=true was_active=false input_mode=ObservedEisu
2026-09-20T00:03:06.420450Z DEBUG awase::journal: key input seq=1498 elapsed_ms=394991 vk_code=27 is_down=true injected=false key_class="Passthrough" state_before="Idle" state_after="Idle" decision="PassThrough" physical="Allow" repeat_count=1 last_timestamp_us=395010909 last_elapsed_ms=0
2026-09-20T00:03:06.420541Z DEBUG execute_from_hook: awase_windows::runtime::executor: [relay-passthrough] PassThrough idle: direct OS pass-through (vk=0x1b down)
2026-09-20T00:03:06.420612Z DEBUG execute_one{generation=None}: awase_windows::runtime::executor: [reinject] vk=0x1b down (queued passthrough now firing)
2026-09-20T00:03:06.430796Z  INFO awase_windows::tsf::win_event_obs: [gji-obs] candidate HIDE: last_gji_write=500ms ago
2026-09-20T00:03:06.432903Z DEBUG awase_windows::tsf::gji_monitor: [gji-io] WRITE: w_ops=+2 w_KB=+0.4 (r_ops=+4 x_ops=+4 x_KB=+0.0)
2026-09-20T00:03:06.607653Z DEBUG awase_windows::runtime::key_pipeline: [engine-input] vk=0x1B KeyUp ts=395198220us delay=0ms state=Idle mods(c=false s=false a=false w=false) gas_ctrl=false phys_ctrl=false extra=0x5350494B pending_drain=0 gate_active=false l_thumb=None r_thumb=None [diag-ctx] ime_on
2026-09-20T00:03:06.607721Z DEBUG awase::engine::engine: [diag-engine-active] ime_on=true なのに非活性: reason=Inactive(NotRomajiInput) romaji_capable=false japanese=true user_enabled=true was_active=false input_mode=ObservedEisu
2026-09-20T00:03:06.607834Z DEBUG awase::journal: key input seq=1499 elapsed_ms=395179 vk_code=27 is_down=false injected=false key_class="Passthrough" state_before="Idle" state_after="Idle" decision="PassThrough" physical="Allow" repeat_count=1 last_timestamp_us=395198220 last_elapsed_ms=0
2026-09-20T00:03:06.607992Z DEBUG execute_from_hook: awase_windows::runtime::executor: [relay-passthrough] PassThrough idle: direct OS pass-through (vk=0x1b up)
2026-09-20T00:03:06.608115Z DEBUG execute_one{generation=None}: awase_windows::runtime::executor: [reinject] vk=0x1b up (queued passthrough now firing)
2026-09-20T00:03:06.611989Z DEBUG awase_windows::platform: [gji-fsm] EndComposition (candidate HIDE) epoch=FocusEpoch(59)
2026-09-20T00:03:06.612176Z DEBUG awase::journal: gji fsm transition seq=1500 elapsed_ms=395183 trigger="EndComposition(candidate HIDE, epoch=FocusEpoch(59))" state_before="OnComposing(Warm)" state_after="OnWarm"
2026-09-20T00:03:08.368823Z DEBUG awase_windows::runtime::key_pipeline: [shadow-toggle] vk=0x1DはFSM delegate所有 → belief書き込み/actuationをスキップ w_ops0=112247 x_ops0=248752 x_KB0=23.8
2026-09-20T00:03:08.369025Z DEBUG awase_windows::runtime::key_pipeline: [shadow-toggle] no-op: vk=0x1D action=Toggle source=PhysicalImeKey effective_open は既に true → apply-ime 見送り
2026-09-20T00:03:08.369120Z DEBUG awase_windows::runtime::key_pipeline: [engine-input] vk=0x1D KeyDown ts=396959308us delay=0ms state=Idle mods(c=false s=false a=false w=false) gas_ctrl=false phys_ctrl=false extra=0x5350494B pending_drain=0 gate_active=false l_thumb=Some(396959285) r_thumb=None [dia
2026-09-20T00:03:08.369200Z DEBUG awase::engine::engine: [diag-engine-active] ime_on=true なのに非活性: reason=Inactive(NotRomajiInput) romaji_capable=false japanese=true user_enabled=true was_active=false input_mode=ObservedEisu
2026-09-20T00:03:08.369387Z DEBUG awase::journal: key input seq=1501 elapsed_ms=396940 vk_code=29 is_down=true injected=false key_class="LeftThumb" state_before="Idle" state_after="Idle" decision="PassThrough" physical="Allow" repeat_count=1 last_timestamp_us=396959308 last_elapsed_ms=0
2026-09-20T00:03:08.369752Z DEBUG execute_one{generation=None}: awase_windows::runtime::executor: [reinject] vk=0x1d down (queued passthrough now firing)
2026-09-20T00:03:08.393458Z DEBUG awase_windows::tsf::gji_monitor: [gji-io] WRITE: w_ops=+2 w_KB=+0.0 (r_ops=+4 x_ops=+4 x_KB=+0.0)
2026-09-20T00:03:08.495618Z DEBUG awase_windows::runtime::key_pipeline: [engine-input] vk=0x1D KeyUp ts=397085673us delay=0ms state=Idle mods(c=false s=false a=false w=false) gas_ctrl=false phys_ctrl=false extra=0x5350494B pending_drain=0 gate_active=false l_thumb=None r_thumb=None [diag-ctx] ime_on
2026-09-20T00:03:08.495726Z DEBUG awase::engine::engine: [diag-engine-active] ime_on=true なのに非活性: reason=Inactive(NotRomajiInput) romaji_capable=false japanese=true user_enabled=true was_active=false input_mode=ObservedEisu
2026-09-20T00:03:08.495885Z DEBUG awase::journal: key input seq=1502 elapsed_ms=397067 vk_code=29 is_down=false injected=false key_class="LeftThumb" state_before="Idle" state_after="Idle" decision="PassThrough" physical="Allow" repeat_count=1 last_timestamp_us=397085673 last_elapsed_ms=0
2026-09-20T00:03:08.496240Z DEBUG execute_one{generation=None}: awase_windows::runtime::executor: [reinject] vk=0x1d up (queued passthrough now firing)
2026-09-20T00:03:09.049725Z DEBUG awase_windows::runtime::key_pipeline: [engine-input] vk=0x4B KeyDown ts=397640368us delay=0ms state=Idle mods(c=false s=false a=false w=false) gas_ctrl=false phys_ctrl=false extra=0x5350494B pending_drain=0 gate_active=false l_thumb=None r_thumb=None [diag-ctx] ime_
2026-09-20T00:03:09.049787Z DEBUG awase::engine::engine: [diag-engine-active] ime_on=true なのに非活性: reason=Inactive(NotRomajiInput) romaji_capable=false japanese=true user_enabled=true was_active=false input_mode=ObservedEisu
2026-09-20T00:03:09.049851Z DEBUG awase::journal: key input seq=1503 elapsed_ms=397621 vk_code=75 is_down=true injected=false key_class="Char" state_before="Idle" state_after="Idle" decision="PassThrough" physical="Allow" repeat_count=1 last_timestamp_us=397640368 last_elapsed_ms=0
2026-09-20T00:03:09.049982Z DEBUG execute_one{generation=None}: awase_windows::runtime::executor: [reinject] vk=0x4b down (queued passthrough now firing)
2026-09-20T00:03:09.232766Z DEBUG awase_windows::runtime::key_pipeline: [engine-input] vk=0x4B KeyUp ts=397823430us delay=0ms state=Idle mods(c=false s=false a=false w=false) gas_ctrl=false phys_ctrl=false extra=0x5350494B pending_drain=0 gate_active=false l_thumb=None r_thumb=None [diag-ctx] ime_on
2026-09-20T00:03:09.232914Z DEBUG awase::engine::engine: [diag-engine-active] ime_on=true なのに非活性: reason=Inactive(NotRomajiInput) romaji_capable=false japanese=true user_enabled=true was_active=false input_mode=ObservedEisu
2026-09-20T00:03:09.232999Z DEBUG awase::journal: key input seq=1504 elapsed_ms=397804 vk_code=75 is_down=false injected=false key_class="Char" state_before="Idle" state_after="Idle" decision="PassThrough" physical="Allow" repeat_count=1 last_timestamp_us=397823430 last_elapsed_ms=0
2026-09-20T00:03:09.233141Z DEBUG execute_one{generation=None}: awase_windows::runtime::executor: [reinject] vk=0x4b up (queued passthrough now firing)
2026-09-20T00:03:09.546207Z DEBUG awase_windows::runtime::key_pipeline: [engine-input] vk=0x1B KeyDown ts=398136785us delay=0ms state=Idle mods(c=false s=false a=false w=false) gas_ctrl=false phys_ctrl=false extra=0x5350494B pending_drain=0 gate_active=false l_thumb=None r_thumb=None [diag-ctx] ime_
2026-09-20T00:03:09.546257Z DEBUG awase::engine::engine: [diag-engine-active] ime_on=true なのに非活性: reason=Inactive(NotRomajiInput) romaji_capable=false japanese=true user_enabled=true was_active=false input_mode=ObservedEisu
2026-09-20T00:03:09.546324Z DEBUG awase::journal: key input seq=1505 elapsed_ms=398117 vk_code=27 is_down=true injected=false key_class="Passthrough" state_before="Idle" state_after="Idle" decision="PassThrough" physical="Allow" repeat_count=1 last_timestamp_us=398136785 last_elapsed_ms=0
2026-09-20T00:03:09.546417Z DEBUG execute_from_hook: awase_windows::runtime::executor: [relay-passthrough] PassThrough idle: direct OS pass-through (vk=0x1b down)
2026-09-20T00:03:09.546487Z DEBUG execute_one{generation=None}: awase_windows::runtime::executor: [reinject] vk=0x1b down (queued passthrough now firing)
2026-09-20T00:03:09.733203Z DEBUG awase_windows::runtime::key_pipeline: [engine-input] vk=0x1B KeyUp ts=398323914us delay=0ms state=Idle mods(c=false s=false a=false w=false) gas_ctrl=false phys_ctrl=false extra=0x5350494B pending_drain=0 gate_active=false l_thumb=None r_thumb=None [diag-ctx] ime_on
2026-09-20T00:03:09.733309Z DEBUG awase::engine::engine: [diag-engine-active] ime_on=true なのに非活性: reason=Inactive(NotRomajiInput) romaji_capable=false japanese=true user_enabled=true was_active=false input_mode=ObservedEisu
2026-09-20T00:03:09.733399Z DEBUG awase::journal: key input seq=1506 elapsed_ms=398304 vk_code=27 is_down=false injected=false key_class="Passthrough" state_before="Idle" state_after="Idle" decision="PassThrough" physical="Allow" repeat_count=1 last_timestamp_us=398323914 last_elapsed_ms=0
2026-09-20T00:03:09.733498Z DEBUG execute_from_hook: awase_windows::runtime::executor: [relay-passthrough] PassThrough idle: direct OS pass-through (vk=0x1b up)
2026-09-20T00:03:09.733570Z DEBUG execute_one{generation=None}: awase_windows::runtime::executor: [reinject] vk=0x1b up (queued passthrough now firing)
2026-09-20T00:03:11.542774Z DEBUG awase_windows::runtime::key_pipeline: [shadow-toggle] vk=0x1DはFSM delegate所有 → belief書き込み/actuationをスキップ w_ops0=112249 x_ops0=248756 x_KB0=23.8
2026-09-20T00:03:11.542810Z DEBUG awase_windows::runtime::key_pipeline: [shadow-toggle] no-op: vk=0x1D action=Toggle source=PhysicalImeKey effective_open は既に true → apply-ime 見送り
2026-09-20T00:03:11.542843Z DEBUG awase_windows::runtime::key_pipeline: [engine-input] vk=0x1D KeyDown ts=400133445us delay=0ms state=Idle mods(c=false s=false a=false w=false) gas_ctrl=false phys_ctrl=false extra=0x5350494B pending_drain=0 gate_active=false l_thumb=Some(400133358) r_thumb=None [dia
2026-09-20T00:03:11.542881Z DEBUG awase::engine::engine: [diag-engine-active] ime_on=true なのに非活性: reason=Inactive(NotRomajiInput) romaji_capable=false japanese=true user_enabled=true was_active=false input_mode=ObservedEisu
2026-09-20T00:03:11.542955Z DEBUG awase::journal: key input seq=1507 elapsed_ms=400114 vk_code=29 is_down=true injected=false key_class="LeftThumb" state_before="Idle" state_after="Idle" decision="PassThrough" physical="Allow" repeat_count=1 last_timestamp_us=400133445 last_elapsed_ms=0
2026-09-20T00:03:11.543100Z DEBUG execute_one{generation=None}: awase_windows::runtime::executor: [reinject] vk=0x1d down (queued passthrough now firing)
2026-09-20T00:03:11.552964Z DEBUG awase_windows::tsf::gji_monitor: [gji-io] WRITE: w_ops=+2 w_KB=+0.0 (r_ops=+4 x_ops=+4 x_KB=+0.0)
2026-09-20T00:03:11.680148Z DEBUG awase_windows::runtime::key_pipeline: [engine-input] vk=0x1D KeyUp ts=400270773us delay=0ms state=Idle mods(c=false s=false a=false w=false) gas_ctrl=false phys_ctrl=false extra=0x5350494B pending_drain=0 gate_active=false l_thumb=None r_thumb=None [diag-ctx] ime_on
2026-09-20T00:03:11.680198Z DEBUG awase::engine::engine: [diag-engine-active] ime_on=true なのに非活性: reason=Inactive(NotRomajiInput) romaji_capable=false japanese=true user_enabled=true was_active=false input_mode=ObservedEisu
2026-09-20T00:03:11.680269Z DEBUG awase::journal: key input seq=1508 elapsed_ms=400251 vk_code=29 is_down=false injected=false key_class="LeftThumb" state_before="Idle" state_after="Idle" decision="PassThrough" physical="Allow" repeat_count=1 last_timestamp_us=400270773 last_elapsed_ms=0
2026-09-20T00:03:11.680410Z DEBUG execute_one{generation=None}: awase_windows::runtime::executor: [reinject] vk=0x1d up (queued passthrough now firing)
2026-09-20T00:03:12.182049Z DEBUG awase_windows::runtime::key_pipeline: [engine-input] vk=0x4B KeyDown ts=400772738us delay=0ms state=Idle mods(c=false s=false a=false w=false) gas_ctrl=false phys_ctrl=false extra=0x5350494B pending_drain=0 gate_active=false l_thumb=None r_thumb=None [diag-ctx] ime_
2026-09-20T00:03:12.182099Z DEBUG awase::engine::engine: [diag-engine-active] ime_on=true なのに非活性: reason=Inactive(NotRomajiInput) romaji_capable=false japanese=true user_enabled=true was_active=false input_mode=ObservedEisu
2026-09-20T00:03:12.182165Z DEBUG awase::journal: key input seq=1509 elapsed_ms=400753 vk_code=75 is_down=true injected=false key_class="Char" state_before="Idle" state_after="Idle" decision="PassThrough" physical="Allow" repeat_count=1 last_timestamp_us=400772738 last_elapsed_ms=0
2026-09-20T00:03:12.182291Z DEBUG execute_one{generation=None}: awase_windows::runtime::executor: [reinject] vk=0x4b down (queued passthrough now firing)
2026-09-20T00:03:12.193813Z DEBUG awase_windows::tsf::gji_monitor: [gji-io] WRITE: w_ops=+2 w_KB=+0.4 (r_ops=+4 x_ops=+4 x_KB=+0.0)
2026-09-20T00:03:12.204931Z  INFO awase_windows::tsf::win_event_obs: [gji-obs] candidate SHOW #60: last_gji_write=16ms ago
2026-09-20T00:03:12.369334Z DEBUG awase_windows::runtime::key_pipeline: [engine-input] vk=0x4B KeyUp ts=400959895us delay=0ms state=Idle mods(c=false s=false a=false w=false) gas_ctrl=false phys_ctrl=false extra=0x5350494B pending_drain=0 gate_active=false l_thumb=None r_thumb=None [diag-ctx] ime_on
2026-09-20T00:03:12.369399Z DEBUG awase::engine::engine: [diag-engine-active] ime_on=true なのに非活性: reason=Inactive(NotRomajiInput) romaji_capable=false japanese=true user_enabled=true was_active=false input_mode=ObservedEisu
2026-09-20T00:03:12.369487Z DEBUG awase::journal: key input seq=1510 elapsed_ms=400940 vk_code=75 is_down=false injected=false key_class="Char" state_before="Idle" state_after="Idle" decision="PassThrough" physical="Allow" repeat_count=1 last_timestamp_us=400959895 last_elapsed_ms=0
2026-09-20T00:03:12.369656Z DEBUG execute_one{generation=None}: awase_windows::runtime::executor: [reinject] vk=0x4b up (queued passthrough now firing)
2026-09-20T00:03:12.372643Z DEBUG awase_windows::platform: [gji-fsm] StartComposition (candidate SHOW)
2026-09-20T00:03:12.372681Z DEBUG gji_on_event{event=StartComposition}: awase_windows::tsf::gji_fsm: [gji-fsm] StartComposition: OnWarm → OnComposing(AlreadyWarm)
2026-09-20T00:03:12.372853Z DEBUG awase::journal: gji fsm transition seq=1511 elapsed_ms=400943 trigger="StartComposition(candidate SHOW)" state_before="OnWarm" state_after="OnComposing(Warm)"
2026-09-20T00:03:12.681767Z DEBUG awase_windows::runtime::key_pipeline: [engine-input] vk=0x1B KeyDown ts=401272492us delay=0ms state=Idle mods(c=false s=false a=false w=false) gas_ctrl=false phys_ctrl=false extra=0x5350494B pending_drain=0 gate_active=false l_thumb=None r_thumb=None [diag-ctx] ime_
2026-09-20T00:03:12.681801Z DEBUG awase::engine::engine: [diag-engine-active] ime_on=true なのに非活性: reason=Inactive(NotRomajiInput) romaji_capable=false japanese=true user_enabled=true was_active=false input_mode=ObservedEisu
2026-09-20T00:03:12.681840Z DEBUG awase::journal: key input seq=1512 elapsed_ms=401252 vk_code=27 is_down=true injected=false key_class="Passthrough" state_before="Idle" state_after="Idle" decision="PassThrough" physical="Allow" repeat_count=1 last_timestamp_us=401272492 last_elapsed_ms=0
2026-09-20T00:03:12.681894Z DEBUG execute_from_hook: awase_windows::runtime::executor: [relay-passthrough] PassThrough idle: direct OS pass-through (vk=0x1b down)
2026-09-20T00:03:12.681931Z DEBUG execute_one{generation=None}: awase_windows::runtime::executor: [reinject] vk=0x1b down (queued passthrough now firing)
2026-09-20T00:03:12.689573Z  INFO awase_windows::tsf::win_event_obs: [gji-obs] candidate HIDE: last_gji_write=500ms ago
2026-09-20T00:03:12.694233Z DEBUG awase_windows::tsf::gji_monitor: [gji-io] WRITE: w_ops=+2 w_KB=+0.4 (r_ops=+4 x_ops=+4 x_KB=+0.0)
2026-09-20T00:03:12.883209Z DEBUG awase_windows::runtime::key_pipeline: [engine-input] vk=0x1B KeyUp ts=401473899us delay=0ms state=Idle mods(c=false s=false a=false w=false) gas_ctrl=false phys_ctrl=false extra=0x5350494B pending_drain=0 gate_active=false l_thumb=None r_thumb=None [diag-ctx] ime_on
2026-09-20T00:03:12.883254Z DEBUG awase::engine::engine: [diag-engine-active] ime_on=true なのに非活性: reason=Inactive(NotRomajiInput) romaji_capable=false japanese=true user_enabled=true was_active=false input_mode=ObservedEisu
2026-09-20T00:03:12.883322Z DEBUG awase::journal: key input seq=1513 elapsed_ms=401454 vk_code=27 is_down=false injected=false key_class="Passthrough" state_before="Idle" state_after="Idle" decision="PassThrough" physical="Allow" repeat_count=1 last_timestamp_us=401473899 last_elapsed_ms=0
2026-09-20T00:03:12.883420Z DEBUG execute_from_hook: awase_windows::runtime::executor: [relay-passthrough] PassThrough idle: direct OS pass-through (vk=0x1b up)
2026-09-20T00:03:12.883491Z DEBUG execute_one{generation=None}: awase_windows::runtime::executor: [reinject] vk=0x1b up (queued passthrough now firing)
2026-09-20T00:03:12.885633Z DEBUG awase_windows::platform: [gji-fsm] EndComposition (candidate HIDE) epoch=FocusEpoch(60)
2026-09-20T00:03:12.885832Z DEBUG awase::journal: gji fsm transition seq=1514 elapsed_ms=401456 trigger="EndComposition(candidate HIDE, epoch=FocusEpoch(60))" state_before="OnComposing(Warm)" state_after="OnWarm"
2026-09-20T00:03:14.690311Z DEBUG awase_windows::hook: [hook] IME-mode vk=0xF0 up self_injected=false injected=false scan=0x70 extra=0x5350494B since_actuation_us=Some(28794934)
2026-09-20T00:03:14.690469Z DEBUG awase::journal: hook ime-mode diagnostic seq=1515 elapsed_ms=403261 vk_code=240 is_down=false self_injected=false injected=false scan=112
2026-09-20T00:03:14.690592Z DEBUG awase_windows::hook: [hook] IME-mode vk=0xF2 down self_injected=false injected=false scan=0x70 extra=0x5350494B since_actuation_us=Some(28795228)
2026-09-20T00:03:14.690677Z DEBUG awase_windows::runtime::key_pipeline: [engine-input] vk=0xF0 KeyUp ts=403281320us delay=0ms state=Idle mods(c=false s=false a=false w=false) gas_ctrl=false phys_ctrl=false extra=0x5350494B pending_drain=0 gate_active=false l_thumb=None r_thumb=None [diag-ctx] ime_on
2026-09-20T00:03:14.690715Z DEBUG awase::engine::engine: [diag-engine-active] ime_on=true なのに非活性: reason=Inactive(NotRomajiInput) romaji_capable=false japanese=true user_enabled=true was_active=false input_mode=ObservedEisu
2026-09-20T00:03:14.690838Z DEBUG awase::journal: key input seq=1516 elapsed_ms=403261 vk_code=240 is_down=false injected=false key_class="Passthrough" state_before="Idle" state_after="Idle" decision="PassThrough" physical="Suppress" repeat_count=1 last_timestamp_us=403281320 last_elapsed_ms=0
2026-09-20T00:03:14.690889Z DEBUG awase_windows::runtime::key_pipeline: [imm-cross] key suppress vk=0xf0 KeyUp (physical disposition)
2026-09-20T00:03:14.690941Z DEBUG awase::journal: hook ime-mode diagnostic seq=1517 elapsed_ms=403261 vk_code=242 is_down=true self_injected=false injected=false scan=112
2026-09-20T00:03:14.691018Z  INFO awase_windows::runtime::key_pipeline: [shadow-toggle] intent 昇格: vk=0xF2 scan=0x70 action=TurnOn kind=PhysicalImeKey injected=false true→true w_ops0=112255 x_ops0=248768 x_KB0=23.8
2026-09-20T00:03:14.691057Z DEBUG awase::journal: ime event seq=1518 elapsed_ms=403262 event_kind="UserImeSetIntent"
2026-09-20T00:03:14.691079Z DEBUG awase_windows::runtime::key_pipeline: [shadow-toggle] no-op: vk=0xF2 action=TurnOn source=PhysicalImeKey effective_open は既に true → apply-ime 見送り
2026-09-20T00:03:14.691108Z DEBUG awase::journal: ime event seq=1519 elapsed_ms=403262 event_kind="InputModeApplied"
2026-09-20T00:03:14.691184Z  INFO awase_windows::runtime::key_pipeline: [shadow-toggle] TurnOn (IME既にopen) + ObservedEisu → AssumedRomaji に リセット (UserTurnOnEisuReset)
2026-09-20T00:03:14.691206Z DEBUG awase_windows::runtime::key_pipeline: [engine-input] vk=0xF2 KeyDown ts=403281559us delay=0ms state=Idle mods(c=false s=false a=false w=false) gas_ctrl=false phys_ctrl=false extra=0x5350494B pending_drain=0 gate_active=false l_thumb=None r_thumb=None [diag-ctx] ime_
2026-09-20T00:03:14.691238Z  INFO awase::engine::engine: Engine activated (ime=true, romaji=true, japanese=true, user=true, reason=Active)
2026-09-20T00:03:14.691298Z DEBUG awase::journal: key input seq=1520 elapsed_ms=403262 vk_code=242 is_down=true injected=false key_class="Passthrough" state_before="Idle" state_after="Idle" decision="PassThroughWith" physical="Allow" repeat_count=1 last_timestamp_us=403281559 last_elapsed_ms=0
2026-09-20T00:03:14.691350Z DEBUG awase::journal: ime event seq=1521 elapsed_ms=403262 event_kind="EngineActivationSync"
2026-09-20T00:03:14.691382Z DEBUG awase::journal: ime event seq=1522 elapsed_ms=403262 event_kind="ImeApplyRequested"
2026-09-20T00:03:14.691397Z  INFO awase_windows::runtime::key_pipeline: IME control: preconditions.ime_on = true (SetOpenRequest, origin=ActivationSync), was_open_before=true last_intent_before=Some(true) poll suspended
2026-09-20T00:03:14.691504Z DEBUG awase_windows::runtime::key_pipeline: may_change_ime key passed through → IME refresh scheduled (20ms)
2026-09-20T00:03:14.691550Z DEBUG execute_from_hook: awase_windows::runtime::executor: [relay-flush] PassThroughWith: queue 2 effect(s) + reinject (vk=0xf2 down)
2026-09-20T00:03:14.691712Z DEBUG execute_one{generation=Some(ApplyGeneration(37))}:dispatch_ime_set_open{open=true generation=Some(ApplyGeneration(37))}: awase_windows::runtime::executor: [dispatch-ime] ImmCross async: optimistic applied_snapshot=true (suppress send_engine_state_ime_key)
2026-09-20T00:03:14.693021Z DEBUG execute_one{generation=Some(ApplyGeneration(37))}: awase_windows::platform: [engine-state-key] skipped (apply_ime_open aligned ime=true, profile=Standard)
2026-09-20T00:03:14.693095Z DEBUG execute_one{generation=Some(ApplyGeneration(37))}: awase_windows::runtime::executor: [reinject] vk=0xf2 down (queued passthrough now firing)
2026-09-20T00:03:14.694281Z DEBUG awase_windows::hook: [hook] IME-mode vk=0xF0 up self_injected=true injected=false scan=0x0 extra=0x4B45594D since_actuation_us=Some(28798913)
2026-09-20T00:03:14.697926Z DEBUG awase_windows::hook: [hook] IME-mode vk=0xF2 down self_injected=true injected=true scan=0x0 extra=0x4B45594D since_actuation_us=Some(28802555)
2026-09-20T00:03:14.699003Z DEBUG awase::journal: hook ime-mode diagnostic seq=1523 elapsed_ms=403269 vk_code=240 is_down=false self_injected=true injected=false scan=0
2026-09-20T00:03:14.699041Z DEBUG awase::journal: hook ime-mode diagnostic seq=1524 elapsed_ms=403270 vk_code=242 is_down=true self_injected=true injected=true scan=0
2026-09-20T00:03:14.699320Z DEBUG run_open_chain_async: awase_windows::ime_controller: [warrant-shadow] chain=async open=true origin=EventOrigin { source: SelfActuated { strategy: "engine_decision_async" }, epoch: Generation(0) } warranted
2026-09-20T00:03:14.699398Z  INFO run_open_chain_async:imm_cross_write{open=true}: awase_windows::runtime::open_chain: [apply-ime] ImmCross async: open=true composition_active=false show_seq=0 change_seq=0 (issue #138診断)
2026-09-20T00:03:14.702744Z DEBUG awase_windows::shadow_send_trace: [shadow-send] channel=ImeControl cmd=0x0006 lparam=1 issue_us=403292436
2026-09-20T00:03:14.702761Z DEBUG awase_windows::ime: set_ime_open_for_target: hwnd=HWND(0xe41550) ime_wnd=HWND(0x1263866) open=true success=true send_elapsed=1ms candidate_visible=false
2026-09-20T00:03:14.702874Z DEBUG awase_windows::tsf::gji_monitor: [gji-io] WRITE: w_ops=+2 w_KB=+0.0 (r_ops=+4 x_ops=+4 x_KB=+0.0)
2026-09-20T00:03:14.707370Z DEBUG run_open_chain_async:imm_cross_write{open=true}: awase_windows::ime: [imm-cross-actuate] hwnd=HWND(0xe41550) open=Written conv=Some(Written)
2026-09-20T00:03:14.707412Z DEBUG run_open_chain_async:imm_cross_write{open=true}: awase_windows::runtime::open_chain: [apply-ime] ROMAN 補完結果: Written
2026-09-20T00:03:14.707454Z DEBUG run_open_chain_async: awase::journal: actuation decision seq=1525 elapsed_ms=403278 site="DispatchImeSetOpen" caller="None" open=true chain_len=4 attempts_len=1 gate_profile="Standard" gate_kind="Gji" gate_shadow_known=true gate_shadow_on=true gate_input_mode="Assum
2026-09-20T00:03:14.708781Z DEBUG on_ime_apply_complete{open=true outcome=AppliedWithoutSendInput generation=Some(ApplyGeneration(37)) reason=EngineDecision}: awase::journal: ime open applied seq=1526 elapsed_ms=403279 open=true outcome="AppliedWithoutSendInput" reason="EngineDecision"
2026-09-20T00:03:14.709168Z DEBUG on_ime_apply_complete{open=true outcome=AppliedWithoutSendInput generation=Some(ApplyGeneration(37)) reason=EngineDecision}: awase::journal: ime event seq=1527 elapsed_ms=403280 event_kind="ImeApplySucceeded"
2026-09-20T00:03:14.709208Z DEBUG on_ime_apply_complete{open=true outcome=AppliedWithoutSendInput generation=Some(ApplyGeneration(37)) reason=EngineDecision}: awase_windows::tsf::ime_mode_fsm: [ime-mode] SetOpen(true) applied → Hiragana (belief, unconfirmed)
2026-09-20T00:03:14.709235Z DEBUG on_ime_apply_complete{open=true outcome=AppliedWithoutSendInput generation=Some(ApplyGeneration(37)) reason=EngineDecision}: awase_windows::platform: [composition] ImeEffect::SetOpen(true) → marking cold
2026-09-20T00:03:14.709256Z DEBUG on_ime_apply_complete{open=true outcome=AppliedWithoutSendInput generation=Some(ApplyGeneration(37)) reason=EngineDecision}: awase_windows::tsf::probe: [composition] marked cold reason=SetOpenTrue idle=11782ms → next VK/TSF output will send VK_DBE_HIRAGANA warmup
2026-09-20T00:03:14.709304Z DEBUG on_ime_apply_complete{open=true outcome=AppliedWithoutSendInput generation=Some(ApplyGeneration(37)) reason=EngineDecision}:gji_on_event{event=ImeOn { injection_mode: Unicode, gji_idle_ms: 0 }}: awase_windows::tsf::gji_fsm: [gji-fsm] ImeOn: already on (OnWarm), igno
2026-09-20T00:03:14.709416Z DEBUG awase::journal: gji fsm transition seq=1528 elapsed_ms=403280 trigger="ImeOn(gji_idle_ms=0)" state_before="OnWarm" state_after="OnWarm"
2026-09-20T00:03:14.740061Z DEBUG awase_windows::runtime::ime_refresh: Explicit intent: bypassing typing-idle guard for IME verify (idle=47ms)
2026-09-20T00:03:14.740110Z DEBUG awase_windows::observer::ime_observer: IME snapshot: japanese=Some(true) ime_on=Some(true) romaji=Some(true) conv=Some("0x00000019") guard=false
2026-09-20T00:03:14.740194Z DEBUG awase::journal: ime event seq=1529 elapsed_ms=403311 event_kind="ObserverReported"
2026-09-20T00:03:14.740228Z DEBUG awase::journal: ime event seq=1530 elapsed_ms=403311 event_kind="InputModeObserved"
2026-09-20T00:03:15.376457Z DEBUG awase_windows::runtime::key_pipeline: [engine-input] vk=0x4B KeyDown ts=403967108us delay=0ms state=Idle mods(c=false s=false a=false w=false) gas_ctrl=false phys_ctrl=false extra=0x5350494B pending_drain=0 gate_active=false l_thumb=None r_thumb=None [diag-ctx] ime_
2026-09-20T00:03:15.376577Z DEBUG awase::journal: key input seq=1531 elapsed_ms=403947 vk_code=75 is_down=true injected=false key_class="Char" state_before="Idle" state_after="PendingChar(vk=0x4B)" decision="Consume" physical="Allow" repeat_count=1 last_timestamp_us=403967108 last_elapsed_ms=0
2026-09-20T00:03:15.484632Z DEBUG execute_from_loop:execute_one{generation=None}: awase_windows::output: send_keys: mode=Unicode actions=[Char('き')] prev_elapsed=12563ms
2026-09-20T00:03:15.484671Z DEBUG execute_from_loop:execute_one{generation=None}: awase_windows::tsf::probe: [mark-send] last_send_ms=338629531
2026-09-20T00:03:15.484693Z DEBUG execute_from_loop:execute_one{generation=None}: awase_windows::output:   → Char('き') via Unicode
2026-09-20T00:03:15.490113Z DEBUG execute_from_loop:execute_one{generation=None}: awase_windows::tsf::probe: [mark-send] last_send_ms=338629531
2026-09-20T00:03:15.499787Z DEBUG awase_windows::tsf::gji_monitor: [gji-io] WRITE: w_ops=+2 w_KB=+0.4 (r_ops=+4 x_ops=+4 x_KB=+0.0)
2026-09-20T00:03:15.505342Z  INFO awase_windows::tsf::win_event_obs: [gji-obs] candidate SHOW #61: last_gji_write=0ms ago
2026-09-20T00:03:15.589102Z DEBUG awase_windows::runtime::key_pipeline: [engine-input] vk=0x4B KeyUp ts=404179751us delay=0ms state=Idle mods(c=false s=false a=false w=false) gas_ctrl=false phys_ctrl=false extra=0x5350494B pending_drain=0 gate_active=false l_thumb=None r_thumb=None [diag-ctx] ime_on
2026-09-20T00:03:15.589211Z DEBUG awase::journal: key input seq=1533 elapsed_ms=404160 vk_code=75 is_down=false injected=false key_class="Char" state_before="Idle" state_after="Idle" decision="Consume" physical="Allow" repeat_count=1 last_timestamp_us=404179751 last_elapsed_ms=0
2026-09-20T00:03:15.589367Z DEBUG execute_one{generation=None}: awase_windows::output: send_keys: mode=Unicode actions=[Suppress] prev_elapsed=109ms
2026-09-20T00:03:15.589400Z DEBUG execute_one{generation=None}: awase_windows::tsf::probe: [mark-send] last_send_ms=338629640
2026-09-20T00:03:15.589428Z DEBUG execute_one{generation=None}: awase_windows::output:   → Suppress
2026-09-20T00:03:15.589444Z DEBUG execute_one{generation=None}: awase_windows::tsf::probe: [mark-send] last_send_ms=338629640
2026-09-20T00:03:15.589538Z DEBUG execute_one{generation=None}: awase_windows::platform: [gji-fsm] StartComposition (candidate SHOW)
2026-09-20T00:03:15.589637Z DEBUG execute_one{generation=None}:gji_on_event{event=StartComposition}: awase_windows::tsf::gji_fsm: [gji-fsm] StartComposition: OnWarm → OnComposing(AlreadyWarm)
2026-09-20T00:03:15.589827Z DEBUG awase::journal: gji fsm transition seq=1534 elapsed_ms=404160 trigger="StartComposition(candidate SHOW)" state_before="OnWarm" state_after="OnComposing(Warm)"
2026-09-20T00:03:15.881182Z DEBUG awase_windows::runtime::key_pipeline: [engine-input] vk=0x1B KeyDown ts=404471855us delay=0ms state=Idle mods(c=false s=false a=false w=false) gas_ctrl=false phys_ctrl=false extra=0x5350494B pending_drain=0 gate_active=false l_thumb=None r_thumb=None [diag-ctx] ime_
2026-09-20T00:03:15.881291Z DEBUG awase::journal: key input seq=1535 elapsed_ms=404452 vk_code=27 is_down=true injected=false key_class="Passthrough" state_before="Idle" state_after="Idle" decision="PassThrough" physical="Allow" repeat_count=1 last_timestamp_us=404471855 last_elapsed_ms=0
2026-09-20T00:03:15.881389Z DEBUG execute_from_hook: awase_windows::runtime::executor: [relay-passthrough] PassThrough idle: direct OS pass-through (vk=0x1b down)
2026-09-20T00:03:15.881466Z DEBUG execute_one{generation=None}: awase_windows::runtime::executor: [reinject] vk=0x1b down (queued passthrough now firing)
2026-09-20T00:03:15.890711Z  INFO awase_windows::tsf::win_event_obs: [gji-obs] candidate HIDE: last_gji_write=391ms ago
2026-09-20T00:03:15.891739Z DEBUG awase_windows::tsf::gji_monitor: [gji-io] WRITE: w_ops=+2 w_KB=+0.4 (r_ops=+4 x_ops=+4 x_KB=+0.0)
2026-09-20T00:03:16.068177Z DEBUG awase_windows::runtime::key_pipeline: [engine-input] vk=0x1B KeyUp ts=404658717us delay=0ms state=Idle mods(c=false s=false a=false w=false) gas_ctrl=false phys_ctrl=false extra=0x5350494B pending_drain=0 gate_active=false l_thumb=None r_thumb=None [diag-ctx] ime_on
2026-09-20T00:03:16.068437Z DEBUG awase::journal: key input seq=1536 elapsed_ms=404639 vk_code=27 is_down=false injected=false key_class="Passthrough" state_before="Idle" state_after="Idle" decision="PassThrough" physical="Allow" repeat_count=1 last_timestamp_us=404658717 last_elapsed_ms=0
2026-09-20T00:03:16.068594Z DEBUG execute_from_hook: awase_windows::runtime::executor: [relay-passthrough] PassThrough idle: direct OS pass-through (vk=0x1b up)
2026-09-20T00:03:16.068711Z DEBUG execute_one{generation=None}: awase_windows::runtime::executor: [reinject] vk=0x1b up (queued passthrough now firing)
2026-09-20T00:03:16.072054Z DEBUG awase_windows::platform: [gji-fsm] EndComposition (candidate HIDE) epoch=FocusEpoch(61)
2026-09-20T00:03:16.072503Z DEBUG awase::journal: gji fsm transition seq=1537 elapsed_ms=404643 trigger="EndComposition(candidate HIDE, epoch=FocusEpoch(61))" state_before="OnComposing(Warm)" state_after="OnWarm"
2026-09-20T00:03:19.445571Z DEBUG awase_windows::tsf::gji_monitor: [gji-io] WRITE: w_ops=+1 w_KB=+0.0 (r_ops=+2 x_ops=+2 x_KB=+0.0)
2026-09-20T00:03:19.527880Z DEBUG awase_windows::runtime: [focus-sync] hwnd=0x3042C class="CASCADIA_HOSTING_WINDOW_CLASS" app_kind=Win32 hint=ForceTsf → mode=Tsf
2026-09-20T00:03:19.527969Z DEBUG awase_windows::runtime: [focus-sync] belief=ON かつ実状態を問い合わせられないプロファイル (profile=Imm32Unavailable) → 次の入力で再プライムするため cold mark
2026-09-20T00:03:19.528004Z DEBUG awase_windows::tsf::probe: [composition] marked cold reason=FocusChange idle=3938ms → next VK/TSF output will send VK_DBE_HIRAGANA warmup
2026-09-20T00:03:19.528064Z DEBUG awase_windows::tsf::tsf_gate: [tsf-gate] focus change → PendingWarmup (held cleared)
2026-09-20T00:03:19.547004Z DEBUG awase_windows::runtime: [focus-sync] hwnd=0x30580 class="Windows.UI.Composition.DesktopWindowContentBridge" app_kind=Win32 hint=Default → mode=Unicode
2026-09-20T00:03:19.547090Z DEBUG awase_windows::output: [tsf-gate] focus change while PendingWarmup — held バッファを保持して再初期化スキップ (Chrome等の連続フォーカスイベント対策)
2026-09-20T00:03:19.562975Z DEBUG awase_windows::runtime: [focus-sync] hwnd=0x5058A class="Windows.UI.Input.InputSite.WindowClass" app_kind=Uwp hint=ForceTsf → mode=Tsf
2026-09-20T00:03:19.563105Z DEBUG awase_windows::runtime: [focus-sync] belief=ON かつ実状態を問い合わせられないプロファイル (profile=TsfNative) → 次の入力で再プライムするため cold mark
2026-09-20T00:03:19.563214Z DEBUG awase_windows::tsf::probe: [composition] marked cold reason=FocusChange idle=3969ms → next VK/TSF output will send VK_DBE_HIRAGANA warmup
2026-09-20T00:03:19.563254Z DEBUG awase_windows::output: [tsf-gate] focus change while PendingWarmup — held バッファを保持して再初期化スキップ (Chrome等の連続フォーカスイベント対策)
2026-09-20T00:03:19.639081Z  INFO apply_focus_probe_result: awase_windows::runtime::focus_tracking: AppKind changed: Win32 → Uwp (class=Windows.UI.Input.InputSite.WindowClass)
2026-09-20T00:03:19.699667Z DEBUG apply_focus_probe_result: awase_windows::runtime::focus_tracking: Focus kind changed: TextInput → Undetermined (reason=Undetermined)
2026-09-20T00:03:19.700730Z DEBUG apply_focus_probe_result: awase::journal: focus transition seq=1538 elapsed_ms=408271 changed_process=true changed_window=true changed_app_kind=true changed_focus_kind=true dwell_ms=33766 profile="TsfNative"
2026-09-20T00:03:19.701671Z  INFO apply_focus_probe_result: awase_windows::runtime::focus_tracking: FocusChange [12372→19612] Windows.UI.Input.InputSite.WindowClass: stale ime_on=true intent=Some(true) mode=ObservedRomaji japanese=true
2026-09-20T00:03:19.701752Z DEBUG apply_focus_probe_result: awase_windows::tsf::probe: [composition] focus changed → marked cold
2026-09-20T00:03:19.701819Z DEBUG apply_focus_probe_result: awase_windows::runtime: [keymap] active rules recomputed: 0 rule(s) for process="windowsterminal.exe"
2026-09-20T00:03:19.701860Z DEBUG apply_focus_probe_result: awase_windows::runtime::focus_tracking: [keymap] active rules updated on focus change: 0 rule(s) (hwnd=HWND(0x5058a) kind=Undetermined focus_epoch=19)
2026-09-20T00:03:19.701934Z DEBUG apply_focus_probe_result:reduce: awase_windows::state::ime_model: [explicit-intent] cleared (focus change)
2026-09-20T00:03:19.701998Z DEBUG apply_focus_probe_result: awase::journal: ime event seq=1539 elapsed_ms=408272 event_kind="FocusChanged"
2026-09-20T00:03:19.702125Z DEBUG apply_focus_probe_result: awase_windows::runtime::focus_tracking: [focus] TsfNative/SSOT: cache restore スキップ (desired_open=true cache_hwnd=Some(329098) new_hwnd=329098) — 最初のキー入力で dispatch_ime が apply
2026-09-20T00:03:19.703082Z DEBUG awase_windows::runtime::ime_refresh: Skipping IMM query for known-broken class (shadow state SSOT)
2026-09-20T00:03:19.703104Z DEBUG awase_windows::observer::gji_observer: [gji-poll] GJI I/O 250ms ago predates focus change (250ms before focus) → skipped
2026-09-20T00:03:19.703144Z DEBUG awase_windows::runtime::ime_refresh: [composition] focus change → marking cold
2026-09-20T00:03:19.703166Z DEBUG awase_windows::tsf::probe: [composition] marked cold reason=FocusChange idle=4110ms → next VK/TSF output will send VK_DBE_HIRAGANA warmup
2026-09-20T00:03:19.703240Z DEBUG gji_on_event{event=FocusChange { injection_mode: Tsf, gji_idle_ms: 250 }}: awase_windows::tsf::gji_fsm: [gji-fsm] FocusChange gji_idle=250ms → Short
2026-09-20T00:03:19.704181Z DEBUG awase_windows::platform: [gji-fsm] StartProbe probe_id=ProbeId(30) forces_f2=false long=false
2026-09-20T00:03:19.704253Z DEBUG awase_windows::tsf::ime_mode_fsm: [ime-mode] FocusChange → Unknown
2026-09-20T00:03:19.704811Z DEBUG awase::journal: gji fsm transition seq=1540 elapsed_ms=408274 trigger="FocusChange(gji_idle_ms=250)" state_before="OnWarm" state_after="OnCold(Short)"
2026-09-20T00:03:19.704897Z DEBUG awase::journal: tsf probe started seq=1541 elapsed_ms=408274 source="GjiAction::StartProbe" cold_seq=4 probe_id=30 probe_id_present=true gji_state="OnCold(Short)" consecutive_at_start=0 pending_deferred_len=0
2026-09-20T00:03:19.705074Z DEBUG awase_windows::shadow_send_trace: [shadow-send] channel=SendInput kind=tsf_marker_warmup vk=[16] issue_us=408295945
2026-09-20T00:03:19.705385Z DEBUG awase_windows::hook: [hook] IME-mode vk=0x16 down self_injected=true injected=true scan=0xF2 extra=0x4B455946 since_actuation_us=Some(340)
2026-09-20T00:03:19.720420Z DEBUG awase_windows::hook: [hook] IME-mode vk=0x16 up self_injected=true injected=true scan=0xF2 extra=0x4B455946 since_actuation_us=Some(15362)
2026-09-20T00:03:19.723916Z  INFO awase_windows::output: [tsf-eager-warmup] VK_IME_ON 送信 (origin=gated), eager_warmup_sent_ms=338633765ms
2026-09-20T00:03:19.724010Z DEBUG awase_windows::runtime::ime_refresh: [composition] FocusChange: send_eager_tsf_warmup called (ime_on via warmup_ime_on())
2026-09-20T00:03:19.725852Z DEBUG awase_windows::platform: [ime-mode] FocusProbe: GJI actuation との交錯を検知 → hint更新をabandon
2026-09-20T00:03:19.726042Z DEBUG awase_windows::tsf::gji_monitor: [gji-io] WRITE: w_ops=+1 w_KB=+0.0 (r_ops=+2 x_ops=+2 x_KB=+0.0)
2026-09-20T00:03:19.726140Z DEBUG awase::journal: hook ime-mode diagnostic seq=1542 elapsed_ms=408296 vk_code=22 is_down=true self_injected=true injected=true scan=242
2026-09-20T00:03:19.726216Z DEBUG awase::journal: hook ime-mode diagnostic seq=1543 elapsed_ms=408296 vk_code=22 is_down=false self_injected=true injected=true scan=242
2026-09-20T00:03:22.180122Z DEBUG awase_windows::tsf::win_event_obs: [tsf-settle] OBJ_NAMECHANGE #1 class=CASCADIA_HOSTING_WINDOW_CLASS
2026-09-20T00:03:25.504688Z  WARN awase_windows::runtime::message_handlers: Hook watchdog: no activity for 5781ms (OS全体の最終入力は2734ms前 → フックにイベントが届いていない疑い(issue #165))
2026-09-20T00:03:28.498697Z  WARN awase_windows::runtime::message_handlers: Hook watchdog: no activity for 8781ms (OS全体の最終入力は5734ms前、OSも無操作のため単なるアイドルの可能性が高い)
2026-09-20T00:03:31.492792Z  WARN awase_windows::runtime::message_handlers: Hook watchdog: no activity for 11781ms (OS全体の最終入力は8734ms前、OSも無操作のため単なるアイドルの可能性が高い)
2026-09-20T00:03:34.498488Z  WARN awase_windows::runtime::message_handlers: Hook watchdog: no activity for 14781ms (OS全体の最終入力は0ms前 → フックにイベントが届いていない疑い(issue #165))
2026-09-20T00:03:37.491715Z  WARN awase_windows::runtime::message_handlers: Hook watchdog: no activity for 17781ms (OS全体の最終入力は1328ms前 → フックにイベントが届いていない疑い(issue #165))
2026-09-20T00:03:40.492390Z  WARN awase_windows::runtime::message_handlers: Hook watchdog: no activity for 20781ms (OS全体の最終入力は406ms前 → フックにイベントが届いていない疑い(issue #165))
script error: Output type incorrect: bool (expecting ())
