2026-09-19T23:05:20.186383Z  WARN awase_windows::runtime::message_handlers: Hook watchdog: no activity for 9891ms (OS全体の最終入力は9891ms前、OSも無操作のため単なるアイドルの可能性が高い)
2026-09-19T23:05:20.889033Z DEBUG awase_windows::runtime: [focus-sync] hwnd=0x9D1528 class="ImeKeyMatrixSpikeWindowClass" app_kind=Win32 hint=Default → mode=Unicode
2026-09-19T23:05:20.889257Z DEBUG awase_windows::tsf::tsf_gate: [tsf-gate] focus change → PendingWarmup (held cleared)
2026-09-19T23:05:20.984622Z DEBUG awase_windows::runtime: [focus-sync] hwnd=0xFC29FC class="Edit" app_kind=Win32 hint=Default → mode=Unicode
2026-09-19T23:05:20.984684Z DEBUG awase_windows::output: [tsf-gate] focus change while PendingWarmup — held バッファを保持して再初期化スキップ (Chrome等の連続フォーカスイベント対策)
2026-09-19T23:05:21.028437Z  INFO apply_focus_probe_result: awase_windows::runtime::focus_tracking: AppKind changed: Uwp → Win32 (class=ImeKeyMatrixSpikeWindowClass)
2026-09-19T23:05:21.032398Z DEBUG apply_focus_probe_result: awase::journal: focus transition seq=595 elapsed_ms=135953 changed_process=true changed_window=true changed_app_kind=true changed_focus_kind=false dwell_ms=10750 profile="ImmCross"
2026-09-19T23:05:21.032586Z  INFO apply_focus_probe_result: awase_windows::runtime::focus_tracking: FocusChange [19612→39828] ImeKeyMatrixSpikeWindowClass: stale ime_on=true intent=None mode=ObservedRomaji japanese=true
2026-09-19T23:05:21.032605Z DEBUG apply_focus_probe_result: awase_windows::tsf::probe: [composition] focus changed → marked cold
2026-09-19T23:05:21.032616Z DEBUG apply_focus_probe_result: awase_windows::runtime: [keymap] active rules recomputed: 0 rule(s) for process="ime_key_matrix_spike.exe"
2026-09-19T23:05:21.032625Z DEBUG apply_focus_probe_result: awase_windows::runtime::focus_tracking: [keymap] active rules updated on focus change: 0 rule(s) (hwnd=HWND(0x9d1528) kind=Undetermined focus_epoch=6)
2026-09-19T23:05:21.032642Z DEBUG apply_focus_probe_result:reduce: awase_windows::state::ime_model: [explicit-intent] cleared (focus change)
2026-09-19T23:05:21.032655Z DEBUG apply_focus_probe_result: awase::journal: ime event seq=596 elapsed_ms=135953 event_kind="FocusChanged"
2026-09-19T23:05:21.032679Z DEBUG apply_focus_probe_result: awase_windows::runtime::focus_tracking: [focus] Imm32Unavailable hard pre-sync applied=true (prevent spurious VK_KANJI on first character key)
2026-09-19T23:05:21.032698Z DEBUG apply_focus_probe_result:gji_on_event{event=ImeOn { injection_mode: Unicode, gji_idle_ms: 6203 }}: awase_windows::tsf::gji_fsm: [gji-fsm] ImeOn: already on (OnCold(Short)), ignored
2026-09-19T23:05:21.032715Z DEBUG apply_focus_probe_result: awase::journal: gji fsm transition seq=597 elapsed_ms=135953 trigger="ImeOn(gji_idle_ms=6203)" state_before="OnCold(Short)" state_after="OnCold(Short)"
2026-09-19T23:05:21.033215Z DEBUG awase_windows::observer::ime_observer: IME snapshot: japanese=Some(true) ime_on=None romaji=None conv=Some("0x00000009") guard=false
2026-09-19T23:05:21.033254Z DEBUG awase_windows::runtime::ime_refresh: ObserverPoll +0ms since focus: detection failed (miss=1), stale ime_on=true mode=ObservedRomaji
2026-09-19T23:05:21.036486Z DEBUG awase_windows::ime_diagnostic: [ime-diag] label=focus_changed t=335155078 hwnd=0x0 pid=0 tid=41352 class="" hkl=04110411 lang=0411 imm_bridge=true imc_open=- imc_conv=- shadow_on=false shadow_romaji=false shadow_jp=false inject=Unknown dt_focus_ms=- dt_activity_ms=-
2026-09-19T23:05:21.036524Z DEBUG awase_windows::runtime::ime_refresh: [composition] focus change → marking cold
2026-09-19T23:05:21.036549Z DEBUG awase_windows::tsf::probe: [composition] marked cold reason=FocusChange idle=14782ms → next VK/TSF output will send VK_DBE_HIRAGANA warmup
2026-09-19T23:05:21.036592Z DEBUG gji_on_event{event=FocusChange { injection_mode: Unicode, gji_idle_ms: 6203 }}: awase_windows::tsf::gji_fsm: [gji-fsm] FocusChange gji_idle=6203ms → Short
2026-09-19T23:05:21.036633Z DEBUG awase_windows::platform: [gji-fsm] CancelProbe probe_id=ProbeId(3)
2026-09-19T23:05:21.036643Z DEBUG awase_windows::platform: [gji-fsm] StartProbe probe_id=ProbeId(4) forces_f2=false long=false
2026-09-19T23:05:21.037129Z DEBUG awase_windows::tsf::ime_mode_fsm: [ime-mode] FocusChange → Unknown
2026-09-19T23:05:21.037682Z DEBUG awase::journal: gji fsm transition seq=598 elapsed_ms=135957 trigger="FocusChange(gji_idle_ms=6203)" state_before="OnCold(Short)" state_after="OnCold(Short)"
2026-09-19T23:05:21.037721Z DEBUG awase::journal: tsf probe completed seq=599 elapsed_ms=135957 outcome="Canceled" cold_seq=18446744073709551615 cold_seq_present=false probe_id=3 probe_id_present=true duration_ms=10735 tick_count=0 gji_state="OnCold(Short)"
2026-09-19T23:05:21.037743Z DEBUG awase::journal: tsf probe started seq=600 elapsed_ms=135957 source="GjiAction::StartProbe" cold_seq=0 probe_id=4 probe_id_present=true gji_state="OnCold(Short)" consecutive_at_start=0 pending_deferred_len=0
2026-09-19T23:05:21.037763Z DEBUG awase::journal: gji fsm transition seq=601 elapsed_ms=135957 trigger="WarmupComplete(unicode)" state_before="OnCold(Short)" state_after="OnWarm"
2026-09-19T23:05:21.037779Z DEBUG awase::journal: tsf probe completed seq=602 elapsed_ms=135957 outcome="UnicodeImmediate" cold_seq=18446744073709551615 cold_seq_present=false probe_id=4 probe_id_present=true duration_ms=0 tick_count=0 gji_state="OnWarm"
2026-09-19T23:05:21.037823Z DEBUG awase_windows::runtime::ime_refresh: [composition] FocusChange: send_eager_tsf_warmup called (ime_on via warmup_ime_on())
2026-09-19T23:05:21.045338Z DEBUG awase_windows::ime: [idle-conv-check-diag] focused_hwnd=HWND(0xfc29fc) ime_wnd=Some(HWND(0xf80d12))
2026-09-19T23:05:21.047683Z DEBUG awase_windows::tsf::ime_mode_fsm: [ime-mode] cold hint: Unknown → Hiragana (conv=0x00000009, unconfirmed)
2026-09-19T23:05:21.049961Z DEBUG awase::journal: ime event seq=603 elapsed_ms=135971 event_kind="ObserverReported"
2026-09-19T23:05:21.049985Z DEBUG awase_windows::runtime::focus_tracking: [ImmCrossProbe/focus] child-hwnd IME=false → High confidence 観測記録
2026-09-19T23:05:21.098577Z DEBUG awase_windows::runtime: [focus-sync] hwnd=0x9A1550 class="RICHEDIT50W" app_kind=Win32 hint=Default → mode=Unicode
2026-09-19T23:05:21.098624Z DEBUG awase_windows::tsf::tsf_gate: [tsf-gate] focus change → PendingWarmup (held cleared)
2026-09-19T23:05:21.113500Z DEBUG awase_windows::runtime: [focus-sync] hwnd=0xFC29FC class="Edit" app_kind=Win32 hint=Default → mode=Unicode
2026-09-19T23:05:21.113562Z DEBUG awase_windows::output: [tsf-gate] focus change while PendingWarmup — held バッファを保持して再初期化スキップ (Chrome等の連続フォーカスイベント対策)
2026-09-19T23:05:21.177901Z DEBUG apply_focus_probe_result: awase_windows::runtime::focus_tracking: Focus kind changed: Undetermined → TextInput (reason=KnownTextClass(Edit))
2026-09-19T23:05:21.177992Z DEBUG apply_focus_probe_result:reduce: awase_windows::state::observation_store: [focus-hwnd-track] update_focus_window: current_fence.hwnd HwndId(10294568) -> HwndId(16525820)
2026-09-19T23:05:21.178036Z DEBUG apply_focus_probe_result: awase::journal: ime event seq=604 elapsed_ms=136099 event_kind="FocusHwndUpdated"
2026-09-19T23:05:21.178075Z DEBUG apply_focus_probe_result: awase::journal: focus transition seq=605 elapsed_ms=136099 changed_process=false changed_window=true changed_app_kind=false changed_focus_kind=true dwell_ms=140 profile="ImmCross"
2026-09-19T23:05:21.178347Z DEBUG awase_windows::state::observation_store: [identity-gate] hwnd不一致で除外: source=ImmCrossProbe obs_hwnd=HwndId(10294568) current_hwnd=HwndId(16525820) confidence=High
2026-09-19T23:05:21.178366Z DEBUG awase_windows::state::observation_store: [identity-gate] hwnd不一致で除外: source=ImmCrossProbe obs_hwnd=HwndId(10294568) current_hwnd=HwndId(16525820) confidence=High
2026-09-19T23:05:21.178405Z DEBUG awase_windows::state::observation_store: [identity-gate] hwnd不一致で除外: source=ImmCrossProbe obs_hwnd=HwndId(10294568) current_hwnd=HwndId(16525820) confidence=High
2026-09-19T23:05:21.178420Z DEBUG awase_windows::state::observation_store: [identity-gate] hwnd不一致で除外: source=ImmCrossProbe obs_hwnd=HwndId(10294568) current_hwnd=HwndId(16525820) confidence=High
2026-09-19T23:05:21.178445Z DEBUG awase_windows::observer::ime_observer: IME snapshot: japanese=Some(true) ime_on=Some(false) romaji=None conv=Some("0x00000009") guard=false
2026-09-19T23:05:21.178521Z DEBUG awase::journal: ime event seq=606 elapsed_ms=136099 event_kind="ObserverReported"
2026-09-19T23:05:21.178539Z DEBUG awase_windows::state::observation_store: [identity-gate] hwnd不一致で除外: source=ImmCrossProbe obs_hwnd=HwndId(10294568) current_hwnd=HwndId(16525820) confidence=High
2026-09-19T23:05:21.178556Z DEBUG awase_windows::state::observation_store: [identity-gate] hwnd不一致で除外: source=ImmCrossProbe obs_hwnd=HwndId(10294568) current_hwnd=HwndId(16525820) confidence=High
2026-09-19T23:05:21.178592Z DEBUG awase_windows::state::observation_store: [identity-gate] hwnd不一致で除外: source=ImmCrossProbe obs_hwnd=HwndId(10294568) current_hwnd=HwndId(16525820) confidence=High
2026-09-19T23:05:21.178609Z DEBUG awase_windows::state::observation_store: [identity-gate] hwnd不一致で除外: source=ImmCrossProbe obs_hwnd=HwndId(10294568) current_hwnd=HwndId(16525820) confidence=High
2026-09-19T23:05:21.178666Z  INFO awase::engine::engine: Engine deactivated (ime=false, romaji=true, japanese=true, user=true, reason=Inactive(ImeOff))
2026-09-19T23:05:21.178820Z DEBUG execute_from_loop:execute_one{generation=None}:dispatch_ime_set_open{open=false generation=None}: awase_windows::runtime::executor: [dispatch-ime] ImmCross async: optimistic applied_snapshot=false (suppress send_engine_state_ime_key)
2026-09-19T23:05:21.178850Z DEBUG execute_from_loop:execute_one{generation=None}:dispatch_ime_set_open{open=false generation=None}: awase_windows::state::observation_store: [identity-gate] hwnd不一致で除外: source=ImmCrossProbe obs_hwnd=HwndId(10294568) current_hwnd=HwndId(16525820) confidence=High
2026-09-19T23:05:21.178925Z DEBUG execute_from_loop:execute_one{generation=None}:dispatch_ime_set_open{open=false generation=None}: awase_windows::state::observation_store: [identity-gate] hwnd不一致で除外: source=ImmCrossProbe obs_hwnd=HwndId(10294568) current_hwnd=HwndId(16525820) confidence=High
2026-09-19T23:05:21.179761Z DEBUG execute_from_loop:execute_one{generation=None}: awase_windows::platform: [engine-state-key] suppressed (polling/focus-triggered, enabled=false)
2026-09-19T23:05:21.182078Z DEBUG run_open_chain_async: awase_windows::ime_controller: [warrant-shadow] chain=async open=false origin=EventOrigin { source: SelfActuated { strategy: "engine_decision_async" }, epoch: Generation(0) } warranted
2026-09-19T23:05:21.182150Z  INFO run_open_chain_async:imm_cross_write{open=false}: awase_windows::runtime::open_chain: [apply-ime] ImmCross async: open=false composition_active=false show_seq=0 change_seq=0 (issue #138診断)
2026-09-19T23:05:21.183240Z DEBUG awase_windows::shadow_send_trace: [shadow-send] channel=ImeControl cmd=0x0006 lparam=0 issue_us=136103216
2026-09-19T23:05:21.183248Z DEBUG awase_windows::ime: set_ime_open_for_target: hwnd=HWND(0xfc29fc) ime_wnd=HWND(0xf80d12) open=false success=true send_elapsed=0ms candidate_visible=false
2026-09-19T23:05:21.183308Z DEBUG run_open_chain_async:imm_cross_write{open=false}: awase_windows::ime: [imm-cross-actuate] hwnd=HWND(0xfc29fc) open=Written conv=None
2026-09-19T23:05:21.183375Z DEBUG run_open_chain_async: awase::journal: actuation decision seq=607 elapsed_ms=136104 site="DispatchImeSetOpen" caller="None" open=false chain_len=4 attempts_len=1 gate_profile="Standard" gate_kind="Gji" gate_shadow_known=true gate_shadow_on=true gate_input_mode="Obser
2026-09-19T23:05:21.183627Z DEBUG on_ime_apply_complete{open=false outcome=AppliedWithoutSendInput generation=None reason=EngineDecision}: awase::journal: ime open applied seq=608 elapsed_ms=136104 open=false outcome="AppliedWithoutSendInput" reason="EngineDecision"
2026-09-19T23:05:21.183696Z DEBUG on_ime_apply_complete{open=false outcome=AppliedWithoutSendInput generation=None reason=EngineDecision}: awase_windows::tsf::ime_mode_fsm: [ime-mode] SetOpen(false) applied → Off (belief, unconfirmed)
2026-09-19T23:05:21.183720Z DEBUG on_ime_apply_complete{open=false outcome=AppliedWithoutSendInput generation=None reason=EngineDecision}: awase_windows::platform: [composition] ImeEffect::SetOpen(false) → marking cold (prevent warm+TSF Enter leak)
2026-09-19T23:05:21.183741Z DEBUG on_ime_apply_complete{open=false outcome=AppliedWithoutSendInput generation=None reason=EngineDecision}: awase_windows::tsf::probe: [composition] marked cold reason=SetOpenFalse idle=14938ms → next VK/TSF output will send VK_DBE_HIRAGANA warmup
2026-09-19T23:05:21.183880Z DEBUG awase::journal: gji fsm transition seq=609 elapsed_ms=136105 trigger="ImeOff" state_before="OnWarm" state_after="OffCold"
2026-09-19T23:05:21.222905Z DEBUG awase_windows::state::observation_store: [identity-gate] hwnd不一致で除外: source=ImmCrossProbe obs_hwnd=HwndId(10294568) current_hwnd=HwndId(16525820) confidence=High
2026-09-19T23:05:21.222926Z DEBUG awase_windows::state::observation_store: [identity-gate] hwnd不一致で除外: source=ImmCrossProbe obs_hwnd=HwndId(10294568) current_hwnd=HwndId(16525820) confidence=High
2026-09-19T23:05:21.222963Z DEBUG awase_windows::state::observation_store: [identity-gate] hwnd不一致で除外: source=ImmCrossProbe obs_hwnd=HwndId(10294568) current_hwnd=HwndId(16525820) confidence=High
2026-09-19T23:05:21.222978Z DEBUG awase_windows::state::observation_store: [identity-gate] hwnd不一致で除外: source=ImmCrossProbe obs_hwnd=HwndId(10294568) current_hwnd=HwndId(16525820) confidence=High
2026-09-19T23:05:21.223003Z DEBUG awase_windows::observer::ime_observer: IME snapshot: japanese=Some(true) ime_on=Some(false) romaji=None conv=Some("0x00000009") guard=false
2026-09-19T23:05:21.223087Z DEBUG awase::journal: ime event seq=610 elapsed_ms=136144 event_kind="ObserverReported"
2026-09-19T23:05:21.223109Z DEBUG awase_windows::state::observation_store: [identity-gate] hwnd不一致で除外: source=ImmCrossProbe obs_hwnd=HwndId(10294568) current_hwnd=HwndId(16525820) confidence=High
2026-09-19T23:05:21.223125Z DEBUG awase_windows::state::observation_store: [identity-gate] hwnd不一致で除外: source=ImmCrossProbe obs_hwnd=HwndId(10294568) current_hwnd=HwndId(16525820) confidence=High
2026-09-19T23:05:21.223163Z DEBUG awase_windows::state::observation_store: [identity-gate] hwnd不一致で除外: source=ImmCrossProbe obs_hwnd=HwndId(10294568) current_hwnd=HwndId(16525820) confidence=High
2026-09-19T23:05:21.223179Z DEBUG awase_windows::state::observation_store: [identity-gate] hwnd不一致で除外: source=ImmCrossProbe obs_hwnd=HwndId(10294568) current_hwnd=HwndId(16525820) confidence=High
2026-09-19T23:05:21.465743Z DEBUG awase_windows::runtime::message_handlers: [drain] vk=0x1C KeyDown
2026-09-19T23:05:21.465750Z DEBUG awase_windows::runtime::message_handlers: [output-drain] replay vk=0x1C KeyDown event_ts=136385556us now=136385838us delta=0ms
2026-09-19T23:05:21.465772Z DEBUG awase_windows::state::observation_store: [identity-gate] hwnd不一致で除外: source=ImmCrossProbe obs_hwnd=HwndId(10294568) current_hwnd=HwndId(16525820) confidence=High
2026-09-19T23:05:21.465784Z DEBUG awase_windows::state::observation_store: [identity-gate] hwnd不一致で除外: source=ImmCrossProbe obs_hwnd=HwndId(10294568) current_hwnd=HwndId(16525820) confidence=High
2026-09-19T23:05:21.465822Z DEBUG awase_windows::state::observation_store: [identity-gate] hwnd不一致で除外: source=ImmCrossProbe obs_hwnd=HwndId(10294568) current_hwnd=HwndId(16525820) confidence=High
2026-09-19T23:05:21.465829Z DEBUG awase_windows::state::observation_store: [identity-gate] hwnd不一致で除外: source=ImmCrossProbe obs_hwnd=HwndId(10294568) current_hwnd=HwndId(16525820) confidence=High
2026-09-19T23:05:21.465839Z  INFO awase_windows::runtime::key_pipeline: [shadow-toggle] intent 昇格: vk=0x1C scan=0x79 action=Toggle kind=PhysicalImeKey injected=false false→true w_ops0=109657 x_ops0=243043 x_KB0=23.5
2026-09-19T23:05:21.465858Z DEBUG awase::journal: ime event seq=611 elapsed_ms=136387 event_kind="UserImeSetIntent"
2026-09-19T23:05:21.465877Z DEBUG awase_windows::runtime::key_pipeline: Shadow IME toggle: OFF → ON (vk=0x1C, source=PhysicalImeKey)
2026-09-19T23:05:21.465887Z DEBUG awase_windows::runtime::key_pipeline: [engine-input] vk=0x1C KeyDown ts=136385556us delay=0ms state=Idle mods(c=false s=false a=false w=false) gas_ctrl=false phys_ctrl=false extra=0x5350494B pending_drain=0 gate_active=false l_thumb=None r_thumb=Some(136385544) [dia
2026-09-19T23:05:21.465905Z  INFO awase::engine::engine: Engine activated (ime=true, romaji=true, japanese=true, user=true, reason=Active)
2026-09-19T23:05:21.465949Z DEBUG awase::journal: key input seq=612 elapsed_ms=136387 vk_code=28 is_down=true injected=false key_class="RightThumb" state_before="Idle" state_after="PendingThumb(vk=0x1C,left=false)" decision="Consume" physical="Allow" repeat_count=1 last_timestamp_us=136385556 last_e
2026-09-19T23:05:21.465983Z DEBUG awase::journal: ime event seq=613 elapsed_ms=136387 event_kind="EngineActivationSync"
2026-09-19T23:05:21.465993Z DEBUG awase::journal: ime event seq=614 elapsed_ms=136387 event_kind="ImeApplyRequested"
2026-09-19T23:05:21.465999Z  INFO awase_windows::runtime::key_pipeline: IME control: preconditions.ime_on = true (SetOpenRequest, origin=ActivationSync), was_open_before=true last_intent_before=Some(true) poll suspended
2026-09-19T23:05:21.466180Z DEBUG execute_one{generation=Some(ApplyGeneration(20))}:dispatch_ime_set_open{open=true generation=Some(ApplyGeneration(20))}: awase_windows::runtime::executor: [dispatch-ime] ImmCross async: optimistic applied_snapshot=true (suppress send_engine_state_ime_key)
2026-09-19T23:05:21.467356Z DEBUG execute_one{generation=Some(ApplyGeneration(20))}: awase_windows::platform: [engine-state-key] skipped (apply_ime_open aligned ime=true, profile=Standard)
2026-09-19T23:05:21.469564Z DEBUG run_open_chain_async: awase_windows::ime_controller: [warrant-shadow] chain=async open=true origin=EventOrigin { source: SelfActuated { strategy: "engine_decision_async" }, epoch: Generation(0) } warranted
2026-09-19T23:05:21.469600Z  INFO run_open_chain_async:imm_cross_write{open=true}: awase_windows::runtime::open_chain: [apply-ime] ImmCross async: open=true composition_active=false show_seq=0 change_seq=0 (issue #138診断)
2026-09-19T23:05:21.470910Z DEBUG awase::journal: ime event seq=615 elapsed_ms=136392 event_kind="ObserverReported"
2026-09-19T23:05:21.471426Z  INFO awase_windows::runtime::key_pipeline: FocusProbe +0ms: ime_on=true mode=ObservedRomaji [ime=GoogleJapaneseInput sig1=false gji_io=6640ms sig2=false]
2026-09-19T23:05:21.474551Z DEBUG awase_windows::shadow_send_trace: [shadow-send] channel=ImeControl cmd=0x0006 lparam=1 issue_us=136392707
2026-09-19T23:05:21.474566Z DEBUG awase_windows::ime: set_ime_open_for_target: hwnd=HWND(0xfc29fc) ime_wnd=HWND(0xf80d12) open=true success=true send_elapsed=1ms candidate_visible=false
2026-09-19T23:05:21.475709Z DEBUG awase::journal: ime event seq=616 elapsed_ms=136396 event_kind="ObserverReported"
2026-09-19T23:05:21.475737Z DEBUG awase_windows::runtime::key_pipeline: [ImmCrossProbe] child-hwnd IME=true → High confidence 観測記録
2026-09-19T23:05:21.475770Z DEBUG awase_windows::observer::ime_observer: IME snapshot: japanese=Some(true) ime_on=Some(true) romaji=None conv=Some("0x00000009") guard=false
2026-09-19T23:05:21.475799Z DEBUG awase_windows::runtime::key_pipeline: [ImmCrossProbe] kana mode (conv=0x00000009) + IME ON → romaji 修正 (MS-IME かなモード修正)
2026-09-19T23:05:21.481885Z DEBUG awase_windows::shadow_send_trace: [shadow-send] channel=ImeControl cmd=0x0002 lparam=25 issue_us=136395340
2026-09-19T23:05:21.481893Z DEBUG awase_windows::ime: [imm-romaji] conv 0x00000009 → 0x00000019 success=true target=None
2026-09-19T23:05:21.482823Z DEBUG run_open_chain_async:imm_cross_write{open=true}: awase_windows::ime: [imm-cross-actuate] hwnd=HWND(0xfc29fc) open=Written conv=Some(Written)
2026-09-19T23:05:21.482856Z DEBUG run_open_chain_async:imm_cross_write{open=true}: awase_windows::runtime::open_chain: [apply-ime] ROMAN 補完結果: Written
2026-09-19T23:05:21.482894Z DEBUG run_open_chain_async: awase::journal: actuation decision seq=617 elapsed_ms=136404 site="DispatchImeSetOpen" caller="None" open=true chain_len=4 attempts_len=1 gate_profile="Standard" gate_kind="Gji" gate_shadow_known=true gate_shadow_on=false gate_input_mode="Obser
2026-09-19T23:05:21.484135Z DEBUG on_ime_apply_complete{open=true outcome=AppliedWithoutSendInput generation=Some(ApplyGeneration(20)) reason=EngineDecision}: awase::journal: ime open applied seq=618 elapsed_ms=136405 open=true outcome="AppliedWithoutSendInput" reason="EngineDecision"
2026-09-19T23:05:21.484312Z DEBUG on_ime_apply_complete{open=true outcome=AppliedWithoutSendInput generation=Some(ApplyGeneration(20)) reason=EngineDecision}: awase::journal: ime event seq=619 elapsed_ms=136405 event_kind="ImeApplySucceeded"
2026-09-19T23:05:21.484351Z DEBUG on_ime_apply_complete{open=true outcome=AppliedWithoutSendInput generation=Some(ApplyGeneration(20)) reason=EngineDecision}: awase_windows::tsf::ime_mode_fsm: [ime-mode] SetOpen(true) applied → Hiragana (belief, unconfirmed)
2026-09-19T23:05:21.484380Z DEBUG on_ime_apply_complete{open=true outcome=AppliedWithoutSendInput generation=Some(ApplyGeneration(20)) reason=EngineDecision}: awase_windows::platform: [composition] ImeEffect::SetOpen(true) → marking cold
2026-09-19T23:05:21.484401Z DEBUG on_ime_apply_complete{open=true outcome=AppliedWithoutSendInput generation=Some(ApplyGeneration(20)) reason=EngineDecision}: awase_windows::tsf::probe: [composition] marked cold reason=SetOpenTrue idle=15235ms → next VK/TSF output will send VK_DBE_HIRAGANA warmup
2026-09-19T23:05:21.484448Z DEBUG on_ime_apply_complete{open=true outcome=AppliedWithoutSendInput generation=Some(ApplyGeneration(20)) reason=EngineDecision}:gji_on_event{event=ImeOn { injection_mode: Unicode, gji_idle_ms: 6656 }}: awase_windows::tsf::gji_fsm: [gji-fsm] ImeOn gji_idle=6656ms → Short
2026-09-19T23:05:21.484495Z DEBUG on_ime_apply_complete{open=true outcome=AppliedWithoutSendInput generation=Some(ApplyGeneration(20)) reason=EngineDecision}: awase_windows::platform: [gji-fsm] StartProbe probe_id=ProbeId(5) forces_f2=false long=false
2026-09-19T23:05:21.484998Z DEBUG awase::journal: gji fsm transition seq=620 elapsed_ms=136405 trigger="ImeOn(gji_idle_ms=6656)" state_before="OffCold" state_after="OnCold(Short)"
2026-09-19T23:05:21.485008Z DEBUG awase::journal: tsf probe started seq=621 elapsed_ms=136405 source="GjiAction::StartProbe" cold_seq=0 probe_id=5 probe_id_present=true gji_state="OnCold(Short)" consecutive_at_start=0 pending_deferred_len=0
2026-09-19T23:05:21.485018Z DEBUG awase::journal: gji fsm transition seq=622 elapsed_ms=136405 trigger="WarmupComplete(unicode)" state_before="OnCold(Short)" state_after="OnWarm"
2026-09-19T23:05:21.485024Z DEBUG awase::journal: tsf probe completed seq=623 elapsed_ms=136405 outcome="UnicodeImmediate" cold_seq=18446744073709551615 cold_seq_present=false probe_id=5 probe_id_present=true duration_ms=0 tick_count=0 gji_state="OnWarm"
2026-09-19T23:05:21.485426Z DEBUG awase_windows::ime: [conv-actuate] Written: hwnd=HWND(0xfc29fc) target=None
2026-09-19T23:05:21.515973Z DEBUG awase_windows::observer::ime_observer: IME snapshot: japanese=Some(true) ime_on=Some(true) romaji=Some(true) conv=Some("0x00000019") guard=false
2026-09-19T23:05:21.516055Z DEBUG awase::journal: ime event seq=624 elapsed_ms=136437 event_kind="ObserverReported"
2026-09-19T23:05:21.516089Z DEBUG awase::journal: ime event seq=625 elapsed_ms=136437 event_kind="InputModeObserved"
2026-09-19T23:05:21.591082Z DEBUG awase_windows::runtime::key_pipeline: [engine-input] vk=0x1C KeyUp ts=136510890us delay=0ms state=Idle mods(c=false s=false a=false w=false) gas_ctrl=false phys_ctrl=false extra=0x5350494B pending_drain=0 gate_active=false l_thumb=None r_thumb=None [diag-ctx] ime_on
2026-09-19T23:05:21.591258Z DEBUG awase::journal: key input seq=627 elapsed_ms=136512 vk_code=28 is_down=false injected=false key_class="RightThumb" state_before="Idle" state_after="Idle" decision="Consume" physical="Allow" repeat_count=1 last_timestamp_us=136510890 last_elapsed_ms=0
2026-09-19T23:05:23.967192Z DEBUG awase_windows::hook: [hook] IME-mode vk=0xF2 down self_injected=false injected=false scan=0x70 extra=0x5350494B since_actuation_us=Some(13677144)
2026-09-19T23:05:23.967319Z DEBUG awase::journal: hook ime-mode diagnostic seq=628 elapsed_ms=138888 vk_code=242 is_down=true self_injected=false injected=false scan=112
2026-09-19T23:05:23.967462Z  INFO awase_windows::runtime::key_pipeline: [shadow-toggle] intent 昇格: vk=0xF2 scan=0x70 action=TurnOn kind=PhysicalImeKey injected=false true→true w_ops0=109657 x_ops0=243043 x_KB0=23.5
2026-09-19T23:05:23.967485Z DEBUG awase::journal: ime event seq=629 elapsed_ms=138888 event_kind="UserImeSetIntent"
2026-09-19T23:05:23.967498Z DEBUG awase_windows::runtime::key_pipeline: [shadow-toggle] no-op: vk=0xF2 action=TurnOn source=PhysicalImeKey effective_open は既に true → apply-ime 見送り
2026-09-19T23:05:23.967562Z DEBUG awase_windows::runtime::key_pipeline: [engine-input] vk=0xF2 KeyDown ts=138887384us delay=0ms state=Idle mods(c=false s=false a=false w=false) gas_ctrl=false phys_ctrl=false extra=0x5350494B pending_drain=0 gate_active=false l_thumb=None r_thumb=None [diag-ctx] ime_
2026-09-19T23:05:23.967614Z DEBUG awase::journal: key input seq=630 elapsed_ms=138888 vk_code=242 is_down=true injected=false key_class="Passthrough" state_before="Idle" state_after="Idle" decision="PassThrough" physical="Allow" repeat_count=1 last_timestamp_us=138887384 last_elapsed_ms=0
2026-09-19T23:05:23.967646Z DEBUG awase_windows::runtime::key_pipeline: may_change_ime key passed through → IME refresh scheduled (20ms)
2026-09-19T23:05:23.967684Z DEBUG execute_from_hook: awase_windows::runtime::executor: [relay-passthrough] PassThrough idle: direct OS pass-through (vk=0xf2 down)
2026-09-19T23:05:23.967720Z DEBUG execute_one{generation=None}: awase_windows::runtime::executor: [reinject] vk=0xf2 down (queued passthrough now firing)
2026-09-19T23:05:23.971018Z DEBUG awase_windows::hook: [hook] IME-mode vk=0xF2 down self_injected=true injected=true scan=0x0 extra=0x4B45594D since_actuation_us=Some(13680989)
2026-09-19T23:05:23.972318Z DEBUG awase::journal: hook ime-mode diagnostic seq=631 elapsed_ms=138893 vk_code=242 is_down=true self_injected=true injected=true scan=0
2026-09-19T23:05:23.980862Z DEBUG awase_windows::tsf::gji_monitor: [gji-io] WRITE: w_ops=+5 w_KB=+0.1 (r_ops=+10 x_ops=+10 x_KB=+0.0)
2026-09-19T23:05:24.000261Z DEBUG awase_windows::runtime::ime_refresh: Explicit intent: bypassing typing-idle guard for IME verify (idle=31ms)
2026-09-19T23:05:24.000289Z DEBUG awase_windows::observer::ime_observer: IME snapshot: japanese=Some(true) ime_on=Some(true) romaji=None conv=Some("0x00000010") guard=false
2026-09-19T23:05:24.000329Z DEBUG awase::journal: ime event seq=632 elapsed_ms=138921 event_kind="ObserverReported"
2026-09-19T23:05:24.000343Z DEBUG awase::journal: ime event seq=633 elapsed_ms=138921 event_kind="InputModeObserved"
2026-09-19T23:05:24.000351Z  INFO awase_windows::runtime::ime_refresh: ObserverPoll +2968ms since focus: mode ObservedRomaji → ObservedEisu
2026-09-19T23:05:24.000377Z DEBUG awase::engine::engine: [diag-engine-active] ime_on=true なのに非活性: reason=Inactive(NotRomajiInput) romaji_capable=false japanese=true user_enabled=true was_active=true input_mode=ObservedEisu
2026-09-19T23:05:24.000408Z  INFO awase::engine::engine: Engine deactivated (ime=true, romaji=false, japanese=true, user=true, reason=Inactive(NotRomajiInput))
2026-09-19T23:05:24.655028Z DEBUG awase_windows::runtime::key_pipeline: [engine-input] vk=0x4B KeyDown ts=139574950us delay=0ms state=Idle mods(c=false s=false a=false w=false) gas_ctrl=false phys_ctrl=false extra=0x5350494B pending_drain=0 gate_active=false l_thumb=None r_thumb=None [diag-ctx] ime_
2026-09-19T23:05:24.655059Z DEBUG awase::engine::engine: [diag-engine-active] ime_on=true なのに非活性: reason=Inactive(NotRomajiInput) romaji_capable=false japanese=true user_enabled=true was_active=false input_mode=ObservedEisu
2026-09-19T23:05:24.655096Z DEBUG awase::journal: key input seq=634 elapsed_ms=139576 vk_code=75 is_down=true injected=false key_class="Char" state_before="Idle" state_after="Idle" decision="PassThrough" physical="Allow" repeat_count=1 last_timestamp_us=139574950 last_elapsed_ms=0
2026-09-19T23:05:24.655166Z DEBUG execute_one{generation=None}: awase_windows::runtime::executor: [reinject] vk=0x4b down (queued passthrough now firing)
2026-09-19T23:05:24.667917Z  INFO awase_windows::tsf::win_event_obs: [gji-obs] candidate SHOW #15: last_gji_write=687ms ago
2026-09-19T23:05:24.668760Z DEBUG awase_windows::tsf::gji_monitor: [gji-io] WRITE: w_ops=+2 w_KB=+0.4 (r_ops=+4 x_ops=+4 x_KB=+0.0)
2026-09-19T23:05:24.840919Z DEBUG awase_windows::runtime::key_pipeline: [engine-input] vk=0x4B KeyUp ts=139760658us delay=0ms state=Idle mods(c=false s=false a=false w=false) gas_ctrl=false phys_ctrl=false extra=0x5350494B pending_drain=0 gate_active=false l_thumb=None r_thumb=None [diag-ctx] ime_on
2026-09-19T23:05:24.840965Z DEBUG awase::engine::engine: [diag-engine-active] ime_on=true なのに非活性: reason=Inactive(NotRomajiInput) romaji_capable=false japanese=true user_enabled=true was_active=false input_mode=ObservedEisu
2026-09-19T23:05:24.841029Z DEBUG awase::journal: key input seq=635 elapsed_ms=139762 vk_code=75 is_down=false injected=false key_class="Char" state_before="Idle" state_after="Idle" decision="PassThrough" physical="Allow" repeat_count=1 last_timestamp_us=139760658 last_elapsed_ms=0
2026-09-19T23:05:24.841163Z DEBUG execute_one{generation=None}: awase_windows::runtime::executor: [reinject] vk=0x4b up (queued passthrough now firing)
2026-09-19T23:05:24.843683Z DEBUG awase_windows::platform: [gji-fsm] StartComposition (candidate SHOW)
2026-09-19T23:05:24.843701Z DEBUG gji_on_event{event=StartComposition}: awase_windows::tsf::gji_fsm: [gji-fsm] StartComposition: OnWarm → OnComposing(AlreadyWarm)
2026-09-19T23:05:24.843885Z DEBUG awase::journal: gji fsm transition seq=636 elapsed_ms=139765 trigger="StartComposition(candidate SHOW)" state_before="OnWarm" state_after="OnComposing(Warm)"
2026-09-19T23:05:25.152508Z DEBUG awase_windows::runtime::key_pipeline: [engine-input] vk=0x1B KeyDown ts=140072387us delay=0ms state=Idle mods(c=false s=false a=false w=false) gas_ctrl=false phys_ctrl=false extra=0x5350494B pending_drain=0 gate_active=false l_thumb=None r_thumb=None [diag-ctx] ime_
2026-09-19T23:05:25.152552Z DEBUG awase::engine::engine: [diag-engine-active] ime_on=true なのに非活性: reason=Inactive(NotRomajiInput) romaji_capable=false japanese=true user_enabled=true was_active=false input_mode=ObservedEisu
2026-09-19T23:05:25.152603Z DEBUG awase::journal: key input seq=637 elapsed_ms=140073 vk_code=27 is_down=true injected=false key_class="Passthrough" state_before="Idle" state_after="Idle" decision="PassThrough" physical="Allow" repeat_count=1 last_timestamp_us=140072387 last_elapsed_ms=0
2026-09-19T23:05:25.152674Z DEBUG execute_from_hook: awase_windows::runtime::executor: [relay-passthrough] PassThrough idle: direct OS pass-through (vk=0x1b down)
2026-09-19T23:05:25.152724Z DEBUG execute_one{generation=None}: awase_windows::runtime::executor: [reinject] vk=0x1b down (queued passthrough now firing)
2026-09-19T23:05:25.158124Z DEBUG awase_windows::tsf::gji_monitor: [gji-io] WRITE: w_ops=+2 w_KB=+0.4 (r_ops=+4 x_ops=+4 x_KB=+0.0)
2026-09-19T23:05:25.162570Z  INFO awase_windows::tsf::win_event_obs: [gji-obs] candidate HIDE: last_gji_write=0ms ago
2026-09-19T23:05:25.342721Z DEBUG awase_windows::runtime::key_pipeline: [engine-input] vk=0x1B KeyUp ts=140262636us delay=0ms state=Idle mods(c=false s=false a=false w=false) gas_ctrl=false phys_ctrl=false extra=0x5350494B pending_drain=0 gate_active=false l_thumb=None r_thumb=None [diag-ctx] ime_on
2026-09-19T23:05:25.342757Z DEBUG awase::engine::engine: [diag-engine-active] ime_on=true なのに非活性: reason=Inactive(NotRomajiInput) romaji_capable=false japanese=true user_enabled=true was_active=false input_mode=ObservedEisu
2026-09-19T23:05:25.342798Z DEBUG awase::journal: key input seq=638 elapsed_ms=140264 vk_code=27 is_down=false injected=false key_class="Passthrough" state_before="Idle" state_after="Idle" decision="PassThrough" physical="Allow" repeat_count=1 last_timestamp_us=140262636 last_elapsed_ms=0
2026-09-19T23:05:25.342852Z DEBUG execute_from_hook: awase_windows::runtime::executor: [relay-passthrough] PassThrough idle: direct OS pass-through (vk=0x1b up)
2026-09-19T23:05:25.342889Z DEBUG execute_one{generation=None}: awase_windows::runtime::executor: [reinject] vk=0x1b up (queued passthrough now firing)
2026-09-19T23:05:25.346937Z DEBUG awase_windows::platform: [gji-fsm] EndComposition (candidate HIDE) epoch=FocusEpoch(15)
2026-09-19T23:05:25.347236Z DEBUG awase::journal: gji fsm transition seq=639 elapsed_ms=140268 trigger="EndComposition(candidate HIDE, epoch=FocusEpoch(15))" state_before="OnComposing(Warm)" state_after="OnWarm"
2026-09-19T23:05:27.149805Z DEBUG awase_windows::runtime::key_pipeline: [shadow-toggle] vk=0x1DはFSM delegate所有 → belief書き込み/actuationをスキップ w_ops0=109666 x_ops0=243061 x_KB0=23.5
2026-09-19T23:05:27.149840Z DEBUG awase_windows::runtime::key_pipeline: [shadow-toggle] no-op: vk=0x1D action=Toggle source=PhysicalImeKey effective_open は既に true → apply-ime 見送り
2026-09-19T23:05:27.149873Z DEBUG awase_windows::runtime::key_pipeline: [engine-input] vk=0x1D KeyDown ts=142069690us delay=0ms state=Idle mods(c=false s=false a=false w=false) gas_ctrl=false phys_ctrl=false extra=0x5350494B pending_drain=0 gate_active=false l_thumb=Some(142069684) r_thumb=None [dia
2026-09-19T23:05:27.149909Z DEBUG awase::engine::engine: [diag-engine-active] ime_on=true なのに非活性: reason=Inactive(NotRomajiInput) romaji_capable=false japanese=true user_enabled=true was_active=false input_mode=ObservedEisu
2026-09-19T23:05:27.149981Z DEBUG awase::journal: key input seq=640 elapsed_ms=142071 vk_code=29 is_down=true injected=false key_class="LeftThumb" state_before="Idle" state_after="Idle" decision="PassThrough" physical="Allow" repeat_count=1 last_timestamp_us=142069690 last_elapsed_ms=0
2026-09-19T23:05:27.150117Z DEBUG execute_one{generation=None}: awase_windows::runtime::executor: [reinject] vk=0x1d down (queued passthrough now firing)
2026-09-19T23:05:27.165127Z DEBUG awase_windows::tsf::gji_monitor: [gji-io] WRITE: w_ops=+2 w_KB=+0.0 (r_ops=+4 x_ops=+4 x_KB=+0.0)
2026-09-19T23:05:27.274044Z DEBUG awase_windows::runtime::key_pipeline: [engine-input] vk=0x1D KeyUp ts=142193828us delay=0ms state=Idle mods(c=false s=false a=false w=false) gas_ctrl=false phys_ctrl=false extra=0x5350494B pending_drain=0 gate_active=false l_thumb=None r_thumb=None [diag-ctx] ime_on
2026-09-19T23:05:27.274088Z DEBUG awase::engine::engine: [diag-engine-active] ime_on=true なのに非活性: reason=Inactive(NotRomajiInput) romaji_capable=false japanese=true user_enabled=true was_active=false input_mode=ObservedEisu
2026-09-19T23:05:27.274152Z DEBUG awase::journal: key input seq=641 elapsed_ms=142195 vk_code=29 is_down=false injected=false key_class="LeftThumb" state_before="Idle" state_after="Idle" decision="PassThrough" physical="Allow" repeat_count=1 last_timestamp_us=142193828 last_elapsed_ms=0
2026-09-19T23:05:27.274283Z DEBUG execute_one{generation=None}: awase_windows::runtime::executor: [reinject] vk=0x1d up (queued passthrough now firing)
2026-09-19T23:05:27.788436Z DEBUG awase_windows::runtime::key_pipeline: [engine-input] vk=0x4B KeyDown ts=142708091us delay=0ms state=Idle mods(c=false s=false a=false w=false) gas_ctrl=false phys_ctrl=false extra=0x5350494B pending_drain=0 gate_active=false l_thumb=None r_thumb=None [diag-ctx] ime_
2026-09-19T23:05:27.788603Z DEBUG awase::engine::engine: [diag-engine-active] ime_on=true なのに非活性: reason=Inactive(NotRomajiInput) romaji_capable=false japanese=true user_enabled=true was_active=false input_mode=ObservedEisu
2026-09-19T23:05:27.788711Z DEBUG awase::journal: key input seq=642 elapsed_ms=142710 vk_code=75 is_down=true injected=false key_class="Char" state_before="Idle" state_after="Idle" decision="PassThrough" physical="Allow" repeat_count=1 last_timestamp_us=142708091 last_elapsed_ms=0
2026-09-19T23:05:27.788917Z DEBUG execute_one{generation=None}: awase_windows::runtime::executor: [reinject] vk=0x4b down (queued passthrough now firing)
2026-09-19T23:05:28.041921Z DEBUG awase_windows::runtime::key_pipeline: [engine-input] vk=0x4B KeyUp ts=142961178us delay=0ms state=Idle mods(c=false s=false a=false w=false) gas_ctrl=false phys_ctrl=false extra=0x5350494B pending_drain=0 gate_active=false l_thumb=None r_thumb=None [diag-ctx] ime_on
2026-09-19T23:05:28.041999Z DEBUG awase::engine::engine: [diag-engine-active] ime_on=true なのに非活性: reason=Inactive(NotRomajiInput) romaji_capable=false japanese=true user_enabled=true was_active=false input_mode=ObservedEisu
2026-09-19T23:05:28.042115Z DEBUG awase::journal: key input seq=643 elapsed_ms=142963 vk_code=75 is_down=false injected=false key_class="Char" state_before="Idle" state_after="Idle" decision="PassThrough" physical="Allow" repeat_count=1 last_timestamp_us=142961178 last_elapsed_ms=0
2026-09-19T23:05:28.042352Z DEBUG execute_one{generation=None}: awase_windows::runtime::executor: [reinject] vk=0x4b up (queued passthrough now firing)
2026-09-19T23:05:28.288390Z DEBUG awase_windows::runtime::key_pipeline: [engine-input] vk=0x1B KeyDown ts=143208222us delay=0ms state=Idle mods(c=false s=false a=false w=false) gas_ctrl=false phys_ctrl=false extra=0x5350494B pending_drain=0 gate_active=false l_thumb=None r_thumb=None [diag-ctx] ime_
2026-09-19T23:05:28.288441Z DEBUG awase::engine::engine: [diag-engine-active] ime_on=true なのに非活性: reason=Inactive(NotRomajiInput) romaji_capable=false japanese=true user_enabled=true was_active=false input_mode=ObservedEisu
2026-09-19T23:05:28.288509Z DEBUG awase::journal: key input seq=644 elapsed_ms=143209 vk_code=27 is_down=true injected=false key_class="Passthrough" state_before="Idle" state_after="Idle" decision="PassThrough" physical="Allow" repeat_count=1 last_timestamp_us=143208222 last_elapsed_ms=0
2026-09-19T23:05:28.288603Z DEBUG execute_from_hook: awase_windows::runtime::executor: [relay-passthrough] PassThrough idle: direct OS pass-through (vk=0x1b down)
2026-09-19T23:05:28.288680Z DEBUG execute_one{generation=None}: awase_windows::runtime::executor: [reinject] vk=0x1b down (queued passthrough now firing)
2026-09-19T23:05:28.473677Z DEBUG awase_windows::runtime::key_pipeline: [engine-input] vk=0x1B KeyUp ts=143393342us delay=0ms state=Idle mods(c=false s=false a=false w=false) gas_ctrl=false phys_ctrl=false extra=0x5350494B pending_drain=0 gate_active=false l_thumb=None r_thumb=None [diag-ctx] ime_on
2026-09-19T23:05:28.473763Z DEBUG awase::engine::engine: [diag-engine-active] ime_on=true なのに非活性: reason=Inactive(NotRomajiInput) romaji_capable=false japanese=true user_enabled=true was_active=false input_mode=ObservedEisu
2026-09-19T23:05:28.473881Z DEBUG awase::journal: key input seq=645 elapsed_ms=143395 vk_code=27 is_down=false injected=false key_class="Passthrough" state_before="Idle" state_after="Idle" decision="PassThrough" physical="Allow" repeat_count=1 last_timestamp_us=143393342 last_elapsed_ms=0
2026-09-19T23:05:28.474044Z DEBUG execute_from_hook: awase_windows::runtime::executor: [relay-passthrough] PassThrough idle: direct OS pass-through (vk=0x1b up)
2026-09-19T23:05:28.474179Z DEBUG execute_one{generation=None}: awase_windows::runtime::executor: [reinject] vk=0x1b up (queued passthrough now firing)
2026-09-19T23:05:30.290582Z DEBUG awase_windows::runtime::key_pipeline: [shadow-toggle] vk=0x1DはFSM delegate所有 → belief書き込み/actuationをスキップ w_ops0=109668 x_ops0=243065 x_KB0=23.5
2026-09-19T23:05:30.290625Z DEBUG awase_windows::runtime::key_pipeline: [shadow-toggle] no-op: vk=0x1D action=Toggle source=PhysicalImeKey effective_open は既に true → apply-ime 見送り
2026-09-19T23:05:30.290674Z DEBUG awase_windows::runtime::key_pipeline: [engine-input] vk=0x1D KeyDown ts=145210315us delay=0ms state=Idle mods(c=false s=false a=false w=false) gas_ctrl=false phys_ctrl=false extra=0x5350494B pending_drain=0 gate_active=false l_thumb=Some(145210300) r_thumb=None [dia
2026-09-19T23:05:30.290722Z DEBUG awase::engine::engine: [diag-engine-active] ime_on=true なのに非活性: reason=Inactive(NotRomajiInput) romaji_capable=false japanese=true user_enabled=true was_active=false input_mode=ObservedEisu
2026-09-19T23:05:30.290812Z DEBUG awase::journal: key input seq=646 elapsed_ms=145212 vk_code=29 is_down=true injected=false key_class="LeftThumb" state_before="Idle" state_after="Idle" decision="PassThrough" physical="Allow" repeat_count=1 last_timestamp_us=145210315 last_elapsed_ms=0
2026-09-19T23:05:30.291002Z DEBUG execute_one{generation=None}: awase_windows::runtime::executor: [reinject] vk=0x1d down (queued passthrough now firing)
2026-09-19T23:05:30.303957Z DEBUG awase_windows::tsf::gji_monitor: [gji-io] WRITE: w_ops=+2 w_KB=+0.0 (r_ops=+4 x_ops=+4 x_KB=+0.0)
2026-09-19T23:05:30.416014Z DEBUG awase_windows::runtime::key_pipeline: [engine-input] vk=0x1D KeyUp ts=145335742us delay=0ms state=Idle mods(c=false s=false a=false w=false) gas_ctrl=false phys_ctrl=false extra=0x5350494B pending_drain=0 gate_active=false l_thumb=None r_thumb=None [diag-ctx] ime_on
2026-09-19T23:05:30.416081Z DEBUG awase::engine::engine: [diag-engine-active] ime_on=true なのに非活性: reason=Inactive(NotRomajiInput) romaji_capable=false japanese=true user_enabled=true was_active=false input_mode=ObservedEisu
2026-09-19T23:05:30.416181Z DEBUG awase::journal: key input seq=647 elapsed_ms=145337 vk_code=29 is_down=false injected=false key_class="LeftThumb" state_before="Idle" state_after="Idle" decision="PassThrough" physical="Allow" repeat_count=1 last_timestamp_us=145335742 last_elapsed_ms=0
2026-09-19T23:05:30.416413Z DEBUG execute_one{generation=None}: awase_windows::runtime::executor: [reinject] vk=0x1d up (queued passthrough now firing)
2026-09-19T23:05:30.929859Z DEBUG awase_windows::runtime::key_pipeline: [engine-input] vk=0x4B KeyDown ts=145849634us delay=0ms state=Idle mods(c=false s=false a=false w=false) gas_ctrl=false phys_ctrl=false extra=0x5350494B pending_drain=0 gate_active=false l_thumb=None r_thumb=None [diag-ctx] ime_
2026-09-19T23:05:30.929918Z DEBUG awase::engine::engine: [diag-engine-active] ime_on=true なのに非活性: reason=Inactive(NotRomajiInput) romaji_capable=false japanese=true user_enabled=true was_active=false input_mode=ObservedEisu
2026-09-19T23:05:30.930001Z DEBUG awase::journal: key input seq=648 elapsed_ms=145851 vk_code=75 is_down=true injected=false key_class="Char" state_before="Idle" state_after="Idle" decision="PassThrough" physical="Allow" repeat_count=1 last_timestamp_us=145849634 last_elapsed_ms=0
2026-09-19T23:05:30.930136Z DEBUG execute_one{generation=None}: awase_windows::runtime::executor: [reinject] vk=0x4b down (queued passthrough now firing)
2026-09-19T23:05:30.942520Z DEBUG awase_windows::tsf::gji_monitor: [gji-io] WRITE: w_ops=+2 w_KB=+0.4 (r_ops=+4 x_ops=+4 x_KB=+0.0)
2026-09-19T23:05:30.944929Z  INFO awase_windows::tsf::win_event_obs: [gji-obs] candidate SHOW #16: last_gji_write=16ms ago
2026-09-19T23:05:31.181001Z DEBUG awase_windows::runtime::key_pipeline: [engine-input] vk=0x4B KeyUp ts=146100658us delay=0ms state=Idle mods(c=false s=false a=false w=false) gas_ctrl=false phys_ctrl=false extra=0x5350494B pending_drain=0 gate_active=false l_thumb=None r_thumb=None [diag-ctx] ime_on
2026-09-19T23:05:31.181064Z DEBUG awase::engine::engine: [diag-engine-active] ime_on=true なのに非活性: reason=Inactive(NotRomajiInput) romaji_capable=false japanese=true user_enabled=true was_active=false input_mode=ObservedEisu
2026-09-19T23:05:31.181153Z DEBUG awase::journal: key input seq=649 elapsed_ms=146102 vk_code=75 is_down=false injected=false key_class="Char" state_before="Idle" state_after="Idle" decision="PassThrough" physical="Allow" repeat_count=1 last_timestamp_us=146100658 last_elapsed_ms=0
2026-09-19T23:05:31.181336Z DEBUG execute_one{generation=None}: awase_windows::runtime::executor: [reinject] vk=0x4b up (queued passthrough now firing)
2026-09-19T23:05:31.186120Z DEBUG awase_windows::platform: [gji-fsm] StartComposition (candidate SHOW)
2026-09-19T23:05:31.186159Z DEBUG gji_on_event{event=StartComposition}: awase_windows::tsf::gji_fsm: [gji-fsm] StartComposition: OnWarm → OnComposing(AlreadyWarm)
2026-09-19T23:05:31.186326Z DEBUG awase::journal: gji fsm transition seq=650 elapsed_ms=146107 trigger="StartComposition(candidate SHOW)" state_before="OnWarm" state_after="OnComposing(Warm)"
2026-09-19T23:05:31.434867Z DEBUG awase_windows::runtime::key_pipeline: [engine-input] vk=0x1B KeyDown ts=146354450us delay=0ms state=Idle mods(c=false s=false a=false w=false) gas_ctrl=false phys_ctrl=false extra=0x5350494B pending_drain=0 gate_active=false l_thumb=None r_thumb=None [diag-ctx] ime_
2026-09-19T23:05:31.434929Z DEBUG awase::engine::engine: [diag-engine-active] ime_on=true なのに非活性: reason=Inactive(NotRomajiInput) romaji_capable=false japanese=true user_enabled=true was_active=false input_mode=ObservedEisu
2026-09-19T23:05:31.435014Z DEBUG awase::journal: key input seq=651 elapsed_ms=146356 vk_code=27 is_down=true injected=false key_class="Passthrough" state_before="Idle" state_after="Idle" decision="PassThrough" physical="Allow" repeat_count=1 last_timestamp_us=146354450 last_elapsed_ms=0
2026-09-19T23:05:31.435129Z DEBUG execute_from_hook: awase_windows::runtime::executor: [relay-passthrough] PassThrough idle: direct OS pass-through (vk=0x1b down)
2026-09-19T23:05:31.435225Z DEBUG execute_one{generation=None}: awase_windows::runtime::executor: [reinject] vk=0x1b down (queued passthrough now firing)
2026-09-19T23:05:31.444290Z DEBUG awase_windows::tsf::gji_monitor: [gji-io] WRITE: w_ops=+2 w_KB=+0.4 (r_ops=+4 x_ops=+4 x_KB=+0.0)
2026-09-19T23:05:31.448049Z  INFO awase_windows::tsf::win_event_obs: [gji-obs] candidate HIDE: last_gji_write=0ms ago
2026-09-19T23:05:31.632723Z DEBUG awase_windows::runtime::key_pipeline: [engine-input] vk=0x1B KeyUp ts=146552380us delay=0ms state=Idle mods(c=false s=false a=false w=false) gas_ctrl=false phys_ctrl=false extra=0x5350494B pending_drain=0 gate_active=false l_thumb=None r_thumb=None [diag-ctx] ime_on
2026-09-19T23:05:31.632775Z DEBUG awase::engine::engine: [diag-engine-active] ime_on=true なのに非活性: reason=Inactive(NotRomajiInput) romaji_capable=false japanese=true user_enabled=true was_active=false input_mode=ObservedEisu
2026-09-19T23:05:31.632849Z DEBUG awase::journal: key input seq=652 elapsed_ms=146554 vk_code=27 is_down=false injected=false key_class="Passthrough" state_before="Idle" state_after="Idle" decision="PassThrough" physical="Allow" repeat_count=1 last_timestamp_us=146552380 last_elapsed_ms=0
2026-09-19T23:05:31.633023Z DEBUG execute_from_hook: awase_windows::runtime::executor: [relay-passthrough] PassThrough idle: direct OS pass-through (vk=0x1b up)
2026-09-19T23:05:31.633113Z DEBUG execute_one{generation=None}: awase_windows::runtime::executor: [reinject] vk=0x1b up (queued passthrough now firing)
2026-09-19T23:05:31.636969Z DEBUG awase_windows::platform: [gji-fsm] EndComposition (candidate HIDE) epoch=FocusEpoch(16)
2026-09-19T23:05:31.637388Z DEBUG awase::journal: gji fsm transition seq=653 elapsed_ms=146558 trigger="EndComposition(candidate HIDE, epoch=FocusEpoch(16))" state_before="OnComposing(Warm)" state_after="OnWarm"
2026-09-19T23:05:33.441483Z DEBUG awase_windows::hook: [hook] IME-mode vk=0xF0 up self_injected=false injected=false scan=0x70 extra=0x5350494B since_actuation_us=Some(23151436)
2026-09-19T23:05:33.441597Z DEBUG awase::journal: hook ime-mode diagnostic seq=654 elapsed_ms=148362 vk_code=240 is_down=false self_injected=false injected=false scan=112
2026-09-19T23:05:33.441818Z DEBUG awase_windows::runtime::key_pipeline: [engine-input] vk=0xF0 KeyUp ts=148361665us delay=0ms state=Idle mods(c=false s=false a=false w=false) gas_ctrl=false phys_ctrl=false extra=0x5350494B pending_drain=0 gate_active=false l_thumb=None r_thumb=None [diag-ctx] ime_on
2026-09-19T23:05:33.441841Z DEBUG awase::engine::engine: [diag-engine-active] ime_on=true なのに非活性: reason=Inactive(NotRomajiInput) romaji_capable=false japanese=true user_enabled=true was_active=false input_mode=ObservedEisu
2026-09-19T23:05:33.441870Z DEBUG awase_windows::hook: [hook] IME-mode vk=0xF2 down self_injected=false injected=false scan=0x70 extra=0x5350494B since_actuation_us=Some(23151837)
2026-09-19T23:05:33.441903Z DEBUG awase::journal: key input seq=655 elapsed_ms=148363 vk_code=240 is_down=false injected=false key_class="Passthrough" state_before="Idle" state_after="Idle" decision="PassThrough" physical="Suppress" repeat_count=1 last_timestamp_us=148361665 last_elapsed_ms=0
2026-09-19T23:05:33.441930Z DEBUG awase_windows::runtime::key_pipeline: [imm-cross] key suppress vk=0xf0 KeyUp (physical disposition)
2026-09-19T23:05:33.441954Z DEBUG awase::journal: hook ime-mode diagnostic seq=656 elapsed_ms=148363 vk_code=242 is_down=true self_injected=false injected=false scan=112
2026-09-19T23:05:33.441988Z  INFO awase_windows::runtime::key_pipeline: [shadow-toggle] intent 昇格: vk=0xF2 scan=0x70 action=TurnOn kind=PhysicalImeKey injected=false true→true w_ops0=109674 x_ops0=243077 x_KB0=23.5
2026-09-19T23:05:33.442005Z DEBUG awase::journal: ime event seq=657 elapsed_ms=148363 event_kind="UserImeSetIntent"
2026-09-19T23:05:33.442014Z DEBUG awase_windows::runtime::key_pipeline: [shadow-toggle] no-op: vk=0xF2 action=TurnOn source=PhysicalImeKey effective_open は既に true → apply-ime 見送り
2026-09-19T23:05:33.442026Z DEBUG awase::journal: ime event seq=658 elapsed_ms=148363 event_kind="InputModeApplied"
2026-09-19T23:05:33.442031Z  INFO awase_windows::runtime::key_pipeline: [shadow-toggle] TurnOn (IME既にopen) + ObservedEisu → AssumedRomaji に リセット (UserTurnOnEisuReset)
2026-09-19T23:05:33.442039Z DEBUG awase_windows::runtime::key_pipeline: [engine-input] vk=0xF2 KeyDown ts=148362007us delay=0ms state=Idle mods(c=false s=false a=false w=false) gas_ctrl=false phys_ctrl=false extra=0x5350494B pending_drain=0 gate_active=false l_thumb=None r_thumb=None [diag-ctx] ime_
2026-09-19T23:05:33.442056Z  INFO awase::engine::engine: Engine activated (ime=true, romaji=true, japanese=true, user=true, reason=Active)
2026-09-19T23:05:33.442080Z DEBUG awase::journal: key input seq=659 elapsed_ms=148363 vk_code=242 is_down=true injected=false key_class="Passthrough" state_before="Idle" state_after="Idle" decision="PassThroughWith" physical="Allow" repeat_count=1 last_timestamp_us=148362007 last_elapsed_ms=0
2026-09-19T23:05:33.442098Z DEBUG awase::journal: ime event seq=660 elapsed_ms=148363 event_kind="EngineActivationSync"
2026-09-19T23:05:33.442108Z DEBUG awase::journal: ime event seq=661 elapsed_ms=148363 event_kind="ImeApplyRequested"
2026-09-19T23:05:33.442114Z  INFO awase_windows::runtime::key_pipeline: IME control: preconditions.ime_on = true (SetOpenRequest, origin=ActivationSync), was_open_before=true last_intent_before=Some(true) poll suspended
2026-09-19T23:05:33.442133Z DEBUG awase_windows::runtime::key_pipeline: may_change_ime key passed through → IME refresh scheduled (20ms)
2026-09-19T23:05:33.442146Z DEBUG execute_from_hook: awase_windows::runtime::executor: [relay-flush] PassThroughWith: queue 2 effect(s) + reinject (vk=0xf2 down)
2026-09-19T23:05:33.442207Z DEBUG execute_one{generation=Some(ApplyGeneration(21))}:dispatch_ime_set_open{open=true generation=Some(ApplyGeneration(21))}: awase_windows::runtime::executor: [dispatch-ime] ImmCross async: optimistic applied_snapshot=true (suppress send_engine_state_ime_key)
2026-09-19T23:05:33.443498Z DEBUG execute_one{generation=Some(ApplyGeneration(21))}: awase_windows::platform: [engine-state-key] skipped (apply_ime_open aligned ime=true, profile=Standard)
2026-09-19T23:05:33.443532Z DEBUG execute_one{generation=Some(ApplyGeneration(21))}: awase_windows::runtime::executor: [reinject] vk=0xf2 down (queued passthrough now firing)
2026-09-19T23:05:33.445686Z DEBUG awase_windows::hook: [hook] IME-mode vk=0xF0 up self_injected=true injected=false scan=0x0 extra=0x4B45594D since_actuation_us=Some(23155652)
2026-09-19T23:05:33.447258Z DEBUG awase_windows::hook: [hook] IME-mode vk=0xF2 down self_injected=true injected=true scan=0x0 extra=0x4B45594D since_actuation_us=Some(23157225)
2026-09-19T23:05:33.448665Z DEBUG run_open_chain_async: awase_windows::ime_controller: [warrant-shadow] chain=async open=true origin=EventOrigin { source: SelfActuated { strategy: "engine_decision_async" }, epoch: Generation(0) } warranted
2026-09-19T23:05:33.448744Z  INFO run_open_chain_async:imm_cross_write{open=true}: awase_windows::runtime::open_chain: [apply-ime] ImmCross async: open=true composition_active=false show_seq=0 change_seq=0 (issue #138診断)
2026-09-19T23:05:33.449073Z DEBUG awase::journal: hook ime-mode diagnostic seq=662 elapsed_ms=148370 vk_code=240 is_down=false self_injected=true injected=false scan=0
2026-09-19T23:05:33.449095Z DEBUG awase::journal: hook ime-mode diagnostic seq=663 elapsed_ms=148370 vk_code=242 is_down=true self_injected=true injected=true scan=0
2026-09-19T23:05:33.452095Z DEBUG awase_windows::shadow_send_trace: [shadow-send] channel=ImeControl cmd=0x0006 lparam=1 issue_us=148371845
2026-09-19T23:05:33.452103Z DEBUG awase_windows::ime: set_ime_open_for_target: hwnd=HWND(0xfc29fc) ime_wnd=HWND(0xf80d12) open=true success=true send_elapsed=0ms candidate_visible=false
2026-09-19T23:05:33.454248Z DEBUG awase_windows::tsf::gji_monitor: [gji-io] WRITE: w_ops=+2 w_KB=+0.0 (r_ops=+4 x_ops=+4 x_KB=+0.0)
2026-09-19T23:05:33.455781Z DEBUG run_open_chain_async:imm_cross_write{open=true}: awase_windows::ime: [imm-cross-actuate] hwnd=HWND(0xfc29fc) open=Written conv=Some(Written)
2026-09-19T23:05:33.455835Z DEBUG run_open_chain_async:imm_cross_write{open=true}: awase_windows::runtime::open_chain: [apply-ime] ROMAN 補完結果: Written
2026-09-19T23:05:33.455896Z DEBUG run_open_chain_async: awase::journal: actuation decision seq=664 elapsed_ms=148377 site="DispatchImeSetOpen" caller="None" open=true chain_len=4 attempts_len=1 gate_profile="Standard" gate_kind="Gji" gate_shadow_known=true gate_shadow_on=true gate_input_mode="Assume
2026-09-19T23:05:33.457135Z DEBUG on_ime_apply_complete{open=true outcome=AppliedWithoutSendInput generation=Some(ApplyGeneration(21)) reason=EngineDecision}: awase::journal: ime open applied seq=665 elapsed_ms=148378 open=true outcome="AppliedWithoutSendInput" reason="EngineDecision"
2026-09-19T23:05:33.457419Z DEBUG on_ime_apply_complete{open=true outcome=AppliedWithoutSendInput generation=Some(ApplyGeneration(21)) reason=EngineDecision}: awase::journal: ime event seq=666 elapsed_ms=148378 event_kind="ImeApplySucceeded"
2026-09-19T23:05:33.457455Z DEBUG on_ime_apply_complete{open=true outcome=AppliedWithoutSendInput generation=Some(ApplyGeneration(21)) reason=EngineDecision}: awase_windows::tsf::ime_mode_fsm: [ime-mode] SetOpen(true) applied → Hiragana (belief, unconfirmed)
2026-09-19T23:05:33.457481Z DEBUG on_ime_apply_complete{open=true outcome=AppliedWithoutSendInput generation=Some(ApplyGeneration(21)) reason=EngineDecision}: awase_windows::platform: [composition] ImeEffect::SetOpen(true) → marking cold
2026-09-19T23:05:33.457502Z DEBUG on_ime_apply_complete{open=true outcome=AppliedWithoutSendInput generation=Some(ApplyGeneration(21)) reason=EngineDecision}: awase_windows::tsf::probe: [composition] marked cold reason=SetOpenTrue idle=27204ms → next VK/TSF output will send VK_DBE_HIRAGANA warmup
2026-09-19T23:05:33.457548Z DEBUG on_ime_apply_complete{open=true outcome=AppliedWithoutSendInput generation=Some(ApplyGeneration(21)) reason=EngineDecision}:gji_on_event{event=ImeOn { injection_mode: Unicode, gji_idle_ms: 0 }}: awase_windows::tsf::gji_fsm: [gji-fsm] ImeOn: already on (OnWarm), igno
2026-09-19T23:05:33.457651Z DEBUG awase::journal: gji fsm transition seq=667 elapsed_ms=148378 trigger="ImeOn(gji_idle_ms=0)" state_before="OnWarm" state_after="OnWarm"
2026-09-19T23:05:33.490163Z DEBUG awase_windows::runtime::ime_refresh: Explicit intent: bypassing typing-idle guard for IME verify (idle=47ms)
2026-09-19T23:05:33.490214Z DEBUG awase_windows::observer::ime_observer: IME snapshot: japanese=Some(true) ime_on=Some(true) romaji=Some(true) conv=Some("0x00000019") guard=false
2026-09-19T23:05:33.490306Z DEBUG awase::journal: ime event seq=668 elapsed_ms=148411 event_kind="ObserverReported"
2026-09-19T23:05:33.490344Z DEBUG awase::journal: ime event seq=669 elapsed_ms=148411 event_kind="InputModeObserved"
2026-09-19T23:05:34.130352Z DEBUG awase_windows::runtime::key_pipeline: [engine-input] vk=0x4B KeyDown ts=149050248us delay=0ms state=Idle mods(c=false s=false a=false w=false) gas_ctrl=false phys_ctrl=false extra=0x5350494B pending_drain=0 gate_active=false l_thumb=None r_thumb=None [diag-ctx] ime_
2026-09-19T23:05:34.130451Z DEBUG awase::journal: key input seq=670 elapsed_ms=149051 vk_code=75 is_down=true injected=false key_class="Char" state_before="Idle" state_after="PendingChar(vk=0x4B)" decision="Consume" physical="Allow" repeat_count=1 last_timestamp_us=149050248 last_elapsed_ms=0
2026-09-19T23:05:34.239337Z DEBUG execute_from_loop:execute_one{generation=None}: awase_windows::output: send_keys: mode=Unicode actions=[Char('き')] prev_elapsed=27985ms
2026-09-19T23:05:34.239393Z DEBUG execute_from_loop:execute_one{generation=None}: awase_windows::tsf::probe: [mark-send] last_send_ms=335168281
2026-09-19T23:05:34.239424Z DEBUG execute_from_loop:execute_one{generation=None}: awase_windows::output:   → Char('き') via Unicode
2026-09-19T23:05:34.244142Z DEBUG execute_from_loop:execute_one{generation=None}: awase_windows::tsf::probe: [mark-send] last_send_ms=335168296
2026-09-19T23:05:34.253863Z DEBUG awase_windows::tsf::gji_monitor: [gji-io] WRITE: w_ops=+2 w_KB=+0.3 (r_ops=+4 x_ops=+4 x_KB=+0.0)
2026-09-19T23:05:34.263630Z  INFO awase_windows::tsf::win_event_obs: [gji-obs] candidate SHOW #17: last_gji_write=16ms ago
2026-09-19T23:05:34.363003Z DEBUG awase_windows::runtime::key_pipeline: [engine-input] vk=0x4B KeyUp ts=149282608us delay=0ms state=Idle mods(c=false s=false a=false w=false) gas_ctrl=false phys_ctrl=false extra=0x5350494B pending_drain=0 gate_active=false l_thumb=None r_thumb=None [diag-ctx] ime_on
2026-09-19T23:05:34.363161Z DEBUG awase::journal: key input seq=672 elapsed_ms=149284 vk_code=75 is_down=false injected=false key_class="Char" state_before="Idle" state_after="Idle" decision="Consume" physical="Allow" repeat_count=1 last_timestamp_us=149282608 last_elapsed_ms=0
2026-09-19T23:05:34.363395Z DEBUG execute_one{generation=None}: awase_windows::output: send_keys: mode=Unicode actions=[Suppress] prev_elapsed=110ms
2026-09-19T23:05:34.363441Z DEBUG execute_one{generation=None}: awase_windows::tsf::probe: [mark-send] last_send_ms=335168406
2026-09-19T23:05:34.363470Z DEBUG execute_one{generation=None}: awase_windows::output:   → Suppress
2026-09-19T23:05:34.363492Z DEBUG execute_one{generation=None}: awase_windows::tsf::probe: [mark-send] last_send_ms=335168406
2026-09-19T23:05:34.363569Z DEBUG execute_one{generation=None}: awase_windows::platform: [gji-fsm] StartComposition (candidate SHOW)
2026-09-19T23:05:34.363622Z DEBUG execute_one{generation=None}:gji_on_event{event=StartComposition}: awase_windows::tsf::gji_fsm: [gji-fsm] StartComposition: OnWarm → OnComposing(AlreadyWarm)
2026-09-19T23:05:34.363949Z DEBUG awase::journal: gji fsm transition seq=673 elapsed_ms=149285 trigger="StartComposition(candidate SHOW)" state_before="OnWarm" state_after="OnComposing(Warm)"
2026-09-19T23:05:34.629979Z DEBUG awase_windows::runtime::key_pipeline: [engine-input] vk=0x1B KeyDown ts=149549765us delay=0ms state=Idle mods(c=false s=false a=false w=false) gas_ctrl=false phys_ctrl=false extra=0x5350494B pending_drain=0 gate_active=false l_thumb=None r_thumb=None [diag-ctx] ime_
2026-09-19T23:05:34.630100Z DEBUG awase::journal: key input seq=674 elapsed_ms=149551 vk_code=27 is_down=true injected=false key_class="Passthrough" state_before="Idle" state_after="Idle" decision="PassThrough" physical="Allow" repeat_count=1 last_timestamp_us=149549765 last_elapsed_ms=0
2026-09-19T23:05:34.630208Z DEBUG execute_from_hook: awase_windows::runtime::executor: [relay-passthrough] PassThrough idle: direct OS pass-through (vk=0x1b down)
2026-09-19T23:05:34.630293Z DEBUG execute_one{generation=None}: awase_windows::runtime::executor: [reinject] vk=0x1b down (queued passthrough now firing)
2026-09-19T23:05:34.639155Z  INFO awase_windows::tsf::win_event_obs: [gji-obs] candidate HIDE: last_gji_write=391ms ago
2026-09-19T23:05:34.642379Z DEBUG awase_windows::tsf::gji_monitor: [gji-io] WRITE: w_ops=+2 w_KB=+0.3 (r_ops=+4 x_ops=+4 x_KB=+0.0)
2026-09-19T23:05:34.817064Z DEBUG awase_windows::runtime::key_pipeline: [engine-input] vk=0x1B KeyUp ts=149736747us delay=0ms state=Idle mods(c=false s=false a=false w=false) gas_ctrl=false phys_ctrl=false extra=0x5350494B pending_drain=0 gate_active=false l_thumb=None r_thumb=None [diag-ctx] ime_on
2026-09-19T23:05:34.817149Z DEBUG awase::journal: key input seq=675 elapsed_ms=149738 vk_code=27 is_down=false injected=false key_class="Passthrough" state_before="Idle" state_after="Idle" decision="PassThrough" physical="Allow" repeat_count=1 last_timestamp_us=149736747 last_elapsed_ms=0
2026-09-19T23:05:34.817222Z DEBUG execute_from_hook: awase_windows::runtime::executor: [relay-passthrough] PassThrough idle: direct OS pass-through (vk=0x1b up)
2026-09-19T23:05:34.817273Z DEBUG execute_one{generation=None}: awase_windows::runtime::executor: [reinject] vk=0x1b up (queued passthrough now firing)
2026-09-19T23:05:34.820049Z DEBUG awase_windows::platform: [gji-fsm] EndComposition (candidate HIDE) epoch=FocusEpoch(17)
2026-09-19T23:05:34.820132Z DEBUG awase::journal: gji fsm transition seq=676 elapsed_ms=149741 trigger="EndComposition(candidate HIDE, epoch=FocusEpoch(17))" state_before="OnComposing(Warm)" state_after="OnWarm"
2026-09-19T23:05:36.567292Z DEBUG awase_windows::runtime::key_pipeline: [shadow-toggle] vk=0x1DはFSM delegate所有 → belief書き込み/actuationをスキップ w_ops0=109680 x_ops0=243089 x_KB0=23.5
2026-09-19T23:05:36.567334Z DEBUG awase_windows::runtime::key_pipeline: [shadow-toggle] no-op: vk=0x1D action=Toggle source=PhysicalImeKey effective_open は既に true → apply-ime 見送り
2026-09-19T23:05:36.567376Z DEBUG awase_windows::runtime::key_pipeline: [engine-input] vk=0x1D KeyDown ts=151487102us delay=0ms state=Idle mods(c=false s=false a=false w=false) gas_ctrl=false phys_ctrl=false extra=0x5350494B pending_drain=0 gate_active=false l_thumb=Some(151487080) r_thumb=None [dia
2026-09-19T23:05:36.567491Z DEBUG awase::journal: key input seq=677 elapsed_ms=151488 vk_code=29 is_down=true injected=false key_class="LeftThumb" state_before="Idle" state_after="PendingThumb(vk=0x1D,left=true)" decision="Consume" physical="Allow" repeat_count=1 last_timestamp_us=151487102 last_ela
2026-09-19T23:05:36.671611Z  INFO awase::engine::engine: IME open axis delegated (solo tap, key semantics absorption) → false (origin=ExplicitUserAction)
2026-09-19T23:05:36.672026Z DEBUG execute_from_loop:execute_one{generation=None}:dispatch_ime_set_open{open=false generation=None}: awase_windows::runtime::executor: [dispatch-ime] ImmCross async: optimistic applied_snapshot=false (suppress send_engine_state_ime_key)
2026-09-19T23:05:36.673791Z DEBUG execute_from_loop:execute_one{generation=None}: awase_windows::platform: [engine-state-key] skipped (apply_ime_open aligned ime=false, profile=Standard)
2026-09-19T23:05:36.675886Z  INFO run_open_chain_async: awase_windows::ime_controller: [warrant-shadow] chain=async open=false origin=EventOrigin { source: SelfActuated { strategy: "engine_decision_async" }, epoch: Generation(0) } would_have_blocked=true (A-1 shadow: 書き込みは止めない。A-2 で強制する際の判断材料)
2026-09-19T23:05:36.675928Z DEBUG run_open_chain_async: awase::journal: actuation decision seq=679 elapsed_ms=151597 site="DispatchImeSetOpen" caller="None" open=false chain_len=4 attempts_len=0 gate_profile="Standard" gate_kind="Gji" gate_shadow_known=true gate_shadow_on=true gate_input_mode="Obser
2026-09-19T23:05:36.676351Z DEBUG on_ime_apply_complete{open=false outcome=Unwarranted generation=None reason=EngineDecision}: awase::journal: ime open applied seq=680 elapsed_ms=151597 open=false outcome="Unwarranted" reason="EngineDecision"
2026-09-19T23:05:36.692128Z DEBUG awase_windows::runtime::key_pipeline: [engine-input] vk=0x1D KeyUp ts=151611766us delay=0ms state=Idle mods(c=false s=false a=false w=false) gas_ctrl=false phys_ctrl=false extra=0x5350494B pending_drain=0 gate_active=false l_thumb=None r_thumb=None [diag-ctx] ime_on
2026-09-19T23:05:36.692181Z  INFO awase::engine::engine: Engine activated (ime=true, romaji=true, japanese=true, user=true, reason=Active)
2026-09-19T23:05:36.692267Z DEBUG awase::journal: key input seq=681 elapsed_ms=151613 vk_code=29 is_down=false injected=false key_class="LeftThumb" state_before="Idle" state_after="Idle" decision="Consume" physical="Allow" repeat_count=1 last_timestamp_us=151611766 last_elapsed_ms=0
2026-09-19T23:05:36.692366Z DEBUG awase::journal: ime event seq=682 elapsed_ms=151613 event_kind="EngineActivationSync"
2026-09-19T23:05:36.692403Z DEBUG awase::journal: ime event seq=683 elapsed_ms=151613 event_kind="ImeApplyRequested"
2026-09-19T23:05:36.692422Z  INFO awase_windows::runtime::key_pipeline: IME control: preconditions.ime_on = true (SetOpenRequest, origin=ActivationSync), was_open_before=true last_intent_before=Some(true) poll suspended
2026-09-19T23:05:36.692584Z DEBUG execute_one{generation=Some(ApplyGeneration(22))}:dispatch_ime_set_open{open=true generation=Some(ApplyGeneration(22))}: awase_windows::runtime::executor: [dispatch-ime] ImmCross async: optimistic applied_snapshot=true (suppress send_engine_state_ime_key)
2026-09-19T23:05:36.693884Z DEBUG execute_one{generation=Some(ApplyGeneration(22))}: awase_windows::platform: [engine-state-key] skipped (apply_ime_open aligned ime=true, profile=Standard)
2026-09-19T23:05:36.695795Z DEBUG run_open_chain_async: awase_windows::ime_controller: [warrant-shadow] chain=async open=true origin=EventOrigin { source: SelfActuated { strategy: "engine_decision_async" }, epoch: Generation(0) } warranted
2026-09-19T23:05:36.695875Z  INFO run_open_chain_async:imm_cross_write{open=true}: awase_windows::runtime::open_chain: [apply-ime] ImmCross async: open=true composition_active=false show_seq=0 change_seq=0 (issue #138診断)
2026-09-19T23:05:36.698330Z DEBUG awase_windows::shadow_send_trace: [shadow-send] channel=ImeControl cmd=0x0006 lparam=1 issue_us=151618169
2026-09-19T23:05:36.698346Z DEBUG awase_windows::ime: set_ime_open_for_target: hwnd=HWND(0xfc29fc) ime_wnd=HWND(0xf80d12) open=true success=true send_elapsed=0ms candidate_visible=false
2026-09-19T23:05:36.698498Z DEBUG run_open_chain_async:imm_cross_write{open=true}: awase_windows::ime: [imm-cross-actuate] hwnd=HWND(0xfc29fc) open=Written conv=Some(Written)
2026-09-19T23:05:36.698536Z DEBUG run_open_chain_async:imm_cross_write{open=true}: awase_windows::runtime::open_chain: [apply-ime] ROMAN 補完結果: Written
2026-09-19T23:05:36.698584Z DEBUG run_open_chain_async: awase::journal: actuation decision seq=684 elapsed_ms=151619 site="DispatchImeSetOpen" caller="None" open=true chain_len=4 attempts_len=1 gate_profile="Standard" gate_kind="Gji" gate_shadow_known=true gate_shadow_on=true gate_input_mode="Observ
2026-09-19T23:05:36.698998Z DEBUG on_ime_apply_complete{open=true outcome=AppliedWithoutSendInput generation=Some(ApplyGeneration(22)) reason=EngineDecision}: awase::journal: ime open applied seq=685 elapsed_ms=151620 open=true outcome="AppliedWithoutSendInput" reason="EngineDecision"
2026-09-19T23:05:36.699082Z DEBUG on_ime_apply_complete{open=true outcome=AppliedWithoutSendInput generation=Some(ApplyGeneration(22)) reason=EngineDecision}: awase::journal: ime event seq=686 elapsed_ms=151620 event_kind="ImeApplySucceeded"
2026-09-19T23:05:36.699107Z DEBUG on_ime_apply_complete{open=true outcome=AppliedWithoutSendInput generation=Some(ApplyGeneration(22)) reason=EngineDecision}: awase_windows::tsf::ime_mode_fsm: [ime-mode] SetOpen(true) applied → Hiragana (belief, unconfirmed)
2026-09-19T23:05:36.699131Z DEBUG on_ime_apply_complete{open=true outcome=AppliedWithoutSendInput generation=Some(ApplyGeneration(22)) reason=EngineDecision}: awase_windows::platform: [composition] ImeEffect::SetOpen(true) → marking cold
2026-09-19T23:05:36.699150Z DEBUG on_ime_apply_complete{open=true outcome=AppliedWithoutSendInput generation=Some(ApplyGeneration(22)) reason=EngineDecision}: awase_windows::tsf::probe: [composition] marked cold reason=SetOpenTrue idle=2344ms → next VK/TSF output will send VK_DBE_HIRAGANA warmup
2026-09-19T23:05:36.699254Z DEBUG on_ime_apply_complete{open=true outcome=AppliedWithoutSendInput generation=Some(ApplyGeneration(22)) reason=EngineDecision}:gji_on_event{event=ImeOn { injection_mode: Unicode, gji_idle_ms: 2063 }}: awase_windows::tsf::gji_fsm: [gji-fsm] ImeOn: already on (OnWarm), i
2026-09-19T23:05:36.699351Z DEBUG awase::journal: gji fsm transition seq=687 elapsed_ms=151620 trigger="ImeOn(gji_idle_ms=2063)" state_before="OnWarm" state_after="OnWarm"
2026-09-19T23:05:36.738032Z DEBUG awase_windows::runtime::ime_refresh: Explicit intent: bypassing typing-idle guard for IME verify (idle=47ms)
2026-09-19T23:05:36.738079Z DEBUG awase_windows::observer::ime_observer: IME snapshot: japanese=Some(true) ime_on=Some(true) romaji=Some(true) conv=Some("0x00000019") guard=false
2026-09-19T23:05:36.738168Z DEBUG awase::journal: ime event seq=688 elapsed_ms=151659 event_kind="ObserverReported"
2026-09-19T23:05:36.738208Z DEBUG awase::journal: ime event seq=689 elapsed_ms=151659 event_kind="InputModeObserved"
2026-09-19T23:05:37.248401Z DEBUG awase_windows::runtime::key_pipeline: [engine-input] vk=0x4B KeyDown ts=152168266us delay=0ms state=Idle mods(c=false s=false a=false w=false) gas_ctrl=false phys_ctrl=false extra=0x5350494B pending_drain=0 gate_active=false l_thumb=None r_thumb=None [diag-ctx] ime_
2026-09-19T23:05:37.248518Z DEBUG awase::journal: key input seq=690 elapsed_ms=152169 vk_code=75 is_down=true injected=false key_class="Char" state_before="Idle" state_after="PendingChar(vk=0x4B)" decision="Consume" physical="Allow" repeat_count=1 last_timestamp_us=152168266 last_elapsed_ms=0
2026-09-19T23:05:37.356197Z DEBUG execute_from_loop:execute_one{generation=None}: awase_windows::output: send_keys: mode=Unicode actions=[Char('き')] prev_elapsed=3000ms
2026-09-19T23:05:37.356223Z DEBUG execute_from_loop:execute_one{generation=None}: awase_windows::tsf::probe: [mark-send] last_send_ms=335171406
2026-09-19T23:05:37.356281Z DEBUG execute_from_loop:execute_one{generation=None}: awase_windows::output:   → Char('き') via Unicode
2026-09-19T23:05:37.359093Z DEBUG execute_from_loop:execute_one{generation=None}: awase_windows::tsf::probe: [mark-send] last_send_ms=335171406
2026-09-19T23:05:37.371897Z  INFO awase_windows::tsf::win_event_obs: [gji-obs] candidate SHOW #18: last_gji_write=2734ms ago
2026-09-19T23:05:37.374441Z DEBUG awase_windows::tsf::gji_monitor: [gji-io] WRITE: w_ops=+2 w_KB=+0.3 (r_ops=+4 x_ops=+4 x_KB=+0.0)
2026-09-19T23:05:37.436651Z DEBUG awase_windows::runtime::key_pipeline: [engine-input] vk=0x4B KeyUp ts=152356492us delay=0ms state=Idle mods(c=false s=false a=false w=false) gas_ctrl=false phys_ctrl=false extra=0x5350494B pending_drain=0 gate_active=false l_thumb=None r_thumb=None [diag-ctx] ime_on
2026-09-19T23:05:37.436773Z DEBUG awase::journal: key input seq=692 elapsed_ms=152358 vk_code=75 is_down=false injected=false key_class="Char" state_before="Idle" state_after="Idle" decision="Consume" physical="Allow" repeat_count=1 last_timestamp_us=152356492 last_elapsed_ms=0
2026-09-19T23:05:37.436948Z DEBUG execute_one{generation=None}: awase_windows::output: send_keys: mode=Unicode actions=[Suppress] prev_elapsed=78ms
2026-09-19T23:05:37.436986Z DEBUG execute_one{generation=None}: awase_windows::tsf::probe: [mark-send] last_send_ms=335171484
2026-09-19T23:05:37.437007Z DEBUG execute_one{generation=None}: awase_windows::output:   → Suppress
2026-09-19T23:05:37.437024Z DEBUG execute_one{generation=None}: awase_windows::tsf::probe: [mark-send] last_send_ms=335171484
2026-09-19T23:05:37.437083Z DEBUG execute_one{generation=None}: awase_windows::platform: [gji-fsm] StartComposition (candidate SHOW)
2026-09-19T23:05:37.437128Z DEBUG execute_one{generation=None}:gji_on_event{event=StartComposition}: awase_windows::tsf::gji_fsm: [gji-fsm] StartComposition: OnWarm → OnComposing(AlreadyWarm)
2026-09-19T23:05:37.437290Z DEBUG awase::journal: gji fsm transition seq=693 elapsed_ms=152358 trigger="StartComposition(candidate SHOW)" state_before="OnWarm" state_after="OnComposing(Warm)"
2026-09-19T23:05:37.750477Z DEBUG awase_windows::runtime::key_pipeline: [engine-input] vk=0x1B KeyDown ts=152669919us delay=0ms state=Idle mods(c=false s=false a=false w=false) gas_ctrl=false phys_ctrl=false extra=0x5350494B pending_drain=0 gate_active=false l_thumb=None r_thumb=None [diag-ctx] ime_
2026-09-19T23:05:37.750610Z DEBUG awase::journal: key input seq=694 elapsed_ms=152672 vk_code=27 is_down=true injected=false key_class="Passthrough" state_before="Idle" state_after="Idle" decision="PassThrough" physical="Allow" repeat_count=1 last_timestamp_us=152669919 last_elapsed_ms=0
2026-09-19T23:05:37.750727Z DEBUG execute_from_hook: awase_windows::runtime::executor: [relay-passthrough] PassThrough idle: direct OS pass-through (vk=0x1b down)
2026-09-19T23:05:37.751355Z DEBUG execute_one{generation=None}: awase_windows::runtime::executor: [reinject] vk=0x1b down (queued passthrough now firing)
2026-09-19T23:05:37.758870Z DEBUG awase_windows::tsf::gji_monitor: [gji-io] WRITE: w_ops=+1 w_KB=+0.3 (r_ops=+2 x_ops=+2 x_KB=+0.0)
2026-09-19T23:05:37.774149Z  INFO awase_windows::tsf::win_event_obs: [gji-obs] candidate HIDE: last_gji_write=16ms ago
2026-09-19T23:05:37.774154Z DEBUG awase_windows::tsf::gji_monitor: [gji-io] WRITE: w_ops=+1 w_KB=+0.0 (r_ops=+2 x_ops=+2 x_KB=+0.0)
2026-09-19T23:05:37.932970Z DEBUG awase_windows::runtime::key_pipeline: [engine-input] vk=0x1B KeyUp ts=152852787us delay=0ms state=Idle mods(c=false s=false a=false w=false) gas_ctrl=false phys_ctrl=false extra=0x5350494B pending_drain=0 gate_active=false l_thumb=None r_thumb=None [diag-ctx] ime_on
2026-09-19T23:05:37.933392Z DEBUG awase::journal: key input seq=695 elapsed_ms=152854 vk_code=27 is_down=false injected=false key_class="Passthrough" state_before="Idle" state_after="Idle" decision="PassThrough" physical="Allow" repeat_count=1 last_timestamp_us=152852787 last_elapsed_ms=0
2026-09-19T23:05:37.933493Z DEBUG execute_from_hook: awase_windows::runtime::executor: [relay-passthrough] PassThrough idle: direct OS pass-through (vk=0x1b up)
2026-09-19T23:05:37.933571Z DEBUG execute_one{generation=None}: awase_windows::runtime::executor: [reinject] vk=0x1b up (queued passthrough now firing)
2026-09-19T23:05:37.937512Z DEBUG awase_windows::platform: [gji-fsm] EndComposition (candidate HIDE) epoch=FocusEpoch(18)
2026-09-19T23:05:37.937644Z DEBUG awase::journal: gji fsm transition seq=696 elapsed_ms=152858 trigger="EndComposition(candidate HIDE, epoch=FocusEpoch(18))" state_before="OnComposing(Warm)" state_after="OnWarm"
2026-09-19T23:05:39.751342Z DEBUG awase_windows::runtime::key_pipeline: [shadow-toggle] vk=0x1CはFSM delegate所有 → belief書き込み/actuationをスキップ w_ops0=109684 x_ops0=243097 x_KB0=23.5
2026-09-19T23:05:39.751377Z DEBUG awase_windows::runtime::key_pipeline: [shadow-toggle] no-op: vk=0x1C action=Toggle source=PhysicalImeKey effective_open は既に true → apply-ime 見送り
2026-09-19T23:05:39.751409Z DEBUG awase_windows::runtime::key_pipeline: [engine-input] vk=0x1C KeyDown ts=154671158us delay=0ms state=Idle mods(c=false s=false a=false w=false) gas_ctrl=false phys_ctrl=false extra=0x5350494B pending_drain=0 gate_active=false l_thumb=None r_thumb=Some(154671146) [dia
2026-09-19T23:05:39.751507Z DEBUG awase::journal: key input seq=697 elapsed_ms=154672 vk_code=28 is_down=true injected=false key_class="RightThumb" state_before="Idle" state_after="PendingThumb(vk=0x1C,left=false)" decision="Consume" physical="Allow" repeat_count=1 last_timestamp_us=154671158 last_e
2026-09-19T23:05:39.858922Z  INFO awase::engine::engine: IME open axis delegated (solo tap, key semantics absorption) → false (origin=ExplicitUserAction)
2026-09-19T23:05:39.859079Z DEBUG execute_from_loop:execute_one{generation=None}:dispatch_ime_set_open{open=false generation=None}: awase_windows::runtime::executor: [dispatch-ime] ImmCross async: optimistic applied_snapshot=false (suppress send_engine_state_ime_key)
2026-09-19T23:05:39.860248Z DEBUG execute_from_loop:execute_one{generation=None}: awase_windows::platform: [engine-state-key] skipped (apply_ime_open aligned ime=false, profile=Standard)
2026-09-19T23:05:39.862293Z  INFO run_open_chain_async: awase_windows::ime_controller: [warrant-shadow] chain=async open=false origin=EventOrigin { source: SelfActuated { strategy: "engine_decision_async" }, epoch: Generation(0) } would_have_blocked=true (A-1 shadow: 書き込みは止めない。A-2 で強制する際の判断材料)
2026-09-19T23:05:39.862325Z DEBUG run_open_chain_async: awase::journal: actuation decision seq=699 elapsed_ms=154783 site="DispatchImeSetOpen" caller="None" open=false chain_len=4 attempts_len=0 gate_profile="Standard" gate_kind="Gji" gate_shadow_known=true gate_shadow_on=true gate_input_mode="Obser
2026-09-19T23:05:39.862979Z DEBUG on_ime_apply_complete{open=false outcome=Unwarranted generation=None reason=EngineDecision}: awase::journal: ime open applied seq=700 elapsed_ms=154784 open=false outcome="Unwarranted" reason="EngineDecision"
2026-09-19T23:05:39.876397Z DEBUG awase_windows::runtime::key_pipeline: [engine-input] vk=0x1C KeyUp ts=154796183us delay=0ms state=Idle mods(c=false s=false a=false w=false) gas_ctrl=false phys_ctrl=false extra=0x5350494B pending_drain=0 gate_active=false l_thumb=None r_thumb=None [diag-ctx] ime_on
2026-09-19T23:05:39.876454Z  INFO awase::engine::engine: Engine activated (ime=true, romaji=true, japanese=true, user=true, reason=Active)
2026-09-19T23:05:39.876540Z DEBUG awase::journal: key input seq=701 elapsed_ms=154797 vk_code=28 is_down=false injected=false key_class="RightThumb" state_before="Idle" state_after="Idle" decision="Consume" physical="Allow" repeat_count=1 last_timestamp_us=154796183 last_elapsed_ms=0
2026-09-19T23:05:39.876636Z DEBUG awase::journal: ime event seq=702 elapsed_ms=154798 event_kind="EngineActivationSync"
2026-09-19T23:05:39.876669Z DEBUG awase::journal: ime event seq=703 elapsed_ms=154798 event_kind="ImeApplyRequested"
2026-09-19T23:05:39.876752Z  INFO awase_windows::runtime::key_pipeline: IME control: preconditions.ime_on = true (SetOpenRequest, origin=ActivationSync), was_open_before=true last_intent_before=Some(true) poll suspended
2026-09-19T23:05:39.876926Z DEBUG execute_one{generation=Some(ApplyGeneration(23))}:dispatch_ime_set_open{open=true generation=Some(ApplyGeneration(23))}: awase_windows::runtime::executor: [dispatch-ime] ImmCross async: optimistic applied_snapshot=true (suppress send_engine_state_ime_key)
2026-09-19T23:05:39.878392Z DEBUG execute_one{generation=Some(ApplyGeneration(23))}: awase_windows::platform: [engine-state-key] skipped (apply_ime_open aligned ime=true, profile=Standard)
2026-09-19T23:05:39.880408Z DEBUG run_open_chain_async: awase_windows::ime_controller: [warrant-shadow] chain=async open=true origin=EventOrigin { source: SelfActuated { strategy: "engine_decision_async" }, epoch: Generation(0) } warranted
2026-09-19T23:05:39.880453Z  INFO run_open_chain_async:imm_cross_write{open=true}: awase_windows::runtime::open_chain: [apply-ime] ImmCross async: open=true composition_active=false show_seq=0 change_seq=0 (issue #138診断)
2026-09-19T23:05:39.883214Z DEBUG awase_windows::shadow_send_trace: [shadow-send] channel=ImeControl cmd=0x0006 lparam=1 issue_us=154803152
2026-09-19T23:05:39.883230Z DEBUG awase_windows::ime: set_ime_open_for_target: hwnd=HWND(0xfc29fc) ime_wnd=HWND(0xf80d12) open=true success=true send_elapsed=0ms candidate_visible=false
2026-09-19T23:05:39.883422Z DEBUG run_open_chain_async:imm_cross_write{open=true}: awase_windows::ime: [imm-cross-actuate] hwnd=HWND(0xfc29fc) open=Written conv=Some(Written)
2026-09-19T23:05:39.883466Z DEBUG run_open_chain_async:imm_cross_write{open=true}: awase_windows::runtime::open_chain: [apply-ime] ROMAN 補完結果: Written
2026-09-19T23:05:39.883521Z DEBUG run_open_chain_async: awase::journal: actuation decision seq=704 elapsed_ms=154804 site="DispatchImeSetOpen" caller="None" open=true chain_len=4 attempts_len=1 gate_profile="Standard" gate_kind="Gji" gate_shadow_known=true gate_shadow_on=true gate_input_mode="Observ
2026-09-19T23:05:39.884051Z DEBUG on_ime_apply_complete{open=true outcome=AppliedWithoutSendInput generation=Some(ApplyGeneration(23)) reason=EngineDecision}: awase::journal: ime open applied seq=705 elapsed_ms=154805 open=true outcome="AppliedWithoutSendInput" reason="EngineDecision"
2026-09-19T23:05:39.884155Z DEBUG on_ime_apply_complete{open=true outcome=AppliedWithoutSendInput generation=Some(ApplyGeneration(23)) reason=EngineDecision}: awase::journal: ime event seq=706 elapsed_ms=154805 event_kind="ImeApplySucceeded"
2026-09-19T23:05:39.884183Z DEBUG on_ime_apply_complete{open=true outcome=AppliedWithoutSendInput generation=Some(ApplyGeneration(23)) reason=EngineDecision}: awase_windows::tsf::ime_mode_fsm: [ime-mode] SetOpen(true) applied → Hiragana (belief, unconfirmed)
2026-09-19T23:05:39.884209Z DEBUG on_ime_apply_complete{open=true outcome=AppliedWithoutSendInput generation=Some(ApplyGeneration(23)) reason=EngineDecision}: awase_windows::platform: [composition] ImeEffect::SetOpen(true) → marking cold
2026-09-19T23:05:39.884229Z DEBUG on_ime_apply_complete{open=true outcome=AppliedWithoutSendInput generation=Some(ApplyGeneration(23)) reason=EngineDecision}: awase_windows::tsf::probe: [composition] marked cold reason=SetOpenTrue idle=2453ms → next VK/TSF output will send VK_DBE_HIRAGANA warmup
2026-09-19T23:05:39.884274Z DEBUG on_ime_apply_complete{open=true outcome=AppliedWithoutSendInput generation=Some(ApplyGeneration(23)) reason=EngineDecision}:gji_on_event{event=ImeOn { injection_mode: Unicode, gji_idle_ms: 2109 }}: awase_windows::tsf::gji_fsm: [gji-fsm] ImeOn: already on (OnWarm), i
2026-09-19T23:05:39.884658Z DEBUG awase::journal: gji fsm transition seq=707 elapsed_ms=154805 trigger="ImeOn(gji_idle_ms=2109)" state_before="OnWarm" state_after="OnWarm"
2026-09-19T23:05:39.926074Z DEBUG awase_windows::runtime::ime_refresh: Explicit intent: bypassing typing-idle guard for IME verify (idle=47ms)
2026-09-19T23:05:39.926135Z DEBUG awase_windows::observer::ime_observer: IME snapshot: japanese=Some(true) ime_on=Some(true) romaji=Some(true) conv=Some("0x00000019") guard=false
2026-09-19T23:05:39.926246Z DEBUG awase::journal: ime event seq=708 elapsed_ms=154847 event_kind="ObserverReported"
2026-09-19T23:05:39.926291Z DEBUG awase::journal: ime event seq=709 elapsed_ms=154847 event_kind="InputModeObserved"
2026-09-19T23:05:42.261490Z DEBUG awase_windows::runtime::key_pipeline: [shadow-toggle] vk=0x1CはFSM delegate所有 → belief書き込み/actuationをスキップ w_ops0=109684 x_ops0=243097 x_KB0=23.5
2026-09-19T23:05:42.261512Z DEBUG awase_windows::runtime::key_pipeline: [shadow-toggle] no-op: vk=0x1C action=Toggle source=PhysicalImeKey effective_open は既に true → apply-ime 見送り
2026-09-19T23:05:42.261528Z DEBUG awase_windows::runtime::key_pipeline: [engine-input] vk=0x1C KeyDown ts=157181390us delay=0ms state=Idle mods(c=false s=false a=false w=false) gas_ctrl=false phys_ctrl=false extra=0x5350494B pending_drain=0 gate_active=false l_thumb=None r_thumb=Some(157181339) [dia
2026-09-19T23:05:42.261634Z DEBUG awase::journal: key input seq=710 elapsed_ms=157183 vk_code=28 is_down=true injected=false key_class="RightThumb" state_before="Idle" state_after="PendingThumb(vk=0x1C,left=false)" decision="Consume" physical="Allow" repeat_count=1 last_timestamp_us=157181390 last_e
2026-09-19T23:05:42.370123Z  INFO awase::engine::engine: IME open axis delegated (solo tap, key semantics absorption) → false (origin=ExplicitUserAction)
2026-09-19T23:05:42.370631Z DEBUG execute_from_loop:execute_one{generation=None}:dispatch_ime_set_open{open=false generation=None}: awase_windows::runtime::executor: [dispatch-ime] ImmCross async: optimistic applied_snapshot=false (suppress send_engine_state_ime_key)
2026-09-19T23:05:42.372184Z DEBUG execute_from_loop:execute_one{generation=None}: awase_windows::platform: [engine-state-key] skipped (apply_ime_open aligned ime=false, profile=Standard)
2026-09-19T23:05:42.374397Z  INFO run_open_chain_async: awase_windows::ime_controller: [warrant-shadow] chain=async open=false origin=EventOrigin { source: SelfActuated { strategy: "engine_decision_async" }, epoch: Generation(0) } would_have_blocked=true (A-1 shadow: 書き込みは止めない。A-2 で強制する際の判断材料)
2026-09-19T23:05:42.374453Z DEBUG run_open_chain_async: awase::journal: actuation decision seq=712 elapsed_ms=157295 site="DispatchImeSetOpen" caller="None" open=false chain_len=4 attempts_len=0 gate_profile="Standard" gate_kind="Gji" gate_shadow_known=true gate_shadow_on=true gate_input_mode="Obser
2026-09-19T23:05:42.375604Z DEBUG on_ime_apply_complete{open=false outcome=Unwarranted generation=None reason=EngineDecision}: awase::journal: ime open applied seq=713 elapsed_ms=157297 open=false outcome="Unwarranted" reason="EngineDecision"
2026-09-19T23:05:42.387818Z DEBUG awase_windows::runtime::key_pipeline: [engine-input] vk=0x1C KeyUp ts=157307661us delay=0ms state=Idle mods(c=false s=false a=false w=false) gas_ctrl=false phys_ctrl=false extra=0x5350494B pending_drain=0 gate_active=false l_thumb=None r_thumb=None [diag-ctx] ime_on
2026-09-19T23:05:42.387864Z  INFO awase::engine::engine: Engine activated (ime=true, romaji=true, japanese=true, user=true, reason=Active)
2026-09-19T23:05:42.387938Z DEBUG awase::journal: key input seq=714 elapsed_ms=157309 vk_code=28 is_down=false injected=false key_class="RightThumb" state_before="Idle" state_after="Idle" decision="Consume" physical="Allow" repeat_count=1 last_timestamp_us=157307661 last_elapsed_ms=0
2026-09-19T23:05:42.388021Z DEBUG awase::journal: ime event seq=715 elapsed_ms=157309 event_kind="EngineActivationSync"
2026-09-19T23:05:42.388065Z DEBUG awase::journal: ime event seq=716 elapsed_ms=157309 event_kind="ImeApplyRequested"
2026-09-19T23:05:42.388082Z  INFO awase_windows::runtime::key_pipeline: IME control: preconditions.ime_on = true (SetOpenRequest, origin=ActivationSync), was_open_before=true last_intent_before=Some(true) poll suspended
2026-09-19T23:05:42.388246Z DEBUG execute_one{generation=Some(ApplyGeneration(24))}:dispatch_ime_set_open{open=true generation=Some(ApplyGeneration(24))}: awase_windows::runtime::executor: [dispatch-ime] ImmCross async: optimistic applied_snapshot=true (suppress send_engine_state_ime_key)
2026-09-19T23:05:42.389446Z DEBUG execute_one{generation=Some(ApplyGeneration(24))}: awase_windows::platform: [engine-state-key] skipped (apply_ime_open aligned ime=true, profile=Standard)
2026-09-19T23:05:42.393028Z DEBUG run_open_chain_async: awase_windows::ime_controller: [warrant-shadow] chain=async open=true origin=EventOrigin { source: SelfActuated { strategy: "engine_decision_async" }, epoch: Generation(0) } warranted
2026-09-19T23:05:42.393112Z  INFO run_open_chain_async:imm_cross_write{open=true}: awase_windows::runtime::open_chain: [apply-ime] ImmCross async: open=true composition_active=false show_seq=0 change_seq=0 (issue #138診断)
2026-09-19T23:05:42.394948Z DEBUG awase_windows::shadow_send_trace: [shadow-send] channel=ImeControl cmd=0x0006 lparam=1 issue_us=157314821
2026-09-19T23:05:42.394964Z DEBUG awase_windows::ime: set_ime_open_for_target: hwnd=HWND(0xfc29fc) ime_wnd=HWND(0xf80d12) open=true success=true send_elapsed=0ms candidate_visible=false
2026-09-19T23:05:42.395225Z DEBUG run_open_chain_async:imm_cross_write{open=true}: awase_windows::ime: [imm-cross-actuate] hwnd=HWND(0xfc29fc) open=Written conv=Some(Written)
2026-09-19T23:05:42.395261Z DEBUG run_open_chain_async:imm_cross_write{open=true}: awase_windows::runtime::open_chain: [apply-ime] ROMAN 補完結果: Written
2026-09-19T23:05:42.395315Z DEBUG run_open_chain_async: awase::journal: actuation decision seq=717 elapsed_ms=157316 site="DispatchImeSetOpen" caller="None" open=true chain_len=4 attempts_len=1 gate_profile="Standard" gate_kind="Gji" gate_shadow_known=true gate_shadow_on=true gate_input_mode="Observ
2026-09-19T23:05:42.395791Z DEBUG on_ime_apply_complete{open=true outcome=AppliedWithoutSendInput generation=Some(ApplyGeneration(24)) reason=EngineDecision}: awase::journal: ime open applied seq=718 elapsed_ms=157317 open=true outcome="AppliedWithoutSendInput" reason="EngineDecision"
2026-09-19T23:05:42.395934Z DEBUG on_ime_apply_complete{open=true outcome=AppliedWithoutSendInput generation=Some(ApplyGeneration(24)) reason=EngineDecision}: awase::journal: ime event seq=719 elapsed_ms=157317 event_kind="ImeApplySucceeded"
2026-09-19T23:05:42.395960Z DEBUG on_ime_apply_complete{open=true outcome=AppliedWithoutSendInput generation=Some(ApplyGeneration(24)) reason=EngineDecision}: awase_windows::tsf::ime_mode_fsm: [ime-mode] SetOpen(true) applied → Hiragana (belief, unconfirmed)
2026-09-19T23:05:42.395984Z DEBUG on_ime_apply_complete{open=true outcome=AppliedWithoutSendInput generation=Some(ApplyGeneration(24)) reason=EngineDecision}: awase_windows::platform: [composition] ImeEffect::SetOpen(true) → marking cold
2026-09-19T23:05:42.396005Z DEBUG on_ime_apply_complete{open=true outcome=AppliedWithoutSendInput generation=Some(ApplyGeneration(24)) reason=EngineDecision}: awase_windows::tsf::probe: [composition] marked cold reason=SetOpenTrue idle=4953ms → next VK/TSF output will send VK_DBE_HIRAGANA warmup
2026-09-19T23:05:42.396048Z DEBUG on_ime_apply_complete{open=true outcome=AppliedWithoutSendInput generation=Some(ApplyGeneration(24)) reason=EngineDecision}:gji_on_event{event=ImeOn { injection_mode: Unicode, gji_idle_ms: 4609 }}: awase_windows::tsf::gji_fsm: [gji-fsm] ImeOn: already on (OnWarm), i
2026-09-19T23:05:42.396147Z DEBUG awase::journal: gji fsm transition seq=720 elapsed_ms=157317 trigger="ImeOn(gji_idle_ms=4609)" state_before="OnWarm" state_after="OnWarm"
2026-09-19T23:05:42.423179Z DEBUG awase_windows::runtime::ime_refresh: Explicit intent: bypassing typing-idle guard for IME verify (idle=31ms)
2026-09-19T23:05:42.423227Z DEBUG awase_windows::observer::ime_observer: IME snapshot: japanese=Some(true) ime_on=Some(true) romaji=Some(true) conv=Some("0x00000019") guard=false
2026-09-19T23:05:42.423312Z DEBUG awase::journal: ime event seq=721 elapsed_ms=157344 event_kind="ObserverReported"
2026-09-19T23:05:42.423347Z DEBUG awase::journal: ime event seq=722 elapsed_ms=157344 event_kind="InputModeObserved"
2026-09-19T23:05:44.822763Z DEBUG awase_windows::runtime::key_pipeline: [shadow-toggle] vk=0x1CはFSM delegate所有 → belief書き込み/actuationをスキップ w_ops0=109684 x_ops0=243097 x_KB0=23.5
2026-09-19T23:05:44.822786Z DEBUG awase_windows::runtime::key_pipeline: [shadow-toggle] no-op: vk=0x1C action=Toggle source=PhysicalImeKey effective_open は既に true → apply-ime 見送り
2026-09-19T23:05:44.822802Z DEBUG awase_windows::runtime::key_pipeline: [engine-input] vk=0x1C KeyDown ts=159742207us delay=0ms state=Idle mods(c=false s=false a=false w=false) gas_ctrl=false phys_ctrl=false extra=0x5350494B pending_drain=0 gate_active=false l_thumb=None r_thumb=Some(159742196) [dia
2026-09-19T23:05:44.822859Z DEBUG awase::journal: key input seq=723 elapsed_ms=159744 vk_code=28 is_down=true injected=false key_class="RightThumb" state_before="Idle" state_after="PendingThumb(vk=0x1C,left=false)" decision="Consume" physical="Allow" repeat_count=1 last_timestamp_us=159742207 last_e
2026-09-19T23:05:44.930810Z  INFO awase::engine::engine: IME open axis delegated (solo tap, key semantics absorption) → false (origin=ExplicitUserAction)
2026-09-19T23:05:44.931108Z DEBUG execute_from_loop:execute_one{generation=None}:dispatch_ime_set_open{open=false generation=None}: awase_windows::runtime::executor: [dispatch-ime] ImmCross async: optimistic applied_snapshot=false (suppress send_engine_state_ime_key)
2026-09-19T23:05:44.932546Z DEBUG execute_from_loop:execute_one{generation=None}: awase_windows::platform: [engine-state-key] skipped (apply_ime_open aligned ime=false, profile=Standard)
2026-09-19T23:05:44.934565Z  INFO run_open_chain_async: awase_windows::ime_controller: [warrant-shadow] chain=async open=false origin=EventOrigin { source: SelfActuated { strategy: "engine_decision_async" }, epoch: Generation(0) } would_have_blocked=true (A-1 shadow: 書き込みは止めない。A-2 で強制する際の判断材料)
2026-09-19T23:05:44.934622Z DEBUG run_open_chain_async: awase::journal: actuation decision seq=725 elapsed_ms=159856 site="DispatchImeSetOpen" caller="None" open=false chain_len=4 attempts_len=0 gate_profile="Standard" gate_kind="Gji" gate_shadow_known=true gate_shadow_on=true gate_input_mode="Obser
2026-09-19T23:05:44.935104Z DEBUG on_ime_apply_complete{open=false outcome=Unwarranted generation=None reason=EngineDecision}: awase::journal: ime open applied seq=726 elapsed_ms=159856 open=false outcome="Unwarranted" reason="EngineDecision"
2026-09-19T23:05:44.948933Z DEBUG awase_windows::runtime::key_pipeline: [engine-input] vk=0x1C KeyUp ts=159868876us delay=0ms state=Idle mods(c=false s=false a=false w=false) gas_ctrl=false phys_ctrl=false extra=0x5350494B pending_drain=0 gate_active=false l_thumb=None r_thumb=None [diag-ctx] ime_on
2026-09-19T23:05:44.948962Z  INFO awase::engine::engine: Engine activated (ime=true, romaji=true, japanese=true, user=true, reason=Active)
2026-09-19T23:05:44.949010Z DEBUG awase::journal: key input seq=727 elapsed_ms=159870 vk_code=28 is_down=false injected=false key_class="RightThumb" state_before="Idle" state_after="Idle" decision="Consume" physical="Allow" repeat_count=1 last_timestamp_us=159868876 last_elapsed_ms=0
2026-09-19T23:05:44.949077Z DEBUG awase::journal: ime event seq=728 elapsed_ms=159870 event_kind="EngineActivationSync"
2026-09-19T23:05:44.949088Z DEBUG awase::journal: ime event seq=729 elapsed_ms=159870 event_kind="ImeApplyRequested"
2026-09-19T23:05:44.949095Z  INFO awase_windows::runtime::key_pipeline: IME control: preconditions.ime_on = true (SetOpenRequest, origin=ActivationSync), was_open_before=true last_intent_before=Some(true) poll suspended
2026-09-19T23:05:44.949177Z DEBUG execute_one{generation=Some(ApplyGeneration(25))}:dispatch_ime_set_open{open=true generation=Some(ApplyGeneration(25))}: awase_windows::runtime::executor: [dispatch-ime] ImmCross async: optimistic applied_snapshot=true (suppress send_engine_state_ime_key)
2026-09-19T23:05:44.950353Z DEBUG execute_one{generation=Some(ApplyGeneration(25))}: awase_windows::platform: [engine-state-key] skipped (apply_ime_open aligned ime=true, profile=Standard)
2026-09-19T23:05:44.952354Z DEBUG run_open_chain_async: awase_windows::ime_controller: [warrant-shadow] chain=async open=true origin=EventOrigin { source: SelfActuated { strategy: "engine_decision_async" }, epoch: Generation(0) } warranted
2026-09-19T23:05:44.952402Z  INFO run_open_chain_async:imm_cross_write{open=true}: awase_windows::runtime::open_chain: [apply-ime] ImmCross async: open=true composition_active=false show_seq=0 change_seq=0 (issue #138診断)
2026-09-19T23:05:44.954898Z DEBUG awase_windows::shadow_send_trace: [shadow-send] channel=ImeControl cmd=0x0006 lparam=1 issue_us=159874816
2026-09-19T23:05:44.954917Z DEBUG awase_windows::ime: set_ime_open_for_target: hwnd=HWND(0xfc29fc) ime_wnd=HWND(0xf80d12) open=true success=true send_elapsed=0ms candidate_visible=false
2026-09-19T23:05:44.955601Z DEBUG run_open_chain_async:imm_cross_write{open=true}: awase_windows::ime: [imm-cross-actuate] hwnd=HWND(0xfc29fc) open=Written conv=Some(Written)
2026-09-19T23:05:44.955659Z DEBUG run_open_chain_async:imm_cross_write{open=true}: awase_windows::runtime::open_chain: [apply-ime] ROMAN 補完結果: Written
2026-09-19T23:05:44.955748Z DEBUG run_open_chain_async: awase::journal: actuation decision seq=730 elapsed_ms=159877 site="DispatchImeSetOpen" caller="None" open=true chain_len=4 attempts_len=1 gate_profile="Standard" gate_kind="Gji" gate_shadow_known=true gate_shadow_on=true gate_input_mode="Observ
2026-09-19T23:05:44.955950Z DEBUG on_ime_apply_complete{open=true outcome=AppliedWithoutSendInput generation=Some(ApplyGeneration(25)) reason=EngineDecision}: awase::journal: ime open applied seq=731 elapsed_ms=159877 open=true outcome="AppliedWithoutSendInput" reason="EngineDecision"
2026-09-19T23:05:44.956077Z DEBUG on_ime_apply_complete{open=true outcome=AppliedWithoutSendInput generation=Some(ApplyGeneration(25)) reason=EngineDecision}: awase::journal: ime event seq=732 elapsed_ms=159877 event_kind="ImeApplySucceeded"
2026-09-19T23:05:44.956189Z DEBUG on_ime_apply_complete{open=true outcome=AppliedWithoutSendInput generation=Some(ApplyGeneration(25)) reason=EngineDecision}: awase_windows::tsf::ime_mode_fsm: [ime-mode] SetOpen(true) applied → Hiragana (belief, unconfirmed)
2026-09-19T23:05:44.956224Z DEBUG on_ime_apply_complete{open=true outcome=AppliedWithoutSendInput generation=Some(ApplyGeneration(25)) reason=EngineDecision}: awase_windows::platform: [composition] ImeEffect::SetOpen(true) → marking cold
2026-09-19T23:05:44.956240Z DEBUG on_ime_apply_complete{open=true outcome=AppliedWithoutSendInput generation=Some(ApplyGeneration(25)) reason=EngineDecision}: awase_windows::tsf::probe: [composition] marked cold reason=SetOpenTrue idle=7516ms → next VK/TSF output will send VK_DBE_HIRAGANA warmup
2026-09-19T23:05:44.956298Z DEBUG on_ime_apply_complete{open=true outcome=AppliedWithoutSendInput generation=Some(ApplyGeneration(25)) reason=EngineDecision}:gji_on_event{event=ImeOn { injection_mode: Unicode, gji_idle_ms: 7172 }}: awase_windows::tsf::gji_fsm: [gji-fsm] ImeOn: already on (OnWarm), i
2026-09-19T23:05:44.956401Z DEBUG awase::journal: gji fsm transition seq=733 elapsed_ms=159877 trigger="ImeOn(gji_idle_ms=7172)" state_before="OnWarm" state_after="OnWarm"
2026-09-19T23:05:44.981821Z DEBUG awase_windows::runtime::ime_refresh: Explicit intent: bypassing typing-idle guard for IME verify (idle=31ms)
2026-09-19T23:05:44.981848Z DEBUG awase_windows::observer::ime_observer: IME snapshot: japanese=Some(true) ime_on=Some(true) romaji=Some(true) conv=Some("0x00000019") guard=false
2026-09-19T23:05:44.981920Z DEBUG awase::journal: ime event seq=734 elapsed_ms=159903 event_kind="ObserverReported"
2026-09-19T23:05:44.981935Z DEBUG awase::journal: ime event seq=735 elapsed_ms=159903 event_kind="InputModeObserved"
2026-09-19T23:05:47.331368Z DEBUG awase_windows::runtime::key_pipeline: [shadow-toggle] vk=0x1CはFSM delegate所有 → belief書き込み/actuationをスキップ w_ops0=109684 x_ops0=243097 x_KB0=23.5
2026-09-19T23:05:47.331414Z DEBUG awase_windows::runtime::key_pipeline: [shadow-toggle] no-op: vk=0x1C action=Toggle source=PhysicalImeKey effective_open は既に true → apply-ime 見送り
2026-09-19T23:05:47.331449Z DEBUG awase_windows::runtime::key_pipeline: [engine-input] vk=0x1C KeyDown ts=162251146us delay=0ms state=Idle mods(c=false s=false a=false w=false) gas_ctrl=false phys_ctrl=false extra=0x5350494B pending_drain=0 gate_active=false l_thumb=None r_thumb=Some(162251133) [dia
2026-09-19T23:05:47.331579Z DEBUG awase::journal: key input seq=736 elapsed_ms=162253 vk_code=28 is_down=true injected=false key_class="RightThumb" state_before="Idle" state_after="PendingThumb(vk=0x1C,left=false)" decision="Consume" physical="Allow" repeat_count=1 last_timestamp_us=162251146 last_e
2026-09-19T23:05:47.436401Z  INFO awase::engine::engine: IME open axis delegated (solo tap, key semantics absorption) → false (origin=ExplicitUserAction)
2026-09-19T23:05:47.436672Z DEBUG execute_from_loop:execute_one{generation=None}:dispatch_ime_set_open{open=false generation=None}: awase_windows::runtime::executor: [dispatch-ime] ImmCross async: optimistic applied_snapshot=false (suppress send_engine_state_ime_key)
2026-09-19T23:05:47.438040Z DEBUG execute_from_loop:execute_one{generation=None}: awase_windows::platform: [engine-state-key] skipped (apply_ime_open aligned ime=false, profile=Standard)
2026-09-19T23:05:47.439958Z  INFO run_open_chain_async: awase_windows::ime_controller: [warrant-shadow] chain=async open=false origin=EventOrigin { source: SelfActuated { strategy: "engine_decision_async" }, epoch: Generation(0) } would_have_blocked=true (A-1 shadow: 書き込みは止めない。A-2 で強制する際の判断材料)
2026-09-19T23:05:47.440019Z DEBUG run_open_chain_async: awase::journal: actuation decision seq=738 elapsed_ms=162361 site="DispatchImeSetOpen" caller="None" open=false chain_len=4 attempts_len=0 gate_profile="Standard" gate_kind="Gji" gate_shadow_known=true gate_shadow_on=true gate_input_mode="Obser
2026-09-19T23:05:47.440865Z DEBUG on_ime_apply_complete{open=false outcome=Unwarranted generation=None reason=EngineDecision}: awase::journal: ime open applied seq=739 elapsed_ms=162362 open=false outcome="Unwarranted" reason="EngineDecision"
2026-09-19T23:05:47.455554Z DEBUG awase_windows::runtime::key_pipeline: [engine-input] vk=0x1C KeyUp ts=162375401us delay=0ms state=Idle mods(c=false s=false a=false w=false) gas_ctrl=false phys_ctrl=false extra=0x5350494B pending_drain=0 gate_active=false l_thumb=None r_thumb=None [diag-ctx] ime_on
2026-09-19T23:05:47.455609Z  INFO awase::engine::engine: Engine activated (ime=true, romaji=true, japanese=true, user=true, reason=Active)
2026-09-19T23:05:47.455696Z DEBUG awase::journal: key input seq=740 elapsed_ms=162377 vk_code=28 is_down=false injected=false key_class="RightThumb" state_before="Idle" state_after="Idle" decision="Consume" physical="Allow" repeat_count=1 last_timestamp_us=162375401 last_elapsed_ms=0
2026-09-19T23:05:47.455800Z DEBUG awase::journal: ime event seq=741 elapsed_ms=162377 event_kind="EngineActivationSync"
2026-09-19T23:05:47.455844Z DEBUG awase::journal: ime event seq=742 elapsed_ms=162377 event_kind="ImeApplyRequested"
2026-09-19T23:05:47.455862Z  INFO awase_windows::runtime::key_pipeline: IME control: preconditions.ime_on = true (SetOpenRequest, origin=ActivationSync), was_open_before=true last_intent_before=Some(true) poll suspended
2026-09-19T23:05:47.456028Z DEBUG execute_one{generation=Some(ApplyGeneration(26))}:dispatch_ime_set_open{open=true generation=Some(ApplyGeneration(26))}: awase_windows::runtime::executor: [dispatch-ime] ImmCross async: optimistic applied_snapshot=true (suppress send_engine_state_ime_key)
2026-09-19T23:05:47.457179Z DEBUG execute_one{generation=Some(ApplyGeneration(26))}: awase_windows::platform: [engine-state-key] skipped (apply_ime_open aligned ime=true, profile=Standard)
2026-09-19T23:05:47.459326Z DEBUG run_open_chain_async: awase_windows::ime_controller: [warrant-shadow] chain=async open=true origin=EventOrigin { source: SelfActuated { strategy: "engine_decision_async" }, epoch: Generation(0) } warranted
2026-09-19T23:05:47.459362Z  INFO run_open_chain_async:imm_cross_write{open=true}: awase_windows::runtime::open_chain: [apply-ime] ImmCross async: open=true composition_active=false show_seq=0 change_seq=0 (issue #138診断)
2026-09-19T23:05:47.461141Z DEBUG awase_windows::shadow_send_trace: [shadow-send] channel=ImeControl cmd=0x0006 lparam=1 issue_us=162381073
2026-09-19T23:05:47.461157Z DEBUG awase_windows::ime: set_ime_open_for_target: hwnd=HWND(0xfc29fc) ime_wnd=HWND(0xf80d12) open=true success=true send_elapsed=0ms candidate_visible=false
2026-09-19T23:05:47.461281Z DEBUG run_open_chain_async:imm_cross_write{open=true}: awase_windows::ime: [imm-cross-actuate] hwnd=HWND(0xfc29fc) open=Written conv=Some(Written)
2026-09-19T23:05:47.461348Z DEBUG run_open_chain_async:imm_cross_write{open=true}: awase_windows::runtime::open_chain: [apply-ime] ROMAN 補完結果: Written
2026-09-19T23:05:47.461377Z DEBUG run_open_chain_async: awase::journal: actuation decision seq=743 elapsed_ms=162382 site="DispatchImeSetOpen" caller="None" open=true chain_len=4 attempts_len=1 gate_profile="Standard" gate_kind="Gji" gate_shadow_known=true gate_shadow_on=true gate_input_mode="Observ
2026-09-19T23:05:47.461751Z DEBUG on_ime_apply_complete{open=true outcome=AppliedWithoutSendInput generation=Some(ApplyGeneration(26)) reason=EngineDecision}: awase::journal: ime open applied seq=744 elapsed_ms=162383 open=true outcome="AppliedWithoutSendInput" reason="EngineDecision"
2026-09-19T23:05:47.461793Z DEBUG on_ime_apply_complete{open=true outcome=AppliedWithoutSendInput generation=Some(ApplyGeneration(26)) reason=EngineDecision}: awase::journal: ime event seq=745 elapsed_ms=162383 event_kind="ImeApplySucceeded"
2026-09-19T23:05:47.461803Z DEBUG on_ime_apply_complete{open=true outcome=AppliedWithoutSendInput generation=Some(ApplyGeneration(26)) reason=EngineDecision}: awase_windows::tsf::ime_mode_fsm: [ime-mode] SetOpen(true) applied → Hiragana (belief, unconfirmed)
2026-09-19T23:05:47.461814Z DEBUG on_ime_apply_complete{open=true outcome=AppliedWithoutSendInput generation=Some(ApplyGeneration(26)) reason=EngineDecision}: awase_windows::platform: [composition] ImeEffect::SetOpen(true) → marking cold
2026-09-19T23:05:47.461823Z DEBUG on_ime_apply_complete{open=true outcome=AppliedWithoutSendInput generation=Some(ApplyGeneration(26)) reason=EngineDecision}: awase_windows::tsf::probe: [composition] marked cold reason=SetOpenTrue idle=10031ms → next VK/TSF output will send VK_DBE_HIRAGANA warmup
2026-09-19T23:05:47.461841Z DEBUG on_ime_apply_complete{open=true outcome=AppliedWithoutSendInput generation=Some(ApplyGeneration(26)) reason=EngineDecision}:gji_on_event{event=ImeOn { injection_mode: Unicode, gji_idle_ms: 9687 }}: awase_windows::tsf::gji_fsm: [gji-fsm] ImeOn: already on (OnWarm), i
2026-09-19T23:05:47.461882Z DEBUG awase::journal: gji fsm transition seq=746 elapsed_ms=162383 trigger="ImeOn(gji_idle_ms=9687)" state_before="OnWarm" state_after="OnWarm"
2026-09-19T23:05:47.505974Z DEBUG awase_windows::runtime::ime_refresh: Explicit intent: bypassing typing-idle guard for IME verify (idle=46ms)
2026-09-19T23:05:47.506058Z DEBUG awase_windows::observer::ime_observer: IME snapshot: japanese=Some(true) ime_on=Some(true) romaji=Some(true) conv=Some("0x00000019") guard=false
2026-09-19T23:05:47.506152Z DEBUG awase::journal: ime event seq=747 elapsed_ms=162427 event_kind="ObserverReported"
2026-09-19T23:05:47.506189Z DEBUG awase::journal: ime event seq=748 elapsed_ms=162427 event_kind="InputModeObserved"
2026-09-19T23:05:47.936008Z DEBUG awase_windows::tsf::gji_fsm: [gji-fsm] LongIdle timeout → OnCold(Long, NotStarted)
2026-09-19T23:05:47.936036Z DEBUG awase::journal: gji fsm transition seq=749 elapsed_ms=162857 trigger="LongIdleTimeout" state_before="OnWarm" state_after="OnCold(Long)"
2026-09-19T23:05:49.895051Z DEBUG awase_windows::runtime::key_pipeline: [shadow-toggle] vk=0x1CはFSM delegate所有 → belief書き込み/actuationをスキップ w_ops0=109684 x_ops0=243097 x_KB0=23.5
2026-09-19T23:05:49.895138Z DEBUG awase_windows::runtime::key_pipeline: [shadow-toggle] no-op: vk=0x1C action=Toggle source=PhysicalImeKey effective_open は既に true → apply-ime 見送り
2026-09-19T23:05:49.895196Z DEBUG awase_windows::runtime::key_pipeline: [engine-input] vk=0x1C KeyDown ts=164814420us delay=0ms state=Idle mods(c=false s=false a=false w=false) gas_ctrl=false phys_ctrl=false extra=0x5350494B pending_drain=0 gate_active=false l_thumb=None r_thumb=Some(164814180) [dia
2026-09-19T23:05:49.895659Z DEBUG awase::journal: key input seq=750 elapsed_ms=164817 vk_code=28 is_down=true injected=false key_class="RightThumb" state_before="Idle" state_after="PendingThumb(vk=0x1C,left=false)" decision="Consume" physical="Allow" repeat_count=1 last_timestamp_us=164814420 last_e
2026-09-19T23:05:49.998882Z  INFO awase::engine::engine: IME open axis delegated (solo tap, key semantics absorption) → false (origin=ExplicitUserAction)
2026-09-19T23:05:50.000432Z DEBUG execute_from_loop:execute_one{generation=None}:dispatch_ime_set_open{open=false generation=None}: awase_windows::runtime::executor: [dispatch-ime] ImmCross async: optimistic applied_snapshot=false (suppress send_engine_state_ime_key)
2026-09-19T23:05:50.003569Z DEBUG execute_from_loop:execute_one{generation=None}: awase_windows::platform: [engine-state-key] skipped (apply_ime_open aligned ime=false, profile=Standard)
2026-09-19T23:05:50.008151Z  INFO run_open_chain_async: awase_windows::ime_controller: [warrant-shadow] chain=async open=false origin=EventOrigin { source: SelfActuated { strategy: "engine_decision_async" }, epoch: Generation(0) } would_have_blocked=true (A-1 shadow: 書き込みは止めない。A-2 で強制する際の判断材料)
2026-09-19T23:05:50.008341Z DEBUG run_open_chain_async: awase::journal: actuation decision seq=752 elapsed_ms=164929 site="DispatchImeSetOpen" caller="None" open=false chain_len=4 attempts_len=0 gate_profile="Standard" gate_kind="Gji" gate_shadow_known=true gate_shadow_on=true gate_input_mode="Obser
2026-09-19T23:05:50.009471Z DEBUG on_ime_apply_complete{open=false outcome=Unwarranted generation=None reason=EngineDecision}: awase::journal: ime open applied seq=753 elapsed_ms=164930 open=false outcome="Unwarranted" reason="EngineDecision"
2026-09-19T23:05:50.013851Z DEBUG awase_windows::runtime::key_pipeline: [engine-input] vk=0x1C KeyUp ts=164933552us delay=0ms state=Idle mods(c=false s=false a=false w=false) gas_ctrl=false phys_ctrl=false extra=0x5350494B pending_drain=0 gate_active=false l_thumb=None r_thumb=None [diag-ctx] ime_on
2026-09-19T23:05:50.013926Z  INFO awase::engine::engine: Engine activated (ime=true, romaji=true, japanese=true, user=true, reason=Active)
2026-09-19T23:05:50.014041Z DEBUG awase::journal: key input seq=754 elapsed_ms=164935 vk_code=28 is_down=false injected=false key_class="RightThumb" state_before="Idle" state_after="Idle" decision="Consume" physical="Allow" repeat_count=1 last_timestamp_us=164933552 last_elapsed_ms=0
2026-09-19T23:05:50.014471Z DEBUG awase::journal: ime event seq=755 elapsed_ms=164935 event_kind="EngineActivationSync"
2026-09-19T23:05:50.014544Z DEBUG awase::journal: ime event seq=756 elapsed_ms=164936 event_kind="ImeApplyRequested"
2026-09-19T23:05:50.014579Z  INFO awase_windows::runtime::key_pipeline: IME control: preconditions.ime_on = true (SetOpenRequest, origin=ActivationSync), was_open_before=true last_intent_before=Some(true) poll suspended
2026-09-19T23:05:50.014965Z DEBUG execute_one{generation=Some(ApplyGeneration(27))}:dispatch_ime_set_open{open=true generation=Some(ApplyGeneration(27))}: awase_windows::runtime::executor: [dispatch-ime] ImmCross async: optimistic applied_snapshot=true (suppress send_engine_state_ime_key)
2026-09-19T23:05:50.018309Z DEBUG execute_one{generation=Some(ApplyGeneration(27))}: awase_windows::platform: [engine-state-key] skipped (apply_ime_open aligned ime=true, profile=Standard)
2026-09-19T23:05:50.023137Z DEBUG run_open_chain_async: awase_windows::ime_controller: [warrant-shadow] chain=async open=true origin=EventOrigin { source: SelfActuated { strategy: "engine_decision_async" }, epoch: Generation(0) } warranted
2026-09-19T23:05:50.023319Z  INFO run_open_chain_async:imm_cross_write{open=true}: awase_windows::runtime::open_chain: [apply-ime] ImmCross async: open=true composition_active=false show_seq=0 change_seq=0 (issue #138診断)
2026-09-19T23:05:50.030298Z DEBUG awase_windows::shadow_send_trace: [shadow-send] channel=ImeControl cmd=0x0006 lparam=1 issue_us=164949506
2026-09-19T23:05:50.030333Z DEBUG awase_windows::ime: set_ime_open_for_target: hwnd=HWND(0xfc29fc) ime_wnd=HWND(0xf80d12) open=true success=true send_elapsed=0ms candidate_visible=false
2026-09-19T23:05:50.031776Z DEBUG run_open_chain_async:imm_cross_write{open=true}: awase_windows::ime: [imm-cross-actuate] hwnd=HWND(0xfc29fc) open=Written conv=Some(Written)
2026-09-19T23:05:50.031913Z DEBUG run_open_chain_async:imm_cross_write{open=true}: awase_windows::runtime::open_chain: [apply-ime] ROMAN 補完結果: Written
2026-09-19T23:05:50.032039Z DEBUG run_open_chain_async: awase::journal: actuation decision seq=757 elapsed_ms=164953 site="DispatchImeSetOpen" caller="None" open=true chain_len=4 attempts_len=1 gate_profile="Standard" gate_kind="Gji" gate_shadow_known=true gate_shadow_on=true gate_input_mode="Observ
2026-09-19T23:05:50.033246Z DEBUG on_ime_apply_complete{open=true outcome=AppliedWithoutSendInput generation=Some(ApplyGeneration(27)) reason=EngineDecision}: awase::journal: ime open applied seq=758 elapsed_ms=164954 open=true outcome="AppliedWithoutSendInput" reason="EngineDecision"
2026-09-19T23:05:50.033463Z DEBUG on_ime_apply_complete{open=true outcome=AppliedWithoutSendInput generation=Some(ApplyGeneration(27)) reason=EngineDecision}: awase::journal: ime event seq=759 elapsed_ms=164954 event_kind="ImeApplySucceeded"
2026-09-19T23:05:50.033521Z DEBUG on_ime_apply_complete{open=true outcome=AppliedWithoutSendInput generation=Some(ApplyGeneration(27)) reason=EngineDecision}: awase_windows::tsf::ime_mode_fsm: [ime-mode] SetOpen(true) applied → Hiragana (belief, unconfirmed)
2026-09-19T23:05:50.033603Z DEBUG on_ime_apply_complete{open=true outcome=AppliedWithoutSendInput generation=Some(ApplyGeneration(27)) reason=EngineDecision}: awase_windows::platform: [composition] ImeEffect::SetOpen(true) → marking cold
2026-09-19T23:05:50.033653Z DEBUG on_ime_apply_complete{open=true outcome=AppliedWithoutSendInput generation=Some(ApplyGeneration(27)) reason=EngineDecision}: awase_windows::tsf::probe: [composition] marked cold reason=SetOpenTrue idle=12594ms → next VK/TSF output will send VK_DBE_HIRAGANA warmup
2026-09-19T23:05:50.033751Z DEBUG on_ime_apply_complete{open=true outcome=AppliedWithoutSendInput generation=Some(ApplyGeneration(27)) reason=EngineDecision}:gji_on_event{event=ImeOn { injection_mode: Unicode, gji_idle_ms: 12250 }}: awase_windows::tsf::gji_fsm: [gji-fsm] ImeOn: already on (OnCold(Lo
2026-09-19T23:05:50.033984Z DEBUG awase::journal: gji fsm transition seq=760 elapsed_ms=164955 trigger="ImeOn(gji_idle_ms=12250)" state_before="OnCold(Long)" state_after="OnCold(Long)"
2026-09-19T23:05:50.070634Z DEBUG awase_windows::runtime::ime_refresh: Explicit intent: bypassing typing-idle guard for IME verify (idle=63ms)
2026-09-19T23:05:50.070730Z DEBUG awase_windows::observer::ime_observer: IME snapshot: japanese=Some(true) ime_on=Some(true) romaji=Some(true) conv=Some("0x00000019") guard=false
2026-09-19T23:05:50.070910Z DEBUG awase::journal: ime event seq=761 elapsed_ms=164992 event_kind="ObserverReported"
2026-09-19T23:05:50.070981Z DEBUG awase::journal: ime event seq=762 elapsed_ms=164992 event_kind="InputModeObserved"
2026-09-19T23:05:52.463698Z DEBUG awase_windows::runtime::key_pipeline: [shadow-toggle] vk=0x1CはFSM delegate所有 → belief書き込み/actuationをスキップ w_ops0=109684 x_ops0=243097 x_KB0=23.5
2026-09-19T23:05:52.463749Z DEBUG awase_windows::runtime::key_pipeline: [shadow-toggle] no-op: vk=0x1C action=Toggle source=PhysicalImeKey effective_open は既に true → apply-ime 見送り
2026-09-19T23:05:52.463824Z DEBUG awase_windows::runtime::key_pipeline: [engine-input] vk=0x1C KeyDown ts=167383424us delay=0ms state=Idle mods(c=false s=false a=false w=false) gas_ctrl=false phys_ctrl=false extra=0x5350494B pending_drain=0 gate_active=false l_thumb=None r_thumb=Some(167383403) [dia
2026-09-19T23:05:52.463982Z DEBUG awase::journal: key input seq=763 elapsed_ms=167385 vk_code=28 is_down=true injected=false key_class="RightThumb" state_before="Idle" state_after="PendingThumb(vk=0x1C,left=false)" decision="Consume" physical="Allow" repeat_count=1 last_timestamp_us=167383424 last_e
2026-09-19T23:05:52.585487Z  INFO awase::engine::engine: IME open axis delegated (solo tap, key semantics absorption) → false (origin=ExplicitUserAction)
2026-09-19T23:05:52.587124Z DEBUG execute_from_loop:execute_one{generation=None}:dispatch_ime_set_open{open=false generation=None}: awase_windows::runtime::executor: [dispatch-ime] ImmCross async: optimistic applied_snapshot=false (suppress send_engine_state_ime_key)
2026-09-19T23:05:52.597540Z DEBUG execute_from_loop:execute_one{generation=None}: awase_windows::platform: [engine-state-key] skipped (apply_ime_open aligned ime=false, profile=Standard)
2026-09-19T23:05:52.604536Z  INFO run_open_chain_async: awase_windows::ime_controller: [warrant-shadow] chain=async open=false origin=EventOrigin { source: SelfActuated { strategy: "engine_decision_async" }, epoch: Generation(0) } would_have_blocked=true (A-1 shadow: 書き込みは止めない。A-2 で強制する際の判断材料)
2026-09-19T23:05:52.604691Z DEBUG run_open_chain_async: awase::journal: actuation decision seq=765 elapsed_ms=167526 site="DispatchImeSetOpen" caller="None" open=false chain_len=4 attempts_len=0 gate_profile="Standard" gate_kind="Gji" gate_shadow_known=true gate_shadow_on=true gate_input_mode="Obser
2026-09-19T23:05:52.607458Z DEBUG on_ime_apply_complete{open=false outcome=Unwarranted generation=None reason=EngineDecision}: awase::journal: ime open applied seq=766 elapsed_ms=167528 open=false outcome="Unwarranted" reason="EngineDecision"
2026-09-19T23:05:52.607879Z DEBUG awase_windows::runtime::message_handlers: [drain] vk=0x1C KeyUp
2026-09-19T23:05:52.607911Z DEBUG awase_windows::runtime::message_handlers: [output-drain] replay vk=0x1C KeyUp event_ts=167513571us now=167527994us delta=14ms
2026-09-19T23:05:52.608054Z DEBUG awase_windows::runtime::key_pipeline: [engine-input] vk=0x1C KeyUp ts=167513571us delay=14ms state=Idle mods(c=false s=false a=false w=false) gas_ctrl=false phys_ctrl=false extra=0x5350494B pending_drain=0 gate_active=false l_thumb=None r_thumb=None [diag-ctx] ime_o
2026-09-19T23:05:52.608130Z  INFO awase::engine::engine: Engine activated (ime=true, romaji=true, japanese=true, user=true, reason=Active)
2026-09-19T23:05:52.608284Z DEBUG awase::journal: key input seq=767 elapsed_ms=167529 vk_code=28 is_down=false injected=false key_class="RightThumb" state_before="Idle" state_after="Idle" decision="Consume" physical="Allow" repeat_count=1 last_timestamp_us=167513571 last_elapsed_ms=0
2026-09-19T23:05:52.608467Z DEBUG awase::journal: ime event seq=768 elapsed_ms=167529 event_kind="EngineActivationSync"
2026-09-19T23:05:52.608585Z DEBUG awase::journal: ime event seq=769 elapsed_ms=167530 event_kind="ImeApplyRequested"
2026-09-19T23:05:52.608644Z  INFO awase_windows::runtime::key_pipeline: IME control: preconditions.ime_on = true (SetOpenRequest, origin=ActivationSync), was_open_before=true last_intent_before=Some(true) poll suspended
2026-09-19T23:05:52.609056Z DEBUG execute_one{generation=Some(ApplyGeneration(28))}:dispatch_ime_set_open{open=true generation=Some(ApplyGeneration(28))}: awase_windows::runtime::executor: [dispatch-ime] ImmCross async: optimistic applied_snapshot=true (suppress send_engine_state_ime_key)
2026-09-19T23:05:52.612448Z DEBUG execute_one{generation=Some(ApplyGeneration(28))}: awase_windows::platform: [engine-state-key] skipped (apply_ime_open aligned ime=true, profile=Standard)
2026-09-19T23:05:52.618418Z DEBUG run_open_chain_async: awase_windows::ime_controller: [warrant-shadow] chain=async open=true origin=EventOrigin { source: SelfActuated { strategy: "engine_decision_async" }, epoch: Generation(0) } warranted
2026-09-19T23:05:52.618608Z  INFO run_open_chain_async:imm_cross_write{open=true}: awase_windows::runtime::open_chain: [apply-ime] ImmCross async: open=true composition_active=false show_seq=0 change_seq=0 (issue #138診断)
2026-09-19T23:05:52.628413Z DEBUG awase_windows::shadow_send_trace: [shadow-send] channel=ImeControl cmd=0x0006 lparam=1 issue_us=167547926
2026-09-19T23:05:52.628451Z DEBUG awase_windows::ime: set_ime_open_for_target: hwnd=HWND(0xfc29fc) ime_wnd=HWND(0xf80d12) open=true success=true send_elapsed=0ms candidate_visible=false
2026-09-19T23:05:52.628987Z DEBUG run_open_chain_async:imm_cross_write{open=true}: awase_windows::ime: [imm-cross-actuate] hwnd=HWND(0xfc29fc) open=Written conv=Some(Written)
2026-09-19T23:05:52.629103Z DEBUG run_open_chain_async:imm_cross_write{open=true}: awase_windows::runtime::open_chain: [apply-ime] ROMAN 補完結果: Written
2026-09-19T23:05:52.629248Z DEBUG run_open_chain_async: awase::journal: actuation decision seq=770 elapsed_ms=167550 site="DispatchImeSetOpen" caller="None" open=true chain_len=4 attempts_len=1 gate_profile="Standard" gate_kind="Gji" gate_shadow_known=true gate_shadow_on=true gate_input_mode="Observ
2026-09-19T23:05:52.631457Z DEBUG on_ime_apply_complete{open=true outcome=AppliedWithoutSendInput generation=Some(ApplyGeneration(28)) reason=EngineDecision}: awase::journal: ime open applied seq=771 elapsed_ms=167552 open=true outcome="AppliedWithoutSendInput" reason="EngineDecision"
2026-09-19T23:05:52.631798Z DEBUG on_ime_apply_complete{open=true outcome=AppliedWithoutSendInput generation=Some(ApplyGeneration(28)) reason=EngineDecision}: awase::journal: ime event seq=772 elapsed_ms=167553 event_kind="ImeApplySucceeded"
2026-09-19T23:05:52.632031Z DEBUG on_ime_apply_complete{open=true outcome=AppliedWithoutSendInput generation=Some(ApplyGeneration(28)) reason=EngineDecision}: awase_windows::tsf::ime_mode_fsm: [ime-mode] SetOpen(true) applied → Hiragana (belief, unconfirmed)
2026-09-19T23:05:52.632174Z DEBUG on_ime_apply_complete{open=true outcome=AppliedWithoutSendInput generation=Some(ApplyGeneration(28)) reason=EngineDecision}: awase_windows::platform: [composition] ImeEffect::SetOpen(true) → marking cold
2026-09-19T23:05:52.632206Z DEBUG on_ime_apply_complete{open=true outcome=AppliedWithoutSendInput generation=Some(ApplyGeneration(28)) reason=EngineDecision}: awase_windows::tsf::probe: [composition] marked cold reason=SetOpenTrue idle=15203ms → next VK/TSF output will send VK_DBE_HIRAGANA warmup
2026-09-19T23:05:52.632454Z DEBUG on_ime_apply_complete{open=true outcome=AppliedWithoutSendInput generation=Some(ApplyGeneration(28)) reason=EngineDecision}:gji_on_event{event=ImeOn { injection_mode: Unicode, gji_idle_ms: 14859 }}: awase_windows::tsf::gji_fsm: [gji-fsm] ImeOn: already on (OnCold(Lo
2026-09-19T23:05:52.632819Z DEBUG awase::journal: gji fsm transition seq=773 elapsed_ms=167554 trigger="ImeOn(gji_idle_ms=14859)" state_before="OnCold(Long)" state_after="OnCold(Long)"
2026-09-19T23:05:52.669863Z DEBUG awase_windows::runtime::ime_refresh: Explicit intent: bypassing typing-idle guard for IME verify (idle=203ms)
2026-09-19T23:05:52.669990Z DEBUG awase_windows::observer::ime_observer: IME snapshot: japanese=Some(true) ime_on=Some(true) romaji=Some(true) conv=Some("0x00000019") guard=false
2026-09-19T23:05:52.670142Z DEBUG awase::journal: ime event seq=774 elapsed_ms=167591 event_kind="ObserverReported"
2026-09-19T23:05:52.670202Z DEBUG awase::journal: ime event seq=775 elapsed_ms=167591 event_kind="InputModeObserved"
2026-09-19T23:05:55.031593Z DEBUG awase_windows::hook: [hook] IME-mode vk=0xF2 down self_injected=false injected=false scan=0x70 extra=0x5350494B since_actuation_us=Some(44741543)
2026-09-19T23:05:55.031775Z DEBUG awase::journal: hook ime-mode diagnostic seq=776 elapsed_ms=169953 vk_code=242 is_down=true self_injected=false injected=false scan=112
2026-09-19T23:05:55.031987Z  INFO awase_windows::runtime::key_pipeline: [shadow-toggle] intent 昇格: vk=0xF2 scan=0x70 action=TurnOn kind=PhysicalImeKey injected=false true→true w_ops0=109684 x_ops0=243097 x_KB0=23.5
2026-09-19T23:05:55.032039Z DEBUG awase::journal: ime event seq=777 elapsed_ms=169953 event_kind="UserImeSetIntent"
2026-09-19T23:05:55.032070Z DEBUG awase_windows::runtime::key_pipeline: [shadow-toggle] no-op: vk=0xF2 action=TurnOn source=PhysicalImeKey effective_open は既に true → apply-ime 見送り
2026-09-19T23:05:55.032100Z DEBUG awase_windows::runtime::key_pipeline: [engine-input] vk=0xF2 KeyDown ts=169951791us delay=0ms state=Idle mods(c=false s=false a=false w=false) gas_ctrl=false phys_ctrl=false extra=0x5350494B pending_drain=0 gate_active=false l_thumb=None r_thumb=None [diag-ctx] ime_
2026-09-19T23:05:55.032195Z DEBUG awase::journal: key input seq=778 elapsed_ms=169953 vk_code=242 is_down=true injected=false key_class="Passthrough" state_before="Idle" state_after="Idle" decision="PassThrough" physical="Allow" repeat_count=1 last_timestamp_us=169951791 last_elapsed_ms=0
2026-09-19T23:05:55.032330Z DEBUG awase_windows::runtime::key_pipeline: may_change_ime key passed through → IME refresh scheduled (20ms)
2026-09-19T23:05:55.032359Z DEBUG awase_windows::tsf::probe: [composition] marked cold reason=F2NonTsf idle=17594ms → next VK/TSF output will send VK_DBE_HIRAGANA warmup
2026-09-19T23:05:55.032478Z DEBUG execute_from_hook: awase_windows::runtime::executor: [relay-passthrough] PassThrough idle: direct OS pass-through (vk=0xf2 down)
2026-09-19T23:05:55.032511Z DEBUG awase::journal: gji fsm transition seq=779 elapsed_ms=169953 trigger="CompositionReset(gji_idle_ms=17250)" state_before="OnCold(Long)" state_after="OnCold(Long)"
2026-09-19T23:05:55.032613Z DEBUG execute_one{generation=None}: awase_windows::runtime::executor: [reinject] vk=0xf2 down (queued passthrough now firing)
2026-09-19T23:05:55.035566Z DEBUG awase_windows::hook: [hook] IME-mode vk=0xF2 down self_injected=true injected=true scan=0x0 extra=0x4B45594D since_actuation_us=Some(44745517)
2026-09-19T23:05:55.037423Z DEBUG awase::journal: hook ime-mode diagnostic seq=780 elapsed_ms=169958 vk_code=242 is_down=true self_injected=true injected=true scan=0
2026-09-19T23:05:55.045164Z DEBUG awase_windows::tsf::gji_monitor: [gji-io] WRITE: w_ops=+2 w_KB=+0.0 (r_ops=+4 x_ops=+4 x_KB=+0.0)
2026-09-19T23:05:55.065883Z DEBUG awase_windows::runtime::ime_refresh: Explicit intent: bypassing typing-idle guard for IME verify (idle=31ms)
2026-09-19T23:05:55.065942Z DEBUG awase_windows::observer::ime_observer: IME snapshot: japanese=Some(true) ime_on=Some(true) romaji=None conv=Some("0x00000010") guard=false
2026-09-19T23:05:55.066054Z DEBUG awase::journal: ime event seq=781 elapsed_ms=169987 event_kind="ObserverReported"
2026-09-19T23:05:55.066097Z DEBUG awase::journal: ime event seq=782 elapsed_ms=169987 event_kind="InputModeObserved"
2026-09-19T23:05:55.066164Z DEBUG awase::engine::engine: [diag-engine-active] ime_on=true なのに非活性: reason=Inactive(NotRomajiInput) romaji_capable=false japanese=true user_enabled=true was_active=true input_mode=ObservedEisu
2026-09-19T23:05:55.066218Z  INFO awase::engine::engine: Engine deactivated (ime=true, romaji=false, japanese=true, user=true, reason=Inactive(NotRomajiInput))
2026-09-19T23:05:55.720208Z DEBUG awase_windows::runtime::key_pipeline: [engine-input] vk=0x4B KeyDown ts=170639894us delay=0ms state=Idle mods(c=false s=false a=false w=false) gas_ctrl=false phys_ctrl=false extra=0x5350494B pending_drain=0 gate_active=false l_thumb=None r_thumb=None [diag-ctx] ime_
2026-09-19T23:05:55.720267Z DEBUG awase::engine::engine: [diag-engine-active] ime_on=true なのに非活性: reason=Inactive(NotRomajiInput) romaji_capable=false japanese=true user_enabled=true was_active=false input_mode=ObservedEisu
2026-09-19T23:05:55.720337Z DEBUG awase::journal: key input seq=783 elapsed_ms=170641 vk_code=75 is_down=true injected=false key_class="Char" state_before="Idle" state_after="Idle" decision="PassThrough" physical="Allow" repeat_count=1 last_timestamp_us=170639894 last_elapsed_ms=0
2026-09-19T23:05:55.720488Z DEBUG execute_one{generation=None}: awase_windows::runtime::executor: [reinject] vk=0x4b down (queued passthrough now firing)
2026-09-19T23:05:55.731343Z DEBUG awase_windows::tsf::gji_monitor: [gji-io] WRITE: w_ops=+2 w_KB=+0.4 (r_ops=+4 x_ops=+4 x_KB=+0.0)
2026-09-19T23:05:55.749173Z  INFO awase_windows::tsf::win_event_obs: [gji-obs] candidate SHOW #19: last_gji_write=15ms ago
2026-09-19T23:05:55.850160Z DEBUG awase_windows::runtime::key_pipeline: [engine-input] vk=0x4B KeyUp ts=170769971us delay=0ms state=Idle mods(c=false s=false a=false w=false) gas_ctrl=false phys_ctrl=false extra=0x5350494B pending_drain=0 gate_active=false l_thumb=None r_thumb=None [diag-ctx] ime_on
2026-09-19T23:05:55.850206Z DEBUG awase::engine::engine: [diag-engine-active] ime_on=true なのに非活性: reason=Inactive(NotRomajiInput) romaji_capable=false japanese=true user_enabled=true was_active=false input_mode=ObservedEisu
2026-09-19T23:05:55.850265Z DEBUG awase::journal: key input seq=784 elapsed_ms=170771 vk_code=75 is_down=false injected=false key_class="Char" state_before="Idle" state_after="Idle" decision="PassThrough" physical="Allow" repeat_count=1 last_timestamp_us=170769971 last_elapsed_ms=0
2026-09-19T23:05:55.850379Z DEBUG execute_one{generation=None}: awase_windows::runtime::executor: [reinject] vk=0x4b up (queued passthrough now firing)
2026-09-19T23:05:55.852941Z DEBUG awase_windows::platform: [gji-fsm] StartComposition (candidate SHOW)
2026-09-19T23:05:55.852996Z DEBUG gji_on_event{event=StartComposition}: awase_windows::tsf::gji_fsm: [gji-fsm] StartComposition while cold (no probe) → AlreadyWarm
2026-09-19T23:05:55.853057Z DEBUG awase::journal: gji fsm transition seq=785 elapsed_ms=170774 trigger="StartComposition(candidate SHOW)" state_before="OnCold(Long)" state_after="OnComposing(Warm)"
2026-09-19T23:05:56.219127Z DEBUG awase_windows::runtime::key_pipeline: [engine-input] vk=0x1B KeyDown ts=171138795us delay=0ms state=Idle mods(c=false s=false a=false w=false) gas_ctrl=false phys_ctrl=false extra=0x5350494B pending_drain=0 gate_active=false l_thumb=None r_thumb=None [diag-ctx] ime_
2026-09-19T23:05:56.219278Z DEBUG awase::engine::engine: [diag-engine-active] ime_on=true なのに非活性: reason=Inactive(NotRomajiInput) romaji_capable=false japanese=true user_enabled=true was_active=false input_mode=ObservedEisu
2026-09-19T23:05:56.219467Z DEBUG awase::journal: key input seq=786 elapsed_ms=171141 vk_code=27 is_down=true injected=false key_class="Passthrough" state_before="Idle" state_after="Idle" decision="PassThrough" physical="Allow" repeat_count=1 last_timestamp_us=171138795 last_elapsed_ms=0
2026-09-19T23:05:56.219578Z DEBUG execute_from_hook: awase_windows::runtime::executor: [relay-passthrough] PassThrough idle: direct OS pass-through (vk=0x1b down)
2026-09-19T23:05:56.219664Z DEBUG execute_one{generation=None}: awase_windows::runtime::executor: [reinject] vk=0x1b down (queued passthrough now firing)
2026-09-19T23:05:56.228642Z  INFO awase_windows::tsf::win_event_obs: [gji-obs] candidate HIDE: last_gji_write=500ms ago
2026-09-19T23:05:56.229892Z DEBUG awase_windows::tsf::gji_monitor: [gji-io] WRITE: w_ops=+2 w_KB=+0.4 (r_ops=+4 x_ops=+4 x_KB=+0.0)
2026-09-19T23:05:56.407977Z DEBUG awase_windows::runtime::key_pipeline: [engine-input] vk=0x1B KeyUp ts=171327788us delay=0ms state=Idle mods(c=false s=false a=false w=false) gas_ctrl=false phys_ctrl=false extra=0x5350494B pending_drain=0 gate_active=false l_thumb=None r_thumb=None [diag-ctx] ime_on
2026-09-19T23:05:56.408029Z DEBUG awase::engine::engine: [diag-engine-active] ime_on=true なのに非活性: reason=Inactive(NotRomajiInput) romaji_capable=false japanese=true user_enabled=true was_active=false input_mode=ObservedEisu
2026-09-19T23:05:56.408104Z DEBUG awase::journal: key input seq=787 elapsed_ms=171329 vk_code=27 is_down=false injected=false key_class="Passthrough" state_before="Idle" state_after="Idle" decision="PassThrough" physical="Allow" repeat_count=1 last_timestamp_us=171327788 last_elapsed_ms=0
2026-09-19T23:05:56.408206Z DEBUG execute_from_hook: awase_windows::runtime::executor: [relay-passthrough] PassThrough idle: direct OS pass-through (vk=0x1b up)
2026-09-19T23:05:56.408285Z DEBUG execute_one{generation=None}: awase_windows::runtime::executor: [reinject] vk=0x1b up (queued passthrough now firing)
2026-09-19T23:05:56.410287Z DEBUG awase_windows::platform: [gji-fsm] EndComposition (candidate HIDE) epoch=FocusEpoch(19)
2026-09-19T23:05:56.410504Z DEBUG awase::journal: gji fsm transition seq=788 elapsed_ms=171331 trigger="EndComposition(candidate HIDE, epoch=FocusEpoch(19))" state_before="OnComposing(Warm)" state_after="OnWarm"
2026-09-19T23:05:58.165244Z DEBUG awase_windows::runtime::key_pipeline: [shadow-toggle] vk=0x1DはFSM delegate所有 → belief書き込み/actuationをスキップ w_ops0=109690 x_ops0=243109 x_KB0=23.5
2026-09-19T23:05:58.165308Z DEBUG awase_windows::runtime::key_pipeline: [shadow-toggle] no-op: vk=0x1D action=Toggle source=PhysicalImeKey effective_open は既に true → apply-ime 見送り
2026-09-19T23:05:58.165369Z DEBUG awase_windows::runtime::key_pipeline: [engine-input] vk=0x1D KeyDown ts=173084919us delay=0ms state=Idle mods(c=false s=false a=false w=false) gas_ctrl=false phys_ctrl=false extra=0x5350494B pending_drain=0 gate_active=false l_thumb=Some(173084896) r_thumb=None [dia
2026-09-19T23:05:58.165434Z DEBUG awase::engine::engine: [diag-engine-active] ime_on=true なのに非活性: reason=Inactive(NotRomajiInput) romaji_capable=false japanese=true user_enabled=true was_active=false input_mode=ObservedEisu
2026-09-19T23:05:58.165558Z DEBUG awase::journal: key input seq=789 elapsed_ms=173087 vk_code=29 is_down=true injected=false key_class="LeftThumb" state_before="Idle" state_after="Idle" decision="PassThrough" physical="Allow" repeat_count=1 last_timestamp_us=173084919 last_elapsed_ms=0
2026-09-19T23:05:58.165811Z DEBUG execute_one{generation=None}: awase_windows::runtime::executor: [reinject] vk=0x1d down (queued passthrough now firing)
2026-09-19T23:05:58.176156Z DEBUG awase_windows::tsf::gji_monitor: [gji-io] WRITE: w_ops=+2 w_KB=+0.0 (r_ops=+4 x_ops=+3 x_KB=+0.0)
2026-09-19T23:05:58.191009Z DEBUG awase_windows::tsf::gji_monitor: [gji-io] r_ops=+0 w_ops=+0 x_ops=+1 read_KB=+0.0 x_KB=+0.0
2026-09-19T23:05:58.289226Z DEBUG awase_windows::runtime::key_pipeline: [engine-input] vk=0x1D KeyUp ts=173208932us delay=0ms state=Idle mods(c=false s=false a=false w=false) gas_ctrl=false phys_ctrl=false extra=0x5350494B pending_drain=0 gate_active=false l_thumb=None r_thumb=None [diag-ctx] ime_on
2026-09-19T23:05:58.289294Z DEBUG awase::engine::engine: [diag-engine-active] ime_on=true なのに非活性: reason=Inactive(NotRomajiInput) romaji_capable=false japanese=true user_enabled=true was_active=false input_mode=ObservedEisu
2026-09-19T23:05:58.289400Z DEBUG awase::journal: key input seq=790 elapsed_ms=173210 vk_code=29 is_down=false injected=false key_class="LeftThumb" state_before="Idle" state_after="Idle" decision="PassThrough" physical="Allow" repeat_count=1 last_timestamp_us=173208932 last_elapsed_ms=0
2026-09-19T23:05:58.289652Z DEBUG execute_one{generation=None}: awase_windows::runtime::executor: [reinject] vk=0x1d up (queued passthrough now firing)
2026-09-19T23:05:58.847648Z DEBUG awase_windows::runtime::key_pipeline: [engine-input] vk=0x4B KeyDown ts=173767370us delay=0ms state=Idle mods(c=false s=false a=false w=false) gas_ctrl=false phys_ctrl=false extra=0x5350494B pending_drain=0 gate_active=false l_thumb=None r_thumb=None [diag-ctx] ime_
2026-09-19T23:05:58.847723Z DEBUG awase::engine::engine: [diag-engine-active] ime_on=true なのに非活性: reason=Inactive(NotRomajiInput) romaji_capable=false japanese=true user_enabled=true was_active=false input_mode=ObservedEisu
2026-09-19T23:05:58.847912Z DEBUG awase::journal: key input seq=791 elapsed_ms=173769 vk_code=75 is_down=true injected=false key_class="Char" state_before="Idle" state_after="Idle" decision="PassThrough" physical="Allow" repeat_count=1 last_timestamp_us=173767370 last_elapsed_ms=0
2026-09-19T23:05:58.848150Z DEBUG execute_one{generation=None}: awase_windows::runtime::executor: [reinject] vk=0x4b down (queued passthrough now firing)
2026-09-19T23:05:59.035126Z DEBUG awase_windows::runtime::key_pipeline: [engine-input] vk=0x4B KeyUp ts=173954814us delay=0ms state=Idle mods(c=false s=false a=false w=false) gas_ctrl=false phys_ctrl=false extra=0x5350494B pending_drain=0 gate_active=false l_thumb=None r_thumb=None [diag-ctx] ime_on
2026-09-19T23:05:59.035200Z DEBUG awase::engine::engine: [diag-engine-active] ime_on=true なのに非活性: reason=Inactive(NotRomajiInput) romaji_capable=false japanese=true user_enabled=true was_active=false input_mode=ObservedEisu
2026-09-19T23:05:59.035307Z DEBUG awase::journal: key input seq=792 elapsed_ms=173956 vk_code=75 is_down=false injected=false key_class="Char" state_before="Idle" state_after="Idle" decision="PassThrough" physical="Allow" repeat_count=1 last_timestamp_us=173954814 last_elapsed_ms=0
2026-09-19T23:05:59.035530Z DEBUG execute_one{generation=None}: awase_windows::runtime::executor: [reinject] vk=0x4b up (queued passthrough now firing)
2026-09-19T23:05:59.344430Z DEBUG awase_windows::runtime::key_pipeline: [engine-input] vk=0x1B KeyDown ts=174264246us delay=0ms state=Idle mods(c=false s=false a=false w=false) gas_ctrl=false phys_ctrl=false extra=0x5350494B pending_drain=0 gate_active=false l_thumb=None r_thumb=None [diag-ctx] ime_
2026-09-19T23:05:59.344479Z DEBUG awase::engine::engine: [diag-engine-active] ime_on=true なのに非活性: reason=Inactive(NotRomajiInput) romaji_capable=false japanese=true user_enabled=true was_active=false input_mode=ObservedEisu
2026-09-19T23:05:59.344544Z DEBUG awase::journal: key input seq=793 elapsed_ms=174266 vk_code=27 is_down=true injected=false key_class="Passthrough" state_before="Idle" state_after="Idle" decision="PassThrough" physical="Allow" repeat_count=1 last_timestamp_us=174264246 last_elapsed_ms=0
2026-09-19T23:05:59.344634Z DEBUG execute_from_hook: awase_windows::runtime::executor: [relay-passthrough] PassThrough idle: direct OS pass-through (vk=0x1b down)
2026-09-19T23:05:59.344712Z DEBUG execute_one{generation=None}: awase_windows::runtime::executor: [reinject] vk=0x1b down (queued passthrough now firing)
2026-09-19T23:05:59.530704Z DEBUG awase_windows::runtime::key_pipeline: [engine-input] vk=0x1B KeyUp ts=174450633us delay=0ms state=Idle mods(c=false s=false a=false w=false) gas_ctrl=false phys_ctrl=false extra=0x5350494B pending_drain=0 gate_active=false l_thumb=None r_thumb=None [diag-ctx] ime_on
2026-09-19T23:05:59.530732Z DEBUG awase::engine::engine: [diag-engine-active] ime_on=true なのに非活性: reason=Inactive(NotRomajiInput) romaji_capable=false japanese=true user_enabled=true was_active=false input_mode=ObservedEisu
2026-09-19T23:05:59.530769Z DEBUG awase::journal: key input seq=794 elapsed_ms=174452 vk_code=27 is_down=false injected=false key_class="Passthrough" state_before="Idle" state_after="Idle" decision="PassThrough" physical="Allow" repeat_count=1 last_timestamp_us=174450633 last_elapsed_ms=0
2026-09-19T23:05:59.530817Z DEBUG execute_from_hook: awase_windows::runtime::executor: [relay-passthrough] PassThrough idle: direct OS pass-through (vk=0x1b up)
2026-09-19T23:05:59.530851Z DEBUG execute_one{generation=None}: awase_windows::runtime::executor: [reinject] vk=0x1b up (queued passthrough now firing)
2026-09-19T23:06:01.353785Z DEBUG awase_windows::runtime::key_pipeline: [shadow-toggle] vk=0x1DはFSM delegate所有 → belief書き込み/actuationをスキップ w_ops0=109692 x_ops0=243113 x_KB0=23.5
2026-09-19T23:06:01.353832Z DEBUG awase_windows::runtime::key_pipeline: [shadow-toggle] no-op: vk=0x1D action=Toggle source=PhysicalImeKey effective_open は既に true → apply-ime 見送り
2026-09-19T23:06:01.353925Z DEBUG awase_windows::runtime::key_pipeline: [engine-input] vk=0x1D KeyDown ts=176273470us delay=0ms state=Idle mods(c=false s=false a=false w=false) gas_ctrl=false phys_ctrl=false extra=0x5350494B pending_drain=0 gate_active=false l_thumb=Some(176273456) r_thumb=None [dia
2026-09-19T23:06:01.353979Z DEBUG awase::engine::engine: [diag-engine-active] ime_on=true なのに非活性: reason=Inactive(NotRomajiInput) romaji_capable=false japanese=true user_enabled=true was_active=false input_mode=ObservedEisu
2026-09-19T23:06:01.354074Z DEBUG awase::journal: key input seq=795 elapsed_ms=176275 vk_code=29 is_down=true injected=false key_class="LeftThumb" state_before="Idle" state_after="Idle" decision="PassThrough" physical="Allow" repeat_count=1 last_timestamp_us=176273470 last_elapsed_ms=0
2026-09-19T23:06:01.354327Z DEBUG execute_one{generation=None}: awase_windows::runtime::executor: [reinject] vk=0x1d down (queued passthrough now firing)
2026-09-19T23:06:01.365190Z DEBUG awase_windows::tsf::gji_monitor: [gji-io] WRITE: w_ops=+2 w_KB=+0.0 (r_ops=+4 x_ops=+4 x_KB=+0.0)
2026-09-19T23:06:01.478544Z DEBUG awase_windows::runtime::key_pipeline: [engine-input] vk=0x1D KeyUp ts=176398206us delay=0ms state=Idle mods(c=false s=false a=false w=false) gas_ctrl=false phys_ctrl=false extra=0x5350494B pending_drain=0 gate_active=false l_thumb=None r_thumb=None [diag-ctx] ime_on
2026-09-19T23:06:01.478683Z DEBUG awase::engine::engine: [diag-engine-active] ime_on=true なのに非活性: reason=Inactive(NotRomajiInput) romaji_capable=false japanese=true user_enabled=true was_active=false input_mode=ObservedEisu
2026-09-19T23:06:01.478789Z DEBUG awase::journal: key input seq=796 elapsed_ms=176400 vk_code=29 is_down=false injected=false key_class="LeftThumb" state_before="Idle" state_after="Idle" decision="PassThrough" physical="Allow" repeat_count=1 last_timestamp_us=176398206 last_elapsed_ms=0
2026-09-19T23:06:01.478951Z DEBUG execute_one{generation=None}: awase_windows::runtime::executor: [reinject] vk=0x1d up (queued passthrough now firing)
2026-09-19T23:06:02.039420Z DEBUG awase_windows::runtime::key_pipeline: [engine-input] vk=0x4B KeyDown ts=176958999us delay=0ms state=Idle mods(c=false s=false a=false w=false) gas_ctrl=false phys_ctrl=false extra=0x5350494B pending_drain=0 gate_active=false l_thumb=None r_thumb=None [diag-ctx] ime_
2026-09-19T23:06:02.039509Z DEBUG awase::engine::engine: [diag-engine-active] ime_on=true なのに非活性: reason=Inactive(NotRomajiInput) romaji_capable=false japanese=true user_enabled=true was_active=false input_mode=ObservedEisu
2026-09-19T23:06:02.039638Z DEBUG awase::journal: key input seq=797 elapsed_ms=176961 vk_code=75 is_down=true injected=false key_class="Char" state_before="Idle" state_after="Idle" decision="PassThrough" physical="Allow" repeat_count=1 last_timestamp_us=176958999 last_elapsed_ms=0
2026-09-19T23:06:02.039892Z DEBUG execute_one{generation=None}: awase_windows::runtime::executor: [reinject] vk=0x4b down (queued passthrough now firing)
2026-09-19T23:06:02.049532Z DEBUG awase_windows::tsf::gji_monitor: [gji-io] WRITE: w_ops=+1 w_KB=+0.0 (r_ops=+3 x_ops=+2 x_KB=+0.0)
2026-09-19T23:06:02.065221Z DEBUG awase_windows::tsf::gji_monitor: [gji-io] WRITE: w_ops=+1 w_KB=+0.3 (r_ops=+1 x_ops=+2 x_KB=+0.0)
2026-09-19T23:06:02.070694Z  INFO awase_windows::tsf::win_event_obs: [gji-obs] candidate SHOW #20: last_gji_write=16ms ago
2026-09-19T23:06:02.225448Z DEBUG awase_windows::runtime::key_pipeline: [engine-input] vk=0x4B KeyUp ts=177145294us delay=0ms state=Idle mods(c=false s=false a=false w=false) gas_ctrl=false phys_ctrl=false extra=0x5350494B pending_drain=0 gate_active=false l_thumb=None r_thumb=None [diag-ctx] ime_on
2026-09-19T23:06:02.225494Z DEBUG awase::engine::engine: [diag-engine-active] ime_on=true なのに非活性: reason=Inactive(NotRomajiInput) romaji_capable=false japanese=true user_enabled=true was_active=false input_mode=ObservedEisu
2026-09-19T23:06:02.225562Z DEBUG awase::journal: key input seq=798 elapsed_ms=177147 vk_code=75 is_down=false injected=false key_class="Char" state_before="Idle" state_after="Idle" decision="PassThrough" physical="Allow" repeat_count=1 last_timestamp_us=177145294 last_elapsed_ms=0
2026-09-19T23:06:02.225699Z DEBUG execute_one{generation=None}: awase_windows::runtime::executor: [reinject] vk=0x4b up (queued passthrough now firing)
2026-09-19T23:06:02.228177Z DEBUG awase_windows::platform: [gji-fsm] StartComposition (candidate SHOW)
2026-09-19T23:06:02.228210Z DEBUG gji_on_event{event=StartComposition}: awase_windows::tsf::gji_fsm: [gji-fsm] StartComposition: OnWarm → OnComposing(AlreadyWarm)
2026-09-19T23:06:02.228318Z DEBUG awase::journal: gji fsm transition seq=799 elapsed_ms=177149 trigger="StartComposition(candidate SHOW)" state_before="OnWarm" state_after="OnComposing(Warm)"
2026-09-19T23:06:02.536219Z DEBUG awase_windows::runtime::key_pipeline: [engine-input] vk=0x1B KeyDown ts=177456014us delay=0ms state=Idle mods(c=false s=false a=false w=false) gas_ctrl=false phys_ctrl=false extra=0x5350494B pending_drain=0 gate_active=false l_thumb=None r_thumb=None [diag-ctx] ime_
2026-09-19T23:06:02.536276Z DEBUG awase::engine::engine: [diag-engine-active] ime_on=true なのに非活性: reason=Inactive(NotRomajiInput) romaji_capable=false japanese=true user_enabled=true was_active=false input_mode=ObservedEisu
2026-09-19T23:06:02.536360Z DEBUG awase::journal: key input seq=800 elapsed_ms=177457 vk_code=27 is_down=true injected=false key_class="Passthrough" state_before="Idle" state_after="Idle" decision="PassThrough" physical="Allow" repeat_count=1 last_timestamp_us=177456014 last_elapsed_ms=0
2026-09-19T23:06:02.536492Z DEBUG execute_from_hook: awase_windows::runtime::executor: [relay-passthrough] PassThrough idle: direct OS pass-through (vk=0x1b down)
2026-09-19T23:06:02.536590Z DEBUG execute_one{generation=None}: awase_windows::runtime::executor: [reinject] vk=0x1b down (queued passthrough now firing)
2026-09-19T23:06:02.543735Z  INFO awase_windows::tsf::win_event_obs: [gji-obs] candidate HIDE: last_gji_write=484ms ago
2026-09-19T23:06:02.549036Z DEBUG awase_windows::tsf::gji_monitor: [gji-io] WRITE: w_ops=+2 w_KB=+0.4 (r_ops=+4 x_ops=+4 x_KB=+0.0)
2026-09-19T23:06:02.724441Z DEBUG awase_windows::runtime::key_pipeline: [engine-input] vk=0x1B KeyUp ts=177644197us delay=0ms state=Idle mods(c=false s=false a=false w=false) gas_ctrl=false phys_ctrl=false extra=0x5350494B pending_drain=0 gate_active=false l_thumb=None r_thumb=None [diag-ctx] ime_on
2026-09-19T23:06:02.724506Z DEBUG awase::engine::engine: [diag-engine-active] ime_on=true なのに非活性: reason=Inactive(NotRomajiInput) romaji_capable=false japanese=true user_enabled=true was_active=false input_mode=ObservedEisu
2026-09-19T23:06:02.724617Z DEBUG awase::journal: key input seq=801 elapsed_ms=177646 vk_code=27 is_down=false injected=false key_class="Passthrough" state_before="Idle" state_after="Idle" decision="PassThrough" physical="Allow" repeat_count=1 last_timestamp_us=177644197 last_elapsed_ms=0
2026-09-19T23:06:02.724803Z DEBUG execute_from_hook: awase_windows::runtime::executor: [relay-passthrough] PassThrough idle: direct OS pass-through (vk=0x1b up)
2026-09-19T23:06:02.724924Z DEBUG execute_one{generation=None}: awase_windows::runtime::executor: [reinject] vk=0x1b up (queued passthrough now firing)
2026-09-19T23:06:02.728762Z DEBUG awase_windows::platform: [gji-fsm] EndComposition (candidate HIDE) epoch=FocusEpoch(20)
2026-09-19T23:06:02.729313Z DEBUG awase::journal: gji fsm transition seq=802 elapsed_ms=177650 trigger="EndComposition(candidate HIDE, epoch=FocusEpoch(20))" state_before="OnComposing(Warm)" state_after="OnWarm"
2026-09-19T23:06:04.532110Z DEBUG awase_windows::hook: [hook] IME-mode vk=0xF0 up self_injected=false injected=false scan=0x70 extra=0x5350494B since_actuation_us=Some(54242062)
2026-09-19T23:06:04.532395Z DEBUG awase_windows::hook: [hook] IME-mode vk=0xF2 down self_injected=false injected=false scan=0x70 extra=0x5350494B since_actuation_us=Some(54242357)
2026-09-19T23:06:04.532418Z DEBUG awase::journal: hook ime-mode diagnostic seq=803 elapsed_ms=179453 vk_code=240 is_down=false self_injected=false injected=false scan=112
2026-09-19T23:06:04.532758Z DEBUG awase_windows::runtime::key_pipeline: [engine-input] vk=0xF0 KeyUp ts=179452295us delay=0ms state=Idle mods(c=false s=false a=false w=false) gas_ctrl=false phys_ctrl=false extra=0x5350494B pending_drain=0 gate_active=false l_thumb=None r_thumb=None [diag-ctx] ime_on
2026-09-19T23:06:04.532811Z DEBUG awase::engine::engine: [diag-engine-active] ime_on=true なのに非活性: reason=Inactive(NotRomajiInput) romaji_capable=false japanese=true user_enabled=true was_active=false input_mode=ObservedEisu
2026-09-19T23:06:04.532991Z DEBUG awase::journal: key input seq=804 elapsed_ms=179454 vk_code=240 is_down=false injected=false key_class="Passthrough" state_before="Idle" state_after="Idle" decision="PassThrough" physical="Suppress" repeat_count=1 last_timestamp_us=179452295 last_elapsed_ms=0
2026-09-19T23:06:04.533052Z DEBUG awase_windows::runtime::key_pipeline: [imm-cross] key suppress vk=0xf0 KeyUp (physical disposition)
2026-09-19T23:06:04.533236Z  INFO awase_windows::runtime::key_pipeline: [shadow-toggle] intent 昇格: vk=0xF2 scan=0x70 action=TurnOn kind=PhysicalImeKey injected=false true→true w_ops0=109698 x_ops0=243125 x_KB0=23.5
2026-09-19T23:06:04.533274Z DEBUG awase::journal: ime event seq=805 elapsed_ms=179454 event_kind="UserImeSetIntent"
2026-09-19T23:06:04.533295Z DEBUG awase_windows::runtime::key_pipeline: [shadow-toggle] no-op: vk=0xF2 action=TurnOn source=PhysicalImeKey effective_open は既に true → apply-ime 見送り
2026-09-19T23:06:04.533314Z DEBUG awase::journal: ime event seq=806 elapsed_ms=179454 event_kind="InputModeApplied"
2026-09-19T23:06:04.533324Z  INFO awase_windows::runtime::key_pipeline: [shadow-toggle] TurnOn (IME既にopen) + ObservedEisu → AssumedRomaji に リセット (UserTurnOnEisuReset)
2026-09-19T23:06:04.533342Z DEBUG awase_windows::runtime::key_pipeline: [engine-input] vk=0xF2 KeyDown ts=179452548us delay=0ms state=Idle mods(c=false s=false a=false w=false) gas_ctrl=false phys_ctrl=false extra=0x5350494B pending_drain=0 gate_active=false l_thumb=None r_thumb=None [diag-ctx] ime_
2026-09-19T23:06:04.533373Z  INFO awase::engine::engine: Engine activated (ime=true, romaji=true, japanese=true, user=true, reason=Active)
2026-09-19T23:06:04.533430Z DEBUG awase::journal: key input seq=807 elapsed_ms=179455 vk_code=242 is_down=true injected=false key_class="Passthrough" state_before="Idle" state_after="Idle" decision="PassThroughWith" physical="Allow" repeat_count=1 last_timestamp_us=179452548 last_elapsed_ms=0
2026-09-19T23:06:04.533464Z DEBUG awase::journal: ime event seq=808 elapsed_ms=179455 event_kind="EngineActivationSync"
2026-09-19T23:06:04.533484Z DEBUG awase::journal: ime event seq=809 elapsed_ms=179455 event_kind="ImeApplyRequested"
2026-09-19T23:06:04.533494Z  INFO awase_windows::runtime::key_pipeline: IME control: preconditions.ime_on = true (SetOpenRequest, origin=ActivationSync), was_open_before=true last_intent_before=Some(true) poll suspended
2026-09-19T23:06:04.533541Z DEBUG awase_windows::runtime::key_pipeline: may_change_ime key passed through → IME refresh scheduled (20ms)
2026-09-19T23:06:04.533564Z DEBUG execute_from_hook: awase_windows::runtime::executor: [relay-flush] PassThroughWith: queue 2 effect(s) + reinject (vk=0xf2 down)
2026-09-19T23:06:04.533631Z DEBUG awase::journal: hook ime-mode diagnostic seq=810 elapsed_ms=179455 vk_code=242 is_down=true self_injected=false injected=false scan=112
2026-09-19T23:06:04.533727Z DEBUG execute_one{generation=Some(ApplyGeneration(29))}:dispatch_ime_set_open{open=true generation=Some(ApplyGeneration(29))}: awase_windows::runtime::executor: [dispatch-ime] ImmCross async: optimistic applied_snapshot=true (suppress send_engine_state_ime_key)
2026-09-19T23:06:04.535380Z DEBUG execute_one{generation=Some(ApplyGeneration(29))}: awase_windows::platform: [engine-state-key] skipped (apply_ime_open aligned ime=true, profile=Standard)
2026-09-19T23:06:04.535774Z DEBUG execute_one{generation=Some(ApplyGeneration(29))}: awase_windows::runtime::executor: [reinject] vk=0xf2 down (queued passthrough now firing)
2026-09-19T23:06:04.537024Z DEBUG awase_windows::hook: [hook] IME-mode vk=0xF0 up self_injected=true injected=false scan=0x0 extra=0x4B45594D since_actuation_us=Some(54246982)
2026-09-19T23:06:04.538429Z DEBUG awase_windows::hook: [hook] IME-mode vk=0xF2 down self_injected=true injected=true scan=0x0 extra=0x4B45594D since_actuation_us=Some(54248383)
2026-09-19T23:06:04.541370Z DEBUG awase::journal: hook ime-mode diagnostic seq=811 elapsed_ms=179462 vk_code=240 is_down=false self_injected=true injected=false scan=0
2026-09-19T23:06:04.541475Z DEBUG awase::journal: hook ime-mode diagnostic seq=812 elapsed_ms=179463 vk_code=242 is_down=true self_injected=true injected=true scan=0
2026-09-19T23:06:04.541867Z DEBUG run_open_chain_async: awase_windows::ime_controller: [warrant-shadow] chain=async open=true origin=EventOrigin { source: SelfActuated { strategy: "engine_decision_async" }, epoch: Generation(0) } warranted
2026-09-19T23:06:04.542168Z  INFO run_open_chain_async:imm_cross_write{open=true}: awase_windows::runtime::open_chain: [apply-ime] ImmCross async: open=true composition_active=false show_seq=0 change_seq=0 (issue #138診断)
2026-09-19T23:06:04.545464Z DEBUG awase_windows::tsf::gji_monitor: [gji-io] WRITE: w_ops=+1 w_KB=+0.0 (r_ops=+2 x_ops=+2 x_KB=+0.0)
2026-09-19T23:06:04.560893Z DEBUG awase_windows::tsf::gji_monitor: [gji-io] WRITE: w_ops=+1 w_KB=+0.0 (r_ops=+2 x_ops=+2 x_KB=+0.0)
2026-09-19T23:06:04.568918Z DEBUG awase_windows::shadow_send_trace: [shadow-send] channel=ImeControl cmd=0x0006 lparam=1 issue_us=179473553
2026-09-19T23:06:04.568948Z DEBUG awase_windows::ime: set_ime_open_for_target: hwnd=HWND(0xfc29fc) ime_wnd=HWND(0xf80d12) open=true success=true send_elapsed=15ms candidate_visible=false
2026-09-19T23:06:04.574447Z DEBUG run_open_chain_async:imm_cross_write{open=true}: awase_windows::ime: [imm-cross-actuate] hwnd=HWND(0xfc29fc) open=Written conv=Some(Written)
2026-09-19T23:06:04.574570Z DEBUG run_open_chain_async:imm_cross_write{open=true}: awase_windows::runtime::open_chain: [apply-ime] ROMAN 補完結果: Written
2026-09-19T23:06:04.574682Z DEBUG run_open_chain_async: awase::journal: actuation decision seq=813 elapsed_ms=179496 site="DispatchImeSetOpen" caller="None" open=true chain_len=4 attempts_len=1 gate_profile="Standard" gate_kind="Gji" gate_shadow_known=true gate_shadow_on=true gate_input_mode="Assume
2026-09-19T23:06:04.582221Z DEBUG on_ime_apply_complete{open=true outcome=AppliedWithoutSendInput generation=Some(ApplyGeneration(29)) reason=EngineDecision}: awase::journal: ime open applied seq=814 elapsed_ms=179503 open=true outcome="AppliedWithoutSendInput" reason="EngineDecision"
2026-09-19T23:06:04.582699Z DEBUG on_ime_apply_complete{open=true outcome=AppliedWithoutSendInput generation=Some(ApplyGeneration(29)) reason=EngineDecision}: awase::journal: ime event seq=815 elapsed_ms=179504 event_kind="ImeApplySucceeded"
2026-09-19T23:06:04.582761Z DEBUG on_ime_apply_complete{open=true outcome=AppliedWithoutSendInput generation=Some(ApplyGeneration(29)) reason=EngineDecision}: awase_windows::tsf::ime_mode_fsm: [ime-mode] SetOpen(true) applied → Hiragana (belief, unconfirmed)
2026-09-19T23:06:04.582810Z DEBUG on_ime_apply_complete{open=true outcome=AppliedWithoutSendInput generation=Some(ApplyGeneration(29)) reason=EngineDecision}: awase_windows::platform: [composition] ImeEffect::SetOpen(true) → marking cold
2026-09-19T23:06:04.582849Z DEBUG on_ime_apply_complete{open=true outcome=AppliedWithoutSendInput generation=Some(ApplyGeneration(29)) reason=EngineDecision}: awase_windows::tsf::probe: [composition] marked cold reason=SetOpenTrue idle=27141ms → next VK/TSF output will send VK_DBE_HIRAGANA warmup
2026-09-19T23:06:04.582940Z DEBUG on_ime_apply_complete{open=true outcome=AppliedWithoutSendInput generation=Some(ApplyGeneration(29)) reason=EngineDecision}:gji_on_event{event=ImeOn { injection_mode: Unicode, gji_idle_ms: 16 }}: awase_windows::tsf::gji_fsm: [gji-fsm] ImeOn: already on (OnWarm), ign
2026-09-19T23:06:04.583175Z DEBUG awase::journal: gji fsm transition seq=816 elapsed_ms=179504 trigger="ImeOn(gji_idle_ms=16)" state_before="OnWarm" state_after="OnWarm"
2026-09-19T23:06:04.588376Z DEBUG awase_windows::runtime::ime_refresh: Explicit intent: bypassing typing-idle guard for IME verify (idle=62ms)
2026-09-19T23:06:04.588474Z DEBUG awase_windows::observer::ime_observer: IME snapshot: japanese=Some(true) ime_on=Some(true) romaji=Some(true) conv=Some("0x00000019") guard=false
2026-09-19T23:06:04.588650Z DEBUG awase::journal: ime event seq=817 elapsed_ms=179510 event_kind="ObserverReported"
2026-09-19T23:06:04.588724Z DEBUG awase::journal: ime event seq=818 elapsed_ms=179510 event_kind="InputModeObserved"
2026-09-19T23:06:04.621325Z DEBUG awase_windows::runtime::ime_refresh: Explicit intent: bypassing typing-idle guard for IME verify (idle=93ms)
2026-09-19T23:06:04.621410Z DEBUG awase_windows::observer::ime_observer: IME snapshot: japanese=Some(true) ime_on=Some(true) romaji=Some(true) conv=Some("0x00000019") guard=false
2026-09-19T23:06:04.621649Z DEBUG awase::journal: ime event seq=819 elapsed_ms=179543 event_kind="ObserverReported"
2026-09-19T23:06:04.621717Z DEBUG awase::journal: ime event seq=820 elapsed_ms=179543 event_kind="InputModeObserved"
2026-09-19T23:06:05.218527Z DEBUG awase_windows::runtime::key_pipeline: [engine-input] vk=0x4B KeyDown ts=180138373us delay=0ms state=Idle mods(c=false s=false a=false w=false) gas_ctrl=false phys_ctrl=false extra=0x5350494B pending_drain=0 gate_active=false l_thumb=None r_thumb=None [diag-ctx] ime_
2026-09-19T23:06:05.218645Z DEBUG awase::journal: key input seq=821 elapsed_ms=180140 vk_code=75 is_down=true injected=false key_class="Char" state_before="Idle" state_after="PendingChar(vk=0x4B)" decision="Consume" physical="Allow" repeat_count=1 last_timestamp_us=180138373 last_elapsed_ms=0
2026-09-19T23:06:05.326777Z DEBUG execute_from_loop:execute_one{generation=None}: awase_windows::output: send_keys: mode=Unicode actions=[Char('き')] prev_elapsed=27891ms
2026-09-19T23:06:05.326796Z DEBUG execute_from_loop:execute_one{generation=None}: awase_windows::tsf::probe: [mark-send] last_send_ms=335199375
2026-09-19T23:06:05.326806Z DEBUG execute_from_loop:execute_one{generation=None}: awase_windows::output:   → Char('き') via Unicode
2026-09-19T23:06:05.328682Z DEBUG execute_from_loop:execute_one{generation=None}: awase_windows::tsf::probe: [mark-send] last_send_ms=335199375
2026-09-19T23:06:05.341907Z DEBUG awase_windows::tsf::gji_monitor: [gji-io] WRITE: w_ops=+2 w_KB=+0.3 (r_ops=+4 x_ops=+4 x_KB=+0.0)
2026-09-19T23:06:05.344352Z  INFO awase_windows::tsf::win_event_obs: [gji-obs] candidate SHOW #21: last_gji_write=0ms ago
2026-09-19T23:06:05.402167Z DEBUG awase_windows::runtime::key_pipeline: [engine-input] vk=0x4B KeyUp ts=180322016us delay=0ms state=Idle mods(c=false s=false a=false w=false) gas_ctrl=false phys_ctrl=false extra=0x5350494B pending_drain=0 gate_active=false l_thumb=None r_thumb=None [diag-ctx] ime_on
2026-09-19T23:06:05.402281Z DEBUG awase::journal: key input seq=823 elapsed_ms=180323 vk_code=75 is_down=false injected=false key_class="Char" state_before="Idle" state_after="Idle" decision="Consume" physical="Allow" repeat_count=1 last_timestamp_us=180322016 last_elapsed_ms=0
2026-09-19T23:06:05.402442Z DEBUG execute_one{generation=None}: awase_windows::output: send_keys: mode=Unicode actions=[Suppress] prev_elapsed=78ms
2026-09-19T23:06:05.402476Z DEBUG execute_one{generation=None}: awase_windows::tsf::probe: [mark-send] last_send_ms=335199453
2026-09-19T23:06:05.402494Z DEBUG execute_one{generation=None}: awase_windows::output:   → Suppress
2026-09-19T23:06:05.402509Z DEBUG execute_one{generation=None}: awase_windows::tsf::probe: [mark-send] last_send_ms=335199453
2026-09-19T23:06:05.402567Z DEBUG execute_one{generation=None}: awase_windows::platform: [gji-fsm] StartComposition (candidate SHOW)
2026-09-19T23:06:05.402604Z DEBUG execute_one{generation=None}:gji_on_event{event=StartComposition}: awase_windows::tsf::gji_fsm: [gji-fsm] StartComposition: OnWarm → OnComposing(AlreadyWarm)
2026-09-19T23:06:05.402821Z DEBUG awase::journal: gji fsm transition seq=824 elapsed_ms=180324 trigger="StartComposition(candidate SHOW)" state_before="OnWarm" state_after="OnComposing(Warm)"
2026-09-19T23:06:05.718452Z DEBUG awase_windows::runtime::key_pipeline: [engine-input] vk=0x1B KeyDown ts=180638266us delay=0ms state=Idle mods(c=false s=false a=false w=false) gas_ctrl=false phys_ctrl=false extra=0x5350494B pending_drain=0 gate_active=false l_thumb=None r_thumb=None [diag-ctx] ime_
2026-09-19T23:06:05.718551Z DEBUG awase::journal: key input seq=825 elapsed_ms=180640 vk_code=27 is_down=true injected=false key_class="Passthrough" state_before="Idle" state_after="Idle" decision="PassThrough" physical="Allow" repeat_count=1 last_timestamp_us=180638266 last_elapsed_ms=0
2026-09-19T23:06:05.718636Z DEBUG execute_from_hook: awase_windows::runtime::executor: [relay-passthrough] PassThrough idle: direct OS pass-through (vk=0x1b down)
2026-09-19T23:06:05.718705Z DEBUG execute_one{generation=None}: awase_windows::runtime::executor: [reinject] vk=0x1b down (queued passthrough now firing)
2026-09-19T23:06:05.727271Z  INFO awase_windows::tsf::win_event_obs: [gji-obs] candidate HIDE: last_gji_write=391ms ago
2026-09-19T23:06:05.732910Z DEBUG awase_windows::tsf::gji_monitor: [gji-io] WRITE: w_ops=+2 w_KB=+0.3 (r_ops=+4 x_ops=+4 x_KB=+0.0)
2026-09-19T23:06:05.905726Z DEBUG awase_windows::runtime::key_pipeline: [engine-input] vk=0x1B KeyUp ts=180825632us delay=0ms state=Idle mods(c=false s=false a=false w=false) gas_ctrl=false phys_ctrl=false extra=0x5350494B pending_drain=0 gate_active=false l_thumb=None r_thumb=None [diag-ctx] ime_on
2026-09-19T23:06:05.905854Z DEBUG awase::journal: key input seq=826 elapsed_ms=180827 vk_code=27 is_down=false injected=false key_class="Passthrough" state_before="Idle" state_after="Idle" decision="PassThrough" physical="Allow" repeat_count=1 last_timestamp_us=180825632 last_elapsed_ms=0
2026-09-19T23:06:05.905951Z DEBUG execute_from_hook: awase_windows::runtime::executor: [relay-passthrough] PassThrough idle: direct OS pass-through (vk=0x1b up)
2026-09-19T23:06:05.906026Z DEBUG execute_one{generation=None}: awase_windows::runtime::executor: [reinject] vk=0x1b up (queued passthrough now firing)
2026-09-19T23:06:05.908094Z DEBUG awase_windows::platform: [gji-fsm] EndComposition (candidate HIDE) epoch=FocusEpoch(21)
2026-09-19T23:06:05.908150Z DEBUG awase::journal: gji fsm transition seq=827 elapsed_ms=180829 trigger="EndComposition(candidate HIDE, epoch=FocusEpoch(21))" state_before="OnComposing(Warm)" state_after="OnWarm"
2026-09-19T23:06:09.180216Z DEBUG awase_windows::tsf::gji_monitor: [gji-io] WRITE: w_ops=+1 w_KB=+0.0 (r_ops=+2 x_ops=+2 x_KB=+0.0)
2026-09-19T23:06:09.225330Z DEBUG awase_windows::runtime: [focus-sync] hwnd=0x3042C class="CASCADIA_HOSTING_WINDOW_CLASS" app_kind=Win32 hint=ForceTsf → mode=Tsf
2026-09-19T23:06:09.225382Z DEBUG awase_windows::runtime: [focus-sync] belief=ON かつ実状態を問い合わせられないプロファイル (profile=Imm32Unavailable) → 次の入力で再プライムするため cold mark
2026-09-19T23:06:09.225400Z DEBUG awase_windows::tsf::probe: [composition] marked cold reason=FocusChange idle=3812ms → next VK/TSF output will send VK_DBE_HIRAGANA warmup
2026-09-19T23:06:09.225426Z DEBUG awase_windows::tsf::tsf_gate: [tsf-gate] focus change → PendingWarmup (held cleared)
2026-09-19T23:06:09.230949Z DEBUG awase_windows::runtime: [focus-sync] hwnd=0x30580 class="Windows.UI.Composition.DesktopWindowContentBridge" app_kind=Win32 hint=Default → mode=Unicode
2026-09-19T23:06:09.230993Z DEBUG awase_windows::output: [tsf-gate] focus change while PendingWarmup — held バッファを保持して再初期化スキップ (Chrome等の連続フォーカスイベント対策)
2026-09-19T23:06:09.232400Z DEBUG awase_windows::runtime: [focus-sync] hwnd=0x5058A class="Windows.UI.Input.InputSite.WindowClass" app_kind=Uwp hint=ForceTsf → mode=Tsf
2026-09-19T23:06:09.232424Z DEBUG awase_windows::runtime: [focus-sync] belief=ON かつ実状態を問い合わせられないプロファイル (profile=TsfNative) → 次の入力で再プライムするため cold mark
2026-09-19T23:06:09.232441Z DEBUG awase_windows::tsf::probe: [composition] marked cold reason=FocusChange idle=3828ms → next VK/TSF output will send VK_DBE_HIRAGANA warmup
2026-09-19T23:06:09.232457Z DEBUG awase_windows::output: [tsf-gate] focus change while PendingWarmup — held バッファを保持して再初期化スキップ (Chrome等の連続フォーカスイベント対策)
2026-09-19T23:06:09.296096Z  INFO apply_focus_probe_result: awase_windows::runtime::focus_tracking: AppKind changed: Win32 → Uwp (class=Windows.UI.Input.InputSite.WindowClass)
2026-09-19T23:06:09.300107Z DEBUG apply_focus_probe_result: awase_windows::runtime::focus_tracking: Focus kind changed: TextInput → Undetermined (reason=Undetermined)
2026-09-19T23:06:09.300429Z DEBUG apply_focus_probe_result: awase::journal: focus transition seq=828 elapsed_ms=184222 changed_process=true changed_window=true changed_app_kind=true changed_focus_kind=true dwell_ms=48125 profile="TsfNative"
2026-09-19T23:06:09.300702Z  INFO apply_focus_probe_result: awase_windows::runtime::focus_tracking: FocusChange [39828→19612] Windows.UI.Input.InputSite.WindowClass: stale ime_on=true intent=Some(true) mode=ObservedRomaji japanese=true
2026-09-19T23:06:09.300733Z DEBUG apply_focus_probe_result: awase_windows::tsf::probe: [composition] focus changed → marked cold
2026-09-19T23:06:09.300757Z DEBUG apply_focus_probe_result: awase_windows::runtime: [keymap] active rules recomputed: 0 rule(s) for process="windowsterminal.exe"
2026-09-19T23:06:09.300778Z DEBUG apply_focus_probe_result: awase_windows::runtime::focus_tracking: [keymap] active rules updated on focus change: 0 rule(s) (hwnd=HWND(0x5058a) kind=Undetermined focus_epoch=7)
2026-09-19T23:06:09.300815Z DEBUG apply_focus_probe_result:reduce: awase_windows::state::ime_model: [explicit-intent] cleared (focus change)
2026-09-19T23:06:09.300846Z DEBUG apply_focus_probe_result: awase::journal: ime event seq=829 elapsed_ms=184222 event_kind="FocusChanged"
2026-09-19T23:06:09.300899Z DEBUG apply_focus_probe_result: awase_windows::runtime::focus_tracking: [focus] TsfNative/SSOT: cache restore スキップ (desired_open=true cache_hwnd=Some(329098) new_hwnd=329098) — 最初のキー入力で dispatch_ime が apply
2026-09-19T23:06:09.301141Z DEBUG awase_windows::runtime::ime_refresh: Skipping IMM query for known-broken class (shadow state SSOT)
2026-09-19T23:06:09.301153Z DEBUG awase_windows::observer::gji_observer: [gji-poll] GJI I/O 109ms ago predates focus change (109ms before focus) → skipped
2026-09-19T23:06:09.301176Z DEBUG awase_windows::runtime::ime_refresh: [composition] focus change → marking cold
2026-09-19T23:06:09.301187Z DEBUG awase_windows::tsf::probe: [composition] marked cold reason=FocusChange idle=3890ms → next VK/TSF output will send VK_DBE_HIRAGANA warmup
2026-09-19T23:06:09.301227Z DEBUG gji_on_event{event=FocusChange { injection_mode: Tsf, gji_idle_ms: 109 }}: awase_windows::tsf::gji_fsm: [gji-fsm] FocusChange gji_idle=109ms → Short
2026-09-19T23:06:09.301293Z DEBUG awase_windows::platform: [gji-fsm] StartProbe probe_id=ProbeId(6) forces_f2=false long=false
script error: Output type incorrect: bool (expecting ())
