2026-09-19T23:20:03.356978Z DEBUG awase_windows::runtime: [focus-sync] hwnd=0x10018F6 class="ImeKeyMatrixSpikeWindowClass" app_kind=Win32 hint=Default → mode=Unicode
2026-09-19T23:20:03.357059Z DEBUG awase_windows::tsf::tsf_gate: [tsf-gate] focus change → PendingWarmup (held cleared)
2026-09-19T23:20:03.467733Z DEBUG awase_windows::runtime: [focus-sync] hwnd=0xBD1C7A class="Edit" app_kind=Win32 hint=Default → mode=Unicode
2026-09-19T23:20:03.467797Z DEBUG awase_windows::output: [tsf-gate] focus change while PendingWarmup — held バッファを保持して再初期化スキップ (Chrome等の連続フォーカスイベント対策)
2026-09-19T23:20:03.512357Z  INFO apply_focus_probe_result: awase_windows::runtime::focus_tracking: AppKind changed: Uwp → Win32 (class=ImeKeyMatrixSpikeWindowClass)
2026-09-19T23:20:03.517554Z DEBUG apply_focus_probe_result: awase::journal: focus transition seq=15 elapsed_ms=20925 changed_process=true changed_window=true changed_app_kind=true changed_focus_kind=false dwell_ms=20828 profile="ImmCross"
2026-09-19T23:20:03.517949Z  INFO apply_focus_probe_result: awase_windows::runtime::focus_tracking: FocusChange [19612→27180] ImeKeyMatrixSpikeWindowClass: stale ime_on=true intent=None mode=ObservedRomaji japanese=true
2026-09-19T23:20:03.517990Z DEBUG apply_focus_probe_result: awase_windows::tsf::probe: [composition] focus changed → marked cold
2026-09-19T23:20:03.518015Z DEBUG apply_focus_probe_result: awase_windows::runtime: [keymap] active rules recomputed: 0 rule(s) for process="ime_key_matrix_spike.exe"
2026-09-19T23:20:03.518037Z DEBUG apply_focus_probe_result: awase_windows::runtime::focus_tracking: [keymap] active rules updated on focus change: 0 rule(s) (hwnd=HWND(0x10018f6) kind=Undetermined focus_epoch=2)
2026-09-19T23:20:03.518079Z DEBUG apply_focus_probe_result:reduce: awase_windows::state::ime_model: [explicit-intent] cleared (focus change)
2026-09-19T23:20:03.518113Z DEBUG apply_focus_probe_result: awase::journal: ime event seq=16 elapsed_ms=20926 event_kind="FocusChanged"
2026-09-19T23:20:03.518177Z DEBUG apply_focus_probe_result: awase_windows::runtime::focus_tracking: [focus] Imm32Unavailable hard pre-sync applied=true (prevent spurious VK_KANJI on first character key)
2026-09-19T23:20:03.518224Z DEBUG apply_focus_probe_result:gji_on_event{event=ImeOn { injection_mode: Unicode, gji_idle_ms: 20812 }}: awase_windows::tsf::gji_fsm: [gji-fsm] ImeOn: already on (OnCold(Short)), ignored
2026-09-19T23:20:03.518266Z DEBUG apply_focus_probe_result: awase::journal: gji fsm transition seq=17 elapsed_ms=20926 trigger="ImeOn(gji_idle_ms=20812)" state_before="OnCold(Short)" state_after="OnCold(Short)"
2026-09-19T23:20:03.518942Z DEBUG awase_windows::observer::ime_observer: IME snapshot: japanese=Some(true) ime_on=None romaji=None conv=Some("0x00000009") guard=false
2026-09-19T23:20:03.518963Z DEBUG awase_windows::runtime::ime_refresh: ObserverPoll +0ms since focus: detection failed (miss=1), stale ime_on=true mode=ObservedRomaji
2026-09-19T23:20:03.521882Z DEBUG awase_windows::ime_diagnostic: [ime-diag] label=focus_changed t=336037562 hwnd=0x0 pid=0 tid=22388 class="" hkl=04110411 lang=0411 imm_bridge=true imc_open=- imc_conv=- shadow_on=false shadow_romaji=false shadow_jp=false inject=Unknown dt_focus_ms=- dt_activity_ms=-
2026-09-19T23:20:03.521922Z DEBUG awase_windows::runtime::ime_refresh: [composition] focus change → marking cold
2026-09-19T23:20:03.521942Z DEBUG awase_windows::tsf::probe: [composition] marked cold reason=FocusChange idle=18446744073709551615ms → next VK/TSF output will send VK_DBE_HIRAGANA warmup
2026-09-19T23:20:03.521995Z DEBUG gji_on_event{event=FocusChange { injection_mode: Unicode, gji_idle_ms: 20812 }}: awase_windows::tsf::gji_fsm: [gji-fsm] FocusChange gji_idle=20812ms → Long
2026-09-19T23:20:03.522034Z DEBUG awase_windows::platform: [gji-fsm] CancelProbe probe_id=ProbeId(0)
2026-09-19T23:20:03.522052Z DEBUG awase_windows::platform: [gji-fsm] StartProbe probe_id=ProbeId(1) forces_f2=true long=true
2026-09-19T23:20:03.522067Z DEBUG awase_windows::platform: [gji-fsm] Unicode long-cold StartProbe: VK_IME_OFF→VK_IME_ON reinit (chars なし)
2026-09-19T23:20:03.522079Z DEBUG awase_windows::output::probe_io: [chrome-reinit] cold=0 VK_IME_OFF→VK_IME_ON 強制リセット送信 + IMC ポーリング開始 (write_bytes_baseline=185776430)
2026-09-19T23:20:03.522099Z DEBUG awase_windows::shadow_send_trace: [shadow-send] channel=SendInput kind=kanji_marker vk=[1A, 16] issue_us=20930216
2026-09-19T23:20:03.524511Z DEBUG awase_windows::hook: [hook] IME-mode vk=0x1A down self_injected=true injected=true scan=0x0 extra=0x4B45594A since_actuation_us=Some(2410)
2026-09-19T23:20:03.534085Z DEBUG awase_windows::hook: [hook] IME-mode vk=0x1A up self_injected=true injected=true scan=0x0 extra=0x4B45594A since_actuation_us=Some(11978)
2026-09-19T23:20:03.538106Z DEBUG awase_windows::hook: [hook] IME-mode vk=0x16 down self_injected=true injected=true scan=0x0 extra=0x4B45594A since_actuation_us=Some(15999)
2026-09-19T23:20:03.542204Z DEBUG awase_windows::hook: [hook] IME-mode vk=0x16 up self_injected=true injected=true scan=0x0 extra=0x4B45594A since_actuation_us=Some(20102)
2026-09-19T23:20:03.546446Z DEBUG awase_windows::tsf::ime_mode_fsm: [ime-mode] VK_IME_OFF 送信 → Off (belief, unconfirmed)
2026-09-19T23:20:03.546483Z DEBUG awase_windows::tsf::ime_mode_fsm: [ime-mode] VK_IME_ON 送信 → Hiragana (belief, unconfirmed)
2026-09-19T23:20:03.547344Z DEBUG awase_windows::tsf::ime_mode_fsm: [ime-mode] FocusChange (0ms after VK send) → confirmed=false のみ（state=Hiragana 維持）
2026-09-19T23:20:03.547839Z DEBUG awase::journal: gji fsm transition seq=18 elapsed_ms=20930 trigger="FocusChange(gji_idle_ms=20812)" state_before="OnCold(Short)" state_after="OnCold(Long)"
2026-09-19T23:20:03.547865Z DEBUG awase::journal: tsf probe completed seq=19 elapsed_ms=20930 outcome="Canceled" cold_seq=18446744073709551615 cold_seq_present=false probe_id=0 probe_id_present=true duration_ms=20812 tick_count=0 gji_state="OnCold(Long)"
2026-09-19T23:20:03.547876Z DEBUG awase::journal: tsf probe started seq=20 elapsed_ms=20930 source="GjiAction::StartProbe" cold_seq=0 probe_id=1 probe_id_present=true gji_state="OnCold(Long)" consecutive_at_start=0 pending_deferred_len=0
2026-09-19T23:20:03.547885Z DEBUG awase::journal: gji fsm transition seq=21 elapsed_ms=20955 trigger="WarmupComplete(unicode)" state_before="OnCold(Long)" state_after="OnWarm"
2026-09-19T23:20:03.547892Z DEBUG awase::journal: tsf probe completed seq=22 elapsed_ms=20955 outcome="UnicodeImmediate" cold_seq=18446744073709551615 cold_seq_present=false probe_id=1 probe_id_present=true duration_ms=31 tick_count=0 gji_state="OnWarm"
2026-09-19T23:20:03.548038Z DEBUG awase_windows::runtime::ime_refresh: [composition] FocusChange: send_eager_tsf_warmup called (ime_on via warmup_ime_on())
2026-09-19T23:20:03.549220Z DEBUG awase::journal: hook ime-mode diagnostic seq=23 elapsed_ms=20957 vk_code=26 is_down=true self_injected=true injected=true scan=0
2026-09-19T23:20:03.549256Z DEBUG awase::journal: hook ime-mode diagnostic seq=24 elapsed_ms=20957 vk_code=26 is_down=false self_injected=true injected=true scan=0
2026-09-19T23:20:03.549274Z DEBUG awase::journal: hook ime-mode diagnostic seq=25 elapsed_ms=20957 vk_code=22 is_down=true self_injected=true injected=true scan=0
2026-09-19T23:20:03.549292Z DEBUG awase::journal: hook ime-mode diagnostic seq=26 elapsed_ms=20957 vk_code=22 is_down=false self_injected=true injected=true scan=0
2026-09-19T23:20:03.551588Z DEBUG awase_windows::ime: [idle-conv-check-diag] focused_hwnd=HWND(0xbd1c7a) ime_wnd=Some(HWND(0xae373a))
2026-09-19T23:20:03.554121Z DEBUG awase::journal: ime event seq=27 elapsed_ms=20962 event_kind="ObserverReported"
2026-09-19T23:20:03.554141Z DEBUG awase_windows::runtime::focus_tracking: [ImmCrossProbe/focus] child-hwnd IME=true → High confidence 観測記録
2026-09-19T23:20:03.557534Z DEBUG awase_windows::ime: [idle-conv-check-diag] focused_hwnd=HWND(0xbd1c7a) ime_wnd=Some(HWND(0xae373a))
2026-09-19T23:20:03.558852Z DEBUG awase_windows::output::probe_io: [chrome-reinit] cold=0 IMC poll #0: conv=0x00000009 NATIVE=true write_delta=+0B
2026-09-19T23:20:03.558865Z DEBUG awase_windows::output::probe_io: [chrome-reinit] cold=0 stale focus_gen=0 → ポーリング終了
2026-09-19T23:20:03.558871Z  INFO awase_windows::output::probe_io: [chrome-reinit] cold=0 ポーリング完了: total_write_delta=+0B first_write_tick=None
2026-09-19T23:20:03.562662Z DEBUG awase_windows::tsf::gji_monitor: [gji-io] WRITE: w_ops=+5 w_KB=+0.1 (r_ops=+10 x_ops=+10 x_KB=+0.0)
2026-09-19T23:20:03.595416Z DEBUG awase_windows::runtime: [focus-sync] hwnd=0xBC10F0 class="RICHEDIT50W" app_kind=Win32 hint=Default → mode=Unicode
2026-09-19T23:20:03.595481Z DEBUG awase_windows::tsf::tsf_gate: [tsf-gate] focus change → PendingWarmup (held cleared)
2026-09-19T23:20:03.613807Z DEBUG awase_windows::runtime: [focus-sync] hwnd=0xBD1C7A class="Edit" app_kind=Win32 hint=Default → mode=Unicode
2026-09-19T23:20:03.613863Z DEBUG awase_windows::output: [tsf-gate] focus change while PendingWarmup — held バッファを保持して再初期化スキップ (Chrome等の連続フォーカスイベント対策)
2026-09-19T23:20:03.675535Z DEBUG apply_focus_probe_result: awase_windows::runtime::focus_tracking: Focus kind changed: Undetermined → TextInput (reason=KnownTextClass(Edit))
2026-09-19T23:20:03.675718Z DEBUG apply_focus_probe_result:reduce: awase_windows::state::observation_store: [focus-hwnd-track] update_focus_window: current_fence.hwnd HwndId(16783606) -> HwndId(12393594)
2026-09-19T23:20:03.675781Z DEBUG apply_focus_probe_result: awase::journal: ime event seq=28 elapsed_ms=21084 event_kind="FocusHwndUpdated"
2026-09-19T23:20:03.675830Z DEBUG apply_focus_probe_result: awase::journal: focus transition seq=29 elapsed_ms=21084 changed_process=false changed_window=true changed_app_kind=false changed_focus_kind=true dwell_ms=156 profile="ImmCross"
2026-09-19T23:20:03.676210Z DEBUG awase_windows::state::observation_store: [identity-gate] hwnd不一致で除外: source=ImmCrossProbe obs_hwnd=HwndId(16783606) current_hwnd=HwndId(12393594) confidence=High
2026-09-19T23:20:03.676237Z DEBUG awase_windows::state::observation_store: [identity-gate] hwnd不一致で除外: source=ImmCrossProbe obs_hwnd=HwndId(16783606) current_hwnd=HwndId(12393594) confidence=High
2026-09-19T23:20:03.676504Z DEBUG awase_windows::state::observation_store: [identity-gate] hwnd不一致で除外: source=ImmCrossProbe obs_hwnd=HwndId(16783606) current_hwnd=HwndId(12393594) confidence=High
2026-09-19T23:20:03.676536Z DEBUG awase_windows::state::observation_store: [identity-gate] hwnd不一致で除外: source=ImmCrossProbe obs_hwnd=HwndId(16783606) current_hwnd=HwndId(12393594) confidence=High
2026-09-19T23:20:03.676578Z DEBUG awase_windows::observer::ime_observer: IME snapshot: japanese=Some(true) ime_on=Some(true) romaji=None conv=Some("0x00000009") guard=false
2026-09-19T23:20:03.676709Z DEBUG awase::journal: ime event seq=30 elapsed_ms=21085 event_kind="ObserverReported"
2026-09-19T23:20:03.676741Z DEBUG awase_windows::state::observation_store: [identity-gate] hwnd不一致で除外: source=ImmCrossProbe obs_hwnd=HwndId(16783606) current_hwnd=HwndId(12393594) confidence=High
2026-09-19T23:20:03.676765Z DEBUG awase_windows::state::observation_store: [identity-gate] hwnd不一致で除外: source=ImmCrossProbe obs_hwnd=HwndId(16783606) current_hwnd=HwndId(12393594) confidence=High
2026-09-19T23:20:03.676824Z DEBUG awase_windows::state::observation_store: [identity-gate] hwnd不一致で除外: source=ImmCrossProbe obs_hwnd=HwndId(16783606) current_hwnd=HwndId(12393594) confidence=High
2026-09-19T23:20:03.676849Z DEBUG awase_windows::state::observation_store: [identity-gate] hwnd不一致で除外: source=ImmCrossProbe obs_hwnd=HwndId(16783606) current_hwnd=HwndId(12393594) confidence=High
2026-09-19T23:20:03.952955Z DEBUG awase_windows::hook: [hook] IME-mode vk=0xF2 down self_injected=false injected=false scan=0x70 extra=0x5350494B since_actuation_us=Some(430843)
2026-09-19T23:20:03.953270Z DEBUG awase::journal: hook ime-mode diagnostic seq=31 elapsed_ms=21361 vk_code=242 is_down=true self_injected=false injected=false scan=112
2026-09-19T23:20:03.953611Z DEBUG awase_windows::state::observation_store: [identity-gate] hwnd不一致で除外: source=ImmCrossProbe obs_hwnd=HwndId(16783606) current_hwnd=HwndId(12393594) confidence=High
2026-09-19T23:20:03.953647Z DEBUG awase_windows::state::observation_store: [identity-gate] hwnd不一致で除外: source=ImmCrossProbe obs_hwnd=HwndId(16783606) current_hwnd=HwndId(12393594) confidence=High
2026-09-19T23:20:03.953927Z DEBUG awase_windows::state::observation_store: [identity-gate] hwnd不一致で除外: source=ImmCrossProbe obs_hwnd=HwndId(16783606) current_hwnd=HwndId(12393594) confidence=High
2026-09-19T23:20:03.953950Z DEBUG awase_windows::state::observation_store: [identity-gate] hwnd不一致で除外: source=ImmCrossProbe obs_hwnd=HwndId(16783606) current_hwnd=HwndId(12393594) confidence=High
2026-09-19T23:20:03.953988Z  INFO awase_windows::runtime::key_pipeline: [shadow-toggle] intent 昇格: vk=0xF2 scan=0x70 action=TurnOn kind=PhysicalImeKey injected=false true→true w_ops0=110317 x_ops0=244533 x_KB0=23.6
2026-09-19T23:20:03.954037Z DEBUG awase::journal: ime event seq=32 elapsed_ms=21362 event_kind="UserImeSetIntent"
2026-09-19T23:20:03.954102Z DEBUG awase_windows::runtime::key_pipeline: [shadow-toggle] no-op: vk=0xF2 action=TurnOn source=PhysicalImeKey effective_open は既に true → apply-ime 見送り
2026-09-19T23:20:03.954141Z DEBUG awase_windows::runtime::key_pipeline: [engine-input] vk=0xF2 KeyDown ts=21361400us delay=0ms state=Idle mods(c=false s=false a=false w=false) gas_ctrl=false phys_ctrl=false extra=0x5350494B pending_drain=0 gate_active=false l_thumb=None r_thumb=None [diag-ctx] ime_o
2026-09-19T23:20:03.954244Z DEBUG awase::journal: key input seq=33 elapsed_ms=21362 vk_code=242 is_down=true injected=false key_class="Passthrough" state_before="Idle" state_after="Idle" decision="PassThrough" physical="Allow" repeat_count=1 last_timestamp_us=21361400 last_elapsed_ms=0
2026-09-19T23:20:03.954294Z DEBUG awase_windows::runtime::key_pipeline: may_change_ime key passed through (refresh ablated)
2026-09-19T23:20:03.954400Z DEBUG execute_from_hook: awase_windows::runtime::executor: [relay-passthrough] PassThrough idle: direct OS pass-through (vk=0xf2 down)
2026-09-19T23:20:03.954907Z DEBUG execute_one{generation=None}: awase_windows::runtime::executor: [reinject] vk=0xf2 down (queued passthrough now firing)
2026-09-19T23:20:03.963429Z DEBUG awase_windows::hook: [hook] IME-mode vk=0xF2 down self_injected=true injected=true scan=0x0 extra=0x4B45594D since_actuation_us=Some(441310)
2026-09-19T23:20:03.968557Z DEBUG awase::journal: hook ime-mode diagnostic seq=34 elapsed_ms=21376 vk_code=242 is_down=true self_injected=true injected=true scan=0
2026-09-19T23:20:03.969088Z DEBUG awase::journal: ime event seq=35 elapsed_ms=21377 event_kind="ObserverReported"
2026-09-19T23:20:03.969261Z  INFO awase_windows::runtime::key_pipeline: FocusProbe +15ms: ime_on=true mode=ObservedRomaji [ime=GoogleJapaneseInput sig1=false gji_io=406ms sig2=false]
2026-09-19T23:20:03.981693Z DEBUG awase::journal: ime event seq=36 elapsed_ms=21389 event_kind="ObserverReported"
2026-09-19T23:20:03.981767Z DEBUG awase_windows::runtime::key_pipeline: [ImmCrossProbe] child-hwnd IME=true → High confidence 観測記録
2026-09-19T23:20:03.981825Z DEBUG awase_windows::observer::ime_observer: IME snapshot: japanese=Some(true) ime_on=Some(true) romaji=None conv=Some("0x00000010") guard=false
2026-09-19T23:20:03.981891Z DEBUG awase::journal: ime event seq=37 elapsed_ms=21390 event_kind="InputModeObserved"
2026-09-19T23:20:03.982841Z DEBUG awase_windows::tsf::gji_monitor: [gji-io] WRITE: w_ops=+2 w_KB=+0.0 (r_ops=+4 x_ops=+4 x_KB=+0.0)
2026-09-19T23:20:04.174087Z DEBUG awase_windows::runtime::ime_refresh: Explicit intent: bypassing typing-idle guard for IME verify (idle=218ms)
2026-09-19T23:20:04.174148Z DEBUG awase_windows::observer::ime_observer: IME snapshot: japanese=Some(true) ime_on=Some(true) romaji=None conv=Some("0x00000010") guard=false
2026-09-19T23:20:04.174251Z DEBUG awase::journal: ime event seq=38 elapsed_ms=21582 event_kind="ObserverReported"
2026-09-19T23:20:04.174331Z DEBUG awase::engine::engine: [diag-engine-active] ime_on=true なのに非活性: reason=Inactive(NotRomajiInput) romaji_capable=false japanese=true user_enabled=true was_active=true input_mode=ObservedEisu
2026-09-19T23:20:04.174404Z  INFO awase::engine::engine: Engine deactivated (ime=true, romaji=false, japanese=true, user=true, reason=Inactive(NotRomajiInput))
2026-09-19T23:20:04.637624Z DEBUG awase_windows::runtime::key_pipeline: [engine-input] vk=0x4B KeyDown ts=22045442us delay=0ms state=Idle mods(c=false s=false a=false w=false) gas_ctrl=false phys_ctrl=false extra=0x5350494B pending_drain=0 gate_active=false l_thumb=None r_thumb=None [diag-ctx] ime_o
2026-09-19T23:20:04.637684Z DEBUG awase::engine::engine: [diag-engine-active] ime_on=true なのに非活性: reason=Inactive(NotRomajiInput) romaji_capable=false japanese=true user_enabled=true was_active=false input_mode=ObservedEisu
2026-09-19T23:20:04.637768Z DEBUG awase::journal: key input seq=39 elapsed_ms=22046 vk_code=75 is_down=true injected=false key_class="Char" state_before="Idle" state_after="Idle" decision="PassThrough" physical="Allow" repeat_count=1 last_timestamp_us=22045442 last_elapsed_ms=0
2026-09-19T23:20:04.637943Z DEBUG execute_one{generation=None}: awase_windows::runtime::executor: [reinject] vk=0x4b down (queued passthrough now firing)
2026-09-19T23:20:04.649841Z DEBUG awase_windows::tsf::gji_monitor: [gji-io] WRITE: w_ops=+2 w_KB=+0.4 (r_ops=+4 x_ops=+4 x_KB=+0.0)
2026-09-19T23:20:04.660307Z  INFO awase_windows::tsf::win_event_obs: [gji-obs] candidate SHOW #1: last_gji_write=0ms ago
2026-09-19T23:20:04.823304Z DEBUG awase_windows::runtime::key_pipeline: [engine-input] vk=0x4B KeyUp ts=22231161us delay=0ms state=Idle mods(c=false s=false a=false w=false) gas_ctrl=false phys_ctrl=false extra=0x5350494B pending_drain=0 gate_active=false l_thumb=None r_thumb=None [diag-ctx] ime_on=
2026-09-19T23:20:04.823356Z DEBUG awase::engine::engine: [diag-engine-active] ime_on=true なのに非活性: reason=Inactive(NotRomajiInput) romaji_capable=false japanese=true user_enabled=true was_active=false input_mode=ObservedEisu
2026-09-19T23:20:04.823430Z DEBUG awase::journal: key input seq=40 elapsed_ms=22231 vk_code=75 is_down=false injected=false key_class="Char" state_before="Idle" state_after="Idle" decision="PassThrough" physical="Allow" repeat_count=1 last_timestamp_us=22231161 last_elapsed_ms=0
2026-09-19T23:20:04.823570Z DEBUG execute_one{generation=None}: awase_windows::runtime::executor: [reinject] vk=0x4b up (queued passthrough now firing)
2026-09-19T23:20:04.827590Z DEBUG awase_windows::platform: [gji-fsm] StartComposition (candidate SHOW)
2026-09-19T23:20:04.827654Z DEBUG gji_on_event{event=StartComposition}: awase_windows::tsf::gji_fsm: [gji-fsm] StartComposition: OnWarm → OnComposing(AlreadyWarm)
2026-09-19T23:20:04.828104Z DEBUG awase::journal: gji fsm transition seq=41 elapsed_ms=22236 trigger="StartComposition(candidate SHOW)" state_before="OnWarm" state_after="OnComposing(Warm)"
2026-09-19T23:20:05.292017Z DEBUG awase_windows::runtime::key_pipeline: [engine-input] vk=0x1B KeyDown ts=22699886us delay=0ms state=Idle mods(c=false s=false a=false w=false) gas_ctrl=false phys_ctrl=false extra=0x5350494B pending_drain=0 gate_active=false l_thumb=None r_thumb=None [diag-ctx] ime_o
2026-09-19T23:20:05.292065Z DEBUG awase::engine::engine: [diag-engine-active] ime_on=true なのに非活性: reason=Inactive(NotRomajiInput) romaji_capable=false japanese=true user_enabled=true was_active=false input_mode=ObservedEisu
2026-09-19T23:20:05.292130Z DEBUG awase::journal: key input seq=42 elapsed_ms=22700 vk_code=27 is_down=true injected=false key_class="Passthrough" state_before="Idle" state_after="Idle" decision="PassThrough" physical="Allow" repeat_count=1 last_timestamp_us=22699886 last_elapsed_ms=0
2026-09-19T23:20:05.292217Z DEBUG execute_from_hook: awase_windows::runtime::executor: [relay-passthrough] PassThrough idle: direct OS pass-through (vk=0x1b down)
2026-09-19T23:20:05.292288Z DEBUG execute_one{generation=None}: awase_windows::runtime::executor: [reinject] vk=0x1b down (queued passthrough now firing)
2026-09-19T23:20:05.303661Z  INFO awase_windows::tsf::win_event_obs: [gji-obs] candidate HIDE: last_gji_write=640ms ago
2026-09-19T23:20:05.305286Z DEBUG awase_windows::tsf::gji_monitor: [gji-io] WRITE: w_ops=+2 w_KB=+0.4 (r_ops=+4 x_ops=+4 x_KB=+0.0)
2026-09-19T23:20:05.318906Z DEBUG awase_windows::runtime::key_pipeline: [engine-input] vk=0x1B KeyUp ts=22726845us delay=0ms state=Idle mods(c=false s=false a=false w=false) gas_ctrl=false phys_ctrl=false extra=0x5350494B pending_drain=0 gate_active=false l_thumb=None r_thumb=None [diag-ctx] ime_on=
2026-09-19T23:20:05.318936Z DEBUG awase::engine::engine: [diag-engine-active] ime_on=true なのに非活性: reason=Inactive(NotRomajiInput) romaji_capable=false japanese=true user_enabled=true was_active=false input_mode=ObservedEisu
2026-09-19T23:20:05.318985Z DEBUG awase::journal: key input seq=43 elapsed_ms=22727 vk_code=27 is_down=false injected=false key_class="Passthrough" state_before="Idle" state_after="Idle" decision="PassThrough" physical="Allow" repeat_count=1 last_timestamp_us=22726845 last_elapsed_ms=0
2026-09-19T23:20:05.319068Z DEBUG execute_from_hook: awase_windows::runtime::executor: [relay-passthrough] PassThrough idle: direct OS pass-through (vk=0x1b up)
2026-09-19T23:20:05.319107Z DEBUG execute_one{generation=None}: awase_windows::runtime::executor: [reinject] vk=0x1b up (queued passthrough now firing)
2026-09-19T23:20:05.323436Z DEBUG awase_windows::platform: [gji-fsm] EndComposition (candidate HIDE) epoch=FocusEpoch(1)
2026-09-19T23:20:05.323555Z DEBUG awase::journal: gji fsm transition seq=44 elapsed_ms=22731 trigger="EndComposition(candidate HIDE, epoch=FocusEpoch(1))" state_before="OnComposing(Warm)" state_after="OnWarm"
2026-09-19T23:20:07.134474Z DEBUG awase_windows::runtime::key_pipeline: [shadow-toggle] vk=0x1DはFSM delegate所有 → belief書き込み/actuationをスキップ w_ops0=110323 x_ops0=244545 x_KB0=23.6
2026-09-19T23:20:07.134506Z DEBUG awase_windows::runtime::key_pipeline: [shadow-toggle] no-op: vk=0x1D action=Toggle source=PhysicalImeKey effective_open は既に true → apply-ime 見送り
2026-09-19T23:20:07.134532Z DEBUG awase_windows::runtime::key_pipeline: [engine-input] vk=0x1D KeyDown ts=24542377us delay=0ms state=Idle mods(c=false s=false a=false w=false) gas_ctrl=false phys_ctrl=false extra=0x5350494B pending_drain=0 gate_active=false l_thumb=Some(24542362) r_thumb=None [diag-
2026-09-19T23:20:07.134562Z DEBUG awase::engine::engine: [diag-engine-active] ime_on=true なのに非活性: reason=Inactive(NotRomajiInput) romaji_capable=false japanese=true user_enabled=true was_active=false input_mode=ObservedEisu
2026-09-19T23:20:07.134623Z DEBUG awase::journal: key input seq=45 elapsed_ms=24542 vk_code=29 is_down=true injected=false key_class="LeftThumb" state_before="Idle" state_after="Idle" decision="PassThrough" physical="Allow" repeat_count=1 last_timestamp_us=24542377 last_elapsed_ms=0
2026-09-19T23:20:07.134733Z DEBUG execute_one{generation=None}: awase_windows::runtime::executor: [reinject] vk=0x1d down (queued passthrough now firing)
2026-09-19T23:20:07.175538Z DEBUG awase_windows::tsf::gji_monitor: [gji-io] WRITE: w_ops=+2 w_KB=+0.0 (r_ops=+4 x_ops=+4 x_KB=+0.0)
2026-09-19T23:20:07.330119Z DEBUG awase_windows::runtime::key_pipeline: [engine-input] vk=0x1D KeyUp ts=24737986us delay=0ms state=Idle mods(c=false s=false a=false w=false) gas_ctrl=false phys_ctrl=false extra=0x5350494B pending_drain=0 gate_active=false l_thumb=None r_thumb=None [diag-ctx] ime_on=
2026-09-19T23:20:07.330189Z DEBUG awase::engine::engine: [diag-engine-active] ime_on=true なのに非活性: reason=Inactive(NotRomajiInput) romaji_capable=false japanese=true user_enabled=true was_active=false input_mode=ObservedEisu
2026-09-19T23:20:07.330312Z DEBUG awase::journal: key input seq=46 elapsed_ms=24738 vk_code=29 is_down=false injected=false key_class="LeftThumb" state_before="Idle" state_after="Idle" decision="PassThrough" physical="Allow" repeat_count=1 last_timestamp_us=24737986 last_elapsed_ms=0
2026-09-19T23:20:07.330583Z DEBUG execute_one{generation=None}: awase_windows::runtime::executor: [reinject] vk=0x1d up (queued passthrough now firing)
2026-09-19T23:20:07.832352Z DEBUG awase_windows::runtime::key_pipeline: [engine-input] vk=0x4B KeyDown ts=25239907us delay=0ms state=Idle mods(c=false s=false a=false w=false) gas_ctrl=false phys_ctrl=false extra=0x5350494B pending_drain=0 gate_active=false l_thumb=None r_thumb=None [diag-ctx] ime_o
2026-09-19T23:20:07.832438Z DEBUG awase::engine::engine: [diag-engine-active] ime_on=true なのに非活性: reason=Inactive(NotRomajiInput) romaji_capable=false japanese=true user_enabled=true was_active=false input_mode=ObservedEisu
2026-09-19T23:20:07.832568Z DEBUG awase::journal: key input seq=47 elapsed_ms=25240 vk_code=75 is_down=true injected=false key_class="Char" state_before="Idle" state_after="Idle" decision="PassThrough" physical="Allow" repeat_count=1 last_timestamp_us=25239907 last_elapsed_ms=0
2026-09-19T23:20:07.833050Z DEBUG execute_one{generation=None}: awase_windows::runtime::executor: [reinject] vk=0x4b down (queued passthrough now firing)
2026-09-19T23:20:08.015679Z DEBUG awase_windows::runtime::key_pipeline: [engine-input] vk=0x4B KeyUp ts=25423647us delay=0ms state=Idle mods(c=false s=false a=false w=false) gas_ctrl=false phys_ctrl=false extra=0x5350494B pending_drain=0 gate_active=false l_thumb=None r_thumb=None [diag-ctx] ime_on=
2026-09-19T23:20:08.015710Z DEBUG awase::engine::engine: [diag-engine-active] ime_on=true なのに非活性: reason=Inactive(NotRomajiInput) romaji_capable=false japanese=true user_enabled=true was_active=false input_mode=ObservedEisu
2026-09-19T23:20:08.015748Z DEBUG awase::journal: key input seq=48 elapsed_ms=25424 vk_code=75 is_down=false injected=false key_class="Char" state_before="Idle" state_after="Idle" decision="PassThrough" physical="Allow" repeat_count=1 last_timestamp_us=25423647 last_elapsed_ms=0
2026-09-19T23:20:08.015819Z DEBUG execute_one{generation=None}: awase_windows::runtime::executor: [reinject] vk=0x4b up (queued passthrough now firing)
2026-09-19T23:20:08.327014Z DEBUG awase_windows::runtime::key_pipeline: [engine-input] vk=0x1B KeyDown ts=25734755us delay=0ms state=Idle mods(c=false s=false a=false w=false) gas_ctrl=false phys_ctrl=false extra=0x5350494B pending_drain=0 gate_active=false l_thumb=None r_thumb=None [diag-ctx] ime_o
2026-09-19T23:20:08.327133Z DEBUG awase::engine::engine: [diag-engine-active] ime_on=true なのに非活性: reason=Inactive(NotRomajiInput) romaji_capable=false japanese=true user_enabled=true was_active=false input_mode=ObservedEisu
2026-09-19T23:20:08.327215Z DEBUG awase::journal: key input seq=49 elapsed_ms=25735 vk_code=27 is_down=true injected=false key_class="Passthrough" state_before="Idle" state_after="Idle" decision="PassThrough" physical="Allow" repeat_count=1 last_timestamp_us=25734755 last_elapsed_ms=0
2026-09-19T23:20:08.327313Z DEBUG execute_from_hook: awase_windows::runtime::executor: [relay-passthrough] PassThrough idle: direct OS pass-through (vk=0x1b down)
2026-09-19T23:20:08.327423Z DEBUG execute_one{generation=None}: awase_windows::runtime::executor: [reinject] vk=0x1b down (queued passthrough now firing)
2026-09-19T23:20:08.514335Z DEBUG awase_windows::runtime::key_pipeline: [engine-input] vk=0x1B KeyUp ts=25922184us delay=0ms state=Idle mods(c=false s=false a=false w=false) gas_ctrl=false phys_ctrl=false extra=0x5350494B pending_drain=0 gate_active=false l_thumb=None r_thumb=None [diag-ctx] ime_on=
2026-09-19T23:20:08.514396Z DEBUG awase::engine::engine: [diag-engine-active] ime_on=true なのに非活性: reason=Inactive(NotRomajiInput) romaji_capable=false japanese=true user_enabled=true was_active=false input_mode=ObservedEisu
2026-09-19T23:20:08.514483Z DEBUG awase::journal: key input seq=50 elapsed_ms=25922 vk_code=27 is_down=false injected=false key_class="Passthrough" state_before="Idle" state_after="Idle" decision="PassThrough" physical="Allow" repeat_count=1 last_timestamp_us=25922184 last_elapsed_ms=0
2026-09-19T23:20:08.514573Z DEBUG execute_from_hook: awase_windows::runtime::executor: [relay-passthrough] PassThrough idle: direct OS pass-through (vk=0x1b up)
2026-09-19T23:20:08.514640Z DEBUG execute_one{generation=None}: awase_windows::runtime::executor: [reinject] vk=0x1b up (queued passthrough now firing)
2026-09-19T23:20:10.326940Z DEBUG awase_windows::runtime::key_pipeline: [shadow-toggle] vk=0x1DはFSM delegate所有 → belief書き込み/actuationをスキップ w_ops0=110325 x_ops0=244549 x_KB0=23.6
2026-09-19T23:20:10.326984Z DEBUG awase_windows::runtime::key_pipeline: [shadow-toggle] no-op: vk=0x1D action=Toggle source=PhysicalImeKey effective_open は既に true → apply-ime 見送り
2026-09-19T23:20:10.327026Z DEBUG awase_windows::runtime::key_pipeline: [engine-input] vk=0x1D KeyDown ts=27734756us delay=0ms state=Idle mods(c=false s=false a=false w=false) gas_ctrl=false phys_ctrl=false extra=0x5350494B pending_drain=0 gate_active=false l_thumb=Some(27734738) r_thumb=None [diag-
2026-09-19T23:20:10.327073Z DEBUG awase::engine::engine: [diag-engine-active] ime_on=true なのに非活性: reason=Inactive(NotRomajiInput) romaji_capable=false japanese=true user_enabled=true was_active=false input_mode=ObservedEisu
2026-09-19T23:20:10.327157Z DEBUG awase::journal: key input seq=51 elapsed_ms=27735 vk_code=29 is_down=true injected=false key_class="LeftThumb" state_before="Idle" state_after="Idle" decision="PassThrough" physical="Allow" repeat_count=1 last_timestamp_us=27734756 last_elapsed_ms=0
2026-09-19T23:20:10.327331Z DEBUG execute_one{generation=None}: awase_windows::runtime::executor: [reinject] vk=0x1d down (queued passthrough now firing)
2026-09-19T23:20:10.339309Z DEBUG awase_windows::tsf::gji_monitor: [gji-io] WRITE: w_ops=+2 w_KB=+0.0 (r_ops=+4 x_ops=+4 x_KB=+0.0)
2026-09-19T23:20:10.453642Z DEBUG awase_windows::runtime::key_pipeline: [engine-input] vk=0x1D KeyUp ts=27861528us delay=0ms state=Idle mods(c=false s=false a=false w=false) gas_ctrl=false phys_ctrl=false extra=0x5350494B pending_drain=0 gate_active=false l_thumb=None r_thumb=None [diag-ctx] ime_on=
2026-09-19T23:20:10.453676Z DEBUG awase::engine::engine: [diag-engine-active] ime_on=true なのに非活性: reason=Inactive(NotRomajiInput) romaji_capable=false japanese=true user_enabled=true was_active=false input_mode=ObservedEisu
2026-09-19T23:20:10.453720Z DEBUG awase::journal: key input seq=52 elapsed_ms=27862 vk_code=29 is_down=false injected=false key_class="LeftThumb" state_before="Idle" state_after="Idle" decision="PassThrough" physical="Allow" repeat_count=1 last_timestamp_us=27861528 last_elapsed_ms=0
2026-09-19T23:20:10.453893Z DEBUG execute_one{generation=None}: awase_windows::runtime::executor: [reinject] vk=0x1d up (queued passthrough now firing)
2026-09-19T23:20:11.017947Z DEBUG awase_windows::runtime::key_pipeline: [engine-input] vk=0x4B KeyDown ts=28425633us delay=0ms state=Idle mods(c=false s=false a=false w=false) gas_ctrl=false phys_ctrl=false extra=0x5350494B pending_drain=0 gate_active=false l_thumb=None r_thumb=None [diag-ctx] ime_o
2026-09-19T23:20:11.018029Z DEBUG awase::engine::engine: [diag-engine-active] ime_on=true なのに非活性: reason=Inactive(NotRomajiInput) romaji_capable=false japanese=true user_enabled=true was_active=false input_mode=ObservedEisu
2026-09-19T23:20:11.018142Z DEBUG awase::journal: key input seq=53 elapsed_ms=28426 vk_code=75 is_down=true injected=false key_class="Char" state_before="Idle" state_after="Idle" decision="PassThrough" physical="Allow" repeat_count=1 last_timestamp_us=28425633 last_elapsed_ms=0
2026-09-19T23:20:11.018372Z DEBUG execute_one{generation=None}: awase_windows::runtime::executor: [reinject] vk=0x4b down (queued passthrough now firing)
2026-09-19T23:20:11.028220Z DEBUG awase_windows::tsf::gji_monitor: [gji-io] WRITE: w_ops=+1 w_KB=+0.0 (r_ops=+3 x_ops=+2 x_KB=+0.0)
2026-09-19T23:20:11.044097Z DEBUG awase_windows::tsf::gji_monitor: [gji-io] WRITE: w_ops=+1 w_KB=+0.3 (r_ops=+1 x_ops=+2 x_KB=+0.0)
2026-09-19T23:20:11.050983Z  INFO awase_windows::tsf::win_event_obs: [gji-obs] candidate SHOW #2: last_gji_write=0ms ago
2026-09-19T23:20:11.202598Z DEBUG awase_windows::runtime::key_pipeline: [engine-input] vk=0x4B KeyUp ts=28610549us delay=0ms state=Idle mods(c=false s=false a=false w=false) gas_ctrl=false phys_ctrl=false extra=0x5350494B pending_drain=0 gate_active=false l_thumb=None r_thumb=None [diag-ctx] ime_on=
2026-09-19T23:20:11.202627Z DEBUG awase::engine::engine: [diag-engine-active] ime_on=true なのに非活性: reason=Inactive(NotRomajiInput) romaji_capable=false japanese=true user_enabled=true was_active=false input_mode=ObservedEisu
2026-09-19T23:20:11.202665Z DEBUG awase::journal: key input seq=54 elapsed_ms=28611 vk_code=75 is_down=false injected=false key_class="Char" state_before="Idle" state_after="Idle" decision="PassThrough" physical="Allow" repeat_count=1 last_timestamp_us=28610549 last_elapsed_ms=0
2026-09-19T23:20:11.202739Z DEBUG execute_one{generation=None}: awase_windows::runtime::executor: [reinject] vk=0x4b up (queued passthrough now firing)
2026-09-19T23:20:11.205562Z DEBUG awase_windows::platform: [gji-fsm] StartComposition (candidate SHOW)
2026-09-19T23:20:11.205577Z DEBUG gji_on_event{event=StartComposition}: awase_windows::tsf::gji_fsm: [gji-fsm] StartComposition: OnWarm → OnComposing(AlreadyWarm)
2026-09-19T23:20:11.205614Z DEBUG awase::journal: gji fsm transition seq=55 elapsed_ms=28613 trigger="StartComposition(candidate SHOW)" state_before="OnWarm" state_after="OnComposing(Warm)"
2026-09-19T23:20:11.513935Z DEBUG awase_windows::runtime::key_pipeline: [engine-input] vk=0x1B KeyDown ts=28921837us delay=0ms state=Idle mods(c=false s=false a=false w=false) gas_ctrl=false phys_ctrl=false extra=0x5350494B pending_drain=0 gate_active=false l_thumb=None r_thumb=None [diag-ctx] ime_o
2026-09-19T23:20:11.513990Z DEBUG awase::engine::engine: [diag-engine-active] ime_on=true なのに非活性: reason=Inactive(NotRomajiInput) romaji_capable=false japanese=true user_enabled=true was_active=false input_mode=ObservedEisu
2026-09-19T23:20:11.514063Z DEBUG awase::journal: key input seq=56 elapsed_ms=28922 vk_code=27 is_down=true injected=false key_class="Passthrough" state_before="Idle" state_after="Idle" decision="PassThrough" physical="Allow" repeat_count=1 last_timestamp_us=28921837 last_elapsed_ms=0
2026-09-19T23:20:11.514172Z DEBUG execute_from_hook: awase_windows::runtime::executor: [relay-passthrough] PassThrough idle: direct OS pass-through (vk=0x1b down)
2026-09-19T23:20:11.514253Z DEBUG execute_one{generation=None}: awase_windows::runtime::executor: [reinject] vk=0x1b down (queued passthrough now firing)
2026-09-19T23:20:11.522278Z  INFO awase_windows::tsf::win_event_obs: [gji-obs] candidate HIDE: last_gji_write=469ms ago
2026-09-19T23:20:11.527881Z DEBUG awase_windows::tsf::gji_monitor: [gji-io] WRITE: w_ops=+2 w_KB=+0.4 (r_ops=+4 x_ops=+4 x_KB=+0.0)
2026-09-19T23:20:11.701102Z DEBUG awase_windows::runtime::key_pipeline: [engine-input] vk=0x1B KeyUp ts=29109004us delay=0ms state=Idle mods(c=false s=false a=false w=false) gas_ctrl=false phys_ctrl=false extra=0x5350494B pending_drain=0 gate_active=false l_thumb=None r_thumb=None [diag-ctx] ime_on=
2026-09-19T23:20:11.701151Z DEBUG awase::engine::engine: [diag-engine-active] ime_on=true なのに非活性: reason=Inactive(NotRomajiInput) romaji_capable=false japanese=true user_enabled=true was_active=false input_mode=ObservedEisu
2026-09-19T23:20:11.701225Z DEBUG awase::journal: key input seq=57 elapsed_ms=29109 vk_code=27 is_down=false injected=false key_class="Passthrough" state_before="Idle" state_after="Idle" decision="PassThrough" physical="Allow" repeat_count=1 last_timestamp_us=29109004 last_elapsed_ms=0
2026-09-19T23:20:11.701328Z DEBUG execute_from_hook: awase_windows::runtime::executor: [relay-passthrough] PassThrough idle: direct OS pass-through (vk=0x1b up)
2026-09-19T23:20:11.701405Z DEBUG execute_one{generation=None}: awase_windows::runtime::executor: [reinject] vk=0x1b up (queued passthrough now firing)
2026-09-19T23:20:11.703973Z DEBUG awase_windows::platform: [gji-fsm] EndComposition (candidate HIDE) epoch=FocusEpoch(2)
2026-09-19T23:20:11.704096Z DEBUG awase::journal: gji fsm transition seq=58 elapsed_ms=29112 trigger="EndComposition(candidate HIDE, epoch=FocusEpoch(2))" state_before="OnComposing(Warm)" state_after="OnWarm"
2026-09-19T23:20:13.458050Z DEBUG awase_windows::hook: [hook] IME-mode vk=0xF0 up self_injected=false injected=false scan=0x70 extra=0x5350494B since_actuation_us=Some(9935940)
2026-09-19T23:20:13.458254Z DEBUG awase::journal: hook ime-mode diagnostic seq=59 elapsed_ms=30866 vk_code=240 is_down=false self_injected=false injected=false scan=112
2026-09-19T23:20:13.458374Z DEBUG awase_windows::hook: [hook] IME-mode vk=0xF2 down self_injected=false injected=false scan=0x70 extra=0x5350494B since_actuation_us=Some(9936267)
2026-09-19T23:20:13.458522Z DEBUG awase_windows::runtime::key_pipeline: [engine-input] vk=0xF0 KeyUp ts=30866297us delay=0ms state=Idle mods(c=false s=false a=false w=false) gas_ctrl=false phys_ctrl=false extra=0x5350494B pending_drain=0 gate_active=false l_thumb=None r_thumb=None [diag-ctx] ime_on=
2026-09-19T23:20:13.458580Z DEBUG awase::engine::engine: [diag-engine-active] ime_on=true なのに非活性: reason=Inactive(NotRomajiInput) romaji_capable=false japanese=true user_enabled=true was_active=false input_mode=ObservedEisu
2026-09-19T23:20:13.458813Z DEBUG awase::journal: key input seq=60 elapsed_ms=30867 vk_code=240 is_down=false injected=false key_class="Passthrough" state_before="Idle" state_after="Idle" decision="PassThrough" physical="Suppress" repeat_count=1 last_timestamp_us=30866297 last_elapsed_ms=0
2026-09-19T23:20:13.458893Z DEBUG awase_windows::runtime::key_pipeline: [imm-cross] key suppress vk=0xf0 KeyUp (physical disposition)
2026-09-19T23:20:13.458975Z DEBUG awase::journal: hook ime-mode diagnostic seq=61 elapsed_ms=30867 vk_code=242 is_down=true self_injected=false injected=false scan=112
2026-09-19T23:20:13.459083Z  INFO awase_windows::runtime::key_pipeline: [shadow-toggle] intent 昇格: vk=0xF2 scan=0x70 action=TurnOn kind=PhysicalImeKey injected=false true→true w_ops0=110331 x_ops0=244561 x_KB0=23.6
2026-09-19T23:20:13.459135Z DEBUG awase::journal: ime event seq=62 elapsed_ms=30867 event_kind="UserImeSetIntent"
2026-09-19T23:20:13.459174Z DEBUG awase_windows::runtime::key_pipeline: [shadow-toggle] no-op: vk=0xF2 action=TurnOn source=PhysicalImeKey effective_open は既に true → apply-ime 見送り
2026-09-19T23:20:13.459219Z DEBUG awase::journal: ime event seq=63 elapsed_ms=30867 event_kind="InputModeApplied"
2026-09-19T23:20:13.459244Z  INFO awase_windows::runtime::key_pipeline: [shadow-toggle] TurnOn (IME既にopen) + ObservedEisu → AssumedRomaji に リセット (UserTurnOnEisuReset)
2026-09-19T23:20:13.459271Z DEBUG awase_windows::runtime::key_pipeline: [engine-input] vk=0xF2 KeyDown ts=30866596us delay=0ms state=Idle mods(c=false s=false a=false w=false) gas_ctrl=false phys_ctrl=false extra=0x5350494B pending_drain=0 gate_active=false l_thumb=None r_thumb=None [diag-ctx] ime_o
2026-09-19T23:20:13.459313Z  INFO awase::engine::engine: Engine activated (ime=true, romaji=true, japanese=true, user=true, reason=Active)
2026-09-19T23:20:13.459390Z DEBUG awase::journal: key input seq=64 elapsed_ms=30867 vk_code=242 is_down=true injected=false key_class="Passthrough" state_before="Idle" state_after="Idle" decision="PassThroughWith" physical="Allow" repeat_count=1 last_timestamp_us=30866596 last_elapsed_ms=0
2026-09-19T23:20:13.459456Z DEBUG awase::journal: ime event seq=65 elapsed_ms=30867 event_kind="EngineActivationSync"
2026-09-19T23:20:13.459496Z DEBUG awase::journal: ime event seq=66 elapsed_ms=30867 event_kind="ImeApplyRequested"
2026-09-19T23:20:13.459519Z  INFO awase_windows::runtime::key_pipeline: IME control: preconditions.ime_on = true (SetOpenRequest, origin=ActivationSync), was_open_before=true last_intent_before=Some(true) poll suspended
2026-09-19T23:20:13.459542Z DEBUG awase_windows::runtime::key_pipeline: may_change_ime key passed through (refresh ablated)
2026-09-19T23:20:13.459579Z DEBUG execute_from_hook: awase_windows::runtime::executor: [relay-flush] PassThroughWith: queue 2 effect(s) + reinject (vk=0xf2 down)
2026-09-19T23:20:13.459779Z DEBUG execute_one{generation=Some(ApplyGeneration(1))}:dispatch_ime_set_open{open=true generation=Some(ApplyGeneration(1))}: awase_windows::runtime::executor: [dispatch-ime] ImmCross async: optimistic applied_snapshot=true (suppress send_engine_state_ime_key)
2026-09-19T23:20:13.461680Z DEBUG execute_one{generation=Some(ApplyGeneration(1))}: awase_windows::platform: [engine-state-key] skipped (apply_ime_open aligned ime=true, profile=Standard)
2026-09-19T23:20:13.461809Z DEBUG execute_one{generation=Some(ApplyGeneration(1))}: awase_windows::runtime::executor: [reinject] vk=0xf2 down (queued passthrough now firing)
2026-09-19T23:20:13.462372Z DEBUG awase_windows::hook: [hook] IME-mode vk=0xF0 up self_injected=true injected=false scan=0x0 extra=0x4B45594D since_actuation_us=Some(9940272)
2026-09-19T23:20:13.467424Z DEBUG awase_windows::hook: [hook] IME-mode vk=0xF2 down self_injected=true injected=true scan=0x0 extra=0x4B45594D since_actuation_us=Some(9945319)
2026-09-19T23:20:13.470041Z DEBUG awase::journal: hook ime-mode diagnostic seq=67 elapsed_ms=30878 vk_code=240 is_down=false self_injected=true injected=false scan=0
2026-09-19T23:20:13.470108Z DEBUG awase::journal: hook ime-mode diagnostic seq=68 elapsed_ms=30878 vk_code=242 is_down=true self_injected=true injected=true scan=0
2026-09-19T23:20:13.470657Z DEBUG run_open_chain_async: awase_windows::ime_controller: [warrant-shadow] chain=async open=true origin=EventOrigin { source: SelfActuated { strategy: "engine_decision_async" }, epoch: Generation(0) } warranted
2026-09-19T23:20:13.470804Z  INFO run_open_chain_async:imm_cross_write{open=true}: awase_windows::runtime::open_chain: [apply-ime] ImmCross async: open=true composition_active=false show_seq=0 change_seq=0 (issue #138診断)
2026-09-19T23:20:13.471286Z DEBUG awase_windows::tsf::gji_monitor: [gji-io] WRITE: w_ops=+1 w_KB=+0.0 (r_ops=+1 x_ops=+0 x_KB=+0.0)
2026-09-19T23:20:13.485804Z DEBUG awase_windows::shadow_send_trace: [shadow-send] channel=ImeControl cmd=0x0006 lparam=1 issue_us=30885765
2026-09-19T23:20:13.485833Z DEBUG awase_windows::ime: set_ime_open_for_target: hwnd=HWND(0xbd1c7a) ime_wnd=HWND(0xae373a) open=true success=true send_elapsed=8ms candidate_visible=false
2026-09-19T23:20:13.487182Z DEBUG awase_windows::tsf::gji_monitor: [gji-io] WRITE: w_ops=+1 w_KB=+0.0 (r_ops=+3 x_ops=+4 x_KB=+0.0)
2026-09-19T23:20:13.487228Z DEBUG run_open_chain_async:imm_cross_write{open=true}: awase_windows::ime: [imm-cross-actuate] hwnd=HWND(0xbd1c7a) open=Written conv=Some(Written)
2026-09-19T23:20:13.487326Z DEBUG run_open_chain_async:imm_cross_write{open=true}: awase_windows::runtime::open_chain: [apply-ime] ROMAN 補完結果: Written
2026-09-19T23:20:13.487422Z DEBUG run_open_chain_async: awase::journal: actuation decision seq=69 elapsed_ms=30895 site="DispatchImeSetOpen" caller="None" open=true chain_len=4 attempts_len=1 gate_profile="Standard" gate_kind="Gji" gate_shadow_known=true gate_shadow_on=true gate_input_mode="AssumedR
2026-09-19T23:20:13.489469Z DEBUG on_ime_apply_complete{open=true outcome=AppliedWithoutSendInput generation=Some(ApplyGeneration(1)) reason=EngineDecision}: awase::journal: ime open applied seq=70 elapsed_ms=30897 open=true outcome="AppliedWithoutSendInput" reason="EngineDecision"
2026-09-19T23:20:13.489632Z DEBUG on_ime_apply_complete{open=true outcome=AppliedWithoutSendInput generation=Some(ApplyGeneration(1)) reason=EngineDecision}: awase::journal: ime event seq=71 elapsed_ms=30898 event_kind="ImeApplySucceeded"
2026-09-19T23:20:13.489744Z DEBUG on_ime_apply_complete{open=true outcome=AppliedWithoutSendInput generation=Some(ApplyGeneration(1)) reason=EngineDecision}: awase_windows::tsf::ime_mode_fsm: [ime-mode] SetOpen(true) applied → Hiragana (belief, unconfirmed)
2026-09-19T23:20:13.489786Z DEBUG on_ime_apply_complete{open=true outcome=AppliedWithoutSendInput generation=Some(ApplyGeneration(1)) reason=EngineDecision}: awase_windows::platform: [composition] ImeEffect::SetOpen(true) → marking cold
2026-09-19T23:20:13.489817Z DEBUG on_ime_apply_complete{open=true outcome=AppliedWithoutSendInput generation=Some(ApplyGeneration(1)) reason=EngineDecision}: awase_windows::tsf::probe: [composition] marked cold reason=SetOpenTrue idle=18446744073709551615ms → next VK/TSF output will send VK_DBE_HIRA
2026-09-19T23:20:13.489888Z DEBUG on_ime_apply_complete{open=true outcome=AppliedWithoutSendInput generation=Some(ApplyGeneration(1)) reason=EngineDecision}:gji_on_event{event=ImeOn { injection_mode: Unicode, gji_idle_ms: 0 }}: awase_windows::tsf::gji_fsm: [gji-fsm] ImeOn: already on (OnWarm), ignor
2026-09-19T23:20:13.490048Z DEBUG awase::journal: gji fsm transition seq=72 elapsed_ms=30898 trigger="ImeOn(gji_idle_ms=0)" state_before="OnWarm" state_after="OnWarm"
2026-09-19T23:20:13.527400Z DEBUG awase_windows::runtime::ime_refresh: Explicit intent: bypassing typing-idle guard for IME verify (idle=78ms)
2026-09-19T23:20:13.527467Z DEBUG awase_windows::observer::ime_observer: IME snapshot: japanese=Some(true) ime_on=Some(true) romaji=Some(true) conv=Some("0x00000019") guard=false
2026-09-19T23:20:13.527589Z DEBUG awase::journal: ime event seq=73 elapsed_ms=30935 event_kind="ObserverReported"
2026-09-19T23:20:13.527637Z DEBUG awase::journal: ime event seq=74 elapsed_ms=30936 event_kind="InputModeObserved"
2026-09-19T23:20:14.146540Z DEBUG awase_windows::runtime::key_pipeline: [engine-input] vk=0x4B KeyDown ts=31554191us delay=0ms state=Idle mods(c=false s=false a=false w=false) gas_ctrl=false phys_ctrl=false extra=0x5350494B pending_drain=0 gate_active=false l_thumb=None r_thumb=None [diag-ctx] ime_o
2026-09-19T23:20:14.146825Z DEBUG awase::journal: key input seq=75 elapsed_ms=31555 vk_code=75 is_down=true injected=false key_class="Char" state_before="Idle" state_after="PendingChar(vk=0x4B)" decision="Consume" physical="Allow" repeat_count=1 last_timestamp_us=31554191 last_elapsed_ms=0
2026-09-19T23:20:14.267749Z DEBUG execute_from_loop:execute_one{generation=None}: awase_windows::output: send_keys: mode=Unicode actions=[Char('き')] prev_elapsed=∞ms
2026-09-19T23:20:14.267765Z DEBUG execute_from_loop:execute_one{generation=None}: awase_windows::tsf::probe: [mark-send] last_send_ms=336048312
2026-09-19T23:20:14.267778Z DEBUG execute_from_loop:execute_one{generation=None}: awase_windows::output:   → Char('き') via Unicode
2026-09-19T23:20:14.271026Z DEBUG execute_from_loop:execute_one{generation=None}: awase_windows::tsf::probe: [mark-send] last_send_ms=336048312
2026-09-19T23:20:14.271269Z DEBUG awase_windows::runtime::key_pipeline: [engine-input] vk=0x4B KeyUp ts=31677101us delay=2ms state=Idle mods(c=false s=false a=false w=false) gas_ctrl=false phys_ctrl=false extra=0x5350494B pending_drain=0 gate_active=false l_thumb=None r_thumb=None [diag-ctx] ime_on=
2026-09-19T23:20:14.271330Z DEBUG awase::journal: key input seq=77 elapsed_ms=31679 vk_code=75 is_down=false injected=false key_class="Char" state_before="Idle" state_after="Idle" decision="Consume" physical="Allow" repeat_count=1 last_timestamp_us=31677101 last_elapsed_ms=0
2026-09-19T23:20:14.271530Z DEBUG execute_one{generation=None}: awase_windows::output: send_keys: mode=Unicode actions=[Suppress] prev_elapsed=0ms
2026-09-19T23:20:14.271543Z DEBUG execute_one{generation=None}: awase_windows::tsf::probe: [mark-send] last_send_ms=336048312
2026-09-19T23:20:14.271567Z DEBUG execute_one{generation=None}: awase_windows::output:   → Suppress
2026-09-19T23:20:14.271573Z DEBUG execute_one{generation=None}: awase_windows::tsf::probe: [mark-send] last_send_ms=336048312
2026-09-19T23:20:14.283120Z DEBUG awase_windows::tsf::gji_monitor: [gji-io] WRITE: w_ops=+2 w_KB=+0.3 (r_ops=+4 x_ops=+4 x_KB=+0.0)
2026-09-19T23:20:14.290335Z  INFO awase_windows::tsf::win_event_obs: [gji-obs] candidate SHOW #3: last_gji_write=15ms ago
2026-09-19T23:20:14.646199Z DEBUG awase_windows::runtime::key_pipeline: [engine-input] vk=0x1B KeyDown ts=32054163us delay=0ms state=Idle mods(c=false s=false a=false w=false) gas_ctrl=false phys_ctrl=false extra=0x5350494B pending_drain=0 gate_active=false l_thumb=None r_thumb=None [diag-ctx] ime_o
2026-09-19T23:20:14.646264Z DEBUG awase::journal: key input seq=78 elapsed_ms=32054 vk_code=27 is_down=true injected=false key_class="Passthrough" state_before="Idle" state_after="Idle" decision="PassThrough" physical="Allow" repeat_count=1 last_timestamp_us=32054163 last_elapsed_ms=0
2026-09-19T23:20:14.646355Z DEBUG execute_from_hook: awase_windows::runtime::executor: [relay-passthrough] PassThrough idle: direct OS pass-through (vk=0x1b down)
2026-09-19T23:20:14.646392Z DEBUG execute_one{generation=None}: awase_windows::runtime::executor: [reinject] vk=0x1b down (queued passthrough now firing)
2026-09-19T23:20:14.648807Z DEBUG awase_windows::platform: [gji-fsm] StartComposition (candidate SHOW)
2026-09-19T23:20:14.648822Z DEBUG gji_on_event{event=StartComposition}: awase_windows::tsf::gji_fsm: [gji-fsm] StartComposition: OnWarm → OnComposing(AlreadyWarm)
2026-09-19T23:20:14.648857Z DEBUG awase::journal: gji fsm transition seq=79 elapsed_ms=32057 trigger="StartComposition(candidate SHOW)" state_before="OnWarm" state_after="OnComposing(Warm)"
2026-09-19T23:20:14.652787Z  INFO awase_windows::tsf::win_event_obs: [gji-obs] candidate HIDE: last_gji_write=375ms ago
2026-09-19T23:20:14.660507Z DEBUG awase_windows::tsf::gji_monitor: [gji-io] WRITE: w_ops=+2 w_KB=+0.3 (r_ops=+4 x_ops=+4 x_KB=+0.0)
2026-09-19T23:20:14.769407Z DEBUG awase_windows::runtime::key_pipeline: [engine-input] vk=0x1B KeyUp ts=32177232us delay=0ms state=Idle mods(c=false s=false a=false w=false) gas_ctrl=false phys_ctrl=false extra=0x5350494B pending_drain=0 gate_active=false l_thumb=None r_thumb=None [diag-ctx] ime_on=
2026-09-19T23:20:14.769518Z DEBUG awase::journal: key input seq=80 elapsed_ms=32177 vk_code=27 is_down=false injected=false key_class="Passthrough" state_before="Idle" state_after="Idle" decision="PassThrough" physical="Allow" repeat_count=1 last_timestamp_us=32177232 last_elapsed_ms=0
2026-09-19T23:20:14.769611Z DEBUG execute_from_hook: awase_windows::runtime::executor: [relay-passthrough] PassThrough idle: direct OS pass-through (vk=0x1b up)
2026-09-19T23:20:14.769682Z DEBUG execute_one{generation=None}: awase_windows::runtime::executor: [reinject] vk=0x1b up (queued passthrough now firing)
2026-09-19T23:20:14.772023Z DEBUG awase_windows::platform: [gji-fsm] EndComposition (candidate HIDE) epoch=FocusEpoch(3)
2026-09-19T23:20:14.772158Z DEBUG awase::journal: gji fsm transition seq=81 elapsed_ms=32180 trigger="EndComposition(candidate HIDE, epoch=FocusEpoch(3))" state_before="OnComposing(Warm)" state_after="OnWarm"
2026-09-19T23:20:16.641292Z DEBUG awase_windows::runtime::key_pipeline: [shadow-toggle] vk=0x1DはFSM delegate所有 → belief書き込み/actuationをスキップ w_ops0=110337 x_ops0=244573 x_KB0=23.6
2026-09-19T23:20:16.641319Z DEBUG awase_windows::runtime::key_pipeline: [shadow-toggle] no-op: vk=0x1D action=Toggle source=PhysicalImeKey effective_open は既に true → apply-ime 見送り
2026-09-19T23:20:16.641345Z DEBUG awase_windows::runtime::key_pipeline: [engine-input] vk=0x1D KeyDown ts=34049167us delay=0ms state=Idle mods(c=false s=false a=false w=false) gas_ctrl=false phys_ctrl=false extra=0x5350494B pending_drain=0 gate_active=false l_thumb=Some(34049157) r_thumb=None [diag-
2026-09-19T23:20:16.641419Z DEBUG awase::journal: key input seq=82 elapsed_ms=34049 vk_code=29 is_down=true injected=false key_class="LeftThumb" state_before="Idle" state_after="PendingThumb(vk=0x1D,left=true)" decision="Consume" physical="Allow" repeat_count=1 last_timestamp_us=34049167 last_elapse
2026-09-19T23:20:16.766120Z DEBUG awase_windows::runtime::key_pipeline: [engine-input] vk=0x1D KeyUp ts=34173986us delay=0ms state=PendingThumb(vk=0x1D,left=true) mods(c=false s=false a=false w=false) gas_ctrl=false phys_ctrl=false extra=0x5350494B pending_drain=0 gate_active=false l_thumb=None r_th
2026-09-19T23:20:16.766256Z  INFO awase::engine::engine: IME open axis delegated (solo tap, key semantics absorption) → false (origin=ExplicitUserAction)
2026-09-19T23:20:16.766348Z DEBUG awase::journal: key input seq=84 elapsed_ms=34174 vk_code=29 is_down=false injected=false key_class="LeftThumb" state_before="PendingThumb(vk=0x1D,left=true)" state_after="Idle" decision="Consume" physical="Allow" repeat_count=1 last_timestamp_us=34173986 last_elaps
2026-09-19T23:20:16.766432Z DEBUG awase::journal: ime event seq=85 elapsed_ms=34174 event_kind="UserImeSetIntent"
2026-09-19T23:20:16.766473Z DEBUG awase::journal: ime event seq=86 elapsed_ms=34174 event_kind="ImeApplyRequested"
2026-09-19T23:20:16.766499Z  INFO awase_windows::runtime::key_pipeline: IME control: preconditions.ime_on = false (SetOpenRequest, origin=ExplicitUserAction), was_open_before=true last_intent_before=Some(true) poll suspended
2026-09-19T23:20:16.766765Z DEBUG execute_one{generation=Some(ApplyGeneration(2))}:dispatch_ime_set_open{open=false generation=Some(ApplyGeneration(2))}: awase_windows::runtime::executor: [dispatch-ime] ImmCross async: optimistic applied_snapshot=false (suppress send_engine_state_ime_key)
2026-09-19T23:20:16.768537Z DEBUG execute_one{generation=Some(ApplyGeneration(2))}: awase_windows::platform: [engine-state-key] skipped (apply_ime_open aligned ime=false, profile=Standard)
2026-09-19T23:20:16.771106Z DEBUG run_open_chain_async: awase_windows::ime_controller: [warrant-shadow] chain=async open=false origin=EventOrigin { source: SelfActuated { strategy: "engine_decision_async" }, epoch: Generation(0) } warranted
2026-09-19T23:20:16.771216Z  INFO run_open_chain_async:imm_cross_write{open=false}: awase_windows::runtime::open_chain: [apply-ime] ImmCross async: open=false composition_active=false show_seq=0 change_seq=0 (issue #138診断)
2026-09-19T23:20:16.776808Z DEBUG awase_windows::shadow_send_trace: [shadow-send] channel=ImeControl cmd=0x0006 lparam=0 issue_us=34182591
2026-09-19T23:20:16.776829Z DEBUG awase_windows::ime: set_ime_open_for_target: hwnd=HWND(0xbd1c7a) ime_wnd=HWND(0xae373a) open=false success=true send_elapsed=2ms candidate_visible=false
2026-09-19T23:20:16.778257Z DEBUG run_open_chain_async:imm_cross_write{open=false}: awase_windows::ime: [imm-cross-actuate] hwnd=HWND(0xbd1c7a) open=Written conv=None
2026-09-19T23:20:16.778401Z DEBUG run_open_chain_async: awase::journal: actuation decision seq=87 elapsed_ms=34186 site="DispatchImeSetOpen" caller="None" open=false chain_len=4 attempts_len=1 gate_profile="Standard" gate_kind="Gji" gate_shadow_known=true gate_shadow_on=true gate_input_mode="Observe
2026-09-19T23:20:16.786182Z DEBUG on_ime_apply_complete{open=false outcome=AppliedWithoutSendInput generation=Some(ApplyGeneration(2)) reason=EngineDecision}: awase::journal: ime open applied seq=88 elapsed_ms=34194 open=false outcome="AppliedWithoutSendInput" reason="EngineDecision"
2026-09-19T23:20:16.787458Z DEBUG on_ime_apply_complete{open=false outcome=AppliedWithoutSendInput generation=Some(ApplyGeneration(2)) reason=EngineDecision}: awase::journal: ime event seq=89 elapsed_ms=34195 event_kind="ImeApplySucceeded"
2026-09-19T23:20:16.787499Z DEBUG on_ime_apply_complete{open=false outcome=AppliedWithoutSendInput generation=Some(ApplyGeneration(2)) reason=EngineDecision}: awase_windows::tsf::ime_mode_fsm: [ime-mode] SetOpen(false) applied → Off (belief, unconfirmed)
2026-09-19T23:20:16.787577Z DEBUG on_ime_apply_complete{open=false outcome=AppliedWithoutSendInput generation=Some(ApplyGeneration(2)) reason=EngineDecision}: awase_windows::platform: [composition] ImeEffect::SetOpen(false) → marking cold (prevent warm+TSF Enter leak)
2026-09-19T23:20:16.787613Z DEBUG on_ime_apply_complete{open=false outcome=AppliedWithoutSendInput generation=Some(ApplyGeneration(2)) reason=EngineDecision}: awase_windows::tsf::probe: [composition] marked cold reason=SetOpenFalse idle=2516ms → next VK/TSF output will send VK_DBE_HIRAGANA warmup
2026-09-19T23:20:16.788875Z DEBUG awase::journal: gji fsm transition seq=90 elapsed_ms=34196 trigger="ImeOff" state_before="OnWarm" state_after="OffCold"
2026-09-19T23:20:16.820267Z DEBUG awase_windows::runtime::ime_refresh: Explicit intent: bypassing typing-idle guard for IME verify (idle=63ms)
2026-09-19T23:20:16.820330Z DEBUG awase_windows::observer::ime_observer: IME snapshot: japanese=Some(true) ime_on=Some(false) romaji=Some(true) conv=Some("0x00000019") guard=false
2026-09-19T23:20:16.820442Z DEBUG awase::journal: ime event seq=91 elapsed_ms=34228 event_kind="ObserverReported"
2026-09-19T23:20:16.820488Z DEBUG awase::journal: ime event seq=92 elapsed_ms=34228 event_kind="InputModeObserved"
2026-09-19T23:20:17.323325Z DEBUG awase_windows::runtime::key_pipeline: [engine-input] vk=0x4B KeyDown ts=34731112us delay=0ms state=Idle mods(c=false s=false a=false w=false) gas_ctrl=false phys_ctrl=false extra=0x5350494B pending_drain=0 gate_active=false l_thumb=None r_thumb=None [diag-ctx] ime_o
2026-09-19T23:20:17.323422Z DEBUG awase::journal: key input seq=93 elapsed_ms=34731 vk_code=75 is_down=true injected=false key_class="Char" state_before="Idle" state_after="Idle" decision="PassThrough" physical="Allow" repeat_count=1 last_timestamp_us=34731112 last_elapsed_ms=0
2026-09-19T23:20:17.323560Z DEBUG execute_one{generation=None}: awase_windows::runtime::executor: [reinject] vk=0x4b down (queued passthrough now firing)
2026-09-19T23:20:17.514169Z DEBUG awase_windows::runtime::key_pipeline: [engine-input] vk=0x4B KeyUp ts=34922089us delay=0ms state=Idle mods(c=false s=false a=false w=false) gas_ctrl=false phys_ctrl=false extra=0x5350494B pending_drain=0 gate_active=false l_thumb=None r_thumb=None [diag-ctx] ime_on=
2026-09-19T23:20:17.514259Z DEBUG awase::journal: key input seq=94 elapsed_ms=34922 vk_code=75 is_down=false injected=false key_class="Char" state_before="Idle" state_after="Idle" decision="PassThrough" physical="Allow" repeat_count=1 last_timestamp_us=34922089 last_elapsed_ms=0
2026-09-19T23:20:17.514393Z DEBUG execute_one{generation=None}: awase_windows::runtime::executor: [reinject] vk=0x4b up (queued passthrough now firing)
2026-09-19T23:20:17.825212Z DEBUG awase_windows::runtime::key_pipeline: [engine-input] vk=0x1B KeyDown ts=35233080us delay=0ms state=Idle mods(c=false s=false a=false w=false) gas_ctrl=false phys_ctrl=false extra=0x5350494B pending_drain=0 gate_active=false l_thumb=None r_thumb=None [diag-ctx] ime_o
2026-09-19T23:20:17.825303Z DEBUG awase::journal: key input seq=95 elapsed_ms=35233 vk_code=27 is_down=true injected=false key_class="Passthrough" state_before="Idle" state_after="Idle" decision="PassThrough" physical="Allow" repeat_count=1 last_timestamp_us=35233080 last_elapsed_ms=0
2026-09-19T23:20:17.825439Z DEBUG execute_from_hook: awase_windows::tsf::probe: [composition] marked cold reason=PassthroughConfirmKey idle=3563ms → next VK/TSF output will send VK_DBE_HIRAGANA warmup
2026-09-19T23:20:17.825462Z DEBUG execute_from_hook: awase_windows::tsf::probe: [mark-send] last_send_ms=336051875
2026-09-19T23:20:17.825529Z DEBUG execute_from_hook: awase_windows::platform: [composition-fsm] EmitWarmup (ConfirmKeyDown)
2026-09-19T23:20:17.825552Z DEBUG execute_from_hook: awase_windows::runtime::executor: [relay-passthrough] PassThrough idle: direct OS pass-through (vk=0x1b down)
2026-09-19T23:20:17.825580Z DEBUG awase::journal: gji fsm transition seq=96 elapsed_ms=35233 trigger="CompositionReset(gji_idle_ms=3172)" state_before="OffCold" state_after="OffCold"
2026-09-19T23:20:17.825630Z DEBUG awase_windows::runtime::executor: [reinject-guard] suspending drain for 50ms (vk=0x1b)
2026-09-19T23:20:17.885776Z DEBUG execute_one{generation=None}: awase_windows::runtime::executor: [reinject] vk=0x1b down (queued passthrough now firing)
2026-09-19T23:20:17.885843Z DEBUG execute_one{generation=None}: awase_windows::platform: [composition] reinject KeyDown vk=0x1b → marking cold + eager warmup
2026-09-19T23:20:17.885866Z DEBUG execute_one{generation=None}: awase_windows::tsf::probe: [composition] marked cold reason=ReinjectConfirmKey idle=62ms → next VK/TSF output will send VK_DBE_HIRAGANA warmup
2026-09-19T23:20:17.885890Z DEBUG execute_one{generation=None}: awase_windows::tsf::probe: [mark-send] last_send_ms=336051937
2026-09-19T23:20:17.891040Z DEBUG awase::journal: gji fsm transition seq=97 elapsed_ms=35294 trigger="CompositionReset(gji_idle_ms=3234)" state_before="OffCold" state_after="OffCold"
2026-09-19T23:20:18.012787Z DEBUG awase_windows::runtime::key_pipeline: [engine-input] vk=0x1B KeyUp ts=35420618us delay=0ms state=Idle mods(c=false s=false a=false w=false) gas_ctrl=false phys_ctrl=false extra=0x5350494B pending_drain=0 gate_active=false l_thumb=None r_thumb=None [diag-ctx] ime_on=
2026-09-19T23:20:18.012885Z DEBUG awase::journal: key input seq=98 elapsed_ms=35421 vk_code=27 is_down=false injected=false key_class="Passthrough" state_before="Idle" state_after="Idle" decision="PassThrough" physical="Allow" repeat_count=1 last_timestamp_us=35420618 last_elapsed_ms=0
2026-09-19T23:20:18.012944Z DEBUG execute_from_hook: awase_windows::runtime::executor: [relay-passthrough] PassThrough idle: direct OS pass-through (vk=0x1b up)
2026-09-19T23:20:18.012982Z DEBUG execute_one{generation=None}: awase_windows::runtime::executor: [reinject] vk=0x1b up (queued passthrough now firing)
2026-09-19T23:20:19.822483Z  INFO awase_windows::runtime::key_pipeline: [shadow-toggle] intent 昇格: vk=0x1D scan=0x7B action=Toggle kind=PhysicalImeKey injected=false false→true w_ops0=110337 x_ops0=244573 x_KB0=23.6
2026-09-19T23:20:19.822549Z DEBUG awase::journal: ime event seq=99 elapsed_ms=37230 event_kind="UserImeSetIntent"
2026-09-19T23:20:19.822630Z DEBUG awase_windows::runtime::key_pipeline: Shadow IME toggle: OFF → ON (vk=0x1D, source=PhysicalImeKey)
2026-09-19T23:20:19.822668Z DEBUG awase_windows::runtime::key_pipeline: [engine-input] vk=0x1D KeyDown ts=37230159us delay=0ms state=Idle mods(c=false s=false a=false w=false) gas_ctrl=false phys_ctrl=false extra=0x5350494B pending_drain=0 gate_active=false l_thumb=Some(37230146) r_thumb=None [diag-
2026-09-19T23:20:19.822708Z  INFO awase::engine::engine: Engine activated (ime=true, romaji=true, japanese=true, user=true, reason=Active)
2026-09-19T23:20:19.822809Z DEBUG awase::journal: key input seq=100 elapsed_ms=37231 vk_code=29 is_down=true injected=false key_class="LeftThumb" state_before="Idle" state_after="PendingThumb(vk=0x1D,left=true)" decision="Consume" physical="Allow" repeat_count=1 last_timestamp_us=37230159 last_elaps
2026-09-19T23:20:19.822879Z DEBUG awase::journal: ime event seq=101 elapsed_ms=37231 event_kind="EngineActivationSync"
2026-09-19T23:20:19.822917Z DEBUG awase::journal: ime event seq=102 elapsed_ms=37231 event_kind="ImeApplyRequested"
2026-09-19T23:20:19.822935Z  INFO awase_windows::runtime::key_pipeline: IME control: preconditions.ime_on = true (SetOpenRequest, origin=ActivationSync), was_open_before=true last_intent_before=Some(true) poll suspended
2026-09-19T23:20:19.823243Z DEBUG execute_one{generation=Some(ApplyGeneration(3))}:dispatch_ime_set_open{open=true generation=Some(ApplyGeneration(3))}: awase_windows::runtime::executor: [dispatch-ime] ImmCross async: optimistic applied_snapshot=true (suppress send_engine_state_ime_key)
2026-09-19T23:20:19.825308Z DEBUG execute_one{generation=Some(ApplyGeneration(3))}: awase_windows::platform: [engine-state-key] skipped (apply_ime_open aligned ime=true, profile=Standard)
2026-09-19T23:20:19.828876Z DEBUG run_open_chain_async: awase_windows::ime_controller: [warrant-shadow] chain=async open=true origin=EventOrigin { source: SelfActuated { strategy: "engine_decision_async" }, epoch: Generation(0) } warranted
2026-09-19T23:20:19.828944Z  INFO run_open_chain_async:imm_cross_write{open=true}: awase_windows::runtime::open_chain: [apply-ime] ImmCross async: open=true composition_active=false show_seq=0 change_seq=0 (issue #138診断)
2026-09-19T23:20:19.833622Z DEBUG awase_windows::shadow_send_trace: [shadow-send] channel=ImeControl cmd=0x0006 lparam=1 issue_us=37240692
2026-09-19T23:20:19.833642Z DEBUG awase_windows::ime: set_ime_open_for_target: hwnd=HWND(0xbd1c7a) ime_wnd=HWND(0xae373a) open=true success=true send_elapsed=1ms candidate_visible=false
2026-09-19T23:20:19.835107Z DEBUG run_open_chain_async:imm_cross_write{open=true}: awase_windows::ime: [imm-cross-actuate] hwnd=HWND(0xbd1c7a) open=Written conv=Some(Written)
2026-09-19T23:20:19.835154Z DEBUG run_open_chain_async:imm_cross_write{open=true}: awase_windows::runtime::open_chain: [apply-ime] ROMAN 補完結果: Written
2026-09-19T23:20:19.835245Z DEBUG run_open_chain_async: awase::journal: actuation decision seq=103 elapsed_ms=37243 site="DispatchImeSetOpen" caller="None" open=true chain_len=4 attempts_len=1 gate_profile="Standard" gate_kind="Gji" gate_shadow_known=true gate_shadow_on=false gate_input_mode="Observ
2026-09-19T23:20:19.838620Z DEBUG on_ime_apply_complete{open=true outcome=AppliedWithoutSendInput generation=Some(ApplyGeneration(3)) reason=EngineDecision}: awase::journal: ime open applied seq=104 elapsed_ms=37247 open=true outcome="AppliedWithoutSendInput" reason="EngineDecision"
2026-09-19T23:20:19.841171Z DEBUG on_ime_apply_complete{open=true outcome=AppliedWithoutSendInput generation=Some(ApplyGeneration(3)) reason=EngineDecision}: awase::journal: ime event seq=105 elapsed_ms=37249 event_kind="ImeApplySucceeded"
2026-09-19T23:20:19.841213Z DEBUG on_ime_apply_complete{open=true outcome=AppliedWithoutSendInput generation=Some(ApplyGeneration(3)) reason=EngineDecision}: awase_windows::tsf::ime_mode_fsm: [ime-mode] SetOpen(true) applied → Hiragana (belief, unconfirmed)
2026-09-19T23:20:19.841249Z DEBUG on_ime_apply_complete{open=true outcome=AppliedWithoutSendInput generation=Some(ApplyGeneration(3)) reason=EngineDecision}: awase_windows::platform: [composition] ImeEffect::SetOpen(true) → marking cold
2026-09-19T23:20:19.841277Z DEBUG on_ime_apply_complete{open=true outcome=AppliedWithoutSendInput generation=Some(ApplyGeneration(3)) reason=EngineDecision}: awase_windows::tsf::probe: [composition] marked cold reason=SetOpenTrue idle=1953ms → next VK/TSF output will send VK_DBE_HIRAGANA warmup
2026-09-19T23:20:19.841343Z DEBUG on_ime_apply_complete{open=true outcome=AppliedWithoutSendInput generation=Some(ApplyGeneration(3)) reason=EngineDecision}:gji_on_event{event=ImeOn { injection_mode: Unicode, gji_idle_ms: 5187 }}: awase_windows::tsf::gji_fsm: [gji-fsm] ImeOn gji_idle=5187ms → Short
2026-09-19T23:20:19.841515Z DEBUG on_ime_apply_complete{open=true outcome=AppliedWithoutSendInput generation=Some(ApplyGeneration(3)) reason=EngineDecision}: awase_windows::platform: [gji-fsm] StartProbe probe_id=ProbeId(2) forces_f2=false long=false
2026-09-19T23:20:19.843445Z DEBUG awase::journal: gji fsm transition seq=106 elapsed_ms=37249 trigger="ImeOn(gji_idle_ms=5187)" state_before="OffCold" state_after="OnCold(Short)"
2026-09-19T23:20:19.843507Z DEBUG awase::journal: tsf probe started seq=107 elapsed_ms=37249 source="GjiAction::StartProbe" cold_seq=0 probe_id=2 probe_id_present=true gji_state="OnCold(Short)" consecutive_at_start=0 pending_deferred_len=0
2026-09-19T23:20:19.843526Z DEBUG awase::journal: gji fsm transition seq=108 elapsed_ms=37250 trigger="WarmupComplete(unicode)" state_before="OnCold(Short)" state_after="OnWarm"
2026-09-19T23:20:19.843536Z DEBUG awase::journal: tsf probe completed seq=109 elapsed_ms=37250 outcome="UnicodeImmediate" cold_seq=18446744073709551615 cold_seq_present=false probe_id=2 probe_id_present=true duration_ms=0 tick_count=0 gji_state="OnWarm"
2026-09-19T23:20:19.876690Z DEBUG awase_windows::runtime::ime_refresh: Explicit intent: bypassing typing-idle guard for IME verify (idle=46ms)
2026-09-19T23:20:19.876764Z DEBUG awase_windows::observer::ime_observer: IME snapshot: japanese=Some(true) ime_on=Some(true) romaji=Some(true) conv=Some("0x00000019") guard=false
2026-09-19T23:20:19.876901Z DEBUG awase::journal: ime event seq=110 elapsed_ms=37285 event_kind="ObserverReported"
2026-09-19T23:20:19.876957Z DEBUG awase::journal: ime event seq=111 elapsed_ms=37285 event_kind="InputModeObserved"
2026-09-19T23:20:19.949976Z DEBUG awase_windows::runtime::key_pipeline: [engine-input] vk=0x1D KeyUp ts=37357653us delay=0ms state=PendingThumb(vk=0x1D,left=true) mods(c=false s=false a=false w=false) gas_ctrl=false phys_ctrl=false extra=0x5350494B pending_drain=0 gate_active=false l_thumb=None r_th
2026-09-19T23:20:19.950183Z DEBUG awase::journal: key input seq=113 elapsed_ms=37358 vk_code=29 is_down=false injected=false key_class="LeftThumb" state_before="PendingThumb(vk=0x1D,left=true)" state_after="Idle" decision="Consume" physical="Allow" repeat_count=1 last_timestamp_us=37357653 last_elap
2026-09-19T23:20:20.512351Z DEBUG awase_windows::runtime::key_pipeline: [engine-input] vk=0x4B KeyDown ts=37920192us delay=0ms state=Idle mods(c=false s=false a=false w=false) gas_ctrl=false phys_ctrl=false extra=0x5350494B pending_drain=0 gate_active=false l_thumb=None r_thumb=None [diag-ctx] ime_o
2026-09-19T23:20:20.512468Z DEBUG awase::journal: key input seq=114 elapsed_ms=37920 vk_code=75 is_down=true injected=false key_class="Char" state_before="Idle" state_after="PendingChar(vk=0x4B)" decision="Consume" physical="Allow" repeat_count=1 last_timestamp_us=37920192 last_elapsed_ms=0
2026-09-19T23:20:20.618796Z DEBUG execute_from_loop:execute_one{generation=None}: awase_windows::output: send_keys: mode=Unicode actions=[Char('き')] prev_elapsed=2734ms
2026-09-19T23:20:20.618831Z DEBUG execute_from_loop:execute_one{generation=None}: awase_windows::tsf::probe: [mark-send] last_send_ms=336054671
2026-09-19T23:20:20.618853Z DEBUG execute_from_loop:execute_one{generation=None}: awase_windows::output:   → Char('き') via Unicode
2026-09-19T23:20:20.621036Z DEBUG execute_from_loop:execute_one{generation=None}: awase_windows::tsf::probe: [mark-send] last_send_ms=336054671
2026-09-19T23:20:20.634230Z DEBUG awase_windows::tsf::gji_monitor: [gji-io] WRITE: w_ops=+2 w_KB=+0.3 (r_ops=+4 x_ops=+4 x_KB=+0.0)
2026-09-19T23:20:20.634751Z  INFO awase_windows::tsf::win_event_obs: [gji-obs] candidate SHOW #4: last_gji_write=0ms ago
2026-09-19T23:20:20.673556Z DEBUG awase_windows::runtime::key_pipeline: [engine-input] vk=0x4B KeyUp ts=38081451us delay=0ms state=Idle mods(c=false s=false a=false w=false) gas_ctrl=false phys_ctrl=false extra=0x5350494B pending_drain=0 gate_active=false l_thumb=None r_thumb=None [diag-ctx] ime_on=
2026-09-19T23:20:20.673671Z DEBUG awase::journal: key input seq=116 elapsed_ms=38082 vk_code=75 is_down=false injected=false key_class="Char" state_before="Idle" state_after="Idle" decision="Consume" physical="Allow" repeat_count=1 last_timestamp_us=38081451 last_elapsed_ms=0
2026-09-19T23:20:20.673824Z DEBUG execute_one{generation=None}: awase_windows::output: send_keys: mode=Unicode actions=[Suppress] prev_elapsed=47ms
2026-09-19T23:20:20.673856Z DEBUG execute_one{generation=None}: awase_windows::tsf::probe: [mark-send] last_send_ms=336054718
2026-09-19T23:20:20.673875Z DEBUG execute_one{generation=None}: awase_windows::output:   → Suppress
2026-09-19T23:20:20.673909Z DEBUG execute_one{generation=None}: awase_windows::tsf::probe: [mark-send] last_send_ms=336054718
2026-09-19T23:20:20.673963Z DEBUG execute_one{generation=None}: awase_windows::platform: [gji-fsm] StartComposition (candidate SHOW)
2026-09-19T23:20:20.673999Z DEBUG execute_one{generation=None}:gji_on_event{event=StartComposition}: awase_windows::tsf::gji_fsm: [gji-fsm] StartComposition: OnWarm → OnComposing(AlreadyWarm)
2026-09-19T23:20:20.674138Z DEBUG awase::journal: gji fsm transition seq=117 elapsed_ms=38082 trigger="StartComposition(candidate SHOW)" state_before="OnWarm" state_after="OnComposing(Warm)"
2026-09-19T23:20:21.007968Z DEBUG awase_windows::runtime::key_pipeline: [engine-input] vk=0x1B KeyDown ts=38415929us delay=0ms state=Idle mods(c=false s=false a=false w=false) gas_ctrl=false phys_ctrl=false extra=0x5350494B pending_drain=0 gate_active=false l_thumb=None r_thumb=None [diag-ctx] ime_o
2026-09-19T23:20:21.008031Z DEBUG awase::journal: key input seq=118 elapsed_ms=38416 vk_code=27 is_down=true injected=false key_class="Passthrough" state_before="Idle" state_after="Idle" decision="PassThrough" physical="Allow" repeat_count=1 last_timestamp_us=38415929 last_elapsed_ms=0
2026-09-19T23:20:21.008078Z DEBUG execute_from_hook: awase_windows::runtime::executor: [relay-passthrough] PassThrough idle: direct OS pass-through (vk=0x1b down)
2026-09-19T23:20:21.008165Z DEBUG execute_one{generation=None}: awase_windows::runtime::executor: [reinject] vk=0x1b down (queued passthrough now firing)
2026-09-19T23:20:21.016316Z  INFO awase_windows::tsf::win_event_obs: [gji-obs] candidate HIDE: last_gji_write=375ms ago
2026-09-19T23:20:21.022246Z DEBUG awase_windows::tsf::gji_monitor: [gji-io] WRITE: w_ops=+2 w_KB=+0.3 (r_ops=+4 x_ops=+4 x_KB=+0.0)
2026-09-19T23:20:21.148158Z DEBUG awase_windows::runtime::key_pipeline: [engine-input] vk=0x1B KeyUp ts=38556076us delay=0ms state=Idle mods(c=false s=false a=false w=false) gas_ctrl=false phys_ctrl=false extra=0x5350494B pending_drain=0 gate_active=false l_thumb=None r_thumb=None [diag-ctx] ime_on=
2026-09-19T23:20:21.148218Z DEBUG awase::journal: key input seq=119 elapsed_ms=38556 vk_code=27 is_down=false injected=false key_class="Passthrough" state_before="Idle" state_after="Idle" decision="PassThrough" physical="Allow" repeat_count=1 last_timestamp_us=38556076 last_elapsed_ms=0
2026-09-19T23:20:21.148267Z DEBUG execute_from_hook: awase_windows::runtime::executor: [relay-passthrough] PassThrough idle: direct OS pass-through (vk=0x1b up)
2026-09-19T23:20:21.148298Z DEBUG execute_one{generation=None}: awase_windows::runtime::executor: [reinject] vk=0x1b up (queued passthrough now firing)
2026-09-19T23:20:21.150346Z DEBUG awase_windows::platform: [gji-fsm] EndComposition (candidate HIDE) epoch=FocusEpoch(4)
2026-09-19T23:20:21.150728Z DEBUG awase::journal: gji fsm transition seq=120 elapsed_ms=38558 trigger="EndComposition(candidate HIDE, epoch=FocusEpoch(4))" state_before="OnComposing(Warm)" state_after="OnWarm"
2026-09-19T23:20:23.016757Z DEBUG awase_windows::hook: [hook] IME-mode vk=0xF2 down self_injected=false injected=false scan=0x70 extra=0x5350494B since_actuation_us=Some(19494651)
2026-09-19T23:20:23.016912Z DEBUG awase::journal: hook ime-mode diagnostic seq=121 elapsed_ms=40425 vk_code=242 is_down=true self_injected=false injected=false scan=112
2026-09-19T23:20:23.017084Z  INFO awase_windows::runtime::key_pipeline: [shadow-toggle] intent 昇格: vk=0xF2 scan=0x70 action=TurnOn kind=PhysicalImeKey injected=false true→true w_ops0=110341 x_ops0=244581 x_KB0=23.6
2026-09-19T23:20:23.017128Z DEBUG awase::journal: ime event seq=122 elapsed_ms=40425 event_kind="UserImeSetIntent"
2026-09-19T23:20:23.017153Z DEBUG awase_windows::runtime::key_pipeline: [shadow-toggle] no-op: vk=0xF2 action=TurnOn source=PhysicalImeKey effective_open は既に true → apply-ime 見送り
2026-09-19T23:20:23.017247Z DEBUG awase_windows::runtime::key_pipeline: [engine-input] vk=0xF2 KeyDown ts=40424976us delay=0ms state=Idle mods(c=false s=false a=false w=false) gas_ctrl=false phys_ctrl=false extra=0x5350494B pending_drain=0 gate_active=false l_thumb=None r_thumb=None [diag-ctx] ime_o
2026-09-19T23:20:23.017333Z DEBUG awase::journal: key input seq=123 elapsed_ms=40425 vk_code=242 is_down=true injected=false key_class="Passthrough" state_before="Idle" state_after="Idle" decision="PassThrough" physical="Allow" repeat_count=1 last_timestamp_us=40424976 last_elapsed_ms=0
2026-09-19T23:20:23.017364Z DEBUG awase_windows::runtime::key_pipeline: may_change_ime key passed through (refresh ablated)
2026-09-19T23:20:23.017428Z DEBUG execute_from_hook: awase_windows::runtime::executor: [relay-passthrough] PassThrough idle: direct OS pass-through (vk=0xf2 down)
2026-09-19T23:20:23.017498Z DEBUG execute_one{generation=None}: awase_windows::runtime::executor: [reinject] vk=0xf2 down (queued passthrough now firing)
2026-09-19T23:20:23.020099Z DEBUG awase_windows::hook: [hook] IME-mode vk=0xF2 down self_injected=true injected=true scan=0x0 extra=0x4B45594D since_actuation_us=Some(19498003)
2026-09-19T23:20:23.021792Z DEBUG awase::journal: hook ime-mode diagnostic seq=124 elapsed_ms=40430 vk_code=242 is_down=true self_injected=true injected=true scan=0
2026-09-19T23:20:23.030889Z DEBUG awase_windows::tsf::gji_monitor: [gji-io] WRITE: w_ops=+2 w_KB=+0.0 (r_ops=+4 x_ops=+4 x_KB=+0.0)
2026-09-19T23:20:23.702241Z DEBUG awase_windows::runtime::key_pipeline: [engine-input] vk=0x4B KeyDown ts=41110086us delay=0ms state=Idle mods(c=false s=false a=false w=false) gas_ctrl=false phys_ctrl=false extra=0x5350494B pending_drain=0 gate_active=false l_thumb=None r_thumb=None [diag-ctx] ime_o
2026-09-19T23:20:23.702372Z DEBUG awase::journal: key input seq=125 elapsed_ms=41110 vk_code=75 is_down=true injected=false key_class="Char" state_before="Idle" state_after="PendingChar(vk=0x4B)" decision="Consume" physical="Allow" repeat_count=1 last_timestamp_us=41110086 last_elapsed_ms=0
2026-09-19T23:20:23.810186Z DEBUG execute_from_loop:execute_one{generation=None}: awase_windows::output: send_keys: mode=Unicode actions=[Char('き')] prev_elapsed=3141ms
2026-09-19T23:20:23.810223Z DEBUG execute_from_loop:execute_one{generation=None}: awase_windows::tsf::probe: [mark-send] last_send_ms=336057859
2026-09-19T23:20:23.810246Z DEBUG execute_from_loop:execute_one{generation=None}: awase_windows::output:   → Char('き') via Unicode
2026-09-19T23:20:23.813019Z DEBUG execute_from_loop:execute_one{generation=None}: awase_windows::tsf::probe: [mark-send] last_send_ms=336057859
2026-09-19T23:20:23.825360Z DEBUG awase_windows::tsf::gji_monitor: [gji-io] WRITE: w_ops=+2 w_KB=+0.3 (r_ops=+4 x_ops=+4 x_KB=+0.0)
2026-09-19T23:20:23.825980Z  INFO awase_windows::tsf::win_event_obs: [gji-obs] candidate SHOW #5: last_gji_write=0ms ago
2026-09-19T23:20:23.873192Z DEBUG awase_windows::runtime::key_pipeline: [engine-input] vk=0x4B KeyUp ts=41281082us delay=0ms state=Idle mods(c=false s=false a=false w=false) gas_ctrl=false phys_ctrl=false extra=0x5350494B pending_drain=0 gate_active=false l_thumb=None r_thumb=None [diag-ctx] ime_on=
2026-09-19T23:20:23.873319Z DEBUG awase::journal: key input seq=127 elapsed_ms=41281 vk_code=75 is_down=false injected=false key_class="Char" state_before="Idle" state_after="Idle" decision="Consume" physical="Allow" repeat_count=1 last_timestamp_us=41281082 last_elapsed_ms=0
2026-09-19T23:20:23.873488Z DEBUG execute_one{generation=None}: awase_windows::output: send_keys: mode=Unicode actions=[Suppress] prev_elapsed=62ms
2026-09-19T23:20:23.873525Z DEBUG execute_one{generation=None}: awase_windows::tsf::probe: [mark-send] last_send_ms=336057921
2026-09-19T23:20:23.873547Z DEBUG execute_one{generation=None}: awase_windows::output:   → Suppress
2026-09-19T23:20:23.873565Z DEBUG execute_one{generation=None}: awase_windows::tsf::probe: [mark-send] last_send_ms=336057921
2026-09-19T23:20:23.873625Z DEBUG execute_one{generation=None}: awase_windows::platform: [gji-fsm] StartComposition (candidate SHOW)
2026-09-19T23:20:23.873666Z DEBUG execute_one{generation=None}:gji_on_event{event=StartComposition}: awase_windows::tsf::gji_fsm: [gji-fsm] StartComposition: OnWarm → OnComposing(AlreadyWarm)
2026-09-19T23:20:23.873819Z DEBUG awase::journal: gji fsm transition seq=128 elapsed_ms=41282 trigger="StartComposition(candidate SHOW)" state_before="OnWarm" state_after="OnComposing(Warm)"
2026-09-19T23:20:24.205900Z DEBUG awase_windows::runtime::key_pipeline: [engine-input] vk=0x1B KeyDown ts=41613772us delay=0ms state=Idle mods(c=false s=false a=false w=false) gas_ctrl=false phys_ctrl=false extra=0x5350494B pending_drain=0 gate_active=false l_thumb=None r_thumb=None [diag-ctx] ime_o
2026-09-19T23:20:24.206003Z DEBUG awase::journal: key input seq=129 elapsed_ms=41614 vk_code=27 is_down=true injected=false key_class="Passthrough" state_before="Idle" state_after="Idle" decision="PassThrough" physical="Allow" repeat_count=1 last_timestamp_us=41613772 last_elapsed_ms=0
2026-09-19T23:20:24.206094Z DEBUG execute_from_hook: awase_windows::runtime::executor: [relay-passthrough] PassThrough idle: direct OS pass-through (vk=0x1b down)
2026-09-19T23:20:24.206165Z DEBUG execute_one{generation=None}: awase_windows::runtime::executor: [reinject] vk=0x1b down (queued passthrough now firing)
2026-09-19T23:20:24.215374Z  INFO awase_windows::tsf::win_event_obs: [gji-obs] candidate HIDE: last_gji_write=390ms ago
2026-09-19T23:20:24.220078Z DEBUG awase_windows::tsf::gji_monitor: [gji-io] WRITE: w_ops=+2 w_KB=+0.3 (r_ops=+4 x_ops=+4 x_KB=+0.0)
2026-09-19T23:20:24.391320Z DEBUG awase_windows::runtime::key_pipeline: [engine-input] vk=0x1B KeyUp ts=41799066us delay=0ms state=Idle mods(c=false s=false a=false w=false) gas_ctrl=false phys_ctrl=false extra=0x5350494B pending_drain=0 gate_active=false l_thumb=None r_thumb=None [diag-ctx] ime_on=
2026-09-19T23:20:24.391732Z DEBUG awase::journal: key input seq=130 elapsed_ms=41800 vk_code=27 is_down=false injected=false key_class="Passthrough" state_before="Idle" state_after="Idle" decision="PassThrough" physical="Allow" repeat_count=1 last_timestamp_us=41799066 last_elapsed_ms=0
2026-09-19T23:20:24.391837Z DEBUG execute_from_hook: awase_windows::runtime::executor: [relay-passthrough] PassThrough idle: direct OS pass-through (vk=0x1b up)
2026-09-19T23:20:24.392177Z DEBUG execute_one{generation=None}: awase_windows::runtime::executor: [reinject] vk=0x1b up (queued passthrough now firing)
2026-09-19T23:20:24.394839Z DEBUG awase_windows::platform: [gji-fsm] EndComposition (candidate HIDE) epoch=FocusEpoch(5)
2026-09-19T23:20:24.394944Z DEBUG awase::journal: gji fsm transition seq=131 elapsed_ms=41803 trigger="EndComposition(candidate HIDE, epoch=FocusEpoch(5))" state_before="OnComposing(Warm)" state_after="OnWarm"
2026-09-19T23:20:26.141331Z DEBUG awase_windows::runtime::key_pipeline: [shadow-toggle] vk=0x1DはFSM delegate所有 → belief書き込み/actuationをスキップ w_ops0=110347 x_ops0=244593 x_KB0=23.6
2026-09-19T23:20:26.141365Z DEBUG awase_windows::runtime::key_pipeline: [shadow-toggle] no-op: vk=0x1D action=Toggle source=PhysicalImeKey effective_open は既に true → apply-ime 見送り
2026-09-19T23:20:26.141396Z DEBUG awase_windows::runtime::key_pipeline: [engine-input] vk=0x1D KeyDown ts=43549239us delay=0ms state=Idle mods(c=false s=false a=false w=false) gas_ctrl=false phys_ctrl=false extra=0x5350494B pending_drain=0 gate_active=false l_thumb=Some(43549228) r_thumb=None [diag-
2026-09-19T23:20:26.141491Z DEBUG awase::journal: key input seq=132 elapsed_ms=43549 vk_code=29 is_down=true injected=false key_class="LeftThumb" state_before="Idle" state_after="PendingThumb(vk=0x1D,left=true)" decision="Consume" physical="Allow" repeat_count=1 last_timestamp_us=43549239 last_elaps
2026-09-19T23:20:26.266958Z DEBUG awase_windows::runtime::key_pipeline: [engine-input] vk=0x1D KeyUp ts=43674850us delay=0ms state=PendingThumb(vk=0x1D,left=true) mods(c=false s=false a=false w=false) gas_ctrl=false phys_ctrl=false extra=0x5350494B pending_drain=0 gate_active=false l_thumb=None r_th
2026-09-19T23:20:26.267027Z  INFO awase::engine::engine: IME open axis delegated (solo tap, key semantics absorption) → false (origin=ExplicitUserAction)
2026-09-19T23:20:26.267092Z DEBUG awase::journal: key input seq=134 elapsed_ms=43675 vk_code=29 is_down=false injected=false key_class="LeftThumb" state_before="PendingThumb(vk=0x1D,left=true)" state_after="Idle" decision="Consume" physical="Allow" repeat_count=1 last_timestamp_us=43674850 last_elap
2026-09-19T23:20:26.267155Z DEBUG awase::journal: ime event seq=135 elapsed_ms=43675 event_kind="UserImeSetIntent"
2026-09-19T23:20:26.267187Z DEBUG awase::journal: ime event seq=136 elapsed_ms=43675 event_kind="ImeApplyRequested"
2026-09-19T23:20:26.267207Z  INFO awase_windows::runtime::key_pipeline: IME control: preconditions.ime_on = false (SetOpenRequest, origin=ExplicitUserAction), was_open_before=true last_intent_before=Some(true) poll suspended
2026-09-19T23:20:26.267412Z DEBUG execute_one{generation=Some(ApplyGeneration(4))}:dispatch_ime_set_open{open=false generation=Some(ApplyGeneration(4))}: awase_windows::runtime::executor: [dispatch-ime] ImmCross async: optimistic applied_snapshot=false (suppress send_engine_state_ime_key)
2026-09-19T23:20:26.268486Z DEBUG execute_one{generation=Some(ApplyGeneration(4))}: awase_windows::platform: [engine-state-key] skipped (apply_ime_open aligned ime=false, profile=Standard)
2026-09-19T23:20:26.271133Z DEBUG run_open_chain_async: awase_windows::ime_controller: [warrant-shadow] chain=async open=false origin=EventOrigin { source: SelfActuated { strategy: "engine_decision_async" }, epoch: Generation(0) } warranted
2026-09-19T23:20:26.271216Z  INFO run_open_chain_async:imm_cross_write{open=false}: awase_windows::runtime::open_chain: [apply-ime] ImmCross async: open=false composition_active=false show_seq=0 change_seq=0 (issue #138診断)
2026-09-19T23:20:26.274537Z DEBUG awase_windows::shadow_send_trace: [shadow-send] channel=ImeControl cmd=0x0006 lparam=0 issue_us=43681704
2026-09-19T23:20:26.274553Z DEBUG awase_windows::ime: set_ime_open_for_target: hwnd=HWND(0xbd1c7a) ime_wnd=HWND(0xae373a) open=false success=true send_elapsed=0ms candidate_visible=false
2026-09-19T23:20:26.274944Z DEBUG run_open_chain_async:imm_cross_write{open=false}: awase_windows::ime: [imm-cross-actuate] hwnd=HWND(0xbd1c7a) open=Written conv=None
2026-09-19T23:20:26.275161Z DEBUG run_open_chain_async: awase::journal: actuation decision seq=137 elapsed_ms=43683 site="DispatchImeSetOpen" caller="None" open=false chain_len=4 attempts_len=1 gate_profile="Standard" gate_kind="Gji" gate_shadow_known=true gate_shadow_on=true gate_input_mode="Observ
2026-09-19T23:20:26.277188Z DEBUG on_ime_apply_complete{open=false outcome=AppliedWithoutSendInput generation=Some(ApplyGeneration(4)) reason=EngineDecision}: awase::journal: ime open applied seq=138 elapsed_ms=43685 open=false outcome="AppliedWithoutSendInput" reason="EngineDecision"
2026-09-19T23:20:26.278819Z DEBUG on_ime_apply_complete{open=false outcome=AppliedWithoutSendInput generation=Some(ApplyGeneration(4)) reason=EngineDecision}: awase::journal: ime event seq=139 elapsed_ms=43687 event_kind="ImeApplySucceeded"
2026-09-19T23:20:26.278854Z DEBUG on_ime_apply_complete{open=false outcome=AppliedWithoutSendInput generation=Some(ApplyGeneration(4)) reason=EngineDecision}: awase_windows::tsf::ime_mode_fsm: [ime-mode] SetOpen(false) applied → Off (belief, unconfirmed)
2026-09-19T23:20:26.278880Z DEBUG on_ime_apply_complete{open=false outcome=AppliedWithoutSendInput generation=Some(ApplyGeneration(4)) reason=EngineDecision}: awase_windows::platform: [composition] ImeEffect::SetOpen(false) → marking cold (prevent warm+TSF Enter leak)
2026-09-19T23:20:26.278903Z DEBUG on_ime_apply_complete{open=false outcome=AppliedWithoutSendInput generation=Some(ApplyGeneration(4)) reason=EngineDecision}: awase_windows::tsf::probe: [composition] marked cold reason=SetOpenFalse idle=2407ms → next VK/TSF output will send VK_DBE_HIRAGANA warmup
2026-09-19T23:20:26.280086Z DEBUG awase::journal: gji fsm transition seq=140 elapsed_ms=43687 trigger="ImeOff" state_before="OnWarm" state_after="OffCold"
2026-09-19T23:20:26.317241Z DEBUG awase_windows::runtime::ime_refresh: Explicit intent: bypassing typing-idle guard for IME verify (idle=47ms)
2026-09-19T23:20:26.317294Z DEBUG awase_windows::observer::ime_observer: IME snapshot: japanese=Some(true) ime_on=Some(false) romaji=None conv=Some("0x00000010") guard=false
2026-09-19T23:20:26.317389Z DEBUG awase::journal: ime event seq=141 elapsed_ms=43725 event_kind="ObserverReported"
2026-09-19T23:20:26.828568Z DEBUG awase_windows::runtime::key_pipeline: [engine-input] vk=0x4B KeyDown ts=44236381us delay=0ms state=Idle mods(c=false s=false a=false w=false) gas_ctrl=false phys_ctrl=false extra=0x5350494B pending_drain=0 gate_active=false l_thumb=None r_thumb=None [diag-ctx] ime_o
2026-09-19T23:20:26.828671Z DEBUG awase::journal: key input seq=142 elapsed_ms=44237 vk_code=75 is_down=true injected=false key_class="Char" state_before="Idle" state_after="Idle" decision="PassThrough" physical="Allow" repeat_count=1 last_timestamp_us=44236381 last_elapsed_ms=0
2026-09-19T23:20:26.828823Z DEBUG execute_one{generation=None}: awase_windows::runtime::executor: [reinject] vk=0x4b down (queued passthrough now firing)
2026-09-19T23:20:27.015417Z DEBUG awase_windows::runtime::key_pipeline: [engine-input] vk=0x4B KeyUp ts=44423321us delay=0ms state=Idle mods(c=false s=false a=false w=false) gas_ctrl=false phys_ctrl=false extra=0x5350494B pending_drain=0 gate_active=false l_thumb=None r_thumb=None [diag-ctx] ime_on=
2026-09-19T23:20:27.015471Z DEBUG awase::journal: key input seq=143 elapsed_ms=44423 vk_code=75 is_down=false injected=false key_class="Char" state_before="Idle" state_after="Idle" decision="PassThrough" physical="Allow" repeat_count=1 last_timestamp_us=44423321 last_elapsed_ms=0
2026-09-19T23:20:27.015560Z DEBUG execute_one{generation=None}: awase_windows::runtime::executor: [reinject] vk=0x4b up (queued passthrough now firing)
2026-09-19T23:20:27.326995Z DEBUG awase_windows::runtime::key_pipeline: [engine-input] vk=0x1B KeyDown ts=44734801us delay=0ms state=Idle mods(c=false s=false a=false w=false) gas_ctrl=false phys_ctrl=false extra=0x5350494B pending_drain=0 gate_active=false l_thumb=None r_thumb=None [diag-ctx] ime_o
2026-09-19T23:20:27.327061Z DEBUG awase::journal: key input seq=144 elapsed_ms=44735 vk_code=27 is_down=true injected=false key_class="Passthrough" state_before="Idle" state_after="Idle" decision="PassThrough" physical="Allow" repeat_count=1 last_timestamp_us=44734801 last_elapsed_ms=0
2026-09-19T23:20:27.327117Z DEBUG execute_from_hook: awase_windows::tsf::probe: [composition] marked cold reason=PassthroughConfirmKey idle=3454ms → next VK/TSF output will send VK_DBE_HIRAGANA warmup
2026-09-19T23:20:27.327128Z DEBUG execute_from_hook: awase_windows::tsf::probe: [mark-send] last_send_ms=336061375
2026-09-19T23:20:27.327181Z DEBUG execute_from_hook: awase_windows::platform: [composition-fsm] EmitWarmup (ConfirmKeyDown)
2026-09-19T23:20:27.327235Z DEBUG execute_from_hook: awase_windows::runtime::executor: [relay-passthrough] PassThrough idle: direct OS pass-through (vk=0x1b down)
2026-09-19T23:20:27.327277Z DEBUG awase::journal: gji fsm transition seq=145 elapsed_ms=44735 trigger="CompositionReset(gji_idle_ms=3110)" state_before="OffCold" state_after="OffCold"
2026-09-19T23:20:27.327340Z DEBUG awase_windows::runtime::executor: [reinject-guard] suspending drain for 50ms (vk=0x1b)
2026-09-19T23:20:27.383369Z DEBUG execute_one{generation=None}: awase_windows::runtime::executor: [reinject] vk=0x1b down (queued passthrough now firing)
2026-09-19T23:20:27.383429Z DEBUG execute_one{generation=None}: awase_windows::platform: [composition] reinject KeyDown vk=0x1b → marking cold + eager warmup
2026-09-19T23:20:27.383526Z DEBUG execute_one{generation=None}: awase_windows::tsf::probe: [composition] marked cold reason=ReinjectConfirmKey idle=62ms → next VK/TSF output will send VK_DBE_HIRAGANA warmup
2026-09-19T23:20:27.383564Z DEBUG execute_one{generation=None}: awase_windows::tsf::probe: [mark-send] last_send_ms=336061437
2026-09-19T23:20:27.388308Z DEBUG awase::journal: gji fsm transition seq=146 elapsed_ms=44792 trigger="CompositionReset(gji_idle_ms=3172)" state_before="OffCold" state_after="OffCold"
2026-09-19T23:20:27.516266Z DEBUG awase_windows::runtime::key_pipeline: [engine-input] vk=0x1B KeyUp ts=44924127us delay=0ms state=Idle mods(c=false s=false a=false w=false) gas_ctrl=false phys_ctrl=false extra=0x5350494B pending_drain=0 gate_active=false l_thumb=None r_thumb=None [diag-ctx] ime_on=
2026-09-19T23:20:27.516552Z DEBUG awase::journal: key input seq=147 elapsed_ms=44924 vk_code=27 is_down=false injected=false key_class="Passthrough" state_before="Idle" state_after="Idle" decision="PassThrough" physical="Allow" repeat_count=1 last_timestamp_us=44924127 last_elapsed_ms=0
2026-09-19T23:20:27.516774Z DEBUG execute_from_hook: awase_windows::runtime::executor: [relay-passthrough] PassThrough idle: direct OS pass-through (vk=0x1b up)
2026-09-19T23:20:27.516931Z DEBUG execute_one{generation=None}: awase_windows::runtime::executor: [reinject] vk=0x1b up (queued passthrough now firing)
2026-09-19T23:20:29.290169Z  INFO awase_windows::runtime::key_pipeline: [shadow-toggle] intent 昇格: vk=0x1D scan=0x7B action=Toggle kind=PhysicalImeKey injected=false false→true w_ops0=110347 x_ops0=244593 x_KB0=23.6
2026-09-19T23:20:29.290229Z DEBUG awase::journal: ime event seq=148 elapsed_ms=46698 event_kind="UserImeSetIntent"
2026-09-19T23:20:29.290263Z DEBUG awase_windows::runtime::key_pipeline: Shadow IME toggle: OFF → ON (vk=0x1D, source=PhysicalImeKey)
2026-09-19T23:20:29.290295Z DEBUG awase_windows::runtime::key_pipeline: [engine-input] vk=0x1D KeyDown ts=46697912us delay=0ms state=Idle mods(c=false s=false a=false w=false) gas_ctrl=false phys_ctrl=false extra=0x5350494B pending_drain=0 gate_active=false l_thumb=Some(46697894) r_thumb=None [diag-
2026-09-19T23:20:29.290330Z  INFO awase::engine::engine: Engine activated (ime=true, romaji=true, japanese=true, user=true, reason=Active)
2026-09-19T23:20:29.290412Z DEBUG awase::journal: key input seq=149 elapsed_ms=46698 vk_code=29 is_down=true injected=false key_class="LeftThumb" state_before="Idle" state_after="PendingThumb(vk=0x1D,left=true)" decision="Consume" physical="Allow" repeat_count=1 last_timestamp_us=46697912 last_elaps
2026-09-19T23:20:29.290464Z DEBUG awase::journal: ime event seq=150 elapsed_ms=46698 event_kind="EngineActivationSync"
2026-09-19T23:20:29.290494Z DEBUG awase::journal: ime event seq=151 elapsed_ms=46698 event_kind="ImeApplyRequested"
2026-09-19T23:20:29.290517Z  INFO awase_windows::runtime::key_pipeline: IME control: preconditions.ime_on = true (SetOpenRequest, origin=ActivationSync), was_open_before=true last_intent_before=Some(true) poll suspended
2026-09-19T23:20:29.290949Z DEBUG execute_one{generation=Some(ApplyGeneration(5))}:dispatch_ime_set_open{open=true generation=Some(ApplyGeneration(5))}: awase_windows::runtime::executor: [dispatch-ime] ImmCross async: optimistic applied_snapshot=true (suppress send_engine_state_ime_key)
2026-09-19T23:20:29.293300Z DEBUG execute_one{generation=Some(ApplyGeneration(5))}: awase_windows::platform: [engine-state-key] skipped (apply_ime_open aligned ime=true, profile=Standard)
2026-09-19T23:20:29.295223Z DEBUG run_open_chain_async: awase_windows::ime_controller: [warrant-shadow] chain=async open=true origin=EventOrigin { source: SelfActuated { strategy: "engine_decision_async" }, epoch: Generation(0) } warranted
2026-09-19T23:20:29.295303Z  INFO run_open_chain_async:imm_cross_write{open=true}: awase_windows::runtime::open_chain: [apply-ime] ImmCross async: open=true composition_active=false show_seq=0 change_seq=0 (issue #138診断)
2026-09-19T23:20:29.298143Z DEBUG awase_windows::shadow_send_trace: [shadow-send] channel=ImeControl cmd=0x0006 lparam=1 issue_us=46705805
2026-09-19T23:20:29.298159Z DEBUG awase_windows::ime: set_ime_open_for_target: hwnd=HWND(0xbd1c7a) ime_wnd=HWND(0xae373a) open=true success=true send_elapsed=0ms candidate_visible=false
2026-09-19T23:20:29.299170Z DEBUG run_open_chain_async:imm_cross_write{open=true}: awase_windows::ime: [imm-cross-actuate] hwnd=HWND(0xbd1c7a) open=Written conv=Some(Written)
2026-09-19T23:20:29.299212Z DEBUG run_open_chain_async:imm_cross_write{open=true}: awase_windows::runtime::open_chain: [apply-ime] ROMAN 補完結果: Written
2026-09-19T23:20:29.299269Z DEBUG run_open_chain_async: awase::journal: actuation decision seq=152 elapsed_ms=46707 site="DispatchImeSetOpen" caller="None" open=true chain_len=4 attempts_len=1 gate_profile="Standard" gate_kind="Gji" gate_shadow_known=true gate_shadow_on=false gate_input_mode="Observ
2026-09-19T23:20:29.303502Z DEBUG on_ime_apply_complete{open=true outcome=AppliedWithoutSendInput generation=Some(ApplyGeneration(5)) reason=EngineDecision}: awase::journal: ime open applied seq=153 elapsed_ms=46711 open=true outcome="AppliedWithoutSendInput" reason="EngineDecision"
2026-09-19T23:20:29.304224Z DEBUG on_ime_apply_complete{open=true outcome=AppliedWithoutSendInput generation=Some(ApplyGeneration(5)) reason=EngineDecision}: awase::journal: ime event seq=154 elapsed_ms=46712 event_kind="ImeApplySucceeded"
2026-09-19T23:20:29.304253Z DEBUG on_ime_apply_complete{open=true outcome=AppliedWithoutSendInput generation=Some(ApplyGeneration(5)) reason=EngineDecision}: awase_windows::tsf::ime_mode_fsm: [ime-mode] SetOpen(true) applied → Hiragana (belief, unconfirmed)
2026-09-19T23:20:29.304343Z DEBUG on_ime_apply_complete{open=true outcome=AppliedWithoutSendInput generation=Some(ApplyGeneration(5)) reason=EngineDecision}: awase_windows::platform: [composition] ImeEffect::SetOpen(true) → marking cold
2026-09-19T23:20:29.304367Z DEBUG on_ime_apply_complete{open=true outcome=AppliedWithoutSendInput generation=Some(ApplyGeneration(5)) reason=EngineDecision}: awase_windows::tsf::probe: [composition] marked cold reason=SetOpenTrue idle=1922ms → next VK/TSF output will send VK_DBE_HIRAGANA warmup
2026-09-19T23:20:29.304416Z DEBUG on_ime_apply_complete{open=true outcome=AppliedWithoutSendInput generation=Some(ApplyGeneration(5)) reason=EngineDecision}:gji_on_event{event=ImeOn { injection_mode: Unicode, gji_idle_ms: 5094 }}: awase_windows::tsf::gji_fsm: [gji-fsm] ImeOn gji_idle=5094ms → Short
2026-09-19T23:20:29.304464Z DEBUG on_ime_apply_complete{open=true outcome=AppliedWithoutSendInput generation=Some(ApplyGeneration(5)) reason=EngineDecision}: awase_windows::platform: [gji-fsm] StartProbe probe_id=ProbeId(3) forces_f2=false long=false
2026-09-19T23:20:29.306328Z DEBUG awase::journal: gji fsm transition seq=155 elapsed_ms=46712 trigger="ImeOn(gji_idle_ms=5094)" state_before="OffCold" state_after="OnCold(Short)"
2026-09-19T23:20:29.306382Z DEBUG awase::journal: tsf probe started seq=156 elapsed_ms=46712 source="GjiAction::StartProbe" cold_seq=0 probe_id=3 probe_id_present=true gji_state="OnCold(Short)" consecutive_at_start=0 pending_deferred_len=0
2026-09-19T23:20:29.306431Z DEBUG awase::journal: gji fsm transition seq=157 elapsed_ms=46712 trigger="WarmupComplete(unicode)" state_before="OnCold(Short)" state_after="OnWarm"
2026-09-19T23:20:29.306451Z DEBUG awase::journal: tsf probe completed seq=158 elapsed_ms=46712 outcome="UnicodeImmediate" cold_seq=18446744073709551615 cold_seq_present=false probe_id=3 probe_id_present=true duration_ms=0 tick_count=0 gji_state="OnWarm"
2026-09-19T23:20:29.359637Z DEBUG awase_windows::runtime::ime_refresh: Explicit intent: bypassing typing-idle guard for IME verify (idle=63ms)
2026-09-19T23:20:29.359688Z DEBUG awase_windows::observer::ime_observer: IME snapshot: japanese=Some(true) ime_on=Some(true) romaji=None conv=Some("0x00000010") guard=false
2026-09-19T23:20:29.359779Z DEBUG awase::journal: ime event seq=159 elapsed_ms=46768 event_kind="ObserverReported"
2026-09-19T23:20:29.359817Z DEBUG awase::journal: ime event seq=160 elapsed_ms=46768 event_kind="InputModeObserved"
2026-09-19T23:20:29.359940Z DEBUG awase::engine::engine: [diag-engine-active] ime_on=true なのに非活性: reason=Inactive(NotRomajiInput) romaji_capable=false japanese=true user_enabled=true was_active=true input_mode=ObservedEisu
2026-09-19T23:20:29.359977Z  INFO awase::engine::nicola_fsm: flush_pending(ImeOff, from=PendingThumb(vk=0x1D,left=true)): flushed 0 action(s)
2026-09-19T23:20:29.360016Z  INFO awase::engine::engine: Engine deactivated (ime=true, romaji=false, japanese=true, user=true, reason=Inactive(NotRomajiInput))
2026-09-19T23:20:29.360152Z DEBUG execute_from_loop:execute_one{generation=None}: awase_windows::runtime::executor: [reinject] vk=0x1d up (queued passthrough now firing)
2026-09-19T23:20:29.413132Z DEBUG awase_windows::runtime::key_pipeline: [engine-input] vk=0x1D KeyUp ts=46820789us delay=0ms state=Idle mods(c=false s=false a=false w=false) gas_ctrl=false phys_ctrl=false extra=0x5350494B pending_drain=0 gate_active=false l_thumb=None r_thumb=None [diag-ctx] ime_on=
2026-09-19T23:20:29.413180Z DEBUG awase::engine::engine: [diag-engine-active] ime_on=true なのに非活性: reason=Inactive(NotRomajiInput) romaji_capable=false japanese=true user_enabled=true was_active=false input_mode=ObservedEisu
2026-09-19T23:20:29.413252Z DEBUG awase::journal: key input seq=161 elapsed_ms=46821 vk_code=29 is_down=false injected=false key_class="LeftThumb" state_before="Idle" state_after="Idle" decision="PassThrough" physical="Allow" repeat_count=1 last_timestamp_us=46820789 last_elapsed_ms=0
2026-09-19T23:20:29.413481Z DEBUG execute_one{generation=None}: awase_windows::runtime::executor: [reinject] vk=0x1d up (queued passthrough now firing)
2026-09-19T23:20:29.972622Z DEBUG awase_windows::runtime::key_pipeline: [engine-input] vk=0x4B KeyDown ts=47380396us delay=0ms state=Idle mods(c=false s=false a=false w=false) gas_ctrl=false phys_ctrl=false extra=0x5350494B pending_drain=0 gate_active=false l_thumb=None r_thumb=None [diag-ctx] ime_o
2026-09-19T23:20:29.972682Z DEBUG awase::engine::engine: [diag-engine-active] ime_on=true なのに非活性: reason=Inactive(NotRomajiInput) romaji_capable=false japanese=true user_enabled=true was_active=false input_mode=ObservedEisu
2026-09-19T23:20:29.972769Z DEBUG awase::journal: key input seq=162 elapsed_ms=47381 vk_code=75 is_down=true injected=false key_class="Char" state_before="Idle" state_after="Idle" decision="PassThrough" physical="Allow" repeat_count=1 last_timestamp_us=47380396 last_elapsed_ms=0
2026-09-19T23:20:29.972973Z DEBUG execute_one{generation=None}: awase_windows::runtime::executor: [reinject] vk=0x4b down (queued passthrough now firing)
2026-09-19T23:20:29.985198Z  INFO awase_windows::tsf::win_event_obs: [gji-obs] candidate SHOW #6: last_gji_write=5766ms ago
2026-09-19T23:20:29.985622Z DEBUG awase_windows::tsf::gji_monitor: [gji-io] WRITE: w_ops=+2 w_KB=+0.4 (r_ops=+4 x_ops=+4 x_KB=+0.0)
2026-09-19T23:20:30.157087Z DEBUG awase_windows::runtime::key_pipeline: [engine-input] vk=0x4B KeyUp ts=47565053us delay=0ms state=Idle mods(c=false s=false a=false w=false) gas_ctrl=false phys_ctrl=false extra=0x5350494B pending_drain=0 gate_active=false l_thumb=None r_thumb=None [diag-ctx] ime_on=
2026-09-19T23:20:30.157117Z DEBUG awase::engine::engine: [diag-engine-active] ime_on=true なのに非活性: reason=Inactive(NotRomajiInput) romaji_capable=false japanese=true user_enabled=true was_active=false input_mode=ObservedEisu
2026-09-19T23:20:30.157163Z DEBUG awase::journal: key input seq=163 elapsed_ms=47565 vk_code=75 is_down=false injected=false key_class="Char" state_before="Idle" state_after="Idle" decision="PassThrough" physical="Allow" repeat_count=1 last_timestamp_us=47565053 last_elapsed_ms=0
2026-09-19T23:20:30.157580Z DEBUG execute_one{generation=None}: awase_windows::runtime::executor: [reinject] vk=0x4b up (queued passthrough now firing)
2026-09-19T23:20:30.160354Z DEBUG awase_windows::platform: [gji-fsm] StartComposition (candidate SHOW)
2026-09-19T23:20:30.160385Z DEBUG gji_on_event{event=StartComposition}: awase_windows::tsf::gji_fsm: [gji-fsm] StartComposition: OnWarm → OnComposing(AlreadyWarm)
2026-09-19T23:20:30.160501Z DEBUG awase::journal: gji fsm transition seq=164 elapsed_ms=47568 trigger="StartComposition(candidate SHOW)" state_before="OnWarm" state_after="OnComposing(Warm)"
2026-09-19T23:20:30.469017Z DEBUG awase_windows::runtime::key_pipeline: [engine-input] vk=0x1B KeyDown ts=47876975us delay=0ms state=Idle mods(c=false s=false a=false w=false) gas_ctrl=false phys_ctrl=false extra=0x5350494B pending_drain=0 gate_active=false l_thumb=None r_thumb=None [diag-ctx] ime_o
2026-09-19T23:20:30.469047Z DEBUG awase::engine::engine: [diag-engine-active] ime_on=true なのに非活性: reason=Inactive(NotRomajiInput) romaji_capable=false japanese=true user_enabled=true was_active=false input_mode=ObservedEisu
2026-09-19T23:20:30.469085Z DEBUG awase::journal: key input seq=165 elapsed_ms=47877 vk_code=27 is_down=true injected=false key_class="Passthrough" state_before="Idle" state_after="Idle" decision="PassThrough" physical="Allow" repeat_count=1 last_timestamp_us=47876975 last_elapsed_ms=0
2026-09-19T23:20:30.469133Z DEBUG execute_from_hook: awase_windows::runtime::executor: [relay-passthrough] PassThrough idle: direct OS pass-through (vk=0x1b down)
2026-09-19T23:20:30.469171Z DEBUG execute_one{generation=None}: awase_windows::runtime::executor: [reinject] vk=0x1b down (queued passthrough now firing)
2026-09-19T23:20:30.477676Z  INFO awase_windows::tsf::win_event_obs: [gji-obs] candidate HIDE: last_gji_write=500ms ago
2026-09-19T23:20:30.483349Z DEBUG awase_windows::tsf::gji_monitor: [gji-io] WRITE: w_ops=+2 w_KB=+0.4 (r_ops=+4 x_ops=+4 x_KB=+0.0)
2026-09-19T23:20:30.657816Z DEBUG awase_windows::runtime::key_pipeline: [engine-input] vk=0x1B KeyUp ts=48065614us delay=0ms state=Idle mods(c=false s=false a=false w=false) gas_ctrl=false phys_ctrl=false extra=0x5350494B pending_drain=0 gate_active=false l_thumb=None r_thumb=None [diag-ctx] ime_on=
2026-09-19T23:20:30.657850Z DEBUG awase::engine::engine: [diag-engine-active] ime_on=true なのに非活性: reason=Inactive(NotRomajiInput) romaji_capable=false japanese=true user_enabled=true was_active=false input_mode=ObservedEisu
2026-09-19T23:20:30.657892Z DEBUG awase::journal: key input seq=166 elapsed_ms=48066 vk_code=27 is_down=false injected=false key_class="Passthrough" state_before="Idle" state_after="Idle" decision="PassThrough" physical="Allow" repeat_count=1 last_timestamp_us=48065614 last_elapsed_ms=0
2026-09-19T23:20:30.657949Z DEBUG execute_from_hook: awase_windows::runtime::executor: [relay-passthrough] PassThrough idle: direct OS pass-through (vk=0x1b up)
2026-09-19T23:20:30.657991Z DEBUG execute_one{generation=None}: awase_windows::runtime::executor: [reinject] vk=0x1b up (queued passthrough now firing)
2026-09-19T23:20:30.661007Z DEBUG awase_windows::platform: [gji-fsm] EndComposition (candidate HIDE) epoch=FocusEpoch(6)
2026-09-19T23:20:30.661219Z DEBUG awase::journal: gji fsm transition seq=167 elapsed_ms=48069 trigger="EndComposition(candidate HIDE, epoch=FocusEpoch(6))" state_before="OnComposing(Warm)" state_after="OnWarm"
2026-09-19T23:20:32.465870Z DEBUG awase_windows::hook: [hook] IME-mode vk=0xF0 up self_injected=false injected=false scan=0x70 extra=0x5350494B since_actuation_us=Some(28943764)
2026-09-19T23:20:32.466033Z DEBUG awase::journal: hook ime-mode diagnostic seq=168 elapsed_ms=49874 vk_code=240 is_down=false self_injected=false injected=false scan=112
2026-09-19T23:20:32.466208Z DEBUG awase_windows::runtime::key_pipeline: [engine-input] vk=0xF0 KeyUp ts=49874150us delay=0ms state=Idle mods(c=false s=false a=false w=false) gas_ctrl=false phys_ctrl=false extra=0x5350494B pending_drain=0 gate_active=false l_thumb=None r_thumb=None [diag-ctx] ime_on=
2026-09-19T23:20:32.466230Z DEBUG awase::engine::engine: [diag-engine-active] ime_on=true なのに非活性: reason=Inactive(NotRomajiInput) romaji_capable=false japanese=true user_enabled=true was_active=false input_mode=ObservedEisu
2026-09-19T23:20:32.466236Z DEBUG awase_windows::hook: [hook] IME-mode vk=0xF2 down self_injected=false injected=false scan=0x70 extra=0x5350494B since_actuation_us=Some(28944140)
2026-09-19T23:20:32.466351Z DEBUG awase::journal: key input seq=169 elapsed_ms=49874 vk_code=240 is_down=false injected=false key_class="Passthrough" state_before="Idle" state_after="Idle" decision="PassThrough" physical="Suppress" repeat_count=1 last_timestamp_us=49874150 last_elapsed_ms=0
2026-09-19T23:20:32.466381Z DEBUG awase_windows::runtime::key_pipeline: [imm-cross] key suppress vk=0xf0 KeyUp (physical disposition)
2026-09-19T23:20:32.466411Z DEBUG awase::journal: hook ime-mode diagnostic seq=170 elapsed_ms=49874 vk_code=242 is_down=true self_injected=false injected=false scan=112
2026-09-19T23:20:32.466562Z  INFO awase_windows::runtime::key_pipeline: [shadow-toggle] intent 昇格: vk=0xF2 scan=0x70 action=TurnOn kind=PhysicalImeKey injected=false true→true w_ops0=110351 x_ops0=244601 x_KB0=23.6
2026-09-19T23:20:32.466611Z DEBUG awase::journal: ime event seq=171 elapsed_ms=49875 event_kind="UserImeSetIntent"
2026-09-19T23:20:32.466637Z DEBUG awase_windows::runtime::key_pipeline: [shadow-toggle] no-op: vk=0xF2 action=TurnOn source=PhysicalImeKey effective_open は既に true → apply-ime 見送り
2026-09-19T23:20:32.466668Z DEBUG awase::journal: ime event seq=172 elapsed_ms=49875 event_kind="InputModeApplied"
2026-09-19T23:20:32.466684Z  INFO awase_windows::runtime::key_pipeline: [shadow-toggle] TurnOn (IME既にopen) + ObservedEisu → AssumedRomaji に リセット (UserTurnOnEisuReset)
2026-09-19T23:20:32.466724Z DEBUG awase_windows::runtime::key_pipeline: [engine-input] vk=0xF2 KeyDown ts=49874479us delay=0ms state=Idle mods(c=false s=false a=false w=false) gas_ctrl=false phys_ctrl=false extra=0x5350494B pending_drain=0 gate_active=false l_thumb=None r_thumb=None [diag-ctx] ime_o
2026-09-19T23:20:32.466759Z  INFO awase::engine::engine: Engine activated (ime=true, romaji=true, japanese=true, user=true, reason=Active)
2026-09-19T23:20:32.466822Z DEBUG awase::journal: key input seq=173 elapsed_ms=49875 vk_code=242 is_down=true injected=false key_class="Passthrough" state_before="Idle" state_after="Idle" decision="PassThroughWith" physical="Allow" repeat_count=1 last_timestamp_us=49874479 last_elapsed_ms=0
2026-09-19T23:20:32.466875Z DEBUG awase::journal: ime event seq=174 elapsed_ms=49875 event_kind="EngineActivationSync"
2026-09-19T23:20:32.466908Z DEBUG awase::journal: ime event seq=175 elapsed_ms=49875 event_kind="ImeApplyRequested"
2026-09-19T23:20:32.466924Z  INFO awase_windows::runtime::key_pipeline: IME control: preconditions.ime_on = true (SetOpenRequest, origin=ActivationSync), was_open_before=true last_intent_before=Some(true) poll suspended
2026-09-19T23:20:32.466942Z DEBUG awase_windows::runtime::key_pipeline: may_change_ime key passed through (refresh ablated)
2026-09-19T23:20:32.466971Z DEBUG execute_from_hook: awase_windows::runtime::executor: [relay-flush] PassThroughWith: queue 2 effect(s) + reinject (vk=0xf2 down)
2026-09-19T23:20:32.467132Z DEBUG execute_one{generation=Some(ApplyGeneration(6))}:dispatch_ime_set_open{open=true generation=Some(ApplyGeneration(6))}: awase_windows::runtime::executor: [dispatch-ime] ImmCross async: optimistic applied_snapshot=true (suppress send_engine_state_ime_key)
2026-09-19T23:20:32.468919Z DEBUG execute_one{generation=Some(ApplyGeneration(6))}: awase_windows::platform: [engine-state-key] skipped (apply_ime_open aligned ime=true, profile=Standard)
2026-09-19T23:20:32.469009Z DEBUG execute_one{generation=Some(ApplyGeneration(6))}: awase_windows::runtime::executor: [reinject] vk=0xf2 down (queued passthrough now firing)
2026-09-19T23:20:32.469413Z DEBUG awase_windows::hook: [hook] IME-mode vk=0xF0 up self_injected=true injected=false scan=0x0 extra=0x4B45594D since_actuation_us=Some(28947314)
2026-09-19T23:20:32.472998Z DEBUG awase_windows::hook: [hook] IME-mode vk=0xF2 down self_injected=true injected=true scan=0x0 extra=0x4B45594D since_actuation_us=Some(28950894)
2026-09-19T23:20:32.474752Z DEBUG awase::journal: hook ime-mode diagnostic seq=176 elapsed_ms=49883 vk_code=240 is_down=false self_injected=true injected=false scan=0
2026-09-19T23:20:32.474798Z DEBUG awase::journal: hook ime-mode diagnostic seq=177 elapsed_ms=49883 vk_code=242 is_down=true self_injected=true injected=true scan=0
2026-09-19T23:20:32.475213Z DEBUG run_open_chain_async: awase_windows::ime_controller: [warrant-shadow] chain=async open=true origin=EventOrigin { source: SelfActuated { strategy: "engine_decision_async" }, epoch: Generation(0) } warranted
2026-09-19T23:20:32.475300Z  INFO run_open_chain_async:imm_cross_write{open=true}: awase_windows::runtime::open_chain: [apply-ime] ImmCross async: open=true composition_active=false show_seq=0 change_seq=0 (issue #138診断)
2026-09-19T23:20:32.479550Z DEBUG awase_windows::tsf::gji_monitor: [gji-io] WRITE: w_ops=+2 w_KB=+0.0 (r_ops=+4 x_ops=+4 x_KB=+0.0)
2026-09-19T23:20:32.486941Z DEBUG awase_windows::shadow_send_trace: [shadow-send] channel=ImeControl cmd=0x0006 lparam=1 issue_us=49888320
2026-09-19T23:20:32.486957Z DEBUG awase_windows::ime: set_ime_open_for_target: hwnd=HWND(0xbd1c7a) ime_wnd=HWND(0xae373a) open=true success=true send_elapsed=6ms candidate_visible=false
2026-09-19T23:20:32.487567Z DEBUG run_open_chain_async:imm_cross_write{open=true}: awase_windows::ime: [imm-cross-actuate] hwnd=HWND(0xbd1c7a) open=Written conv=Some(Written)
2026-09-19T23:20:32.487632Z DEBUG run_open_chain_async:imm_cross_write{open=true}: awase_windows::runtime::open_chain: [apply-ime] ROMAN 補完結果: Written
2026-09-19T23:20:32.487698Z DEBUG run_open_chain_async: awase::journal: actuation decision seq=178 elapsed_ms=49896 site="DispatchImeSetOpen" caller="None" open=true chain_len=4 attempts_len=1 gate_profile="Standard" gate_kind="Gji" gate_shadow_known=true gate_shadow_on=true gate_input_mode="Assumed
2026-09-19T23:20:32.488987Z DEBUG on_ime_apply_complete{open=true outcome=AppliedWithoutSendInput generation=Some(ApplyGeneration(6)) reason=EngineDecision}: awase::journal: ime open applied seq=179 elapsed_ms=49897 open=true outcome="AppliedWithoutSendInput" reason="EngineDecision"
2026-09-19T23:20:32.489148Z DEBUG on_ime_apply_complete{open=true outcome=AppliedWithoutSendInput generation=Some(ApplyGeneration(6)) reason=EngineDecision}: awase::journal: ime event seq=180 elapsed_ms=49897 event_kind="ImeApplySucceeded"
2026-09-19T23:20:32.489175Z DEBUG on_ime_apply_complete{open=true outcome=AppliedWithoutSendInput generation=Some(ApplyGeneration(6)) reason=EngineDecision}: awase_windows::tsf::ime_mode_fsm: [ime-mode] SetOpen(true) applied → Hiragana (belief, unconfirmed)
2026-09-19T23:20:32.489202Z DEBUG on_ime_apply_complete{open=true outcome=AppliedWithoutSendInput generation=Some(ApplyGeneration(6)) reason=EngineDecision}: awase_windows::platform: [composition] ImeEffect::SetOpen(true) → marking cold
2026-09-19T23:20:32.489223Z DEBUG on_ime_apply_complete{open=true outcome=AppliedWithoutSendInput generation=Some(ApplyGeneration(6)) reason=EngineDecision}: awase_windows::tsf::probe: [composition] marked cold reason=SetOpenTrue idle=5094ms → next VK/TSF output will send VK_DBE_HIRAGANA warmup
2026-09-19T23:20:32.489270Z DEBUG on_ime_apply_complete{open=true outcome=AppliedWithoutSendInput generation=Some(ApplyGeneration(6)) reason=EngineDecision}:gji_on_event{event=ImeOn { injection_mode: Unicode, gji_idle_ms: 0 }}: awase_windows::tsf::gji_fsm: [gji-fsm] ImeOn: already on (OnWarm), ignor
2026-09-19T23:20:32.489375Z DEBUG awase::journal: gji fsm transition seq=181 elapsed_ms=49897 trigger="ImeOn(gji_idle_ms=0)" state_before="OnWarm" state_after="OnWarm"
2026-09-19T23:20:32.516988Z DEBUG awase_windows::runtime::ime_refresh: Explicit intent: bypassing typing-idle guard for IME verify (idle=47ms)
2026-09-19T23:20:32.517037Z DEBUG awase_windows::observer::ime_observer: IME snapshot: japanese=Some(true) ime_on=Some(true) romaji=Some(true) conv=Some("0x00000019") guard=false
2026-09-19T23:20:32.517127Z DEBUG awase::journal: ime event seq=182 elapsed_ms=49925 event_kind="ObserverReported"
2026-09-19T23:20:32.517163Z DEBUG awase::journal: ime event seq=183 elapsed_ms=49925 event_kind="InputModeObserved"
2026-09-19T23:20:33.151689Z DEBUG awase_windows::runtime::key_pipeline: [engine-input] vk=0x4B KeyDown ts=50559589us delay=0ms state=Idle mods(c=false s=false a=false w=false) gas_ctrl=false phys_ctrl=false extra=0x5350494B pending_drain=0 gate_active=false l_thumb=None r_thumb=None [diag-ctx] ime_o
2026-09-19T23:20:33.151803Z DEBUG awase::journal: key input seq=184 elapsed_ms=50560 vk_code=75 is_down=true injected=false key_class="Char" state_before="Idle" state_after="PendingChar(vk=0x4B)" decision="Consume" physical="Allow" repeat_count=1 last_timestamp_us=50559589 last_elapsed_ms=0
2026-09-19T23:20:33.258399Z DEBUG execute_from_loop:execute_one{generation=None}: awase_windows::output: send_keys: mode=Unicode actions=[Char('き')] prev_elapsed=5875ms
2026-09-19T23:20:33.258415Z DEBUG execute_from_loop:execute_one{generation=None}: awase_windows::tsf::probe: [mark-send] last_send_ms=336067312
2026-09-19T23:20:33.258424Z DEBUG execute_from_loop:execute_one{generation=None}: awase_windows::output:   → Char('き') via Unicode
2026-09-19T23:20:33.261278Z DEBUG execute_from_loop:execute_one{generation=None}: awase_windows::tsf::probe: [mark-send] last_send_ms=336067312
2026-09-19T23:20:33.273608Z DEBUG awase_windows::tsf::gji_monitor: [gji-io] WRITE: w_ops=+2 w_KB=+0.3 (r_ops=+4 x_ops=+4 x_KB=+0.0)
2026-09-19T23:20:33.277770Z  INFO awase_windows::tsf::win_event_obs: [gji-obs] candidate SHOW #7: last_gji_write=0ms ago
2026-09-19T23:20:33.313126Z DEBUG awase_windows::runtime::key_pipeline: [engine-input] vk=0x4B KeyUp ts=50721022us delay=0ms state=Idle mods(c=false s=false a=false w=false) gas_ctrl=false phys_ctrl=false extra=0x5350494B pending_drain=0 gate_active=false l_thumb=None r_thumb=None [diag-ctx] ime_on=
2026-09-19T23:20:33.313243Z DEBUG awase::journal: key input seq=186 elapsed_ms=50721 vk_code=75 is_down=false injected=false key_class="Char" state_before="Idle" state_after="Idle" decision="Consume" physical="Allow" repeat_count=1 last_timestamp_us=50721022 last_elapsed_ms=0
2026-09-19T23:20:33.313391Z DEBUG execute_one{generation=None}: awase_windows::output: send_keys: mode=Unicode actions=[Suppress] prev_elapsed=47ms
2026-09-19T23:20:33.313424Z DEBUG execute_one{generation=None}: awase_windows::tsf::probe: [mark-send] last_send_ms=336067359
2026-09-19T23:20:33.313443Z DEBUG execute_one{generation=None}: awase_windows::output:   → Suppress
2026-09-19T23:20:33.313458Z DEBUG execute_one{generation=None}: awase_windows::tsf::probe: [mark-send] last_send_ms=336067359
2026-09-19T23:20:33.313509Z DEBUG execute_one{generation=None}: awase_windows::platform: [gji-fsm] StartComposition (candidate SHOW)
2026-09-19T23:20:33.313544Z DEBUG execute_one{generation=None}:gji_on_event{event=StartComposition}: awase_windows::tsf::gji_fsm: [gji-fsm] StartComposition: OnWarm → OnComposing(AlreadyWarm)
2026-09-19T23:20:33.313749Z DEBUG awase::journal: gji fsm transition seq=187 elapsed_ms=50722 trigger="StartComposition(candidate SHOW)" state_before="OnWarm" state_after="OnComposing(Warm)"
2026-09-19T23:20:33.651138Z DEBUG awase_windows::runtime::key_pipeline: [engine-input] vk=0x1B KeyDown ts=51058879us delay=0ms state=Idle mods(c=false s=false a=false w=false) gas_ctrl=false phys_ctrl=false extra=0x5350494B pending_drain=0 gate_active=false l_thumb=None r_thumb=None [diag-ctx] ime_o
2026-09-19T23:20:33.651257Z DEBUG awase::journal: key input seq=188 elapsed_ms=51059 vk_code=27 is_down=true injected=false key_class="Passthrough" state_before="Idle" state_after="Idle" decision="PassThrough" physical="Allow" repeat_count=1 last_timestamp_us=51058879 last_elapsed_ms=0
2026-09-19T23:20:33.651360Z DEBUG execute_from_hook: awase_windows::runtime::executor: [relay-passthrough] PassThrough idle: direct OS pass-through (vk=0x1b down)
2026-09-19T23:20:33.651446Z DEBUG execute_one{generation=None}: awase_windows::runtime::executor: [reinject] vk=0x1b down (queued passthrough now firing)
2026-09-19T23:20:33.662214Z  INFO awase_windows::tsf::win_event_obs: [gji-obs] candidate HIDE: last_gji_write=375ms ago
2026-09-19T23:20:33.665686Z DEBUG awase_windows::tsf::gji_monitor: [gji-io] WRITE: w_ops=+2 w_KB=+0.3 (r_ops=+4 x_ops=+4 x_KB=+0.0)
2026-09-19T23:20:33.838834Z DEBUG awase_windows::runtime::key_pipeline: [engine-input] vk=0x1B KeyUp ts=51246552us delay=0ms state=Idle mods(c=false s=false a=false w=false) gas_ctrl=false phys_ctrl=false extra=0x5350494B pending_drain=0 gate_active=false l_thumb=None r_thumb=None [diag-ctx] ime_on=
2026-09-19T23:20:33.839016Z DEBUG awase::journal: key input seq=189 elapsed_ms=51247 vk_code=27 is_down=false injected=false key_class="Passthrough" state_before="Idle" state_after="Idle" decision="PassThrough" physical="Allow" repeat_count=1 last_timestamp_us=51246552 last_elapsed_ms=0
2026-09-19T23:20:33.839174Z DEBUG execute_from_hook: awase_windows::runtime::executor: [relay-passthrough] PassThrough idle: direct OS pass-through (vk=0x1b up)
2026-09-19T23:20:33.839300Z DEBUG execute_one{generation=None}: awase_windows::runtime::executor: [reinject] vk=0x1b up (queued passthrough now firing)
2026-09-19T23:20:33.843014Z DEBUG awase_windows::platform: [gji-fsm] EndComposition (candidate HIDE) epoch=FocusEpoch(7)
2026-09-19T23:20:33.843291Z DEBUG awase::journal: gji fsm transition seq=190 elapsed_ms=51251 trigger="EndComposition(candidate HIDE, epoch=FocusEpoch(7))" state_before="OnComposing(Warm)" state_after="OnWarm"
2026-09-19T23:20:37.192874Z DEBUG awase_windows::tsf::gji_monitor: [gji-io] WRITE: w_ops=+1 w_KB=+0.0 (r_ops=+2 x_ops=+2 x_KB=+0.0)
2026-09-19T23:20:37.222832Z DEBUG awase_windows::runtime: [focus-sync] hwnd=0x3042C class="CASCADIA_HOSTING_WINDOW_CLASS" app_kind=Win32 hint=ForceTsf → mode=Tsf
2026-09-19T23:20:37.222887Z DEBUG awase_windows::runtime: [focus-sync] belief=ON かつ実状態を問い合わせられないプロファイル (profile=Imm32Unavailable) → 次の入力で再プライムするため cold mark
2026-09-19T23:20:37.222900Z DEBUG awase_windows::tsf::probe: [composition] marked cold reason=FocusChange idle=3906ms → next VK/TSF output will send VK_DBE_HIRAGANA warmup
2026-09-19T23:20:37.222922Z DEBUG awase_windows::tsf::tsf_gate: [tsf-gate] focus change → PendingWarmup (held cleared)
2026-09-19T23:20:37.224373Z DEBUG awase_windows::runtime: [focus-sync] hwnd=0x30580 class="Windows.UI.Composition.DesktopWindowContentBridge" app_kind=Win32 hint=Default → mode=Unicode
2026-09-19T23:20:37.224411Z DEBUG awase_windows::output: [tsf-gate] focus change while PendingWarmup — held バッファを保持して再初期化スキップ (Chrome等の連続フォーカスイベント対策)
2026-09-19T23:20:37.226907Z DEBUG awase_windows::runtime: [focus-sync] hwnd=0x5058A class="Windows.UI.Input.InputSite.WindowClass" app_kind=Uwp hint=ForceTsf → mode=Tsf
2026-09-19T23:20:37.226941Z DEBUG awase_windows::runtime: [focus-sync] belief=ON かつ実状態を問い合わせられないプロファイル (profile=TsfNative) → 次の入力で再プライムするため cold mark
2026-09-19T23:20:37.226959Z DEBUG awase_windows::tsf::probe: [composition] marked cold reason=FocusChange idle=3922ms → next VK/TSF output will send VK_DBE_HIRAGANA warmup
2026-09-19T23:20:37.226976Z DEBUG awase_windows::output: [tsf-gate] focus change while PendingWarmup — held バッファを保持して再初期化スキップ (Chrome等の連続フォーカスイベント対策)
2026-09-19T23:20:37.297964Z  INFO apply_focus_probe_result: awase_windows::runtime::focus_tracking: AppKind changed: Win32 → Uwp (class=Windows.UI.Input.InputSite.WindowClass)
2026-09-19T23:20:37.304421Z DEBUG apply_focus_probe_result: awase_windows::runtime::focus_tracking: Focus kind changed: TextInput → Undetermined (reason=Undetermined)
2026-09-19T23:20:37.304727Z DEBUG apply_focus_probe_result: awase::journal: focus transition seq=191 elapsed_ms=54713 changed_process=true changed_window=true changed_app_kind=true changed_focus_kind=true dwell_ms=33641 profile="TsfNative"
2026-09-19T23:20:37.305203Z  INFO apply_focus_probe_result: awase_windows::runtime::focus_tracking: FocusChange [27180→19612] Windows.UI.Input.InputSite.WindowClass: stale ime_on=true intent=Some(true) mode=ObservedRomaji japanese=true
2026-09-19T23:20:37.305225Z DEBUG apply_focus_probe_result: awase_windows::tsf::probe: [composition] focus changed → marked cold
2026-09-19T23:20:37.305247Z DEBUG apply_focus_probe_result: awase_windows::runtime: [keymap] active rules recomputed: 0 rule(s) for process="windowsterminal.exe"
2026-09-19T23:20:37.305259Z DEBUG apply_focus_probe_result: awase_windows::runtime::focus_tracking: [keymap] active rules updated on focus change: 0 rule(s) (hwnd=HWND(0x5058a) kind=Undetermined focus_epoch=3)
2026-09-19T23:20:37.305285Z DEBUG apply_focus_probe_result:reduce: awase_windows::state::ime_model: [explicit-intent] cleared (focus change)
2026-09-19T23:20:37.305305Z DEBUG apply_focus_probe_result: awase::journal: ime event seq=192 elapsed_ms=54713 event_kind="FocusChanged"
2026-09-19T23:20:37.305351Z DEBUG apply_focus_probe_result: awase_windows::runtime::focus_tracking: [focus] TsfNative/SSOT: cache restore スキップ (desired_open=true cache_hwnd=Some(329098) new_hwnd=329098) — 最初のキー入力で dispatch_ime が apply
2026-09-19T23:20:37.305650Z DEBUG awase_windows::runtime::ime_refresh: Skipping IMM query for known-broken class (shadow state SSOT)
2026-09-19T23:20:37.305666Z DEBUG awase_windows::observer::gji_observer: [gji-poll] GJI I/O 125ms ago predates focus change (125ms before focus) → skipped
2026-09-19T23:20:37.305688Z DEBUG awase_windows::runtime::ime_refresh: [composition] focus change → marking cold
2026-09-19T23:20:37.305700Z DEBUG awase_windows::tsf::probe: [composition] marked cold reason=FocusChange idle=4000ms → next VK/TSF output will send VK_DBE_HIRAGANA warmup
2026-09-19T23:20:37.305742Z DEBUG gji_on_event{event=FocusChange { injection_mode: Tsf, gji_idle_ms: 125 }}: awase_windows::tsf::gji_fsm: [gji-fsm] FocusChange gji_idle=125ms → Short
2026-09-19T23:20:37.305818Z DEBUG awase_windows::platform: [gji-fsm] StartProbe probe_id=ProbeId(4) forces_f2=false long=false
2026-09-19T23:20:37.305839Z DEBUG awase_windows::tsf::ime_mode_fsm: [ime-mode] FocusChange → Unknown
2026-09-19T23:20:37.305879Z DEBUG awase::journal: gji fsm transition seq=193 elapsed_ms=54714 trigger="FocusChange(gji_idle_ms=125)" state_before="OnWarm" state_after="OnCold(Short)"
2026-09-19T23:20:37.305909Z DEBUG awase::journal: tsf probe started seq=194 elapsed_ms=54714 source="GjiAction::StartProbe" cold_seq=0 probe_id=4 probe_id_present=true gji_state="OnCold(Short)" consecutive_at_start=0 pending_deferred_len=0
2026-09-19T23:20:37.305999Z DEBUG awase_windows::shadow_send_trace: [shadow-send] channel=SendInput kind=tsf_marker_warmup vk=[16] issue_us=54714100
2026-09-19T23:20:37.306122Z DEBUG awase_windows::hook: [hook] IME-mode vk=0x16 down self_injected=true injected=true scan=0xF2 extra=0x4B455946 since_actuation_us=Some(142)
2026-09-19T23:20:37.307189Z DEBUG awase_windows::hook: [hook] IME-mode vk=0x16 up self_injected=true injected=true scan=0xF2 extra=0x4B455946 since_actuation_us=Some(1197)
2026-09-19T23:20:37.308114Z  INFO awase_windows::output: [tsf-eager-warmup] VK_IME_ON 送信 (origin=gated), eager_warmup_sent_ms=336071359ms
2026-09-19T23:20:37.308160Z DEBUG awase_windows::runtime::ime_refresh: [composition] FocusChange: send_eager_tsf_warmup called (ime_on via warmup_ime_on())
2026-09-19T23:20:37.308994Z DEBUG awase_windows::platform: [ime-mode] FocusProbe: GJI actuation との交錯を検知 → hint更新をabandon
2026-09-19T23:20:37.309061Z DEBUG awase::journal: hook ime-mode diagnostic seq=195 elapsed_ms=54717 vk_code=22 is_down=true self_injected=true injected=true scan=242
2026-09-19T23:20:37.309082Z DEBUG awase::journal: hook ime-mode diagnostic seq=196 elapsed_ms=54717 vk_code=22 is_down=false self_injected=true injected=true scan=242
2026-09-19T23:20:37.315993Z DEBUG awase_windows::tsf::gji_monitor: [gji-io] WRITE: w_ops=+1 w_KB=+0.0 (r_ops=+2 x_ops=+2 x_KB=+0.0)
2026-09-19T23:20:42.663510Z  WARN awase_windows::runtime::message_handlers: Hook watchdog: no activity for 5359ms (OS全体の最終入力は5359ms前、OSも無操作のため単なるアイドルの可能性が高い)
2026-09-19T23:20:45.675179Z  WARN awase_windows::runtime::message_handlers: Hook watchdog: no activity for 8359ms (OS全体の最終入力は8359ms前、OSも無操作のため単なるアイドルの可能性が高い)
2026-09-19T23:20:48.667229Z  WARN awase_windows::runtime::message_handlers: Hook watchdog: no activity for 11359ms (OS全体の最終入力は11359ms前、OSも無操作のため単なるアイドルの可能性が高い)
2026-09-19T23:20:51.672312Z  WARN awase_windows::runtime::message_handlers: Hook watchdog: no activity for 14359ms (OS全体の最終入力は14359ms前、OSも無操作のため単なるアイドルの可能性が高い)
2026-09-19T23:20:54.669624Z  WARN awase_windows::runtime::message_handlers: Hook watchdog: no activity for 17359ms (OS全体の最終入力は17359ms前、OSも無操作のため単なるアイドルの可能性が高い)
2026-09-19T23:20:57.664899Z  WARN awase_windows::runtime::message_handlers: Hook watchdog: no activity for 20359ms (OS全体の最終入力は20359ms前、OSも無操作のため単なるアイドルの可能性が高い)
script error: Output type incorrect: bool (expecting ())
