2026-09-19T23:24:12.039206Z  WARN awase_windows::runtime::message_handlers: Hook watchdog: no activity for 20968ms (OS全体の最終入力は20968ms前、OSも無操作のため単なるアイドルの可能性が高い)
2026-09-19T23:24:12.632847Z DEBUG awase_windows::runtime: [focus-sync] hwnd=0x10318F6 class="ImeKeyMatrixSpikeWindowClass" app_kind=Win32 hint=Default → mode=Unicode
2026-09-19T23:24:12.632935Z DEBUG awase_windows::tsf::tsf_gate: [tsf-gate] focus change → PendingWarmup (held cleared)
2026-09-19T23:24:12.738005Z DEBUG awase_windows::runtime: [focus-sync] hwnd=0xC01C7A class="Edit" app_kind=Win32 hint=Default → mode=Unicode
2026-09-19T23:24:12.738072Z DEBUG awase_windows::output: [tsf-gate] focus change while PendingWarmup — held バッファを保持して再初期化スキップ (Chrome等の連続フォーカスイベント対策)
2026-09-19T23:24:12.782621Z  INFO apply_focus_probe_result: awase_windows::runtime::focus_tracking: AppKind changed: Uwp → Win32 (class=ImeKeyMatrixSpikeWindowClass)
2026-09-19T23:24:12.785932Z DEBUG apply_focus_probe_result: awase::journal: focus transition seq=15 elapsed_ms=21811 changed_process=true changed_window=true changed_app_kind=true changed_focus_kind=false dwell_ms=21719 profile="ImmCross"
2026-09-19T23:24:12.786161Z  INFO apply_focus_probe_result: awase_windows::runtime::focus_tracking: FocusChange [19612→48368] ImeKeyMatrixSpikeWindowClass: stale ime_on=true intent=None mode=ObservedRomaji japanese=true
2026-09-19T23:24:12.786180Z DEBUG apply_focus_probe_result: awase_windows::tsf::probe: [composition] focus changed → marked cold
2026-09-19T23:24:12.786192Z DEBUG apply_focus_probe_result: awase_windows::runtime: [keymap] active rules recomputed: 0 rule(s) for process="ime_key_matrix_spike.exe"
2026-09-19T23:24:12.786201Z DEBUG apply_focus_probe_result: awase_windows::runtime::focus_tracking: [keymap] active rules updated on focus change: 0 rule(s) (hwnd=HWND(0x10318f6) kind=Undetermined focus_epoch=2)
2026-09-19T23:24:12.786220Z DEBUG apply_focus_probe_result:reduce: awase_windows::state::ime_model: [explicit-intent] cleared (focus change)
2026-09-19T23:24:12.786234Z DEBUG apply_focus_probe_result: awase::journal: ime event seq=16 elapsed_ms=21811 event_kind="FocusChanged"
2026-09-19T23:24:12.786261Z DEBUG apply_focus_probe_result: awase_windows::runtime::focus_tracking: [focus] Imm32Unavailable hard pre-sync applied=true (prevent spurious VK_KANJI on first character key)
2026-09-19T23:24:12.786281Z DEBUG apply_focus_probe_result:gji_on_event{event=ImeOn { injection_mode: Unicode, gji_idle_ms: 21703 }}: awase_windows::tsf::gji_fsm: [gji-fsm] ImeOn: already on (OnCold(Long)), ignored
2026-09-19T23:24:12.786299Z DEBUG apply_focus_probe_result: awase::journal: gji fsm transition seq=17 elapsed_ms=21811 trigger="ImeOn(gji_idle_ms=21703)" state_before="OnCold(Long)" state_after="OnCold(Long)"
2026-09-19T23:24:12.786947Z DEBUG awase_windows::observer::ime_observer: IME snapshot: japanese=Some(true) ime_on=None romaji=None conv=Some("0x00000009") guard=false
2026-09-19T23:24:12.786973Z DEBUG awase_windows::runtime::ime_refresh: ObserverPoll +0ms since focus: detection failed (miss=1), stale ime_on=true mode=ObservedRomaji
2026-09-19T23:24:12.789343Z DEBUG awase_windows::ime_diagnostic: [ime-diag] label=focus_changed t=336286828 hwnd=0x0 pid=0 tid=46588 class="" hkl=04110411 lang=0411 imm_bridge=true imc_open=- imc_conv=- shadow_on=false shadow_romaji=false shadow_jp=false inject=Unknown dt_focus_ms=- dt_activity_ms=-
2026-09-19T23:24:12.789373Z DEBUG awase_windows::runtime::ime_refresh: [composition] focus change → marking cold
2026-09-19T23:24:12.789393Z DEBUG awase_windows::tsf::probe: [composition] marked cold reason=FocusChange idle=18446744073709551615ms → next VK/TSF output will send VK_DBE_HIRAGANA warmup
2026-09-19T23:24:12.789446Z DEBUG gji_on_event{event=FocusChange { injection_mode: Unicode, gji_idle_ms: 21718 }}: awase_windows::tsf::gji_fsm: [gji-fsm] FocusChange gji_idle=21718ms → Long
2026-09-19T23:24:12.789491Z DEBUG awase_windows::platform: [gji-fsm] CancelProbe probe_id=ProbeId(0)
2026-09-19T23:24:12.789510Z DEBUG awase_windows::platform: [gji-fsm] StartProbe probe_id=ProbeId(1) forces_f2=true long=true
2026-09-19T23:24:12.789528Z DEBUG awase_windows::platform: [gji-fsm] Unicode long-cold StartProbe: VK_IME_OFF→VK_IME_ON reinit (chars なし)
2026-09-19T23:24:12.789543Z DEBUG awase_windows::output::probe_io: [chrome-reinit] cold=0 VK_IME_OFF→VK_IME_ON 強制リセット送信 + IMC ポーリング開始 (write_bytes_baseline=185790747)
2026-09-19T23:24:12.789567Z DEBUG awase_windows::shadow_send_trace: [shadow-send] channel=SendInput kind=kanji_marker vk=[1A, 16] issue_us=21814953
2026-09-19T23:24:12.791646Z DEBUG awase_windows::hook: [hook] IME-mode vk=0x1A down self_injected=true injected=true scan=0x0 extra=0x4B45594A since_actuation_us=Some(2074)
2026-09-19T23:24:12.796122Z DEBUG awase_windows::hook: [hook] IME-mode vk=0x1A up self_injected=true injected=true scan=0x0 extra=0x4B45594A since_actuation_us=Some(6548)
2026-09-19T23:24:12.803992Z DEBUG awase_windows::hook: [hook] IME-mode vk=0x16 down self_injected=true injected=true scan=0x0 extra=0x4B45594A since_actuation_us=Some(14418)
2026-09-19T23:24:12.809783Z DEBUG awase_windows::hook: [hook] IME-mode vk=0x16 up self_injected=true injected=true scan=0x0 extra=0x4B45594A since_actuation_us=Some(20209)
2026-09-19T23:24:12.811092Z DEBUG awase_windows::tsf::ime_mode_fsm: [ime-mode] VK_IME_OFF 送信 → Off (belief, unconfirmed)
2026-09-19T23:24:12.811119Z DEBUG awase_windows::tsf::ime_mode_fsm: [ime-mode] VK_IME_ON 送信 → Hiragana (belief, unconfirmed)
2026-09-19T23:24:12.811529Z DEBUG awase_windows::tsf::ime_mode_fsm: [ime-mode] FocusChange (0ms after VK send) → confirmed=false のみ（state=Hiragana 維持）
2026-09-19T23:24:12.811780Z DEBUG awase::journal: gji fsm transition seq=18 elapsed_ms=21814 trigger="FocusChange(gji_idle_ms=21718)" state_before="OnCold(Long)" state_after="OnCold(Long)"
2026-09-19T23:24:12.811828Z DEBUG awase::journal: tsf probe completed seq=19 elapsed_ms=21814 outcome="Canceled" cold_seq=18446744073709551615 cold_seq_present=false probe_id=0 probe_id_present=true duration_ms=21718 tick_count=0 gji_state="OnCold(Long)"
2026-09-19T23:24:12.811853Z DEBUG awase::journal: tsf probe started seq=20 elapsed_ms=21815 source="GjiAction::StartProbe" cold_seq=0 probe_id=1 probe_id_present=true gji_state="OnCold(Long)" consecutive_at_start=0 pending_deferred_len=0
2026-09-19T23:24:12.811873Z DEBUG awase::journal: gji fsm transition seq=21 elapsed_ms=21836 trigger="WarmupComplete(unicode)" state_before="OnCold(Long)" state_after="OnWarm"
2026-09-19T23:24:12.811888Z DEBUG awase::journal: tsf probe completed seq=22 elapsed_ms=21836 outcome="UnicodeImmediate" cold_seq=18446744073709551615 cold_seq_present=false probe_id=1 probe_id_present=true duration_ms=16 tick_count=0 gji_state="OnWarm"
2026-09-19T23:24:12.811936Z DEBUG awase_windows::runtime::ime_refresh: [composition] FocusChange: send_eager_tsf_warmup called (ime_on via warmup_ime_on())
2026-09-19T23:24:12.812333Z DEBUG awase::journal: hook ime-mode diagnostic seq=23 elapsed_ms=21837 vk_code=26 is_down=true self_injected=true injected=true scan=0
2026-09-19T23:24:12.812348Z DEBUG awase::journal: hook ime-mode diagnostic seq=24 elapsed_ms=21837 vk_code=26 is_down=false self_injected=true injected=true scan=0
2026-09-19T23:24:12.812356Z DEBUG awase::journal: hook ime-mode diagnostic seq=25 elapsed_ms=21837 vk_code=22 is_down=true self_injected=true injected=true scan=0
2026-09-19T23:24:12.812366Z DEBUG awase::journal: hook ime-mode diagnostic seq=26 elapsed_ms=21837 vk_code=22 is_down=false self_injected=true injected=true scan=0
2026-09-19T23:24:12.815265Z DEBUG awase_windows::ime: [idle-conv-check-diag] focused_hwnd=HWND(0xc01c7a) ime_wnd=Some(HWND(0x761812))
2026-09-19T23:24:12.818102Z DEBUG awase::journal: ime event seq=27 elapsed_ms=21843 event_kind="ObserverReported"
2026-09-19T23:24:12.818136Z DEBUG awase_windows::runtime::focus_tracking: [ImmCrossProbe/focus] child-hwnd IME=true → High confidence 観測記録
2026-09-19T23:24:12.819939Z DEBUG awase_windows::tsf::gji_monitor: [gji-io] WRITE: w_ops=+5 w_KB=+0.1 (r_ops=+10 x_ops=+10 x_KB=+0.0)
2026-09-19T23:24:12.822057Z  INFO awase_windows::output::probe_io: [chrome-reinit] cold=0 GJI write_bytes 上昇検出: tick=#0 delta=+60B (+0.1KB)
2026-09-19T23:24:12.824713Z DEBUG awase_windows::ime: [idle-conv-check-diag] focused_hwnd=HWND(0xc01c7a) ime_wnd=Some(HWND(0x761812))
2026-09-19T23:24:12.827203Z DEBUG awase_windows::output::probe_io: [chrome-reinit] cold=0 IMC poll #0: conv=0x00000009 NATIVE=true write_delta=+60B
2026-09-19T23:24:12.827227Z DEBUG awase_windows::output::probe_io: [chrome-reinit] cold=0 stale focus_gen=0 → ポーリング終了
2026-09-19T23:24:12.827234Z  INFO awase_windows::output::probe_io: [chrome-reinit] cold=0 ポーリング完了: total_write_delta=+60B first_write_tick=Some(1)
2026-09-19T23:24:12.843685Z DEBUG awase_windows::runtime: [focus-sync] hwnd=0xD73B90 class="RICHEDIT50W" app_kind=Win32 hint=Default → mode=Unicode
2026-09-19T23:24:12.843749Z DEBUG awase_windows::tsf::tsf_gate: [tsf-gate] focus change → PendingWarmup (held cleared)
2026-09-19T23:24:12.872102Z DEBUG awase_windows::runtime: [focus-sync] hwnd=0xC01C7A class="Edit" app_kind=Win32 hint=Default → mode=Unicode
2026-09-19T23:24:12.872157Z DEBUG awase_windows::output: [tsf-gate] focus change while PendingWarmup — held バッファを保持して再初期化スキップ (Chrome等の連続フォーカスイベント対策)
2026-09-19T23:24:12.941126Z DEBUG apply_focus_probe_result: awase_windows::runtime::focus_tracking: Focus kind changed: Undetermined → TextInput (reason=KnownTextClass(Edit))
2026-09-19T23:24:12.941247Z DEBUG apply_focus_probe_result:reduce: awase_windows::state::observation_store: [focus-hwnd-track] update_focus_window: current_fence.hwnd HwndId(16980214) -> HwndId(12590202)
2026-09-19T23:24:12.941294Z DEBUG apply_focus_probe_result: awase::journal: ime event seq=28 elapsed_ms=21966 event_kind="FocusHwndUpdated"
2026-09-19T23:24:12.941334Z DEBUG apply_focus_probe_result: awase::journal: focus transition seq=29 elapsed_ms=21966 changed_process=false changed_window=true changed_app_kind=false changed_focus_kind=true dwell_ms=156 profile="ImmCross"
2026-09-19T23:24:12.941645Z DEBUG awase_windows::state::observation_store: [identity-gate] hwnd不一致で除外: source=ImmCrossProbe obs_hwnd=HwndId(16980214) current_hwnd=HwndId(12590202) confidence=High
2026-09-19T23:24:12.941665Z DEBUG awase_windows::state::observation_store: [identity-gate] hwnd不一致で除外: source=ImmCrossProbe obs_hwnd=HwndId(16980214) current_hwnd=HwndId(12590202) confidence=High
2026-09-19T23:24:12.941901Z DEBUG awase_windows::state::observation_store: [identity-gate] hwnd不一致で除外: source=ImmCrossProbe obs_hwnd=HwndId(16980214) current_hwnd=HwndId(12590202) confidence=High
2026-09-19T23:24:12.941916Z DEBUG awase_windows::state::observation_store: [identity-gate] hwnd不一致で除外: source=ImmCrossProbe obs_hwnd=HwndId(16980214) current_hwnd=HwndId(12590202) confidence=High
2026-09-19T23:24:12.941943Z DEBUG awase_windows::observer::ime_observer: IME snapshot: japanese=Some(true) ime_on=Some(true) romaji=None conv=Some("0x00000009") guard=false
2026-09-19T23:24:12.942024Z DEBUG awase::journal: ime event seq=30 elapsed_ms=21967 event_kind="ObserverReported"
2026-09-19T23:24:12.942043Z DEBUG awase_windows::state::observation_store: [identity-gate] hwnd不一致で除外: source=ImmCrossProbe obs_hwnd=HwndId(16980214) current_hwnd=HwndId(12590202) confidence=High
2026-09-19T23:24:12.942059Z DEBUG awase_windows::state::observation_store: [identity-gate] hwnd不一致で除外: source=ImmCrossProbe obs_hwnd=HwndId(16980214) current_hwnd=HwndId(12590202) confidence=High
2026-09-19T23:24:12.942097Z DEBUG awase_windows::state::observation_store: [identity-gate] hwnd不一致で除外: source=ImmCrossProbe obs_hwnd=HwndId(16980214) current_hwnd=HwndId(12590202) confidence=High
2026-09-19T23:24:12.942113Z DEBUG awase_windows::state::observation_store: [identity-gate] hwnd不一致で除外: source=ImmCrossProbe obs_hwnd=HwndId(16980214) current_hwnd=HwndId(12590202) confidence=High
2026-09-19T23:24:13.216673Z DEBUG awase_windows::hook: [hook] IME-mode vk=0xF2 down self_injected=false injected=false scan=0x70 extra=0x5350494B since_actuation_us=Some(427088)
2026-09-19T23:24:13.217016Z DEBUG awase::journal: hook ime-mode diagnostic seq=31 elapsed_ms=22242 vk_code=242 is_down=true self_injected=false injected=false scan=112
2026-09-19T23:24:13.217610Z DEBUG awase_windows::state::observation_store: [identity-gate] hwnd不一致で除外: source=ImmCrossProbe obs_hwnd=HwndId(16980214) current_hwnd=HwndId(12590202) confidence=High
2026-09-19T23:24:13.217689Z DEBUG awase_windows::state::observation_store: [identity-gate] hwnd不一致で除外: source=ImmCrossProbe obs_hwnd=HwndId(16980214) current_hwnd=HwndId(12590202) confidence=High
2026-09-19T23:24:13.218035Z DEBUG awase_windows::state::observation_store: [identity-gate] hwnd不一致で除外: source=ImmCrossProbe obs_hwnd=HwndId(16980214) current_hwnd=HwndId(12590202) confidence=High
2026-09-19T23:24:13.218058Z DEBUG awase_windows::state::observation_store: [identity-gate] hwnd不一致で除外: source=ImmCrossProbe obs_hwnd=HwndId(16980214) current_hwnd=HwndId(12590202) confidence=High
2026-09-19T23:24:13.218105Z  INFO awase_windows::runtime::key_pipeline: [shadow-toggle] intent 昇格: vk=0xF2 scan=0x70 action=TurnOn kind=PhysicalImeKey injected=false true→true w_ops0=110459 x_ops0=244817 x_KB0=23.6
2026-09-19T23:24:13.218165Z DEBUG awase::journal: ime event seq=32 elapsed_ms=22243 event_kind="UserImeSetIntent"
2026-09-19T23:24:13.218248Z DEBUG awase_windows::runtime::key_pipeline: [shadow-toggle] no-op: vk=0xF2 action=TurnOn source=PhysicalImeKey effective_open は既に true → apply-ime 見送り
2026-09-19T23:24:13.218298Z DEBUG awase_windows::runtime::key_pipeline: [engine-input] vk=0xF2 KeyDown ts=22242225us delay=1ms state=Idle mods(c=false s=false a=false w=false) gas_ctrl=false phys_ctrl=false extra=0x5350494B pending_drain=0 gate_active=false l_thumb=None r_thumb=None [diag-ctx] ime_o
2026-09-19T23:24:13.218425Z DEBUG awase::journal: key input seq=33 elapsed_ms=22243 vk_code=242 is_down=true injected=false key_class="Passthrough" state_before="Idle" state_after="Idle" decision="PassThrough" physical="Allow" repeat_count=1 last_timestamp_us=22242225 last_elapsed_ms=0
2026-09-19T23:24:13.218537Z DEBUG awase_windows::runtime::key_pipeline: may_change_ime key passed through → IME refresh scheduled (20ms)
2026-09-19T23:24:13.218622Z DEBUG execute_from_hook: awase_windows::runtime::executor: [relay-passthrough] PassThrough idle: direct OS pass-through (vk=0xf2 down)
2026-09-19T23:24:13.218932Z DEBUG execute_one{generation=None}: awase_windows::runtime::executor: [reinject] vk=0xf2 down (queued passthrough now firing)
2026-09-19T23:24:13.224477Z DEBUG awase_windows::hook: [hook] IME-mode vk=0xF2 down self_injected=true injected=true scan=0x0 extra=0x4B45594D since_actuation_us=Some(434905)
2026-09-19T23:24:13.231696Z DEBUG awase::journal: hook ime-mode diagnostic seq=34 elapsed_ms=22257 vk_code=242 is_down=true self_injected=true injected=true scan=0
2026-09-19T23:24:13.232401Z DEBUG awase::journal: ime event seq=35 elapsed_ms=22257 event_kind="ObserverReported"
2026-09-19T23:24:13.233240Z  INFO awase_windows::runtime::key_pipeline: FocusProbe +16ms: ime_on=true mode=ObservedRomaji [ime=GoogleJapaneseInput sig1=false gji_io=406ms sig2=false]
2026-09-19T23:24:13.241652Z DEBUG awase_windows::tsf::gji_monitor: [gji-io] WRITE: w_ops=+2 w_KB=+0.0 (r_ops=+4 x_ops=+4 x_KB=+0.0)
2026-09-19T23:24:13.242196Z DEBUG awase::journal: ime event seq=36 elapsed_ms=22267 event_kind="ObserverReported"
2026-09-19T23:24:13.242255Z DEBUG awase_windows::runtime::key_pipeline: [ImmCrossProbe] child-hwnd IME=true → High confidence 観測記録
2026-09-19T23:24:13.242309Z DEBUG awase_windows::observer::ime_observer: IME snapshot: japanese=Some(true) ime_on=Some(true) romaji=None conv=Some("0x00000010") guard=false
2026-09-19T23:24:13.242372Z DEBUG awase::journal: ime event seq=37 elapsed_ms=22267 event_kind="InputModeObserved"
2026-09-19T23:24:13.256411Z DEBUG awase_windows::runtime::ime_refresh: Explicit intent: bypassing typing-idle guard for IME verify (idle=31ms)
2026-09-19T23:24:13.256487Z DEBUG awase_windows::observer::ime_observer: IME snapshot: japanese=Some(true) ime_on=Some(true) romaji=None conv=Some("0x00000010") guard=false
2026-09-19T23:24:13.256613Z DEBUG awase::journal: ime event seq=38 elapsed_ms=22282 event_kind="ObserverReported"
2026-09-19T23:24:13.256708Z DEBUG awase::engine::engine: [diag-engine-active] ime_on=true なのに非活性: reason=Inactive(NotRomajiInput) romaji_capable=false japanese=true user_enabled=true was_active=true input_mode=ObservedEisu
2026-09-19T23:24:13.256772Z  INFO awase::engine::engine: Engine deactivated (ime=true, romaji=false, japanese=true, user=true, reason=Inactive(NotRomajiInput))
2026-09-19T23:24:13.902110Z DEBUG awase_windows::runtime::key_pipeline: [engine-input] vk=0x4B KeyDown ts=22926998us delay=0ms state=Idle mods(c=false s=false a=false w=false) gas_ctrl=false phys_ctrl=false extra=0x5350494B pending_drain=0 gate_active=false l_thumb=None r_thumb=None [diag-ctx] ime_o
2026-09-19T23:24:13.902168Z DEBUG awase::engine::engine: [diag-engine-active] ime_on=true なのに非活性: reason=Inactive(NotRomajiInput) romaji_capable=false japanese=true user_enabled=true was_active=false input_mode=ObservedEisu
2026-09-19T23:24:13.902235Z DEBUG awase::journal: key input seq=39 elapsed_ms=22927 vk_code=75 is_down=true injected=false key_class="Char" state_before="Idle" state_after="Idle" decision="PassThrough" physical="Allow" repeat_count=1 last_timestamp_us=22926998 last_elapsed_ms=0
2026-09-19T23:24:13.902378Z DEBUG execute_one{generation=None}: awase_windows::runtime::executor: [reinject] vk=0x4b down (queued passthrough now firing)
2026-09-19T23:24:13.914667Z DEBUG awase_windows::tsf::gji_monitor: [gji-io] WRITE: w_ops=+2 w_KB=+0.4 (r_ops=+4 x_ops=+4 x_KB=+0.0)
2026-09-19T23:24:13.939188Z  INFO awase_windows::tsf::win_event_obs: [gji-obs] candidate SHOW #1: last_gji_write=16ms ago
2026-09-19T23:24:14.084931Z DEBUG awase_windows::runtime::key_pipeline: [engine-input] vk=0x4B KeyUp ts=23110149us delay=0ms state=Idle mods(c=false s=false a=false w=false) gas_ctrl=false phys_ctrl=false extra=0x5350494B pending_drain=0 gate_active=false l_thumb=None r_thumb=None [diag-ctx] ime_on=
2026-09-19T23:24:14.085092Z DEBUG awase::engine::engine: [diag-engine-active] ime_on=true なのに非活性: reason=Inactive(NotRomajiInput) romaji_capable=false japanese=true user_enabled=true was_active=false input_mode=ObservedEisu
2026-09-19T23:24:14.085164Z DEBUG awase::journal: key input seq=40 elapsed_ms=23110 vk_code=75 is_down=false injected=false key_class="Char" state_before="Idle" state_after="Idle" decision="PassThrough" physical="Allow" repeat_count=1 last_timestamp_us=23110149 last_elapsed_ms=0
2026-09-19T23:24:14.085467Z DEBUG execute_one{generation=None}: awase_windows::runtime::executor: [reinject] vk=0x4b up (queued passthrough now firing)
2026-09-19T23:24:14.091378Z DEBUG awase_windows::platform: [gji-fsm] StartComposition (candidate SHOW)
2026-09-19T23:24:14.091424Z DEBUG gji_on_event{event=StartComposition}: awase_windows::tsf::gji_fsm: [gji-fsm] StartComposition: OnWarm → OnComposing(AlreadyWarm)
2026-09-19T23:24:14.092294Z DEBUG awase::journal: gji fsm transition seq=41 elapsed_ms=23116 trigger="StartComposition(candidate SHOW)" state_before="OnWarm" state_after="OnComposing(Warm)"
2026-09-19T23:24:14.562296Z DEBUG awase_windows::runtime::key_pipeline: [engine-input] vk=0x1B KeyDown ts=23587426us delay=0ms state=Idle mods(c=false s=false a=false w=false) gas_ctrl=false phys_ctrl=false extra=0x5350494B pending_drain=0 gate_active=false l_thumb=None r_thumb=None [diag-ctx] ime_o
2026-09-19T23:24:14.562344Z DEBUG awase::engine::engine: [diag-engine-active] ime_on=true なのに非活性: reason=Inactive(NotRomajiInput) romaji_capable=false japanese=true user_enabled=true was_active=false input_mode=ObservedEisu
2026-09-19T23:24:14.562406Z DEBUG awase::journal: key input seq=42 elapsed_ms=23587 vk_code=27 is_down=true injected=false key_class="Passthrough" state_before="Idle" state_after="Idle" decision="PassThrough" physical="Allow" repeat_count=1 last_timestamp_us=23587426 last_elapsed_ms=0
2026-09-19T23:24:14.562493Z DEBUG execute_from_hook: awase_windows::runtime::executor: [relay-passthrough] PassThrough idle: direct OS pass-through (vk=0x1b down)
2026-09-19T23:24:14.562566Z DEBUG execute_one{generation=None}: awase_windows::runtime::executor: [reinject] vk=0x1b down (queued passthrough now firing)
2026-09-19T23:24:14.571524Z DEBUG awase_windows::tsf::gji_monitor: [gji-io] WRITE: w_ops=+2 w_KB=+0.4 (r_ops=+4 x_ops=+4 x_KB=+0.0)
2026-09-19T23:24:14.573753Z  INFO awase_windows::tsf::win_event_obs: [gji-obs] candidate HIDE: last_gji_write=0ms ago
2026-09-19T23:24:14.586253Z DEBUG awase_windows::runtime::key_pipeline: [engine-input] vk=0x1B KeyUp ts=23611401us delay=0ms state=Idle mods(c=false s=false a=false w=false) gas_ctrl=false phys_ctrl=false extra=0x5350494B pending_drain=0 gate_active=false l_thumb=None r_thumb=None [diag-ctx] ime_on=
2026-09-19T23:24:14.586301Z DEBUG awase::engine::engine: [diag-engine-active] ime_on=true なのに非活性: reason=Inactive(NotRomajiInput) romaji_capable=false japanese=true user_enabled=true was_active=false input_mode=ObservedEisu
2026-09-19T23:24:14.586603Z DEBUG awase::journal: key input seq=43 elapsed_ms=23612 vk_code=27 is_down=false injected=false key_class="Passthrough" state_before="Idle" state_after="Idle" decision="PassThrough" physical="Allow" repeat_count=1 last_timestamp_us=23611401 last_elapsed_ms=0
2026-09-19T23:24:14.586702Z DEBUG execute_from_hook: awase_windows::runtime::executor: [relay-passthrough] PassThrough idle: direct OS pass-through (vk=0x1b up)
2026-09-19T23:24:14.586780Z DEBUG execute_one{generation=None}: awase_windows::runtime::executor: [reinject] vk=0x1b up (queued passthrough now firing)
2026-09-19T23:24:14.590038Z DEBUG awase_windows::platform: [gji-fsm] EndComposition (candidate HIDE) epoch=FocusEpoch(1)
2026-09-19T23:24:14.590145Z DEBUG awase::journal: gji fsm transition seq=44 elapsed_ms=23615 trigger="EndComposition(candidate HIDE, epoch=FocusEpoch(1))" state_before="OnComposing(Warm)" state_after="OnWarm"
2026-09-19T23:24:16.415325Z DEBUG awase_windows::runtime::key_pipeline: [shadow-toggle] vk=0x1DはFSM delegate所有 → belief書き込み/actuationをスキップ w_ops0=110465 x_ops0=244829 x_KB0=23.6
2026-09-19T23:24:16.415369Z DEBUG awase_windows::runtime::key_pipeline: [shadow-toggle] no-op: vk=0x1D action=Toggle source=PhysicalImeKey effective_open は既に true → apply-ime 見送り
2026-09-19T23:24:16.415537Z DEBUG awase_windows::runtime::key_pipeline: [engine-input] vk=0x1D KeyDown ts=25440423us delay=0ms state=Idle mods(c=false s=false a=false w=false) gas_ctrl=false phys_ctrl=false extra=0x5350494B pending_drain=0 gate_active=false l_thumb=Some(25440411) r_thumb=None [diag-
2026-09-19T23:24:16.415608Z DEBUG awase::engine::engine: [diag-engine-active] ime_on=true なのに非活性: reason=Inactive(NotRomajiInput) romaji_capable=false japanese=true user_enabled=true was_active=false input_mode=ObservedEisu
2026-09-19T23:24:16.415851Z DEBUG awase::journal: key input seq=45 elapsed_ms=25441 vk_code=29 is_down=true injected=false key_class="LeftThumb" state_before="Idle" state_after="Idle" decision="PassThrough" physical="Allow" repeat_count=1 last_timestamp_us=25440423 last_elapsed_ms=0
2026-09-19T23:24:16.416032Z DEBUG execute_one{generation=None}: awase_windows::runtime::executor: [reinject] vk=0x1d down (queued passthrough now firing)
2026-09-19T23:24:16.427144Z DEBUG awase_windows::tsf::gji_monitor: [gji-io] WRITE: w_ops=+2 w_KB=+0.0 (r_ops=+4 x_ops=+4 x_KB=+0.0)
2026-09-19T23:24:16.537931Z DEBUG awase_windows::runtime::key_pipeline: [engine-input] vk=0x1D KeyUp ts=25563004us delay=0ms state=Idle mods(c=false s=false a=false w=false) gas_ctrl=false phys_ctrl=false extra=0x5350494B pending_drain=0 gate_active=false l_thumb=None r_thumb=None [diag-ctx] ime_on=
2026-09-19T23:24:16.538079Z DEBUG awase::engine::engine: [diag-engine-active] ime_on=true なのに非活性: reason=Inactive(NotRomajiInput) romaji_capable=false japanese=true user_enabled=true was_active=false input_mode=ObservedEisu
2026-09-19T23:24:16.538206Z DEBUG awase::journal: key input seq=46 elapsed_ms=25563 vk_code=29 is_down=false injected=false key_class="LeftThumb" state_before="Idle" state_after="Idle" decision="PassThrough" physical="Allow" repeat_count=1 last_timestamp_us=25563004 last_elapsed_ms=0
2026-09-19T23:24:16.538359Z DEBUG execute_one{generation=None}: awase_windows::runtime::executor: [reinject] vk=0x1d up (queued passthrough now firing)
2026-09-19T23:24:17.089525Z DEBUG awase_windows::runtime::key_pipeline: [engine-input] vk=0x4B KeyDown ts=26114458us delay=0ms state=Idle mods(c=false s=false a=false w=false) gas_ctrl=false phys_ctrl=false extra=0x5350494B pending_drain=0 gate_active=false l_thumb=None r_thumb=None [diag-ctx] ime_o
2026-09-19T23:24:17.089609Z DEBUG awase::engine::engine: [diag-engine-active] ime_on=true なのに非活性: reason=Inactive(NotRomajiInput) romaji_capable=false japanese=true user_enabled=true was_active=false input_mode=ObservedEisu
2026-09-19T23:24:17.089723Z DEBUG awase::journal: key input seq=47 elapsed_ms=26115 vk_code=75 is_down=true injected=false key_class="Char" state_before="Idle" state_after="Idle" decision="PassThrough" physical="Allow" repeat_count=1 last_timestamp_us=26114458 last_elapsed_ms=0
2026-09-19T23:24:17.089930Z DEBUG execute_one{generation=None}: awase_windows::runtime::executor: [reinject] vk=0x4b down (queued passthrough now firing)
2026-09-19T23:24:17.287627Z DEBUG awase_windows::runtime::key_pipeline: [engine-input] vk=0x4B KeyUp ts=26312858us delay=0ms state=Idle mods(c=false s=false a=false w=false) gas_ctrl=false phys_ctrl=false extra=0x5350494B pending_drain=0 gate_active=false l_thumb=None r_thumb=None [diag-ctx] ime_on=
2026-09-19T23:24:17.287659Z DEBUG awase::engine::engine: [diag-engine-active] ime_on=true なのに非活性: reason=Inactive(NotRomajiInput) romaji_capable=false japanese=true user_enabled=true was_active=false input_mode=ObservedEisu
2026-09-19T23:24:17.287700Z DEBUG awase::journal: key input seq=48 elapsed_ms=26313 vk_code=75 is_down=false injected=false key_class="Char" state_before="Idle" state_after="Idle" decision="PassThrough" physical="Allow" repeat_count=1 last_timestamp_us=26312858 last_elapsed_ms=0
2026-09-19T23:24:17.287779Z DEBUG execute_one{generation=None}: awase_windows::runtime::executor: [reinject] vk=0x4b up (queued passthrough now firing)
2026-09-19T23:24:17.600594Z DEBUG awase_windows::runtime::key_pipeline: [engine-input] vk=0x1B KeyDown ts=26625724us delay=0ms state=Idle mods(c=false s=false a=false w=false) gas_ctrl=false phys_ctrl=false extra=0x5350494B pending_drain=0 gate_active=false l_thumb=None r_thumb=None [diag-ctx] ime_o
2026-09-19T23:24:17.600646Z DEBUG awase::engine::engine: [diag-engine-active] ime_on=true なのに非活性: reason=Inactive(NotRomajiInput) romaji_capable=false japanese=true user_enabled=true was_active=false input_mode=ObservedEisu
2026-09-19T23:24:17.600713Z DEBUG awase::journal: key input seq=49 elapsed_ms=26626 vk_code=27 is_down=true injected=false key_class="Passthrough" state_before="Idle" state_after="Idle" decision="PassThrough" physical="Allow" repeat_count=1 last_timestamp_us=26625724 last_elapsed_ms=0
2026-09-19T23:24:17.600807Z DEBUG execute_from_hook: awase_windows::runtime::executor: [relay-passthrough] PassThrough idle: direct OS pass-through (vk=0x1b down)
2026-09-19T23:24:17.600883Z DEBUG execute_one{generation=None}: awase_windows::runtime::executor: [reinject] vk=0x1b down (queued passthrough now firing)
2026-09-19T23:24:17.787663Z DEBUG awase_windows::runtime::key_pipeline: [engine-input] vk=0x1B KeyUp ts=26812885us delay=0ms state=Idle mods(c=false s=false a=false w=false) gas_ctrl=false phys_ctrl=false extra=0x5350494B pending_drain=0 gate_active=false l_thumb=None r_thumb=None [diag-ctx] ime_on=
2026-09-19T23:24:17.787827Z DEBUG awase::engine::engine: [diag-engine-active] ime_on=true なのに非活性: reason=Inactive(NotRomajiInput) romaji_capable=false japanese=true user_enabled=true was_active=false input_mode=ObservedEisu
2026-09-19T23:24:17.787937Z DEBUG awase::journal: key input seq=50 elapsed_ms=26813 vk_code=27 is_down=false injected=false key_class="Passthrough" state_before="Idle" state_after="Idle" decision="PassThrough" physical="Allow" repeat_count=1 last_timestamp_us=26812885 last_elapsed_ms=0
2026-09-19T23:24:17.788041Z DEBUG execute_from_hook: awase_windows::runtime::executor: [relay-passthrough] PassThrough idle: direct OS pass-through (vk=0x1b up)
2026-09-19T23:24:17.788126Z DEBUG execute_one{generation=None}: awase_windows::runtime::executor: [reinject] vk=0x1b up (queued passthrough now firing)
2026-09-19T23:24:19.538268Z DEBUG awase_windows::runtime::key_pipeline: [shadow-toggle] vk=0x1DはFSM delegate所有 → belief書き込み/actuationをスキップ w_ops0=110467 x_ops0=244833 x_KB0=23.6
2026-09-19T23:24:19.538307Z DEBUG awase_windows::runtime::key_pipeline: [shadow-toggle] no-op: vk=0x1D action=Toggle source=PhysicalImeKey effective_open は既に true → apply-ime 見送り
2026-09-19T23:24:19.538348Z DEBUG awase_windows::runtime::key_pipeline: [engine-input] vk=0x1D KeyDown ts=28563017us delay=0ms state=Idle mods(c=false s=false a=false w=false) gas_ctrl=false phys_ctrl=false extra=0x5350494B pending_drain=0 gate_active=false l_thumb=Some(28563001) r_thumb=None [diag-
2026-09-19T23:24:19.538385Z DEBUG awase::engine::engine: [diag-engine-active] ime_on=true なのに非活性: reason=Inactive(NotRomajiInput) romaji_capable=false japanese=true user_enabled=true was_active=false input_mode=ObservedEisu
2026-09-19T23:24:19.538447Z DEBUG awase::journal: key input seq=51 elapsed_ms=28563 vk_code=29 is_down=true injected=false key_class="LeftThumb" state_before="Idle" state_after="Idle" decision="PassThrough" physical="Allow" repeat_count=1 last_timestamp_us=28563017 last_elapsed_ms=0
2026-09-19T23:24:19.538613Z DEBUG execute_one{generation=None}: awase_windows::runtime::executor: [reinject] vk=0x1d down (queued passthrough now firing)
2026-09-19T23:24:19.552632Z DEBUG awase_windows::tsf::gji_monitor: [gji-io] WRITE: w_ops=+2 w_KB=+0.0 (r_ops=+4 x_ops=+4 x_KB=+0.0)
2026-09-19T23:24:19.664761Z DEBUG awase_windows::runtime::key_pipeline: [engine-input] vk=0x1D KeyUp ts=28689848us delay=0ms state=Idle mods(c=false s=false a=false w=false) gas_ctrl=false phys_ctrl=false extra=0x5350494B pending_drain=0 gate_active=false l_thumb=None r_thumb=None [diag-ctx] ime_on=
2026-09-19T23:24:19.664823Z DEBUG awase::engine::engine: [diag-engine-active] ime_on=true なのに非活性: reason=Inactive(NotRomajiInput) romaji_capable=false japanese=true user_enabled=true was_active=false input_mode=ObservedEisu
2026-09-19T23:24:19.664912Z DEBUG awase::journal: key input seq=52 elapsed_ms=28690 vk_code=29 is_down=false injected=false key_class="LeftThumb" state_before="Idle" state_after="Idle" decision="PassThrough" physical="Allow" repeat_count=1 last_timestamp_us=28689848 last_elapsed_ms=0
2026-09-19T23:24:19.665092Z DEBUG execute_one{generation=None}: awase_windows::runtime::executor: [reinject] vk=0x1d up (queued passthrough now firing)
2026-09-19T23:24:20.222292Z DEBUG awase_windows::runtime::key_pipeline: [engine-input] vk=0x4B KeyDown ts=29247521us delay=0ms state=Idle mods(c=false s=false a=false w=false) gas_ctrl=false phys_ctrl=false extra=0x5350494B pending_drain=0 gate_active=false l_thumb=None r_thumb=None [diag-ctx] ime_o
2026-09-19T23:24:20.222323Z DEBUG awase::engine::engine: [diag-engine-active] ime_on=true なのに非活性: reason=Inactive(NotRomajiInput) romaji_capable=false japanese=true user_enabled=true was_active=false input_mode=ObservedEisu
2026-09-19T23:24:20.222360Z DEBUG awase::journal: key input seq=53 elapsed_ms=29247 vk_code=75 is_down=true injected=false key_class="Char" state_before="Idle" state_after="Idle" decision="PassThrough" physical="Allow" repeat_count=1 last_timestamp_us=29247521 last_elapsed_ms=0
2026-09-19T23:24:20.222437Z DEBUG execute_one{generation=None}: awase_windows::runtime::executor: [reinject] vk=0x4b down (queued passthrough now firing)
2026-09-19T23:24:20.236886Z DEBUG awase_windows::tsf::gji_monitor: [gji-io] WRITE: w_ops=+2 w_KB=+0.4 (r_ops=+4 x_ops=+4 x_KB=+0.0)
2026-09-19T23:24:20.240982Z  INFO awase_windows::tsf::win_event_obs: [gji-obs] candidate SHOW #2: last_gji_write=0ms ago
2026-09-19T23:24:20.409617Z DEBUG awase_windows::runtime::key_pipeline: [engine-input] vk=0x4B KeyUp ts=29434222us delay=0ms state=Idle mods(c=false s=false a=false w=false) gas_ctrl=false phys_ctrl=false extra=0x5350494B pending_drain=0 gate_active=false l_thumb=None r_thumb=None [diag-ctx] ime_on=
2026-09-19T23:24:20.409680Z DEBUG awase::engine::engine: [diag-engine-active] ime_on=true なのに非活性: reason=Inactive(NotRomajiInput) romaji_capable=false japanese=true user_enabled=true was_active=false input_mode=ObservedEisu
2026-09-19T23:24:20.409771Z DEBUG awase::journal: key input seq=54 elapsed_ms=29435 vk_code=75 is_down=false injected=false key_class="Char" state_before="Idle" state_after="Idle" decision="PassThrough" physical="Allow" repeat_count=1 last_timestamp_us=29434222 last_elapsed_ms=0
2026-09-19T23:24:20.410154Z DEBUG execute_one{generation=None}: awase_windows::runtime::executor: [reinject] vk=0x4b up (queued passthrough now firing)
2026-09-19T23:24:20.413743Z DEBUG awase_windows::platform: [gji-fsm] StartComposition (candidate SHOW)
2026-09-19T23:24:20.413777Z DEBUG gji_on_event{event=StartComposition}: awase_windows::tsf::gji_fsm: [gji-fsm] StartComposition: OnWarm → OnComposing(AlreadyWarm)
2026-09-19T23:24:20.414223Z DEBUG awase::journal: gji fsm transition seq=55 elapsed_ms=29439 trigger="StartComposition(candidate SHOW)" state_before="OnWarm" state_after="OnComposing(Warm)"
2026-09-19T23:24:20.724712Z DEBUG awase_windows::runtime::key_pipeline: [engine-input] vk=0x1B KeyDown ts=29749819us delay=0ms state=Idle mods(c=false s=false a=false w=false) gas_ctrl=false phys_ctrl=false extra=0x5350494B pending_drain=0 gate_active=false l_thumb=None r_thumb=None [diag-ctx] ime_o
2026-09-19T23:24:20.724765Z DEBUG awase::engine::engine: [diag-engine-active] ime_on=true なのに非活性: reason=Inactive(NotRomajiInput) romaji_capable=false japanese=true user_enabled=true was_active=false input_mode=ObservedEisu
2026-09-19T23:24:20.724839Z DEBUG awase::journal: key input seq=56 elapsed_ms=29750 vk_code=27 is_down=true injected=false key_class="Passthrough" state_before="Idle" state_after="Idle" decision="PassThrough" physical="Allow" repeat_count=1 last_timestamp_us=29749819 last_elapsed_ms=0
2026-09-19T23:24:20.724937Z DEBUG execute_from_hook: awase_windows::runtime::executor: [relay-passthrough] PassThrough idle: direct OS pass-through (vk=0x1b down)
2026-09-19T23:24:20.725020Z DEBUG execute_one{generation=None}: awase_windows::runtime::executor: [reinject] vk=0x1b down (queued passthrough now firing)
2026-09-19T23:24:20.732721Z  INFO awase_windows::tsf::win_event_obs: [gji-obs] candidate HIDE: last_gji_write=500ms ago
2026-09-19T23:24:20.738409Z DEBUG awase_windows::tsf::gji_monitor: [gji-io] WRITE: w_ops=+2 w_KB=+0.4 (r_ops=+4 x_ops=+4 x_KB=+0.0)
2026-09-19T23:24:20.911130Z DEBUG awase_windows::runtime::key_pipeline: [engine-input] vk=0x1B KeyUp ts=29936235us delay=0ms state=Idle mods(c=false s=false a=false w=false) gas_ctrl=false phys_ctrl=false extra=0x5350494B pending_drain=0 gate_active=false l_thumb=None r_thumb=None [diag-ctx] ime_on=
2026-09-19T23:24:20.911178Z DEBUG awase::engine::engine: [diag-engine-active] ime_on=true なのに非活性: reason=Inactive(NotRomajiInput) romaji_capable=false japanese=true user_enabled=true was_active=false input_mode=ObservedEisu
2026-09-19T23:24:20.911246Z DEBUG awase::journal: key input seq=57 elapsed_ms=29936 vk_code=27 is_down=false injected=false key_class="Passthrough" state_before="Idle" state_after="Idle" decision="PassThrough" physical="Allow" repeat_count=1 last_timestamp_us=29936235 last_elapsed_ms=0
2026-09-19T23:24:20.911339Z DEBUG execute_from_hook: awase_windows::runtime::executor: [relay-passthrough] PassThrough idle: direct OS pass-through (vk=0x1b up)
2026-09-19T23:24:20.911410Z DEBUG execute_one{generation=None}: awase_windows::runtime::executor: [reinject] vk=0x1b up (queued passthrough now firing)
2026-09-19T23:24:20.913699Z DEBUG awase_windows::platform: [gji-fsm] EndComposition (candidate HIDE) epoch=FocusEpoch(2)
2026-09-19T23:24:20.913896Z DEBUG awase::journal: gji fsm transition seq=58 elapsed_ms=29939 trigger="EndComposition(candidate HIDE, epoch=FocusEpoch(2))" state_before="OnComposing(Warm)" state_after="OnWarm"
2026-09-19T23:24:22.716464Z DEBUG awase_windows::hook: [hook] IME-mode vk=0xF0 up self_injected=false injected=false scan=0x70 extra=0x5350494B since_actuation_us=Some(9926884)
2026-09-19T23:24:22.716859Z DEBUG awase::journal: hook ime-mode diagnostic seq=59 elapsed_ms=31742 vk_code=240 is_down=false self_injected=false injected=false scan=112
2026-09-19T23:24:22.716957Z DEBUG awase_windows::hook: [hook] IME-mode vk=0xF2 down self_injected=false injected=false scan=0x70 extra=0x5350494B since_actuation_us=Some(9927384)
2026-09-19T23:24:22.717175Z DEBUG awase_windows::runtime::key_pipeline: [engine-input] vk=0xF0 KeyUp ts=31741992us delay=0ms state=Idle mods(c=false s=false a=false w=false) gas_ctrl=false phys_ctrl=false extra=0x5350494B pending_drain=0 gate_active=false l_thumb=None r_thumb=None [diag-ctx] ime_on=
2026-09-19T23:24:22.717239Z DEBUG awase::engine::engine: [diag-engine-active] ime_on=true なのに非活性: reason=Inactive(NotRomajiInput) romaji_capable=false japanese=true user_enabled=true was_active=false input_mode=ObservedEisu
2026-09-19T23:24:22.717574Z DEBUG awase::journal: key input seq=60 elapsed_ms=31743 vk_code=240 is_down=false injected=false key_class="Passthrough" state_before="Idle" state_after="Idle" decision="PassThrough" physical="Suppress" repeat_count=1 last_timestamp_us=31741992 last_elapsed_ms=0
2026-09-19T23:24:22.717765Z DEBUG awase_windows::runtime::key_pipeline: [imm-cross] key suppress vk=0xf0 KeyUp (physical disposition)
2026-09-19T23:24:22.717894Z DEBUG awase::journal: hook ime-mode diagnostic seq=61 elapsed_ms=31743 vk_code=242 is_down=true self_injected=false injected=false scan=112
2026-09-19T23:24:22.718014Z  INFO awase_windows::runtime::key_pipeline: [shadow-toggle] intent 昇格: vk=0xF2 scan=0x70 action=TurnOn kind=PhysicalImeKey injected=false true→true w_ops0=110473 x_ops0=244845 x_KB0=23.6
2026-09-19T23:24:22.718046Z DEBUG awase::journal: ime event seq=62 elapsed_ms=31743 event_kind="UserImeSetIntent"
2026-09-19T23:24:22.718071Z DEBUG awase_windows::runtime::key_pipeline: [shadow-toggle] no-op: vk=0xF2 action=TurnOn source=PhysicalImeKey effective_open は既に true → apply-ime 見送り
2026-09-19T23:24:22.718092Z DEBUG awase::journal: ime event seq=63 elapsed_ms=31743 event_kind="InputModeApplied"
2026-09-19T23:24:22.718105Z  INFO awase_windows::runtime::key_pipeline: [shadow-toggle] TurnOn (IME既にopen) + ObservedEisu → AssumedRomaji に リセット (UserTurnOnEisuReset)
2026-09-19T23:24:22.718130Z DEBUG awase_windows::runtime::key_pipeline: [engine-input] vk=0xF2 KeyDown ts=31742456us delay=1ms state=Idle mods(c=false s=false a=false w=false) gas_ctrl=false phys_ctrl=false extra=0x5350494B pending_drain=0 gate_active=false l_thumb=None r_thumb=None [diag-ctx] ime_o
2026-09-19T23:24:22.718166Z  INFO awase::engine::engine: Engine activated (ime=true, romaji=true, japanese=true, user=true, reason=Active)
2026-09-19T23:24:22.718221Z DEBUG awase::journal: key input seq=64 elapsed_ms=31743 vk_code=242 is_down=true injected=false key_class="Passthrough" state_before="Idle" state_after="Idle" decision="PassThroughWith" physical="Allow" repeat_count=1 last_timestamp_us=31742456 last_elapsed_ms=0
2026-09-19T23:24:22.718257Z DEBUG awase::journal: ime event seq=65 elapsed_ms=31743 event_kind="EngineActivationSync"
2026-09-19T23:24:22.718276Z DEBUG awase::journal: ime event seq=66 elapsed_ms=31743 event_kind="ImeApplyRequested"
2026-09-19T23:24:22.718288Z  INFO awase_windows::runtime::key_pipeline: IME control: preconditions.ime_on = true (SetOpenRequest, origin=ActivationSync), was_open_before=true last_intent_before=Some(true) poll suspended
2026-09-19T23:24:22.718329Z DEBUG awase_windows::runtime::key_pipeline: may_change_ime key passed through → IME refresh scheduled (20ms)
2026-09-19T23:24:22.718353Z DEBUG execute_from_hook: awase_windows::runtime::executor: [relay-flush] PassThroughWith: queue 2 effect(s) + reinject (vk=0xf2 down)
2026-09-19T23:24:22.718476Z DEBUG execute_one{generation=Some(ApplyGeneration(1))}:dispatch_ime_set_open{open=true generation=Some(ApplyGeneration(1))}: awase_windows::runtime::executor: [dispatch-ime] ImmCross async: optimistic applied_snapshot=true (suppress send_engine_state_ime_key)
2026-09-19T23:24:22.720325Z DEBUG execute_one{generation=Some(ApplyGeneration(1))}: awase_windows::platform: [engine-state-key] skipped (apply_ime_open aligned ime=true, profile=Standard)
2026-09-19T23:24:22.720481Z DEBUG execute_one{generation=Some(ApplyGeneration(1))}: awase_windows::runtime::executor: [reinject] vk=0xf2 down (queued passthrough now firing)
2026-09-19T23:24:22.721111Z DEBUG awase_windows::hook: [hook] IME-mode vk=0xF0 up self_injected=true injected=false scan=0x0 extra=0x4B45594D since_actuation_us=Some(9931539)
2026-09-19T23:24:22.731995Z DEBUG awase_windows::hook: [hook] IME-mode vk=0xF2 down self_injected=true injected=true scan=0x0 extra=0x4B45594D since_actuation_us=Some(9942408)
2026-09-19T23:24:22.735202Z DEBUG awase::journal: hook ime-mode diagnostic seq=67 elapsed_ms=31760 vk_code=240 is_down=false self_injected=true injected=false scan=0
2026-09-19T23:24:22.735270Z DEBUG awase::journal: hook ime-mode diagnostic seq=68 elapsed_ms=31760 vk_code=242 is_down=true self_injected=true injected=true scan=0
2026-09-19T23:24:22.736256Z DEBUG run_open_chain_async: awase_windows::ime_controller: [warrant-shadow] chain=async open=true origin=EventOrigin { source: SelfActuated { strategy: "engine_decision_async" }, epoch: Generation(0) } warranted
2026-09-19T23:24:22.736433Z  INFO run_open_chain_async:imm_cross_write{open=true}: awase_windows::runtime::open_chain: [apply-ime] ImmCross async: open=true composition_active=false show_seq=0 change_seq=0 (issue #138診断)
2026-09-19T23:24:22.741462Z DEBUG awase_windows::tsf::gji_monitor: [gji-io] WRITE: w_ops=+2 w_KB=+0.0 (r_ops=+4 x_ops=+4 x_KB=+0.0)
2026-09-19T23:24:22.753853Z DEBUG awase_windows::shadow_send_trace: [shadow-send] channel=ImeControl cmd=0x0006 lparam=1 issue_us=31768399
2026-09-19T23:24:22.753877Z DEBUG awase_windows::ime: set_ime_open_for_target: hwnd=HWND(0xc01c7a) ime_wnd=HWND(0x761812) open=true success=true send_elapsed=10ms candidate_visible=false
2026-09-19T23:24:22.755891Z DEBUG run_open_chain_async:imm_cross_write{open=true}: awase_windows::ime: [imm-cross-actuate] hwnd=HWND(0xc01c7a) open=Written conv=Some(Written)
2026-09-19T23:24:22.755965Z DEBUG run_open_chain_async:imm_cross_write{open=true}: awase_windows::runtime::open_chain: [apply-ime] ROMAN 補完結果: Written
2026-09-19T23:24:22.756043Z DEBUG run_open_chain_async: awase::journal: actuation decision seq=69 elapsed_ms=31781 site="DispatchImeSetOpen" caller="None" open=true chain_len=4 attempts_len=1 gate_profile="Standard" gate_kind="Gji" gate_shadow_known=true gate_shadow_on=true gate_input_mode="AssumedR
2026-09-19T23:24:22.757603Z DEBUG on_ime_apply_complete{open=true outcome=AppliedWithoutSendInput generation=Some(ApplyGeneration(1)) reason=EngineDecision}: awase::journal: ime open applied seq=70 elapsed_ms=31783 open=true outcome="AppliedWithoutSendInput" reason="EngineDecision"
2026-09-19T23:24:22.757818Z DEBUG on_ime_apply_complete{open=true outcome=AppliedWithoutSendInput generation=Some(ApplyGeneration(1)) reason=EngineDecision}: awase::journal: ime event seq=71 elapsed_ms=31783 event_kind="ImeApplySucceeded"
2026-09-19T23:24:22.757857Z DEBUG on_ime_apply_complete{open=true outcome=AppliedWithoutSendInput generation=Some(ApplyGeneration(1)) reason=EngineDecision}: awase_windows::tsf::ime_mode_fsm: [ime-mode] SetOpen(true) applied → Hiragana (belief, unconfirmed)
2026-09-19T23:24:22.757889Z DEBUG on_ime_apply_complete{open=true outcome=AppliedWithoutSendInput generation=Some(ApplyGeneration(1)) reason=EngineDecision}: awase_windows::platform: [composition] ImeEffect::SetOpen(true) → marking cold
2026-09-19T23:24:22.757917Z DEBUG on_ime_apply_complete{open=true outcome=AppliedWithoutSendInput generation=Some(ApplyGeneration(1)) reason=EngineDecision}: awase_windows::tsf::probe: [composition] marked cold reason=SetOpenTrue idle=18446744073709551615ms → next VK/TSF output will send VK_DBE_HIRA
2026-09-19T23:24:22.757979Z DEBUG on_ime_apply_complete{open=true outcome=AppliedWithoutSendInput generation=Some(ApplyGeneration(1)) reason=EngineDecision}:gji_on_event{event=ImeOn { injection_mode: Unicode, gji_idle_ms: 16 }}: awase_windows::tsf::gji_fsm: [gji-fsm] ImeOn: already on (OnWarm), igno
2026-09-19T23:24:22.758251Z DEBUG awase::journal: gji fsm transition seq=72 elapsed_ms=31783 trigger="ImeOn(gji_idle_ms=16)" state_before="OnWarm" state_after="OnWarm"
2026-09-19T23:24:22.759785Z DEBUG awase_windows::runtime::ime_refresh: Explicit intent: bypassing typing-idle guard for IME verify (idle=47ms)
2026-09-19T23:24:22.759848Z DEBUG awase_windows::observer::ime_observer: IME snapshot: japanese=Some(true) ime_on=Some(true) romaji=Some(true) conv=Some("0x00000019") guard=false
2026-09-19T23:24:22.759956Z DEBUG awase::journal: ime event seq=73 elapsed_ms=31785 event_kind="ObserverReported"
2026-09-19T23:24:22.760023Z DEBUG awase::journal: ime event seq=74 elapsed_ms=31785 event_kind="InputModeObserved"
2026-09-19T23:24:22.760059Z  INFO awase_windows::runtime::ime_refresh: ObserverPoll +9984ms since focus: mode AssumedRomaji { reason: AppKindExcluded } → ObservedRomaji
2026-09-19T23:24:22.785093Z DEBUG awase_windows::runtime::ime_refresh: Explicit intent: bypassing typing-idle guard for IME verify (idle=63ms)
2026-09-19T23:24:22.785163Z DEBUG awase_windows::observer::ime_observer: IME snapshot: japanese=Some(true) ime_on=Some(true) romaji=Some(true) conv=Some("0x00000019") guard=false
2026-09-19T23:24:22.785285Z DEBUG awase::journal: ime event seq=75 elapsed_ms=31810 event_kind="ObserverReported"
2026-09-19T23:24:22.785331Z DEBUG awase::journal: ime event seq=76 elapsed_ms=31810 event_kind="InputModeObserved"
2026-09-19T23:24:23.405926Z DEBUG awase_windows::runtime::key_pipeline: [engine-input] vk=0x4B KeyDown ts=32430919us delay=0ms state=Idle mods(c=false s=false a=false w=false) gas_ctrl=false phys_ctrl=false extra=0x5350494B pending_drain=0 gate_active=false l_thumb=None r_thumb=None [diag-ctx] ime_o
2026-09-19T23:24:23.406092Z DEBUG awase::journal: key input seq=77 elapsed_ms=32431 vk_code=75 is_down=true injected=false key_class="Char" state_before="Idle" state_after="PendingChar(vk=0x4B)" decision="Consume" physical="Allow" repeat_count=1 last_timestamp_us=32430919 last_elapsed_ms=0
2026-09-19T23:24:23.512515Z DEBUG execute_from_loop:execute_one{generation=None}: awase_windows::output: send_keys: mode=Unicode actions=[Char('き')] prev_elapsed=∞ms
2026-09-19T23:24:23.512566Z DEBUG execute_from_loop:execute_one{generation=None}: awase_windows::tsf::probe: [mark-send] last_send_ms=336297562
2026-09-19T23:24:23.512607Z DEBUG execute_from_loop:execute_one{generation=None}: awase_windows::output:   → Char('き') via Unicode
2026-09-19T23:24:23.515918Z DEBUG execute_from_loop:execute_one{generation=None}: awase_windows::tsf::probe: [mark-send] last_send_ms=336297562
2026-09-19T23:24:23.526890Z DEBUG awase_windows::tsf::gji_monitor: [gji-io] WRITE: w_ops=+2 w_KB=+0.3 (r_ops=+4 x_ops=+4 x_KB=+0.0)
2026-09-19T23:24:23.536018Z  INFO awase_windows::tsf::win_event_obs: [gji-obs] candidate SHOW #3: last_gji_write=0ms ago
2026-09-19T23:24:23.568482Z DEBUG awase_windows::runtime::key_pipeline: [engine-input] vk=0x4B KeyUp ts=32593618us delay=0ms state=Idle mods(c=false s=false a=false w=false) gas_ctrl=false phys_ctrl=false extra=0x5350494B pending_drain=0 gate_active=false l_thumb=None r_thumb=None [diag-ctx] ime_on=
2026-09-19T23:24:23.568653Z DEBUG awase::journal: key input seq=79 elapsed_ms=32594 vk_code=75 is_down=false injected=false key_class="Char" state_before="Idle" state_after="Idle" decision="Consume" physical="Allow" repeat_count=1 last_timestamp_us=32593618 last_elapsed_ms=0
2026-09-19T23:24:23.568798Z DEBUG execute_one{generation=None}: awase_windows::output: send_keys: mode=Unicode actions=[Suppress] prev_elapsed=47ms
2026-09-19T23:24:23.568830Z DEBUG execute_one{generation=None}: awase_windows::tsf::probe: [mark-send] last_send_ms=336297609
2026-09-19T23:24:23.568880Z DEBUG execute_one{generation=None}: awase_windows::output:   → Suppress
2026-09-19T23:24:23.568901Z DEBUG execute_one{generation=None}: awase_windows::tsf::probe: [mark-send] last_send_ms=336297625
2026-09-19T23:24:23.568960Z DEBUG execute_one{generation=None}: awase_windows::platform: [gji-fsm] StartComposition (candidate SHOW)
2026-09-19T23:24:23.568997Z DEBUG execute_one{generation=None}:gji_on_event{event=StartComposition}: awase_windows::tsf::gji_fsm: [gji-fsm] StartComposition: OnWarm → OnComposing(AlreadyWarm)
2026-09-19T23:24:23.569139Z DEBUG awase::journal: gji fsm transition seq=80 elapsed_ms=32594 trigger="StartComposition(candidate SHOW)" state_before="OnWarm" state_after="OnComposing(Warm)"
2026-09-19T23:24:23.906238Z DEBUG awase_windows::runtime::key_pipeline: [engine-input] vk=0x1B KeyDown ts=32931266us delay=0ms state=Idle mods(c=false s=false a=false w=false) gas_ctrl=false phys_ctrl=false extra=0x5350494B pending_drain=0 gate_active=false l_thumb=None r_thumb=None [diag-ctx] ime_o
2026-09-19T23:24:23.906397Z DEBUG awase::journal: key input seq=81 elapsed_ms=32931 vk_code=27 is_down=true injected=false key_class="Passthrough" state_before="Idle" state_after="Idle" decision="PassThrough" physical="Allow" repeat_count=1 last_timestamp_us=32931266 last_elapsed_ms=0
2026-09-19T23:24:23.906535Z DEBUG execute_from_hook: awase_windows::runtime::executor: [relay-passthrough] PassThrough idle: direct OS pass-through (vk=0x1b down)
2026-09-19T23:24:23.906659Z DEBUG execute_one{generation=None}: awase_windows::runtime::executor: [reinject] vk=0x1b down (queued passthrough now firing)
2026-09-19T23:24:23.917747Z DEBUG awase_windows::tsf::gji_monitor: [gji-io] WRITE: w_ops=+2 w_KB=+0.3 (r_ops=+4 x_ops=+4 x_KB=+0.0)
2026-09-19T23:24:23.922383Z  INFO awase_windows::tsf::win_event_obs: [gji-obs] candidate HIDE: last_gji_write=0ms ago
2026-09-19T23:24:24.092581Z DEBUG awase_windows::runtime::key_pipeline: [engine-input] vk=0x1B KeyUp ts=33117708us delay=0ms state=Idle mods(c=false s=false a=false w=false) gas_ctrl=false phys_ctrl=false extra=0x5350494B pending_drain=0 gate_active=false l_thumb=None r_thumb=None [diag-ctx] ime_on=
2026-09-19T23:24:24.092679Z DEBUG awase::journal: key input seq=82 elapsed_ms=33118 vk_code=27 is_down=false injected=false key_class="Passthrough" state_before="Idle" state_after="Idle" decision="PassThrough" physical="Allow" repeat_count=1 last_timestamp_us=33117708 last_elapsed_ms=0
2026-09-19T23:24:24.092769Z DEBUG execute_from_hook: awase_windows::runtime::executor: [relay-passthrough] PassThrough idle: direct OS pass-through (vk=0x1b up)
2026-09-19T23:24:24.092837Z DEBUG execute_one{generation=None}: awase_windows::runtime::executor: [reinject] vk=0x1b up (queued passthrough now firing)
2026-09-19T23:24:24.094817Z DEBUG awase_windows::platform: [gji-fsm] EndComposition (candidate HIDE) epoch=FocusEpoch(3)
2026-09-19T23:24:24.094953Z DEBUG awase::journal: gji fsm transition seq=83 elapsed_ms=33120 trigger="EndComposition(candidate HIDE, epoch=FocusEpoch(3))" state_before="OnComposing(Warm)" state_after="OnWarm"
2026-09-19T23:24:25.844913Z DEBUG awase_windows::runtime::key_pipeline: [shadow-toggle] vk=0x1DはFSM delegate所有 → belief書き込み/actuationをスキップ w_ops0=110479 x_ops0=244857 x_KB0=23.6
2026-09-19T23:24:25.844970Z DEBUG awase_windows::runtime::key_pipeline: [shadow-toggle] no-op: vk=0x1D action=Toggle source=PhysicalImeKey effective_open は既に true → apply-ime 見送り
2026-09-19T23:24:25.845028Z DEBUG awase_windows::runtime::key_pipeline: [engine-input] vk=0x1D KeyDown ts=34869889us delay=0ms state=Idle mods(c=false s=false a=false w=false) gas_ctrl=false phys_ctrl=false extra=0x5350494B pending_drain=0 gate_active=false l_thumb=Some(34869866) r_thumb=None [diag-
2026-09-19T23:24:25.845186Z DEBUG awase::journal: key input seq=84 elapsed_ms=34870 vk_code=29 is_down=true injected=false key_class="LeftThumb" state_before="Idle" state_after="PendingThumb(vk=0x1D,left=true)" decision="Consume" physical="Allow" repeat_count=1 last_timestamp_us=34869889 last_elapse
2026-09-19T23:24:25.973138Z DEBUG awase_windows::runtime::key_pipeline: [engine-input] vk=0x1D KeyUp ts=34997650us delay=0ms state=PendingThumb(vk=0x1D,left=true) mods(c=false s=false a=false w=false) gas_ctrl=false phys_ctrl=false extra=0x5350494B pending_drain=0 gate_active=false l_thumb=None r_th
2026-09-19T23:24:25.973382Z  INFO awase::engine::engine: IME open axis delegated (solo tap, key semantics absorption) → false (origin=ExplicitUserAction)
2026-09-19T23:24:25.973565Z DEBUG awase::journal: key input seq=86 elapsed_ms=34999 vk_code=29 is_down=false injected=false key_class="LeftThumb" state_before="PendingThumb(vk=0x1D,left=true)" state_after="Idle" decision="Consume" physical="Allow" repeat_count=1 last_timestamp_us=34997650 last_elaps
2026-09-19T23:24:25.973848Z DEBUG awase::journal: ime event seq=87 elapsed_ms=34999 event_kind="UserImeSetIntent"
2026-09-19T23:24:25.973925Z DEBUG awase::journal: ime event seq=88 elapsed_ms=34999 event_kind="ImeApplyRequested"
2026-09-19T23:24:25.973968Z  INFO awase_windows::runtime::key_pipeline: IME control: preconditions.ime_on = false (SetOpenRequest, origin=ExplicitUserAction), was_open_before=true last_intent_before=Some(true) poll suspended
2026-09-19T23:24:25.974450Z DEBUG execute_one{generation=Some(ApplyGeneration(2))}:dispatch_ime_set_open{open=false generation=Some(ApplyGeneration(2))}: awase_windows::runtime::executor: [dispatch-ime] ImmCross async: optimistic applied_snapshot=false (suppress send_engine_state_ime_key)
2026-09-19T23:24:25.979213Z DEBUG execute_one{generation=Some(ApplyGeneration(2))}: awase_windows::platform: [engine-state-key] skipped (apply_ime_open aligned ime=false, profile=Standard)
2026-09-19T23:24:25.985738Z DEBUG run_open_chain_async: awase_windows::ime_controller: [warrant-shadow] chain=async open=false origin=EventOrigin { source: SelfActuated { strategy: "engine_decision_async" }, epoch: Generation(0) } warranted
2026-09-19T23:24:25.985869Z  INFO run_open_chain_async:imm_cross_write{open=false}: awase_windows::runtime::open_chain: [apply-ime] ImmCross async: open=false composition_active=false show_seq=0 change_seq=0 (issue #138診断)
2026-09-19T23:24:25.998305Z DEBUG awase_windows::shadow_send_trace: [shadow-send] channel=ImeControl cmd=0x0006 lparam=0 issue_us=35018952
2026-09-19T23:24:25.998343Z DEBUG awase_windows::ime: set_ime_open_for_target: hwnd=HWND(0xc01c7a) ime_wnd=HWND(0x761812) open=false success=true send_elapsed=4ms candidate_visible=false
2026-09-19T23:24:26.001500Z DEBUG run_open_chain_async:imm_cross_write{open=false}: awase_windows::ime: [imm-cross-actuate] hwnd=HWND(0xc01c7a) open=Written conv=None
2026-09-19T23:24:26.001767Z DEBUG run_open_chain_async: awase::journal: actuation decision seq=89 elapsed_ms=35027 site="DispatchImeSetOpen" caller="None" open=false chain_len=4 attempts_len=1 gate_profile="Standard" gate_kind="Gji" gate_shadow_known=true gate_shadow_on=true gate_input_mode="Observe
2026-09-19T23:24:26.013322Z DEBUG on_ime_apply_complete{open=false outcome=AppliedWithoutSendInput generation=Some(ApplyGeneration(2)) reason=EngineDecision}: awase::journal: ime open applied seq=90 elapsed_ms=35038 open=false outcome="AppliedWithoutSendInput" reason="EngineDecision"
2026-09-19T23:24:26.015230Z DEBUG on_ime_apply_complete{open=false outcome=AppliedWithoutSendInput generation=Some(ApplyGeneration(2)) reason=EngineDecision}: awase::journal: ime event seq=91 elapsed_ms=35040 event_kind="ImeApplySucceeded"
2026-09-19T23:24:26.015301Z DEBUG on_ime_apply_complete{open=false outcome=AppliedWithoutSendInput generation=Some(ApplyGeneration(2)) reason=EngineDecision}: awase_windows::tsf::ime_mode_fsm: [ime-mode] SetOpen(false) applied → Off (belief, unconfirmed)
2026-09-19T23:24:26.015365Z DEBUG on_ime_apply_complete{open=false outcome=AppliedWithoutSendInput generation=Some(ApplyGeneration(2)) reason=EngineDecision}: awase_windows::platform: [composition] ImeEffect::SetOpen(false) → marking cold (prevent warm+TSF Enter leak)
2026-09-19T23:24:26.015402Z DEBUG on_ime_apply_complete{open=false outcome=AppliedWithoutSendInput generation=Some(ApplyGeneration(2)) reason=EngineDecision}: awase_windows::tsf::probe: [composition] marked cold reason=SetOpenFalse idle=2437ms → next VK/TSF output will send VK_DBE_HIRAGANA warmup
2026-09-19T23:24:26.020879Z DEBUG awase::journal: gji fsm transition seq=92 elapsed_ms=35041 trigger="ImeOff" state_before="OnWarm" state_after="OffCold"
2026-09-19T23:24:26.049518Z DEBUG awase_windows::runtime::ime_refresh: Explicit intent: bypassing typing-idle guard for IME verify (idle=78ms)
2026-09-19T23:24:26.049585Z DEBUG awase_windows::observer::ime_observer: IME snapshot: japanese=Some(true) ime_on=Some(false) romaji=Some(true) conv=Some("0x00000019") guard=false
2026-09-19T23:24:26.049700Z DEBUG awase::journal: ime event seq=93 elapsed_ms=35075 event_kind="ObserverReported"
2026-09-19T23:24:26.049749Z DEBUG awase::journal: ime event seq=94 elapsed_ms=35075 event_kind="InputModeObserved"
2026-09-19T23:24:26.527952Z DEBUG awase_windows::runtime::key_pipeline: [engine-input] vk=0x4B KeyDown ts=35553100us delay=0ms state=Idle mods(c=false s=false a=false w=false) gas_ctrl=false phys_ctrl=false extra=0x5350494B pending_drain=0 gate_active=false l_thumb=None r_thumb=None [diag-ctx] ime_o
2026-09-19T23:24:26.528050Z DEBUG awase::journal: key input seq=95 elapsed_ms=35553 vk_code=75 is_down=true injected=false key_class="Char" state_before="Idle" state_after="Idle" decision="PassThrough" physical="Allow" repeat_count=1 last_timestamp_us=35553100 last_elapsed_ms=0
2026-09-19T23:24:26.528252Z DEBUG execute_one{generation=None}: awase_windows::runtime::executor: [reinject] vk=0x4b down (queued passthrough now firing)
2026-09-19T23:24:26.714270Z DEBUG awase_windows::runtime::key_pipeline: [engine-input] vk=0x4B KeyUp ts=35739343us delay=0ms state=Idle mods(c=false s=false a=false w=false) gas_ctrl=false phys_ctrl=false extra=0x5350494B pending_drain=0 gate_active=false l_thumb=None r_thumb=None [diag-ctx] ime_on=
2026-09-19T23:24:26.714418Z DEBUG awase::journal: key input seq=96 elapsed_ms=35739 vk_code=75 is_down=false injected=false key_class="Char" state_before="Idle" state_after="Idle" decision="PassThrough" physical="Allow" repeat_count=1 last_timestamp_us=35739343 last_elapsed_ms=0
2026-09-19T23:24:26.714590Z DEBUG execute_one{generation=None}: awase_windows::runtime::executor: [reinject] vk=0x4b up (queued passthrough now firing)
2026-09-19T23:24:27.029068Z DEBUG awase_windows::runtime::key_pipeline: [engine-input] vk=0x1B KeyDown ts=36054211us delay=0ms state=Idle mods(c=false s=false a=false w=false) gas_ctrl=false phys_ctrl=false extra=0x5350494B pending_drain=0 gate_active=false l_thumb=None r_thumb=None [diag-ctx] ime_o
2026-09-19T23:24:27.029177Z DEBUG awase::journal: key input seq=97 elapsed_ms=36054 vk_code=27 is_down=true injected=false key_class="Passthrough" state_before="Idle" state_after="Idle" decision="PassThrough" physical="Allow" repeat_count=1 last_timestamp_us=36054211 last_elapsed_ms=0
2026-09-19T23:24:27.029284Z DEBUG execute_from_hook: awase_windows::tsf::probe: [composition] marked cold reason=PassthroughConfirmKey idle=3453ms → next VK/TSF output will send VK_DBE_HIRAGANA warmup
2026-09-19T23:24:27.029310Z DEBUG execute_from_hook: awase_windows::tsf::probe: [mark-send] last_send_ms=336301078
2026-09-19T23:24:27.029386Z DEBUG execute_from_hook: awase_windows::platform: [composition-fsm] EmitWarmup (ConfirmKeyDown)
2026-09-19T23:24:27.029412Z DEBUG execute_from_hook: awase_windows::runtime::executor: [relay-passthrough] PassThrough idle: direct OS pass-through (vk=0x1b down)
2026-09-19T23:24:27.029446Z DEBUG awase::journal: gji fsm transition seq=98 elapsed_ms=36054 trigger="CompositionReset(gji_idle_ms=3110)" state_before="OffCold" state_after="OffCold"
2026-09-19T23:24:27.029518Z DEBUG awase_windows::runtime::executor: [reinject-guard] suspending drain for 50ms (vk=0x1b)
2026-09-19T23:24:27.090321Z DEBUG execute_one{generation=None}: awase_windows::runtime::executor: [reinject] vk=0x1b down (queued passthrough now firing)
2026-09-19T23:24:27.090356Z DEBUG execute_one{generation=None}: awase_windows::platform: [composition] reinject KeyDown vk=0x1b → marking cold + eager warmup
2026-09-19T23:24:27.090365Z DEBUG execute_one{generation=None}: awase_windows::tsf::probe: [composition] marked cold reason=ReinjectConfirmKey idle=62ms → next VK/TSF output will send VK_DBE_HIRAGANA warmup
2026-09-19T23:24:27.090374Z DEBUG execute_one{generation=None}: awase_windows::tsf::probe: [mark-send] last_send_ms=336301140
2026-09-19T23:24:27.093188Z DEBUG awase::journal: gji fsm transition seq=99 elapsed_ms=36115 trigger="CompositionReset(gji_idle_ms=3172)" state_before="OffCold" state_after="OffCold"
2026-09-19T23:24:27.217388Z DEBUG awase_windows::runtime::key_pipeline: [engine-input] vk=0x1B KeyUp ts=36242574us delay=0ms state=Idle mods(c=false s=false a=false w=false) gas_ctrl=false phys_ctrl=false extra=0x5350494B pending_drain=0 gate_active=false l_thumb=None r_thumb=None [diag-ctx] ime_on=
2026-09-19T23:24:27.217478Z DEBUG awase::journal: key input seq=100 elapsed_ms=36242 vk_code=27 is_down=false injected=false key_class="Passthrough" state_before="Idle" state_after="Idle" decision="PassThrough" physical="Allow" repeat_count=1 last_timestamp_us=36242574 last_elapsed_ms=0
2026-09-19T23:24:27.217572Z DEBUG execute_from_hook: awase_windows::runtime::executor: [relay-passthrough] PassThrough idle: direct OS pass-through (vk=0x1b up)
2026-09-19T23:24:27.217643Z DEBUG execute_one{generation=None}: awase_windows::runtime::executor: [reinject] vk=0x1b up (queued passthrough now firing)
2026-09-19T23:24:28.964560Z  INFO awase_windows::runtime::key_pipeline: [shadow-toggle] intent 昇格: vk=0x1D scan=0x7B action=Toggle kind=PhysicalImeKey injected=false false→true w_ops0=110479 x_ops0=244857 x_KB0=23.6
2026-09-19T23:24:28.964670Z DEBUG awase::journal: ime event seq=101 elapsed_ms=37990 event_kind="UserImeSetIntent"
2026-09-19T23:24:28.964802Z DEBUG awase_windows::runtime::key_pipeline: Shadow IME toggle: OFF → ON (vk=0x1D, source=PhysicalImeKey)
2026-09-19T23:24:28.964869Z DEBUG awase_windows::runtime::key_pipeline: [engine-input] vk=0x1D KeyDown ts=37989559us delay=0ms state=Idle mods(c=false s=false a=false w=false) gas_ctrl=false phys_ctrl=false extra=0x5350494B pending_drain=0 gate_active=false l_thumb=Some(37989537) r_thumb=None [diag-
2026-09-19T23:24:28.964933Z  INFO awase::engine::engine: Engine activated (ime=true, romaji=true, japanese=true, user=true, reason=Active)
2026-09-19T23:24:28.965086Z DEBUG awase::journal: key input seq=102 elapsed_ms=37990 vk_code=29 is_down=true injected=false key_class="LeftThumb" state_before="Idle" state_after="PendingThumb(vk=0x1D,left=true)" decision="Consume" physical="Allow" repeat_count=1 last_timestamp_us=37989559 last_elaps
2026-09-19T23:24:28.965206Z DEBUG awase::journal: ime event seq=103 elapsed_ms=37990 event_kind="EngineActivationSync"
2026-09-19T23:24:28.965265Z DEBUG awase::journal: ime event seq=104 elapsed_ms=37990 event_kind="ImeApplyRequested"
2026-09-19T23:24:28.965295Z  INFO awase_windows::runtime::key_pipeline: IME control: preconditions.ime_on = true (SetOpenRequest, origin=ActivationSync), was_open_before=true last_intent_before=Some(true) poll suspended
2026-09-19T23:24:28.965894Z DEBUG execute_one{generation=Some(ApplyGeneration(3))}:dispatch_ime_set_open{open=true generation=Some(ApplyGeneration(3))}: awase_windows::runtime::executor: [dispatch-ime] ImmCross async: optimistic applied_snapshot=true (suppress send_engine_state_ime_key)
2026-09-19T23:24:28.969430Z DEBUG execute_one{generation=Some(ApplyGeneration(3))}: awase_windows::platform: [engine-state-key] skipped (apply_ime_open aligned ime=true, profile=Standard)
2026-09-19T23:24:28.975222Z DEBUG run_open_chain_async: awase_windows::ime_controller: [warrant-shadow] chain=async open=true origin=EventOrigin { source: SelfActuated { strategy: "engine_decision_async" }, epoch: Generation(0) } warranted
2026-09-19T23:24:28.975400Z  INFO run_open_chain_async:imm_cross_write{open=true}: awase_windows::runtime::open_chain: [apply-ime] ImmCross async: open=true composition_active=false show_seq=0 change_seq=0 (issue #138診断)
2026-09-19T23:24:28.987590Z DEBUG awase_windows::shadow_send_trace: [shadow-send] channel=ImeControl cmd=0x0006 lparam=1 issue_us=38010465
2026-09-19T23:24:28.987624Z DEBUG awase_windows::ime: set_ime_open_for_target: hwnd=HWND(0xc01c7a) ime_wnd=HWND(0x761812) open=true success=true send_elapsed=2ms candidate_visible=false
2026-09-19T23:24:28.990864Z DEBUG run_open_chain_async:imm_cross_write{open=true}: awase_windows::ime: [imm-cross-actuate] hwnd=HWND(0xc01c7a) open=Written conv=Some(Written)
2026-09-19T23:24:28.990996Z DEBUG run_open_chain_async:imm_cross_write{open=true}: awase_windows::runtime::open_chain: [apply-ime] ROMAN 補完結果: Written
2026-09-19T23:24:28.991120Z DEBUG run_open_chain_async: awase::journal: actuation decision seq=105 elapsed_ms=38016 site="DispatchImeSetOpen" caller="None" open=true chain_len=4 attempts_len=1 gate_profile="Standard" gate_kind="Gji" gate_shadow_known=true gate_shadow_on=false gate_input_mode="Observ
2026-09-19T23:24:28.998485Z DEBUG on_ime_apply_complete{open=true outcome=AppliedWithoutSendInput generation=Some(ApplyGeneration(3)) reason=EngineDecision}: awase::journal: ime open applied seq=106 elapsed_ms=38023 open=true outcome="AppliedWithoutSendInput" reason="EngineDecision"
2026-09-19T23:24:29.004047Z DEBUG on_ime_apply_complete{open=true outcome=AppliedWithoutSendInput generation=Some(ApplyGeneration(3)) reason=EngineDecision}: awase::journal: ime event seq=107 elapsed_ms=38029 event_kind="ImeApplySucceeded"
2026-09-19T23:24:29.004108Z DEBUG on_ime_apply_complete{open=true outcome=AppliedWithoutSendInput generation=Some(ApplyGeneration(3)) reason=EngineDecision}: awase_windows::tsf::ime_mode_fsm: [ime-mode] SetOpen(true) applied → Hiragana (belief, unconfirmed)
2026-09-19T23:24:29.004158Z DEBUG on_ime_apply_complete{open=true outcome=AppliedWithoutSendInput generation=Some(ApplyGeneration(3)) reason=EngineDecision}: awase_windows::platform: [composition] ImeEffect::SetOpen(true) → marking cold
2026-09-19T23:24:29.004197Z DEBUG on_ime_apply_complete{open=true outcome=AppliedWithoutSendInput generation=Some(ApplyGeneration(3)) reason=EngineDecision}: awase_windows::tsf::probe: [composition] marked cold reason=SetOpenTrue idle=1906ms → next VK/TSF output will send VK_DBE_HIRAGANA warmup
2026-09-19T23:24:29.004287Z DEBUG on_ime_apply_complete{open=true outcome=AppliedWithoutSendInput generation=Some(ApplyGeneration(3)) reason=EngineDecision}:gji_on_event{event=ImeOn { injection_mode: Unicode, gji_idle_ms: 5078 }}: awase_windows::tsf::gji_fsm: [gji-fsm] ImeOn gji_idle=5078ms → Short
2026-09-19T23:24:29.004371Z DEBUG on_ime_apply_complete{open=true outcome=AppliedWithoutSendInput generation=Some(ApplyGeneration(3)) reason=EngineDecision}: awase_windows::platform: [gji-fsm] StartProbe probe_id=ProbeId(2) forces_f2=false long=false
2026-09-19T23:24:29.007692Z DEBUG awase::journal: gji fsm transition seq=108 elapsed_ms=38029 trigger="ImeOn(gji_idle_ms=5078)" state_before="OffCold" state_after="OnCold(Short)"
2026-09-19T23:24:29.007735Z DEBUG awase::journal: tsf probe started seq=109 elapsed_ms=38029 source="GjiAction::StartProbe" cold_seq=0 probe_id=2 probe_id_present=true gji_state="OnCold(Short)" consecutive_at_start=0 pending_deferred_len=0
2026-09-19T23:24:29.007771Z DEBUG awase::journal: gji fsm transition seq=110 elapsed_ms=38029 trigger="WarmupComplete(unicode)" state_before="OnCold(Short)" state_after="OnWarm"
2026-09-19T23:24:29.007798Z DEBUG awase::journal: tsf probe completed seq=111 elapsed_ms=38029 outcome="UnicodeImmediate" cold_seq=18446744073709551615 cold_seq_present=false probe_id=2 probe_id_present=true duration_ms=0 tick_count=0 gji_state="OnWarm"
2026-09-19T23:24:29.032794Z DEBUG awase_windows::runtime::ime_refresh: Explicit intent: bypassing typing-idle guard for IME verify (idle=63ms)
2026-09-19T23:24:29.032877Z DEBUG awase_windows::observer::ime_observer: IME snapshot: japanese=Some(true) ime_on=Some(true) romaji=Some(true) conv=Some("0x00000019") guard=false
2026-09-19T23:24:29.033021Z DEBUG awase::journal: ime event seq=112 elapsed_ms=38058 event_kind="ObserverReported"
2026-09-19T23:24:29.033164Z DEBUG awase::journal: ime event seq=113 elapsed_ms=38058 event_kind="InputModeObserved"
2026-09-19T23:24:29.150380Z DEBUG awase_windows::runtime::key_pipeline: [engine-input] vk=0x1D KeyUp ts=38175519us delay=0ms state=PendingThumb(vk=0x1D,left=true) mods(c=false s=false a=false w=false) gas_ctrl=false phys_ctrl=false extra=0x5350494B pending_drain=0 gate_active=false l_thumb=None r_th
2026-09-19T23:24:29.150504Z DEBUG awase::journal: key input seq=115 elapsed_ms=38175 vk_code=29 is_down=false injected=false key_class="LeftThumb" state_before="PendingThumb(vk=0x1D,left=true)" state_after="Idle" decision="Consume" physical="Allow" repeat_count=1 last_timestamp_us=38175519 last_elap
2026-09-19T23:24:29.651367Z DEBUG awase_windows::runtime::key_pipeline: [engine-input] vk=0x4B KeyDown ts=38676546us delay=0ms state=Idle mods(c=false s=false a=false w=false) gas_ctrl=false phys_ctrl=false extra=0x5350494B pending_drain=0 gate_active=false l_thumb=None r_thumb=None [diag-ctx] ime_o
2026-09-19T23:24:29.651438Z DEBUG awase::journal: key input seq=116 elapsed_ms=38676 vk_code=75 is_down=true injected=false key_class="Char" state_before="Idle" state_after="PendingChar(vk=0x4B)" decision="Consume" physical="Allow" repeat_count=1 last_timestamp_us=38676546 last_elapsed_ms=0
2026-09-19T23:24:29.758240Z DEBUG execute_from_loop:execute_one{generation=None}: awase_windows::output: send_keys: mode=Unicode actions=[Char('き')] prev_elapsed=2672ms
2026-09-19T23:24:29.758272Z DEBUG execute_from_loop:execute_one{generation=None}: awase_windows::tsf::probe: [mark-send] last_send_ms=336303812
2026-09-19T23:24:29.758294Z DEBUG execute_from_loop:execute_one{generation=None}: awase_windows::output:   → Char('き') via Unicode
2026-09-19T23:24:29.760130Z DEBUG execute_from_loop:execute_one{generation=None}: awase_windows::tsf::probe: [mark-send] last_send_ms=336303812
2026-09-19T23:24:29.773893Z DEBUG awase_windows::tsf::gji_monitor: [gji-io] WRITE: w_ops=+2 w_KB=+0.3 (r_ops=+4 x_ops=+4 x_KB=+0.0)
2026-09-19T23:24:29.777070Z  INFO awase_windows::tsf::win_event_obs: [gji-obs] candidate SHOW #4: last_gji_write=0ms ago
2026-09-19T23:24:29.814922Z DEBUG awase_windows::runtime::key_pipeline: [engine-input] vk=0x4B KeyUp ts=38840119us delay=0ms state=Idle mods(c=false s=false a=false w=false) gas_ctrl=false phys_ctrl=false extra=0x5350494B pending_drain=0 gate_active=false l_thumb=None r_thumb=None [diag-ctx] ime_on=
2026-09-19T23:24:29.815080Z DEBUG awase::journal: key input seq=118 elapsed_ms=38840 vk_code=75 is_down=false injected=false key_class="Char" state_before="Idle" state_after="Idle" decision="Consume" physical="Allow" repeat_count=1 last_timestamp_us=38840119 last_elapsed_ms=0
2026-09-19T23:24:29.815188Z DEBUG execute_one{generation=None}: awase_windows::output: send_keys: mode=Unicode actions=[Suppress] prev_elapsed=47ms
2026-09-19T23:24:29.815205Z DEBUG execute_one{generation=None}: awase_windows::tsf::probe: [mark-send] last_send_ms=336303859
2026-09-19T23:24:29.815213Z DEBUG execute_one{generation=None}: awase_windows::output:   → Suppress
2026-09-19T23:24:29.815219Z DEBUG execute_one{generation=None}: awase_windows::tsf::probe: [mark-send] last_send_ms=336303859
2026-09-19T23:24:29.815241Z DEBUG execute_one{generation=None}: awase_windows::platform: [gji-fsm] StartComposition (candidate SHOW)
2026-09-19T23:24:29.815254Z DEBUG execute_one{generation=None}:gji_on_event{event=StartComposition}: awase_windows::tsf::gji_fsm: [gji-fsm] StartComposition: OnWarm → OnComposing(AlreadyWarm)
2026-09-19T23:24:29.815312Z DEBUG awase::journal: gji fsm transition seq=119 elapsed_ms=38840 trigger="StartComposition(candidate SHOW)" state_before="OnWarm" state_after="OnComposing(Warm)"
2026-09-19T23:24:30.150636Z DEBUG awase_windows::runtime::key_pipeline: [engine-input] vk=0x1B KeyDown ts=39175794us delay=0ms state=Idle mods(c=false s=false a=false w=false) gas_ctrl=false phys_ctrl=false extra=0x5350494B pending_drain=0 gate_active=false l_thumb=None r_thumb=None [diag-ctx] ime_o
2026-09-19T23:24:30.150744Z DEBUG awase::journal: key input seq=120 elapsed_ms=39176 vk_code=27 is_down=true injected=false key_class="Passthrough" state_before="Idle" state_after="Idle" decision="PassThrough" physical="Allow" repeat_count=1 last_timestamp_us=39175794 last_elapsed_ms=0
2026-09-19T23:24:30.150840Z DEBUG execute_from_hook: awase_windows::runtime::executor: [relay-passthrough] PassThrough idle: direct OS pass-through (vk=0x1b down)
2026-09-19T23:24:30.150919Z DEBUG execute_one{generation=None}: awase_windows::runtime::executor: [reinject] vk=0x1b down (queued passthrough now firing)
2026-09-19T23:24:30.158137Z  INFO awase_windows::tsf::win_event_obs: [gji-obs] candidate HIDE: last_gji_write=375ms ago
2026-09-19T23:24:30.163990Z DEBUG awase_windows::tsf::gji_monitor: [gji-io] WRITE: w_ops=+2 w_KB=+0.3 (r_ops=+4 x_ops=+4 x_KB=+0.0)
2026-09-19T23:24:30.339519Z DEBUG awase_windows::runtime::key_pipeline: [engine-input] vk=0x1B KeyUp ts=39364631us delay=0ms state=Idle mods(c=false s=false a=false w=false) gas_ctrl=false phys_ctrl=false extra=0x5350494B pending_drain=0 gate_active=false l_thumb=None r_thumb=None [diag-ctx] ime_on=
2026-09-19T23:24:30.339623Z DEBUG awase::journal: key input seq=121 elapsed_ms=39365 vk_code=27 is_down=false injected=false key_class="Passthrough" state_before="Idle" state_after="Idle" decision="PassThrough" physical="Allow" repeat_count=1 last_timestamp_us=39364631 last_elapsed_ms=0
2026-09-19T23:24:30.339765Z DEBUG execute_from_hook: awase_windows::runtime::executor: [relay-passthrough] PassThrough idle: direct OS pass-through (vk=0x1b up)
2026-09-19T23:24:30.339834Z DEBUG execute_one{generation=None}: awase_windows::runtime::executor: [reinject] vk=0x1b up (queued passthrough now firing)
2026-09-19T23:24:30.341617Z DEBUG awase_windows::platform: [gji-fsm] EndComposition (candidate HIDE) epoch=FocusEpoch(4)
2026-09-19T23:24:30.341772Z DEBUG awase::journal: gji fsm transition seq=122 elapsed_ms=39367 trigger="EndComposition(candidate HIDE, epoch=FocusEpoch(4))" state_before="OnComposing(Warm)" state_after="OnWarm"
2026-09-19T23:24:32.117604Z DEBUG awase_windows::hook: [hook] IME-mode vk=0xF2 down self_injected=false injected=false scan=0x70 extra=0x5350494B since_actuation_us=Some(19328008)
2026-09-19T23:24:32.117955Z DEBUG awase::journal: hook ime-mode diagnostic seq=123 elapsed_ms=41143 vk_code=242 is_down=true self_injected=false injected=false scan=112
2026-09-19T23:24:32.118416Z  INFO awase_windows::runtime::key_pipeline: [shadow-toggle] intent 昇格: vk=0xF2 scan=0x70 action=TurnOn kind=PhysicalImeKey injected=false true→true w_ops0=110483 x_ops0=244865 x_KB0=23.6
2026-09-19T23:24:32.118510Z DEBUG awase::journal: ime event seq=124 elapsed_ms=41143 event_kind="UserImeSetIntent"
2026-09-19T23:24:32.118561Z DEBUG awase_windows::runtime::key_pipeline: [shadow-toggle] no-op: vk=0xF2 action=TurnOn source=PhysicalImeKey effective_open は既に true → apply-ime 見送り
2026-09-19T23:24:32.118629Z DEBUG awase_windows::runtime::key_pipeline: [engine-input] vk=0xF2 KeyDown ts=41143202us delay=0ms state=Idle mods(c=false s=false a=false w=false) gas_ctrl=false phys_ctrl=false extra=0x5350494B pending_drain=0 gate_active=false l_thumb=None r_thumb=None [diag-ctx] ime_o
2026-09-19T23:24:32.118805Z DEBUG awase::journal: key input seq=125 elapsed_ms=41144 vk_code=242 is_down=true injected=false key_class="Passthrough" state_before="Idle" state_after="Idle" decision="PassThrough" physical="Allow" repeat_count=1 last_timestamp_us=41143202 last_elapsed_ms=0
2026-09-19T23:24:32.118948Z DEBUG awase_windows::runtime::key_pipeline: may_change_ime key passed through → IME refresh scheduled (20ms)
2026-09-19T23:24:32.119090Z DEBUG execute_from_hook: awase_windows::runtime::executor: [relay-passthrough] PassThrough idle: direct OS pass-through (vk=0xf2 down)
2026-09-19T23:24:32.119841Z DEBUG execute_one{generation=None}: awase_windows::runtime::executor: [reinject] vk=0xf2 down (queued passthrough now firing)
2026-09-19T23:24:32.123211Z DEBUG awase_windows::hook: [hook] IME-mode vk=0xF2 down self_injected=true injected=true scan=0x0 extra=0x4B45594D since_actuation_us=Some(19333624)
2026-09-19T23:24:32.126908Z DEBUG awase::journal: hook ime-mode diagnostic seq=126 elapsed_ms=41152 vk_code=242 is_down=true self_injected=true injected=true scan=0
2026-09-19T23:24:32.130086Z DEBUG awase_windows::tsf::gji_monitor: [gji-io] WRITE: w_ops=+2 w_KB=+0.0 (r_ops=+4 x_ops=+4 x_KB=+0.0)
2026-09-19T23:24:32.163491Z DEBUG awase_windows::runtime::ime_refresh: Explicit intent: bypassing typing-idle guard for IME verify (idle=47ms)
2026-09-19T23:24:32.163567Z DEBUG awase_windows::observer::ime_observer: IME snapshot: japanese=Some(true) ime_on=Some(true) romaji=None conv=Some("0x00000010") guard=false
2026-09-19T23:24:32.163688Z DEBUG awase::journal: ime event seq=127 elapsed_ms=41189 event_kind="ObserverReported"
2026-09-19T23:24:32.163730Z DEBUG awase::journal: ime event seq=128 elapsed_ms=41189 event_kind="InputModeObserved"
2026-09-19T23:24:32.163812Z DEBUG awase::engine::engine: [diag-engine-active] ime_on=true なのに非活性: reason=Inactive(NotRomajiInput) romaji_capable=false japanese=true user_enabled=true was_active=true input_mode=ObservedEisu
2026-09-19T23:24:32.163889Z  INFO awase::engine::engine: Engine deactivated (ime=true, romaji=false, japanese=true, user=true, reason=Inactive(NotRomajiInput))
2026-09-19T23:24:32.792579Z DEBUG awase_windows::runtime::key_pipeline: [engine-input] vk=0x4B KeyDown ts=41817700us delay=0ms state=Idle mods(c=false s=false a=false w=false) gas_ctrl=false phys_ctrl=false extra=0x5350494B pending_drain=0 gate_active=false l_thumb=None r_thumb=None [diag-ctx] ime_o
2026-09-19T23:24:32.792632Z DEBUG awase::engine::engine: [diag-engine-active] ime_on=true なのに非活性: reason=Inactive(NotRomajiInput) romaji_capable=false japanese=true user_enabled=true was_active=false input_mode=ObservedEisu
2026-09-19T23:24:32.792717Z DEBUG awase::journal: key input seq=129 elapsed_ms=41818 vk_code=75 is_down=true injected=false key_class="Char" state_before="Idle" state_after="Idle" decision="PassThrough" physical="Allow" repeat_count=1 last_timestamp_us=41817700 last_elapsed_ms=0
2026-09-19T23:24:32.792874Z DEBUG execute_one{generation=None}: awase_windows::runtime::executor: [reinject] vk=0x4b down (queued passthrough now firing)
2026-09-19T23:24:32.805394Z DEBUG awase_windows::tsf::gji_monitor: [gji-io] WRITE: w_ops=+2 w_KB=+0.4 (r_ops=+4 x_ops=+4 x_KB=+0.0)
2026-09-19T23:24:32.817058Z  INFO awase_windows::tsf::win_event_obs: [gji-obs] candidate SHOW #5: last_gji_write=0ms ago
2026-09-19T23:24:32.979574Z DEBUG awase_windows::runtime::key_pipeline: [engine-input] vk=0x4B KeyUp ts=42004684us delay=0ms state=Idle mods(c=false s=false a=false w=false) gas_ctrl=false phys_ctrl=false extra=0x5350494B pending_drain=0 gate_active=false l_thumb=None r_thumb=None [diag-ctx] ime_on=
2026-09-19T23:24:32.979622Z DEBUG awase::engine::engine: [diag-engine-active] ime_on=true なのに非活性: reason=Inactive(NotRomajiInput) romaji_capable=false japanese=true user_enabled=true was_active=false input_mode=ObservedEisu
2026-09-19T23:24:32.979693Z DEBUG awase::journal: key input seq=130 elapsed_ms=42005 vk_code=75 is_down=false injected=false key_class="Char" state_before="Idle" state_after="Idle" decision="PassThrough" physical="Allow" repeat_count=1 last_timestamp_us=42004684 last_elapsed_ms=0
2026-09-19T23:24:32.979865Z DEBUG execute_one{generation=None}: awase_windows::runtime::executor: [reinject] vk=0x4b up (queued passthrough now firing)
2026-09-19T23:24:32.982663Z DEBUG awase_windows::platform: [gji-fsm] StartComposition (candidate SHOW)
2026-09-19T23:24:32.982697Z DEBUG gji_on_event{event=StartComposition}: awase_windows::tsf::gji_fsm: [gji-fsm] StartComposition: OnWarm → OnComposing(AlreadyWarm)
2026-09-19T23:24:32.982780Z DEBUG awase::journal: gji fsm transition seq=131 elapsed_ms=42008 trigger="StartComposition(candidate SHOW)" state_before="OnWarm" state_after="OnComposing(Warm)"
2026-09-19T23:24:33.289794Z DEBUG awase_windows::runtime::key_pipeline: [engine-input] vk=0x1B KeyDown ts=42314914us delay=0ms state=Idle mods(c=false s=false a=false w=false) gas_ctrl=false phys_ctrl=false extra=0x5350494B pending_drain=0 gate_active=false l_thumb=None r_thumb=None [diag-ctx] ime_o
2026-09-19T23:24:33.289843Z DEBUG awase::engine::engine: [diag-engine-active] ime_on=true なのに非活性: reason=Inactive(NotRomajiInput) romaji_capable=false japanese=true user_enabled=true was_active=false input_mode=ObservedEisu
2026-09-19T23:24:33.289909Z DEBUG awase::journal: key input seq=132 elapsed_ms=42315 vk_code=27 is_down=true injected=false key_class="Passthrough" state_before="Idle" state_after="Idle" decision="PassThrough" physical="Allow" repeat_count=1 last_timestamp_us=42314914 last_elapsed_ms=0
2026-09-19T23:24:33.289998Z DEBUG execute_from_hook: awase_windows::runtime::executor: [relay-passthrough] PassThrough idle: direct OS pass-through (vk=0x1b down)
2026-09-19T23:24:33.290074Z DEBUG execute_one{generation=None}: awase_windows::runtime::executor: [reinject] vk=0x1b down (queued passthrough now firing)
2026-09-19T23:24:33.299631Z  INFO awase_windows::tsf::win_event_obs: [gji-obs] candidate HIDE: last_gji_write=484ms ago
2026-09-19T23:24:33.303552Z DEBUG awase_windows::tsf::gji_monitor: [gji-io] WRITE: w_ops=+2 w_KB=+0.4 (r_ops=+4 x_ops=+4 x_KB=+0.0)
2026-09-19T23:24:33.478647Z DEBUG awase_windows::runtime::key_pipeline: [engine-input] vk=0x1B KeyUp ts=42503706us delay=0ms state=Idle mods(c=false s=false a=false w=false) gas_ctrl=false phys_ctrl=false extra=0x5350494B pending_drain=0 gate_active=false l_thumb=None r_thumb=None [diag-ctx] ime_on=
2026-09-19T23:24:33.478694Z DEBUG awase::engine::engine: [diag-engine-active] ime_on=true なのに非活性: reason=Inactive(NotRomajiInput) romaji_capable=false japanese=true user_enabled=true was_active=false input_mode=ObservedEisu
2026-09-19T23:24:33.478761Z DEBUG awase::journal: key input seq=133 elapsed_ms=42504 vk_code=27 is_down=false injected=false key_class="Passthrough" state_before="Idle" state_after="Idle" decision="PassThrough" physical="Allow" repeat_count=1 last_timestamp_us=42503706 last_elapsed_ms=0
2026-09-19T23:24:33.478852Z DEBUG execute_from_hook: awase_windows::runtime::executor: [relay-passthrough] PassThrough idle: direct OS pass-through (vk=0x1b up)
2026-09-19T23:24:33.478921Z DEBUG execute_one{generation=None}: awase_windows::runtime::executor: [reinject] vk=0x1b up (queued passthrough now firing)
2026-09-19T23:24:33.482148Z DEBUG awase_windows::platform: [gji-fsm] EndComposition (candidate HIDE) epoch=FocusEpoch(5)
2026-09-19T23:24:33.482305Z DEBUG awase::journal: gji fsm transition seq=134 elapsed_ms=42507 trigger="EndComposition(candidate HIDE, epoch=FocusEpoch(5))" state_before="OnComposing(Warm)" state_after="OnWarm"
2026-09-19T23:24:35.240614Z DEBUG awase_windows::runtime::key_pipeline: [shadow-toggle] vk=0x1DはFSM delegate所有 → belief書き込み/actuationをスキップ w_ops0=110489 x_ops0=244877 x_KB0=23.6
2026-09-19T23:24:35.240650Z DEBUG awase_windows::runtime::key_pipeline: [shadow-toggle] no-op: vk=0x1D action=Toggle source=PhysicalImeKey effective_open は既に true → apply-ime 見送り
2026-09-19T23:24:35.240685Z DEBUG awase_windows::runtime::key_pipeline: [engine-input] vk=0x1D KeyDown ts=44265753us delay=0ms state=Idle mods(c=false s=false a=false w=false) gas_ctrl=false phys_ctrl=false extra=0x5350494B pending_drain=0 gate_active=false l_thumb=Some(44265742) r_thumb=None [diag-
2026-09-19T23:24:35.240721Z DEBUG awase::engine::engine: [diag-engine-active] ime_on=true なのに非活性: reason=Inactive(NotRomajiInput) romaji_capable=false japanese=true user_enabled=true was_active=false input_mode=ObservedEisu
2026-09-19T23:24:35.240791Z DEBUG awase::journal: key input seq=135 elapsed_ms=44266 vk_code=29 is_down=true injected=false key_class="LeftThumb" state_before="Idle" state_after="Idle" decision="PassThrough" physical="Allow" repeat_count=1 last_timestamp_us=44265753 last_elapsed_ms=0
2026-09-19T23:24:35.240927Z DEBUG execute_one{generation=None}: awase_windows::runtime::executor: [reinject] vk=0x1d down (queued passthrough now firing)
2026-09-19T23:24:35.253800Z DEBUG awase_windows::tsf::gji_monitor: [gji-io] WRITE: w_ops=+2 w_KB=+0.0 (r_ops=+4 x_ops=+4 x_KB=+0.0)
2026-09-19T23:24:35.367070Z DEBUG awase_windows::runtime::key_pipeline: [engine-input] vk=0x1D KeyUp ts=44392246us delay=0ms state=Idle mods(c=false s=false a=false w=false) gas_ctrl=false phys_ctrl=false extra=0x5350494B pending_drain=0 gate_active=false l_thumb=None r_thumb=None [diag-ctx] ime_on=
2026-09-19T23:24:35.367116Z DEBUG awase::engine::engine: [diag-engine-active] ime_on=true なのに非活性: reason=Inactive(NotRomajiInput) romaji_capable=false japanese=true user_enabled=true was_active=false input_mode=ObservedEisu
2026-09-19T23:24:35.367183Z DEBUG awase::journal: key input seq=136 elapsed_ms=44392 vk_code=29 is_down=false injected=false key_class="LeftThumb" state_before="Idle" state_after="Idle" decision="PassThrough" physical="Allow" repeat_count=1 last_timestamp_us=44392246 last_elapsed_ms=0
2026-09-19T23:24:35.367316Z DEBUG execute_one{generation=None}: awase_windows::runtime::executor: [reinject] vk=0x1d up (queued passthrough now firing)
2026-09-19T23:24:35.930430Z DEBUG awase_windows::runtime::key_pipeline: [engine-input] vk=0x4B KeyDown ts=44955508us delay=0ms state=Idle mods(c=false s=false a=false w=false) gas_ctrl=false phys_ctrl=false extra=0x5350494B pending_drain=0 gate_active=false l_thumb=None r_thumb=None [diag-ctx] ime_o
2026-09-19T23:24:35.930487Z DEBUG awase::engine::engine: [diag-engine-active] ime_on=true なのに非活性: reason=Inactive(NotRomajiInput) romaji_capable=false japanese=true user_enabled=true was_active=false input_mode=ObservedEisu
2026-09-19T23:24:35.930567Z DEBUG awase::journal: key input seq=137 elapsed_ms=44956 vk_code=75 is_down=true injected=false key_class="Char" state_before="Idle" state_after="Idle" decision="PassThrough" physical="Allow" repeat_count=1 last_timestamp_us=44955508 last_elapsed_ms=0
2026-09-19T23:24:35.930722Z DEBUG execute_one{generation=None}: awase_windows::runtime::executor: [reinject] vk=0x4b down (queued passthrough now firing)
2026-09-19T23:24:36.106305Z DEBUG awase_windows::runtime::key_pipeline: [engine-input] vk=0x4B KeyUp ts=45131518us delay=0ms state=Idle mods(c=false s=false a=false w=false) gas_ctrl=false phys_ctrl=false extra=0x5350494B pending_drain=0 gate_active=false l_thumb=None r_thumb=None [diag-ctx] ime_on=
2026-09-19T23:24:36.106339Z DEBUG awase::engine::engine: [diag-engine-active] ime_on=true なのに非活性: reason=Inactive(NotRomajiInput) romaji_capable=false japanese=true user_enabled=true was_active=false input_mode=ObservedEisu
2026-09-19T23:24:36.106384Z DEBUG awase::journal: key input seq=138 elapsed_ms=45131 vk_code=75 is_down=false injected=false key_class="Char" state_before="Idle" state_after="Idle" decision="PassThrough" physical="Allow" repeat_count=1 last_timestamp_us=45131518 last_elapsed_ms=0
2026-09-19T23:24:36.106468Z DEBUG execute_one{generation=None}: awase_windows::runtime::executor: [reinject] vk=0x4b up (queued passthrough now firing)
2026-09-19T23:24:36.429886Z DEBUG awase_windows::runtime::key_pipeline: [engine-input] vk=0x1B KeyDown ts=45455074us delay=0ms state=Idle mods(c=false s=false a=false w=false) gas_ctrl=false phys_ctrl=false extra=0x5350494B pending_drain=0 gate_active=false l_thumb=None r_thumb=None [diag-ctx] ime_o
2026-09-19T23:24:36.429940Z DEBUG awase::engine::engine: [diag-engine-active] ime_on=true なのに非活性: reason=Inactive(NotRomajiInput) romaji_capable=false japanese=true user_enabled=true was_active=false input_mode=ObservedEisu
2026-09-19T23:24:36.430012Z DEBUG awase::journal: key input seq=139 elapsed_ms=45455 vk_code=27 is_down=true injected=false key_class="Passthrough" state_before="Idle" state_after="Idle" decision="PassThrough" physical="Allow" repeat_count=1 last_timestamp_us=45455074 last_elapsed_ms=0
2026-09-19T23:24:36.430119Z DEBUG execute_from_hook: awase_windows::runtime::executor: [relay-passthrough] PassThrough idle: direct OS pass-through (vk=0x1b down)
2026-09-19T23:24:36.430195Z DEBUG execute_one{generation=None}: awase_windows::runtime::executor: [reinject] vk=0x1b down (queued passthrough now firing)
2026-09-19T23:24:36.614902Z DEBUG awase_windows::runtime::key_pipeline: [engine-input] vk=0x1B KeyUp ts=45640135us delay=0ms state=Idle mods(c=false s=false a=false w=false) gas_ctrl=false phys_ctrl=false extra=0x5350494B pending_drain=0 gate_active=false l_thumb=None r_thumb=None [diag-ctx] ime_on=
2026-09-19T23:24:36.614932Z DEBUG awase::engine::engine: [diag-engine-active] ime_on=true なのに非活性: reason=Inactive(NotRomajiInput) romaji_capable=false japanese=true user_enabled=true was_active=false input_mode=ObservedEisu
2026-09-19T23:24:36.614971Z DEBUG awase::journal: key input seq=140 elapsed_ms=45640 vk_code=27 is_down=false injected=false key_class="Passthrough" state_before="Idle" state_after="Idle" decision="PassThrough" physical="Allow" repeat_count=1 last_timestamp_us=45640135 last_elapsed_ms=0
2026-09-19T23:24:36.615023Z DEBUG execute_from_hook: awase_windows::runtime::executor: [relay-passthrough] PassThrough idle: direct OS pass-through (vk=0x1b up)
2026-09-19T23:24:36.615058Z DEBUG execute_one{generation=None}: awase_windows::runtime::executor: [reinject] vk=0x1b up (queued passthrough now firing)
2026-09-19T23:24:38.419339Z DEBUG awase_windows::runtime::key_pipeline: [shadow-toggle] vk=0x1DはFSM delegate所有 → belief書き込み/actuationをスキップ w_ops0=110491 x_ops0=244881 x_KB0=23.6
2026-09-19T23:24:38.419374Z DEBUG awase_windows::runtime::key_pipeline: [shadow-toggle] no-op: vk=0x1D action=Toggle source=PhysicalImeKey effective_open は既に true → apply-ime 見送り
2026-09-19T23:24:38.419408Z DEBUG awase_windows::runtime::key_pipeline: [engine-input] vk=0x1D KeyDown ts=47444494us delay=0ms state=Idle mods(c=false s=false a=false w=false) gas_ctrl=false phys_ctrl=false extra=0x5350494B pending_drain=0 gate_active=false l_thumb=Some(47444483) r_thumb=None [diag-
2026-09-19T23:24:38.419443Z DEBUG awase::engine::engine: [diag-engine-active] ime_on=true なのに非活性: reason=Inactive(NotRomajiInput) romaji_capable=false japanese=true user_enabled=true was_active=false input_mode=ObservedEisu
2026-09-19T23:24:38.419512Z DEBUG awase::journal: key input seq=141 elapsed_ms=47444 vk_code=29 is_down=true injected=false key_class="LeftThumb" state_before="Idle" state_after="Idle" decision="PassThrough" physical="Allow" repeat_count=1 last_timestamp_us=47444494 last_elapsed_ms=0
2026-09-19T23:24:38.419644Z DEBUG execute_one{generation=None}: awase_windows::runtime::executor: [reinject] vk=0x1d down (queued passthrough now firing)
2026-09-19T23:24:38.433510Z DEBUG awase_windows::tsf::gji_monitor: [gji-io] WRITE: w_ops=+2 w_KB=+0.0 (r_ops=+4 x_ops=+4 x_KB=+0.0)
2026-09-19T23:24:38.545810Z DEBUG awase_windows::runtime::key_pipeline: [engine-input] vk=0x1D KeyUp ts=47570995us delay=0ms state=Idle mods(c=false s=false a=false w=false) gas_ctrl=false phys_ctrl=false extra=0x5350494B pending_drain=0 gate_active=false l_thumb=None r_thumb=None [diag-ctx] ime_on=
2026-09-19T23:24:38.545862Z DEBUG awase::engine::engine: [diag-engine-active] ime_on=true なのに非活性: reason=Inactive(NotRomajiInput) romaji_capable=false japanese=true user_enabled=true was_active=false input_mode=ObservedEisu
2026-09-19T23:24:38.545934Z DEBUG awase::journal: key input seq=142 elapsed_ms=47571 vk_code=29 is_down=false injected=false key_class="LeftThumb" state_before="Idle" state_after="Idle" decision="PassThrough" physical="Allow" repeat_count=1 last_timestamp_us=47570995 last_elapsed_ms=0
2026-09-19T23:24:38.546075Z DEBUG execute_one{generation=None}: awase_windows::runtime::executor: [reinject] vk=0x1d up (queued passthrough now firing)
2026-09-19T23:24:39.107620Z DEBUG awase_windows::runtime::key_pipeline: [engine-input] vk=0x4B KeyDown ts=48131958us delay=1ms state=Idle mods(c=false s=false a=false w=false) gas_ctrl=false phys_ctrl=false extra=0x5350494B pending_drain=0 gate_active=false l_thumb=None r_thumb=None [diag-ctx] ime_o
2026-09-19T23:24:39.107651Z DEBUG awase::engine::engine: [diag-engine-active] ime_on=true なのに非活性: reason=Inactive(NotRomajiInput) romaji_capable=false japanese=true user_enabled=true was_active=false input_mode=ObservedEisu
2026-09-19T23:24:39.107687Z DEBUG awase::journal: key input seq=143 elapsed_ms=48133 vk_code=75 is_down=true injected=false key_class="Char" state_before="Idle" state_after="Idle" decision="PassThrough" physical="Allow" repeat_count=1 last_timestamp_us=48131958 last_elapsed_ms=0
2026-09-19T23:24:39.107757Z DEBUG execute_one{generation=None}: awase_windows::runtime::executor: [reinject] vk=0x4b down (queued passthrough now firing)
2026-09-19T23:24:39.121013Z DEBUG awase_windows::tsf::gji_monitor: [gji-io] WRITE: w_ops=+2 w_KB=+0.4 (r_ops=+4 x_ops=+4 x_KB=+0.0)
2026-09-19T23:24:39.123610Z  INFO awase_windows::tsf::win_event_obs: [gji-obs] candidate SHOW #6: last_gji_write=0ms ago
2026-09-19T23:24:39.293674Z DEBUG awase_windows::runtime::key_pipeline: [engine-input] vk=0x4B KeyUp ts=48318801us delay=0ms state=Idle mods(c=false s=false a=false w=false) gas_ctrl=false phys_ctrl=false extra=0x5350494B pending_drain=0 gate_active=false l_thumb=None r_thumb=None [diag-ctx] ime_on=
2026-09-19T23:24:39.293719Z DEBUG awase::engine::engine: [diag-engine-active] ime_on=true なのに非活性: reason=Inactive(NotRomajiInput) romaji_capable=false japanese=true user_enabled=true was_active=false input_mode=ObservedEisu
2026-09-19T23:24:39.293783Z DEBUG awase::journal: key input seq=144 elapsed_ms=48319 vk_code=75 is_down=false injected=false key_class="Char" state_before="Idle" state_after="Idle" decision="PassThrough" physical="Allow" repeat_count=1 last_timestamp_us=48318801 last_elapsed_ms=0
2026-09-19T23:24:39.293914Z DEBUG execute_one{generation=None}: awase_windows::runtime::executor: [reinject] vk=0x4b up (queued passthrough now firing)
2026-09-19T23:24:39.295915Z DEBUG awase_windows::platform: [gji-fsm] StartComposition (candidate SHOW)
2026-09-19T23:24:39.295946Z DEBUG gji_on_event{event=StartComposition}: awase_windows::tsf::gji_fsm: [gji-fsm] StartComposition: OnWarm → OnComposing(AlreadyWarm)
2026-09-19T23:24:39.296202Z DEBUG awase::journal: gji fsm transition seq=145 elapsed_ms=48321 trigger="StartComposition(candidate SHOW)" state_before="OnWarm" state_after="OnComposing(Warm)"
2026-09-19T23:24:39.607252Z DEBUG awase_windows::runtime::key_pipeline: [engine-input] vk=0x1B KeyDown ts=48632389us delay=0ms state=Idle mods(c=false s=false a=false w=false) gas_ctrl=false phys_ctrl=false extra=0x5350494B pending_drain=0 gate_active=false l_thumb=None r_thumb=None [diag-ctx] ime_o
2026-09-19T23:24:39.607310Z DEBUG awase::engine::engine: [diag-engine-active] ime_on=true なのに非活性: reason=Inactive(NotRomajiInput) romaji_capable=false japanese=true user_enabled=true was_active=false input_mode=ObservedEisu
2026-09-19T23:24:39.607389Z DEBUG awase::journal: key input seq=146 elapsed_ms=48632 vk_code=27 is_down=true injected=false key_class="Passthrough" state_before="Idle" state_after="Idle" decision="PassThrough" physical="Allow" repeat_count=1 last_timestamp_us=48632389 last_elapsed_ms=0
2026-09-19T23:24:39.607559Z DEBUG execute_from_hook: awase_windows::runtime::executor: [relay-passthrough] PassThrough idle: direct OS pass-through (vk=0x1b down)
2026-09-19T23:24:39.607648Z DEBUG execute_one{generation=None}: awase_windows::runtime::executor: [reinject] vk=0x1b down (queued passthrough now firing)
2026-09-19T23:24:39.618503Z  INFO awase_windows::tsf::win_event_obs: [gji-obs] candidate HIDE: last_gji_write=500ms ago
2026-09-19T23:24:39.618948Z DEBUG awase_windows::tsf::gji_monitor: [gji-io] WRITE: w_ops=+2 w_KB=+0.4 (r_ops=+4 x_ops=+4 x_KB=+0.0)
2026-09-19T23:24:39.789718Z DEBUG awase_windows::runtime::key_pipeline: [engine-input] vk=0x1B KeyUp ts=48814847us delay=0ms state=Idle mods(c=false s=false a=false w=false) gas_ctrl=false phys_ctrl=false extra=0x5350494B pending_drain=0 gate_active=false l_thumb=None r_thumb=None [diag-ctx] ime_on=
2026-09-19T23:24:39.789764Z DEBUG awase::engine::engine: [diag-engine-active] ime_on=true なのに非活性: reason=Inactive(NotRomajiInput) romaji_capable=false japanese=true user_enabled=true was_active=false input_mode=ObservedEisu
2026-09-19T23:24:39.789830Z DEBUG awase::journal: key input seq=147 elapsed_ms=48815 vk_code=27 is_down=false injected=false key_class="Passthrough" state_before="Idle" state_after="Idle" decision="PassThrough" physical="Allow" repeat_count=1 last_timestamp_us=48814847 last_elapsed_ms=0
2026-09-19T23:24:39.789921Z DEBUG execute_from_hook: awase_windows::runtime::executor: [relay-passthrough] PassThrough idle: direct OS pass-through (vk=0x1b up)
2026-09-19T23:24:39.789989Z DEBUG execute_one{generation=None}: awase_windows::runtime::executor: [reinject] vk=0x1b up (queued passthrough now firing)
2026-09-19T23:24:39.792126Z DEBUG awase_windows::platform: [gji-fsm] EndComposition (candidate HIDE) epoch=FocusEpoch(6)
2026-09-19T23:24:39.792313Z DEBUG awase::journal: gji fsm transition seq=148 elapsed_ms=48817 trigger="EndComposition(candidate HIDE, epoch=FocusEpoch(6))" state_before="OnComposing(Warm)" state_after="OnWarm"
2026-09-19T23:24:41.549989Z DEBUG awase_windows::hook: [hook] IME-mode vk=0xF0 up self_injected=false injected=false scan=0x70 extra=0x5350494B since_actuation_us=Some(28760416)
2026-09-19T23:24:41.550166Z DEBUG awase::journal: hook ime-mode diagnostic seq=149 elapsed_ms=50575 vk_code=240 is_down=false self_injected=false injected=false scan=112
2026-09-19T23:24:41.550177Z DEBUG awase_windows::hook: [hook] IME-mode vk=0xF2 down self_injected=false injected=false scan=0x70 extra=0x5350494B since_actuation_us=Some(28760619)
2026-09-19T23:24:41.550378Z DEBUG awase_windows::runtime::key_pipeline: [engine-input] vk=0xF0 KeyUp ts=50575479us delay=0ms state=Idle mods(c=false s=false a=false w=false) gas_ctrl=false phys_ctrl=false extra=0x5350494B pending_drain=0 gate_active=false l_thumb=None r_thumb=None [diag-ctx] ime_on=
2026-09-19T23:24:41.550415Z DEBUG awase::engine::engine: [diag-engine-active] ime_on=true なのに非活性: reason=Inactive(NotRomajiInput) romaji_capable=false japanese=true user_enabled=true was_active=false input_mode=ObservedEisu
2026-09-19T23:24:41.550530Z DEBUG awase::journal: key input seq=150 elapsed_ms=50576 vk_code=240 is_down=false injected=false key_class="Passthrough" state_before="Idle" state_after="Idle" decision="PassThrough" physical="Suppress" repeat_count=1 last_timestamp_us=50575479 last_elapsed_ms=0
2026-09-19T23:24:41.550578Z DEBUG awase_windows::runtime::key_pipeline: [imm-cross] key suppress vk=0xf0 KeyUp (physical disposition)
2026-09-19T23:24:41.550654Z  INFO awase_windows::runtime::key_pipeline: [shadow-toggle] intent 昇格: vk=0xF2 scan=0x70 action=TurnOn kind=PhysicalImeKey injected=false true→true w_ops0=110497 x_ops0=244893 x_KB0=23.6
2026-09-19T23:24:41.550693Z DEBUG awase::journal: ime event seq=151 elapsed_ms=50576 event_kind="UserImeSetIntent"
2026-09-19T23:24:41.550715Z DEBUG awase_windows::runtime::key_pipeline: [shadow-toggle] no-op: vk=0xF2 action=TurnOn source=PhysicalImeKey effective_open は既に true → apply-ime 見送り
2026-09-19T23:24:41.550745Z DEBUG awase::journal: ime event seq=152 elapsed_ms=50576 event_kind="InputModeApplied"
2026-09-19T23:24:41.550760Z  INFO awase_windows::runtime::key_pipeline: [shadow-toggle] TurnOn (IME既にopen) + ObservedEisu → AssumedRomaji に リセット (UserTurnOnEisuReset)
2026-09-19T23:24:41.550778Z DEBUG awase_windows::runtime::key_pipeline: [engine-input] vk=0xF2 KeyDown ts=50575608us delay=0ms state=Idle mods(c=false s=false a=false w=false) gas_ctrl=false phys_ctrl=false extra=0x5350494B pending_drain=0 gate_active=false l_thumb=None r_thumb=None [diag-ctx] ime_o
2026-09-19T23:24:41.550810Z  INFO awase::engine::engine: Engine activated (ime=true, romaji=true, japanese=true, user=true, reason=Active)
2026-09-19T23:24:41.550867Z DEBUG awase::journal: key input seq=153 elapsed_ms=50576 vk_code=242 is_down=true injected=false key_class="Passthrough" state_before="Idle" state_after="Idle" decision="PassThroughWith" physical="Allow" repeat_count=1 last_timestamp_us=50575608 last_elapsed_ms=0
2026-09-19T23:24:41.550916Z DEBUG awase::journal: ime event seq=154 elapsed_ms=50576 event_kind="EngineActivationSync"
2026-09-19T23:24:41.550947Z DEBUG awase::journal: ime event seq=155 elapsed_ms=50576 event_kind="ImeApplyRequested"
2026-09-19T23:24:41.550969Z  INFO awase_windows::runtime::key_pipeline: IME control: preconditions.ime_on = true (SetOpenRequest, origin=ActivationSync), was_open_before=true last_intent_before=Some(true) poll suspended
2026-09-19T23:24:41.551015Z DEBUG awase_windows::runtime::key_pipeline: may_change_ime key passed through → IME refresh scheduled (20ms)
2026-09-19T23:24:41.551115Z DEBUG execute_from_hook: awase_windows::runtime::executor: [relay-flush] PassThroughWith: queue 2 effect(s) + reinject (vk=0xf2 down)
2026-09-19T23:24:41.551181Z DEBUG awase::journal: hook ime-mode diagnostic seq=156 elapsed_ms=50576 vk_code=242 is_down=true self_injected=false injected=false scan=112
2026-09-19T23:24:41.551303Z DEBUG execute_one{generation=Some(ApplyGeneration(4))}:dispatch_ime_set_open{open=true generation=Some(ApplyGeneration(4))}: awase_windows::runtime::executor: [dispatch-ime] ImmCross async: optimistic applied_snapshot=true (suppress send_engine_state_ime_key)
2026-09-19T23:24:41.552572Z DEBUG execute_one{generation=Some(ApplyGeneration(4))}: awase_windows::platform: [engine-state-key] skipped (apply_ime_open aligned ime=true, profile=Standard)
2026-09-19T23:24:41.552656Z DEBUG execute_one{generation=Some(ApplyGeneration(4))}: awase_windows::runtime::executor: [reinject] vk=0xf2 down (queued passthrough now firing)
2026-09-19T23:24:41.552910Z DEBUG awase_windows::hook: [hook] IME-mode vk=0xF0 up self_injected=true injected=false scan=0x0 extra=0x4B45594D since_actuation_us=Some(28763350)
2026-09-19T23:24:41.556502Z DEBUG awase_windows::hook: [hook] IME-mode vk=0xF2 down self_injected=true injected=true scan=0x0 extra=0x4B45594D since_actuation_us=Some(28766937)
2026-09-19T23:24:41.557481Z DEBUG awase::journal: hook ime-mode diagnostic seq=157 elapsed_ms=50582 vk_code=240 is_down=false self_injected=true injected=false scan=0
2026-09-19T23:24:41.557544Z DEBUG awase::journal: hook ime-mode diagnostic seq=158 elapsed_ms=50583 vk_code=242 is_down=true self_injected=true injected=true scan=0
2026-09-19T23:24:41.557673Z DEBUG run_open_chain_async: awase_windows::ime_controller: [warrant-shadow] chain=async open=true origin=EventOrigin { source: SelfActuated { strategy: "engine_decision_async" }, epoch: Generation(0) } warranted
2026-09-19T23:24:41.557746Z  INFO run_open_chain_async:imm_cross_write{open=true}: awase_windows::runtime::open_chain: [apply-ime] ImmCross async: open=true composition_active=false show_seq=0 change_seq=0 (issue #138診断)
2026-09-19T23:24:41.562895Z DEBUG awase_windows::shadow_send_trace: [shadow-send] channel=ImeControl cmd=0x0006 lparam=1 issue_us=50585859
2026-09-19T23:24:41.562946Z DEBUG awase_windows::ime: set_ime_open_for_target: hwnd=HWND(0xc01c7a) ime_wnd=HWND(0x761812) open=true success=true send_elapsed=2ms candidate_visible=false
2026-09-19T23:24:41.564314Z DEBUG awase_windows::tsf::gji_monitor: [gji-io] WRITE: w_ops=+2 w_KB=+0.0 (r_ops=+4 x_ops=+4 x_KB=+0.0)
2026-09-19T23:24:41.564549Z DEBUG run_open_chain_async:imm_cross_write{open=true}: awase_windows::ime: [imm-cross-actuate] hwnd=HWND(0xc01c7a) open=Written conv=Some(Written)
2026-09-19T23:24:41.564588Z DEBUG run_open_chain_async:imm_cross_write{open=true}: awase_windows::runtime::open_chain: [apply-ime] ROMAN 補完結果: Written
2026-09-19T23:24:41.564629Z DEBUG run_open_chain_async: awase::journal: actuation decision seq=159 elapsed_ms=50590 site="DispatchImeSetOpen" caller="None" open=true chain_len=4 attempts_len=1 gate_profile="Standard" gate_kind="Gji" gate_shadow_known=true gate_shadow_on=true gate_input_mode="Assumed
2026-09-19T23:24:41.566268Z DEBUG on_ime_apply_complete{open=true outcome=AppliedWithoutSendInput generation=Some(ApplyGeneration(4)) reason=EngineDecision}: awase::journal: ime open applied seq=160 elapsed_ms=50591 open=true outcome="AppliedWithoutSendInput" reason="EngineDecision"
2026-09-19T23:24:41.566617Z DEBUG on_ime_apply_complete{open=true outcome=AppliedWithoutSendInput generation=Some(ApplyGeneration(4)) reason=EngineDecision}: awase::journal: ime event seq=161 elapsed_ms=50592 event_kind="ImeApplySucceeded"
2026-09-19T23:24:41.566651Z DEBUG on_ime_apply_complete{open=true outcome=AppliedWithoutSendInput generation=Some(ApplyGeneration(4)) reason=EngineDecision}: awase_windows::tsf::ime_mode_fsm: [ime-mode] SetOpen(true) applied → Hiragana (belief, unconfirmed)
2026-09-19T23:24:41.566677Z DEBUG on_ime_apply_complete{open=true outcome=AppliedWithoutSendInput generation=Some(ApplyGeneration(4)) reason=EngineDecision}: awase_windows::platform: [composition] ImeEffect::SetOpen(true) → marking cold
2026-09-19T23:24:41.566698Z DEBUG on_ime_apply_complete{open=true outcome=AppliedWithoutSendInput generation=Some(ApplyGeneration(4)) reason=EngineDecision}: awase_windows::tsf::probe: [composition] marked cold reason=SetOpenTrue idle=11750ms → next VK/TSF output will send VK_DBE_HIRAGANA warmup
2026-09-19T23:24:41.566744Z DEBUG on_ime_apply_complete{open=true outcome=AppliedWithoutSendInput generation=Some(ApplyGeneration(4)) reason=EngineDecision}:gji_on_event{event=ImeOn { injection_mode: Unicode, gji_idle_ms: 0 }}: awase_windows::tsf::gji_fsm: [gji-fsm] ImeOn: already on (OnWarm), ignor
2026-09-19T23:24:41.566845Z DEBUG awase::journal: gji fsm transition seq=162 elapsed_ms=50592 trigger="ImeOn(gji_idle_ms=0)" state_before="OnWarm" state_after="OnWarm"
2026-09-19T23:24:41.600870Z DEBUG awase_windows::runtime::ime_refresh: Explicit intent: bypassing typing-idle guard for IME verify (idle=63ms)
2026-09-19T23:24:41.600928Z DEBUG awase_windows::observer::ime_observer: IME snapshot: japanese=Some(true) ime_on=Some(true) romaji=Some(true) conv=Some("0x00000019") guard=false
2026-09-19T23:24:41.601246Z DEBUG awase::journal: ime event seq=163 elapsed_ms=50626 event_kind="ObserverReported"
2026-09-19T23:24:41.601289Z DEBUG awase::journal: ime event seq=164 elapsed_ms=50626 event_kind="InputModeObserved"
2026-09-19T23:24:42.239481Z DEBUG awase_windows::runtime::key_pipeline: [engine-input] vk=0x4B KeyDown ts=51264653us delay=0ms state=Idle mods(c=false s=false a=false w=false) gas_ctrl=false phys_ctrl=false extra=0x5350494B pending_drain=0 gate_active=false l_thumb=None r_thumb=None [diag-ctx] ime_o
2026-09-19T23:24:42.239608Z DEBUG awase::journal: key input seq=165 elapsed_ms=51265 vk_code=75 is_down=true injected=false key_class="Char" state_before="Idle" state_after="PendingChar(vk=0x4B)" decision="Consume" physical="Allow" repeat_count=1 last_timestamp_us=51264653 last_elapsed_ms=0
2026-09-19T23:24:42.348287Z DEBUG execute_from_loop:execute_one{generation=None}: awase_windows::output: send_keys: mode=Unicode actions=[Char('き')] prev_elapsed=12531ms
2026-09-19T23:24:42.348319Z DEBUG execute_from_loop:execute_one{generation=None}: awase_windows::tsf::probe: [mark-send] last_send_ms=336316390
2026-09-19T23:24:42.348340Z DEBUG execute_from_loop:execute_one{generation=None}: awase_windows::output:   → Char('き') via Unicode
2026-09-19T23:24:42.350205Z DEBUG execute_from_loop:execute_one{generation=None}: awase_windows::tsf::probe: [mark-send] last_send_ms=336316390
2026-09-19T23:24:42.360764Z  INFO awase_windows::tsf::win_event_obs: [gji-obs] candidate SHOW #7: last_gji_write=797ms ago
2026-09-19T23:24:42.363906Z DEBUG awase_windows::tsf::gji_monitor: [gji-io] WRITE: w_ops=+2 w_KB=+0.3 (r_ops=+4 x_ops=+4 x_KB=+0.0)
2026-09-19T23:24:42.420637Z DEBUG awase_windows::runtime::key_pipeline: [engine-input] vk=0x4B KeyUp ts=51445804us delay=0ms state=Idle mods(c=false s=false a=false w=false) gas_ctrl=false phys_ctrl=false extra=0x5350494B pending_drain=0 gate_active=false l_thumb=None r_thumb=None [diag-ctx] ime_on=
2026-09-19T23:24:42.420756Z DEBUG awase::journal: key input seq=167 elapsed_ms=51446 vk_code=75 is_down=false injected=false key_class="Char" state_before="Idle" state_after="Idle" decision="Consume" physical="Allow" repeat_count=1 last_timestamp_us=51445804 last_elapsed_ms=0
2026-09-19T23:24:42.420921Z DEBUG execute_one{generation=None}: awase_windows::output: send_keys: mode=Unicode actions=[Suppress] prev_elapsed=78ms
2026-09-19T23:24:42.420954Z DEBUG execute_one{generation=None}: awase_windows::tsf::probe: [mark-send] last_send_ms=336316468
2026-09-19T23:24:42.420973Z DEBUG execute_one{generation=None}: awase_windows::output:   → Suppress
2026-09-19T23:24:42.420988Z DEBUG execute_one{generation=None}: awase_windows::tsf::probe: [mark-send] last_send_ms=336316468
2026-09-19T23:24:42.421039Z DEBUG execute_one{generation=None}: awase_windows::platform: [gji-fsm] StartComposition (candidate SHOW)
2026-09-19T23:24:42.421074Z DEBUG execute_one{generation=None}:gji_on_event{event=StartComposition}: awase_windows::tsf::gji_fsm: [gji-fsm] StartComposition: OnWarm → OnComposing(AlreadyWarm)
2026-09-19T23:24:42.421268Z DEBUG awase::journal: gji fsm transition seq=168 elapsed_ms=51446 trigger="StartComposition(candidate SHOW)" state_before="OnWarm" state_after="OnComposing(Warm)"
2026-09-19T23:24:42.741263Z DEBUG awase_windows::runtime::key_pipeline: [engine-input] vk=0x1B KeyDown ts=51766373us delay=0ms state=Idle mods(c=false s=false a=false w=false) gas_ctrl=false phys_ctrl=false extra=0x5350494B pending_drain=0 gate_active=false l_thumb=None r_thumb=None [diag-ctx] ime_o
2026-09-19T23:24:42.741389Z DEBUG awase::journal: key input seq=169 elapsed_ms=51766 vk_code=27 is_down=true injected=false key_class="Passthrough" state_before="Idle" state_after="Idle" decision="PassThrough" physical="Allow" repeat_count=1 last_timestamp_us=51766373 last_elapsed_ms=0
2026-09-19T23:24:42.741497Z DEBUG execute_from_hook: awase_windows::runtime::executor: [relay-passthrough] PassThrough idle: direct OS pass-through (vk=0x1b down)
2026-09-19T23:24:42.741585Z DEBUG execute_one{generation=None}: awase_windows::runtime::executor: [reinject] vk=0x1b down (queued passthrough now firing)
2026-09-19T23:24:42.751037Z  INFO awase_windows::tsf::win_event_obs: [gji-obs] candidate HIDE: last_gji_write=390ms ago
2026-09-19T23:24:42.754966Z DEBUG awase_windows::tsf::gji_monitor: [gji-io] WRITE: w_ops=+2 w_KB=+0.3 (r_ops=+4 x_ops=+4 x_KB=+0.0)
2026-09-19T23:24:42.916209Z DEBUG awase_windows::runtime::key_pipeline: [engine-input] vk=0x1B KeyUp ts=51941342us delay=0ms state=Idle mods(c=false s=false a=false w=false) gas_ctrl=false phys_ctrl=false extra=0x5350494B pending_drain=0 gate_active=false l_thumb=None r_thumb=None [diag-ctx] ime_on=
2026-09-19T23:24:42.916338Z DEBUG awase::journal: key input seq=170 elapsed_ms=51941 vk_code=27 is_down=false injected=false key_class="Passthrough" state_before="Idle" state_after="Idle" decision="PassThrough" physical="Allow" repeat_count=1 last_timestamp_us=51941342 last_elapsed_ms=0
2026-09-19T23:24:42.916456Z DEBUG execute_from_hook: awase_windows::runtime::executor: [relay-passthrough] PassThrough idle: direct OS pass-through (vk=0x1b up)
2026-09-19T23:24:42.916541Z DEBUG execute_one{generation=None}: awase_windows::runtime::executor: [reinject] vk=0x1b up (queued passthrough now firing)
2026-09-19T23:24:42.918261Z DEBUG awase_windows::platform: [gji-fsm] EndComposition (candidate HIDE) epoch=FocusEpoch(7)
2026-09-19T23:24:42.918514Z DEBUG awase::journal: gji fsm transition seq=171 elapsed_ms=51943 trigger="EndComposition(candidate HIDE, epoch=FocusEpoch(7))" state_before="OnComposing(Warm)" state_after="OnWarm"
2026-09-19T23:24:46.238691Z DEBUG awase_windows::tsf::gji_monitor: [gji-io] WRITE: w_ops=+1 w_KB=+0.0 (r_ops=+2 x_ops=+2 x_KB=+0.0)
2026-09-19T23:24:46.349331Z DEBUG awase_windows::runtime: [focus-sync] hwnd=0x3042C class="CASCADIA_HOSTING_WINDOW_CLASS" app_kind=Win32 hint=ForceTsf → mode=Tsf
2026-09-19T23:24:46.349389Z DEBUG awase_windows::runtime: [focus-sync] belief=ON かつ実状態を問い合わせられないプロファイル (profile=Imm32Unavailable) → 次の入力で再プライムするため cold mark
2026-09-19T23:24:46.349409Z DEBUG awase_windows::tsf::probe: [composition] marked cold reason=FocusChange idle=3922ms → next VK/TSF output will send VK_DBE_HIRAGANA warmup
2026-09-19T23:24:46.349435Z DEBUG awase_windows::tsf::tsf_gate: [tsf-gate] focus change → PendingWarmup (held cleared)
2026-09-19T23:24:46.355175Z DEBUG awase_windows::runtime: [focus-sync] hwnd=0x30580 class="Windows.UI.Composition.DesktopWindowContentBridge" app_kind=Win32 hint=Default → mode=Unicode
2026-09-19T23:24:46.355224Z DEBUG awase_windows::output: [tsf-gate] focus change while PendingWarmup — held バッファを保持して再初期化スキップ (Chrome等の連続フォーカスイベント対策)
2026-09-19T23:24:46.356016Z DEBUG awase_windows::runtime: [focus-sync] hwnd=0x5058A class="Windows.UI.Input.InputSite.WindowClass" app_kind=Uwp hint=ForceTsf → mode=Tsf
2026-09-19T23:24:46.356039Z DEBUG awase_windows::runtime: [focus-sync] belief=ON かつ実状態を問い合わせられないプロファイル (profile=TsfNative) → 次の入力で再プライムするため cold mark
2026-09-19T23:24:46.356056Z DEBUG awase_windows::tsf::probe: [composition] marked cold reason=FocusChange idle=3938ms → next VK/TSF output will send VK_DBE_HIRAGANA warmup
2026-09-19T23:24:46.356071Z DEBUG awase_windows::output: [tsf-gate] focus change while PendingWarmup — held バッファを保持して再初期化スキップ (Chrome等の連続フォーカスイベント対策)
2026-09-19T23:24:46.436123Z  INFO apply_focus_probe_result: awase_windows::runtime::focus_tracking: AppKind changed: Win32 → Uwp (class=Windows.UI.Input.InputSite.WindowClass)
2026-09-19T23:24:46.448287Z DEBUG apply_focus_probe_result: awase_windows::runtime::focus_tracking: Focus kind changed: TextInput → Undetermined (reason=Undetermined)
2026-09-19T23:24:46.448573Z DEBUG apply_focus_probe_result: awase::journal: focus transition seq=172 elapsed_ms=55474 changed_process=true changed_window=true changed_app_kind=true changed_focus_kind=true dwell_ms=33516 profile="TsfNative"
2026-09-19T23:24:46.448951Z  INFO apply_focus_probe_result: awase_windows::runtime::focus_tracking: FocusChange [48368→19612] Windows.UI.Input.InputSite.WindowClass: stale ime_on=true intent=Some(true) mode=ObservedRomaji japanese=true
2026-09-19T23:24:46.448971Z DEBUG apply_focus_probe_result: awase_windows::tsf::probe: [composition] focus changed → marked cold
2026-09-19T23:24:46.448984Z DEBUG apply_focus_probe_result: awase_windows::runtime: [keymap] active rules recomputed: 0 rule(s) for process="windowsterminal.exe"
2026-09-19T23:24:46.448992Z DEBUG apply_focus_probe_result: awase_windows::runtime::focus_tracking: [keymap] active rules updated on focus change: 0 rule(s) (hwnd=HWND(0x5058a) kind=Undetermined focus_epoch=3)
2026-09-19T23:24:46.449018Z DEBUG apply_focus_probe_result:reduce: awase_windows::state::ime_model: [explicit-intent] cleared (focus change)
2026-09-19T23:24:46.449034Z DEBUG apply_focus_probe_result: awase::journal: ime event seq=173 elapsed_ms=55474 event_kind="FocusChanged"
2026-09-19T23:24:46.449068Z DEBUG apply_focus_probe_result: awase_windows::runtime::focus_tracking: [focus] TsfNative/SSOT: cache restore スキップ (desired_open=true cache_hwnd=Some(329098) new_hwnd=329098) — 最初のキー入力で dispatch_ime が apply
2026-09-19T23:24:46.449398Z DEBUG awase_windows::runtime::ime_refresh: Skipping IMM query for known-broken class (shadow state SSOT)
2026-09-19T23:24:46.449414Z DEBUG awase_windows::observer::gji_observer: [gji-poll] GJI I/O 219ms ago predates focus change (219ms before focus) → skipped
2026-09-19T23:24:46.449436Z DEBUG awase_windows::runtime::ime_refresh: [composition] focus change → marking cold
2026-09-19T23:24:46.449448Z DEBUG awase_windows::tsf::probe: [composition] marked cold reason=FocusChange idle=4032ms → next VK/TSF output will send VK_DBE_HIRAGANA warmup
2026-09-19T23:24:46.449487Z DEBUG gji_on_event{event=FocusChange { injection_mode: Tsf, gji_idle_ms: 219 }}: awase_windows::tsf::gji_fsm: [gji-fsm] FocusChange gji_idle=219ms → Short
2026-09-19T23:24:46.449637Z DEBUG awase_windows::platform: [gji-fsm] StartProbe probe_id=ProbeId(3) forces_f2=false long=false
2026-09-19T23:24:46.449656Z DEBUG awase_windows::tsf::ime_mode_fsm: [ime-mode] FocusChange → Unknown
2026-09-19T23:24:46.449737Z DEBUG awase::journal: gji fsm transition seq=174 elapsed_ms=55475 trigger="FocusChange(gji_idle_ms=219)" state_before="OnWarm" state_after="OnCold(Short)"
2026-09-19T23:24:46.449794Z DEBUG awase::journal: tsf probe started seq=175 elapsed_ms=55475 source="GjiAction::StartProbe" cold_seq=0 probe_id=3 probe_id_present=true gji_state="OnCold(Short)" consecutive_at_start=0 pending_deferred_len=0
2026-09-19T23:24:46.449923Z DEBUG awase_windows::shadow_send_trace: [shadow-send] channel=SendInput kind=tsf_marker_warmup vk=[16] issue_us=55475301
2026-09-19T23:24:46.450157Z DEBUG awase_windows::hook: [hook] IME-mode vk=0x16 down self_injected=true injected=true scan=0xF2 extra=0x4B455946 since_actuation_us=Some(251)
2026-09-19T23:24:46.452459Z DEBUG awase_windows::hook: [hook] IME-mode vk=0x16 up self_injected=true injected=true scan=0xF2 extra=0x4B455946 since_actuation_us=Some(2551)
2026-09-19T23:24:46.454289Z  INFO awase_windows::output: [tsf-eager-warmup] VK_IME_ON 送信 (origin=gated), eager_warmup_sent_ms=336320500ms
2026-09-19T23:24:46.454310Z DEBUG awase_windows::runtime::ime_refresh: [composition] FocusChange: send_eager_tsf_warmup called (ime_on via warmup_ime_on())
2026-09-19T23:24:46.455003Z DEBUG awase_windows::platform: [ime-mode] FocusProbe: GJI actuation との交錯を検知 → hint更新をabandon
2026-09-19T23:24:46.455059Z DEBUG awase::journal: hook ime-mode diagnostic seq=176 elapsed_ms=55480 vk_code=22 is_down=true self_injected=true injected=true scan=242
2026-09-19T23:24:46.455074Z DEBUG awase::journal: hook ime-mode diagnostic seq=177 elapsed_ms=55480 vk_code=22 is_down=false self_injected=true injected=true scan=242
2026-09-19T23:24:46.459185Z DEBUG awase_windows::tsf::gji_monitor: [gji-io] WRITE: w_ops=+1 w_KB=+0.0 (r_ops=+2 x_ops=+2 x_KB=+0.0)
2026-09-19T23:24:54.050069Z  WARN awase_windows::runtime::message_handlers: Hook watchdog: no activity for 7593ms (OS全体の最終入力は7593ms前、OSも無操作のため単なるアイドルの可能性が高い)
2026-09-19T23:24:57.044086Z  WARN awase_windows::runtime::message_handlers: Hook watchdog: no activity for 10593ms (OS全体の最終入力は10593ms前、OSも無操作のため単なるアイドルの可能性が高い)
2026-09-19T23:25:00.046763Z  WARN awase_windows::runtime::message_handlers: Hook watchdog: no activity for 13593ms (OS全体の最終入力は13593ms前、OSも無操作のため単なるアイドルの可能性が高い)
2026-09-19T23:25:03.043454Z  WARN awase_windows::runtime::message_handlers: Hook watchdog: no activity for 16593ms (OS全体の最終入力は16593ms前、OSも無操作のため単なるアイドルの可能性が高い)
2026-09-19T23:25:06.044247Z  WARN awase_windows::runtime::message_handlers: Hook watchdog: no activity for 19593ms (OS全体の最終入力は19593ms前、OSも無操作のため単なるアイドルの可能性が高い)
2026-09-19T23:25:09.053477Z  WARN awase_windows::runtime::message_handlers: Hook watchdog: no activity for 22593ms (OS全体の最終入力は22593ms前、OSも無操作のため単なるアイドルの可能性が高い)
script error: Output type incorrect: bool (expecting ())
