2026-09-19T23:07:18.103864Z DEBUG awase_windows::runtime: [focus-sync] hwnd=0xEF18F6 class="ImeKeyMatrixSpikeWindowClass" app_kind=Win32 hint=Default → mode=Unicode
2026-09-19T23:07:18.103950Z DEBUG awase_windows::tsf::tsf_gate: [tsf-gate] focus change → PendingWarmup (held cleared)
2026-09-19T23:07:18.214137Z DEBUG awase_windows::runtime: [focus-sync] hwnd=0xFD29FC class="Edit" app_kind=Win32 hint=Default → mode=Unicode
2026-09-19T23:07:18.214204Z DEBUG awase_windows::output: [tsf-gate] focus change while PendingWarmup — held バッファを保持して再初期化スキップ (Chrome等の連続フォーカスイベント対策)
2026-09-19T23:07:18.294778Z  INFO apply_focus_probe_result: awase_windows::runtime::focus_tracking: AppKind changed: Uwp → Win32 (class=ImeKeyMatrixSpikeWindowClass)
2026-09-19T23:07:18.306053Z DEBUG apply_focus_probe_result: awase::journal: focus transition seq=15 elapsed_ms=8052 changed_process=true changed_window=true changed_app_kind=true changed_focus_kind=false dwell_ms=7969 profile="ImmCross"
2026-09-19T23:07:18.306519Z  INFO apply_focus_probe_result: awase_windows::runtime::focus_tracking: FocusChange [19612→49064] ImeKeyMatrixSpikeWindowClass: stale ime_on=true intent=None mode=ObservedRomaji japanese=true
2026-09-19T23:07:18.306554Z DEBUG apply_focus_probe_result: awase_windows::tsf::probe: [composition] focus changed → marked cold
2026-09-19T23:07:18.306575Z DEBUG apply_focus_probe_result: awase_windows::runtime: [keymap] active rules recomputed: 0 rule(s) for process="ime_key_matrix_spike.exe"
2026-09-19T23:07:18.306590Z DEBUG apply_focus_probe_result: awase_windows::runtime::focus_tracking: [keymap] active rules updated on focus change: 0 rule(s) (hwnd=HWND(0xef18f6) kind=Undetermined focus_epoch=2)
2026-09-19T23:07:18.306625Z DEBUG apply_focus_probe_result:reduce: awase_windows::state::ime_model: [explicit-intent] cleared (focus change)
2026-09-19T23:07:18.306649Z DEBUG apply_focus_probe_result: awase::journal: ime event seq=16 elapsed_ms=8052 event_kind="FocusChanged"
2026-09-19T23:07:18.306702Z DEBUG apply_focus_probe_result: awase_windows::runtime::focus_tracking: [focus] Imm32Unavailable hard pre-sync applied=true (prevent spurious VK_KANJI on first character key)
2026-09-19T23:07:18.306736Z DEBUG apply_focus_probe_result:gji_on_event{event=ImeOn { injection_mode: Unicode, gji_idle_ms: 7938 }}: awase_windows::tsf::gji_fsm: [gji-fsm] ImeOn: already on (OnCold(Long)), ignored
2026-09-19T23:07:18.306767Z DEBUG apply_focus_probe_result: awase::journal: gji fsm transition seq=17 elapsed_ms=8052 trigger="ImeOn(gji_idle_ms=7938)" state_before="OnCold(Long)" state_after="OnCold(Long)"
2026-09-19T23:07:18.308302Z DEBUG awase_windows::observer::ime_observer: IME snapshot: japanese=Some(true) ime_on=None romaji=None conv=Some("0x00000009") guard=false
2026-09-19T23:07:18.308337Z DEBUG awase_windows::runtime::ime_refresh: ObserverPoll +0ms since focus: detection failed (miss=1), stale ime_on=true mode=ObservedRomaji
2026-09-19T23:07:18.313958Z DEBUG awase_windows::ime_diagnostic: [ime-diag] label=focus_changed t=335272359 hwnd=0x0 pid=0 tid=48936 class="" hkl=04110411 lang=0411 imm_bridge=true imc_open=- imc_conv=- shadow_on=false shadow_romaji=false shadow_jp=false inject=Unknown dt_focus_ms=- dt_activity_ms=-
2026-09-19T23:07:18.314016Z DEBUG awase_windows::runtime::ime_refresh: [composition] focus change → marking cold
2026-09-19T23:07:18.314050Z DEBUG awase_windows::tsf::probe: [composition] marked cold reason=FocusChange idle=18446744073709551615ms → next VK/TSF output will send VK_DBE_HIRAGANA warmup
2026-09-19T23:07:18.314139Z DEBUG gji_on_event{event=FocusChange { injection_mode: Unicode, gji_idle_ms: 7938 }}: awase_windows::tsf::gji_fsm: [gji-fsm] FocusChange gji_idle=7938ms → Medium
2026-09-19T23:07:18.314214Z DEBUG awase_windows::platform: [gji-fsm] CancelProbe probe_id=ProbeId(0)
2026-09-19T23:07:18.314243Z DEBUG awase_windows::platform: [gji-fsm] StartProbe probe_id=ProbeId(1) forces_f2=true long=false
2026-09-19T23:07:18.314628Z DEBUG awase_windows::tsf::ime_mode_fsm: [ime-mode] FocusChange → Unknown
2026-09-19T23:07:18.315470Z DEBUG awase::journal: gji fsm transition seq=18 elapsed_ms=8060 trigger="FocusChange(gji_idle_ms=7938)" state_before="OnCold(Long)" state_after="OnCold(Medium)"
2026-09-19T23:07:18.315522Z DEBUG awase::journal: tsf probe completed seq=19 elapsed_ms=8060 outcome="Canceled" cold_seq=18446744073709551615 cold_seq_present=false probe_id=0 probe_id_present=true duration_ms=7938 tick_count=0 gji_state="OnCold(Medium)"
2026-09-19T23:07:18.315543Z DEBUG awase::journal: tsf probe started seq=20 elapsed_ms=8060 source="GjiAction::StartProbe" cold_seq=0 probe_id=1 probe_id_present=true gji_state="OnCold(Medium)" consecutive_at_start=0 pending_deferred_len=0
2026-09-19T23:07:18.315559Z DEBUG awase::journal: gji fsm transition seq=21 elapsed_ms=8060 trigger="WarmupComplete(unicode)" state_before="OnCold(Medium)" state_after="OnWarm"
2026-09-19T23:07:18.316116Z DEBUG awase::journal: tsf probe completed seq=22 elapsed_ms=8060 outcome="UnicodeImmediate" cold_seq=18446744073709551615 cold_seq_present=false probe_id=1 probe_id_present=true duration_ms=0 tick_count=0 gji_state="OnWarm"
2026-09-19T23:07:18.316231Z DEBUG awase_windows::runtime::ime_refresh: [composition] FocusChange: send_eager_tsf_warmup called (ime_on via warmup_ime_on())
2026-09-19T23:07:18.325954Z DEBUG apply_focus_probe_result: awase_windows::runtime::focus_tracking: Focus kind changed: Undetermined → TextInput (reason=KnownTextClass(Edit))
2026-09-19T23:07:18.326358Z DEBUG apply_focus_probe_result:reduce: awase_windows::state::observation_store: [focus-hwnd-track] update_focus_window: current_fence.hwnd HwndId(15669494) -> HwndId(16591356)
2026-09-19T23:07:18.326448Z DEBUG apply_focus_probe_result: awase::journal: ime event seq=23 elapsed_ms=8072 event_kind="FocusHwndUpdated"
2026-09-19T23:07:18.326507Z DEBUG apply_focus_probe_result: awase::journal: focus transition seq=24 elapsed_ms=8072 changed_process=false changed_window=true changed_app_kind=false changed_focus_kind=true dwell_ms=16 profile="ImmCross"
2026-09-19T23:07:18.327040Z DEBUG awase_windows::observer::ime_observer: IME snapshot: japanese=Some(true) ime_on=Some(false) romaji=None conv=Some("0x00000009") guard=false
2026-09-19T23:07:18.327113Z DEBUG awase::journal: ime event seq=25 elapsed_ms=8073 event_kind="ObserverReported"
2026-09-19T23:07:18.327142Z  INFO awase_windows::runtime::ime_refresh: ObserverPoll +16ms since focus: ime_on true → false(intent=None) 
2026-09-19T23:07:18.327215Z  INFO awase::engine::engine: Engine deactivated (ime=false, romaji=true, japanese=true, user=true, reason=Inactive(ImeOff))
2026-09-19T23:07:18.327241Z DEBUG execute_from_loop: awase_windows::runtime::executor: [focus-settle] SetOpen(false) effect stripped from decision (focus transition barrier still settling)
2026-09-19T23:07:18.330150Z DEBUG execute_from_loop:execute_one{generation=None}: awase_windows::platform: [engine-state-key] suppressed (polling/focus-triggered, enabled=false)
2026-09-19T23:07:18.330270Z DEBUG awase_windows::runtime: [focus-settle] SetOpen stripped from execute_from_loop decision → 150ms 後に refresh で再試行
2026-09-19T23:07:18.336286Z DEBUG awase_windows::ime: [idle-conv-check-diag] focused_hwnd=HWND(0xfd29fc) ime_wnd=Some(HWND(0xab1f7e))
2026-09-19T23:07:18.344809Z DEBUG awase_windows::tsf::ime_mode_fsm: [ime-mode] cold hint: Unknown → Hiragana (conv=0x00000009, unconfirmed)
2026-09-19T23:07:18.353254Z DEBUG awase_windows::state::probe_admission: [ImmCrossProbe/focus] epoch rejected (transient window — focus changed since probe spawn) (same_root=true)
2026-09-19T23:07:18.367039Z DEBUG awase_windows::runtime: [focus-sync] hwnd=0xF90D12 class="RICHEDIT50W" app_kind=Win32 hint=Default → mode=Unicode
2026-09-19T23:07:18.367107Z DEBUG awase_windows::tsf::tsf_gate: [tsf-gate] focus change → PendingWarmup (held cleared)
2026-09-19T23:07:18.385490Z DEBUG awase_windows::runtime: [focus-sync] hwnd=0xFD29FC class="Edit" app_kind=Win32 hint=Default → mode=Unicode
2026-09-19T23:07:18.385548Z DEBUG awase_windows::output: [tsf-gate] focus change while PendingWarmup — held バッファを保持して再初期化スキップ (Chrome等の連続フォーカスイベント対策)
2026-09-19T23:07:18.466377Z DEBUG awase_windows::observer::ime_observer: IME snapshot: japanese=Some(true) ime_on=Some(false) romaji=None conv=Some("0x00000009") guard=false
2026-09-19T23:07:18.466467Z DEBUG awase::journal: ime event seq=26 elapsed_ms=8212 event_kind="ObserverReported"
2026-09-19T23:07:18.742480Z  INFO awase_windows::runtime::key_pipeline: [shadow-toggle] intent 昇格: vk=0x1C scan=0x79 action=TurnOn kind=PhysicalImeKey injected=false false→true w_ops0=109707 x_ops0=243143 x_KB0=23.5
2026-09-19T23:07:18.742530Z DEBUG awase::journal: ime event seq=27 elapsed_ms=8488 event_kind="UserImeSetIntent"
2026-09-19T23:07:18.742575Z DEBUG awase_windows::runtime::key_pipeline: Shadow IME toggle: OFF → ON (vk=0x1C, source=PhysicalImeKey)
2026-09-19T23:07:18.742594Z DEBUG awase_windows::runtime::key_pipeline: [engine-input] vk=0x1C KeyDown ts=8488187us delay=0ms state=Idle mods(c=false s=false a=false w=false) gas_ctrl=false phys_ctrl=false extra=0x5350494B pending_drain=0 gate_active=false l_thumb=None r_thumb=Some(8488176) [diag-ct
2026-09-19T23:07:18.742618Z  INFO awase::engine::engine: Engine activated (ime=true, romaji=true, japanese=true, user=true, reason=Active)
2026-09-19T23:07:18.742675Z DEBUG awase_windows::runtime::executor: [mode-key-actuation] PhysicalDelivery: ActivationSync由来のSetOpen(true) effectを除去（物理キー配送のみに委ねる、awase側の送信ゼロ）
2026-09-19T23:07:18.742739Z DEBUG awase::journal: key input seq=28 elapsed_ms=8488 vk_code=28 is_down=true injected=false key_class="RightThumb" state_before="Idle" state_after="PendingThumb(vk=0x1C,left=false)" decision="Consume" physical="Allow" repeat_count=1 last_timestamp_us=8488187 last_elapse
2026-09-19T23:07:18.744969Z DEBUG execute_one{generation=None}: awase_windows::platform: [engine-state-key] skipped (apply_ime_open aligned ime=true, profile=Standard)
2026-09-19T23:07:18.746506Z DEBUG awase::journal: ime event seq=29 elapsed_ms=8492 event_kind="ObserverReported"
2026-09-19T23:07:18.747101Z  INFO awase_windows::runtime::key_pipeline: FocusProbe +0ms: ime_on=true mode=ObservedRomaji [ime=GoogleJapaneseInput sig1=false gji_io=8375ms sig2=false]
2026-09-19T23:07:18.748474Z DEBUG awase::journal: ime event seq=30 elapsed_ms=8494 event_kind="ObserverReported"
2026-09-19T23:07:18.748514Z DEBUG awase_windows::runtime::key_pipeline: [ImmCrossProbe] child-hwnd IME=false → High confidence 観測記録
2026-09-19T23:07:18.748544Z DEBUG awase_windows::observer::ime_observer: IME snapshot: japanese=Some(true) ime_on=Some(false) romaji=None conv=Some("0x00000009") guard=false
2026-09-19T23:07:18.884652Z DEBUG awase_windows::runtime::key_pipeline: [engine-input] vk=0x1C KeyUp ts=8630226us delay=0ms state=PendingThumb(vk=0x1C,left=false) mods(c=false s=false a=false w=false) gas_ctrl=false phys_ctrl=false extra=0x5350494B pending_drain=0 gate_active=false l_thumb=None r_th
2026-09-19T23:07:18.884919Z DEBUG awase::journal: key input seq=32 elapsed_ms=8630 vk_code=28 is_down=false injected=false key_class="RightThumb" state_before="PendingThumb(vk=0x1C,left=false)" state_after="Idle" decision="Consume" physical="Allow" repeat_count=1 last_timestamp_us=8630226 last_elaps
2026-09-19T23:07:18.964419Z DEBUG awase_windows::runtime::ime_refresh: Explicit intent: bypassing typing-idle guard for IME verify (idle=78ms)
2026-09-19T23:07:18.964449Z DEBUG awase_windows::observer::ime_observer: IME snapshot: japanese=Some(true) ime_on=Some(false) romaji=None conv=Some("0x00000009") guard=false
2026-09-19T23:07:18.964493Z DEBUG awase::journal: ime event seq=33 elapsed_ms=8710 event_kind="ObserverReported"
2026-09-19T23:07:18.964571Z  WARN ir_apply_drift_correction: awase_windows::runtime::ime_refresh: [drift] correction: observed=false ≠ desired=true for 637ms → set_ime_open(true) (source=ImmCrossProbe confidence=High)
2026-09-19T23:07:18.964625Z DEBUG ir_apply_drift_correction: awase::journal: ime actuation seq=34 elapsed_ms=8710 target_open=true attempts=0 policy="Read" action="Send"
2026-09-19T23:07:18.964644Z DEBUG ir_apply_drift_correction: awase::journal: ime event seq=35 elapsed_ms=8710 event_kind="DriftDetected"
2026-09-19T23:07:18.964666Z DEBUG ir_apply_drift_correction: awase_windows::ime_controller: [warrant-shadow] chain=set_ime_open open=true origin=EventOrigin { source: SelfActuated { strategy: "drift_correction_read" }, epoch: Generation(0) } warranted
2026-09-19T23:07:18.966804Z DEBUG set_ime_open_cross_process{open=true}: awase_windows::shadow_send_trace: [shadow-send] channel=ImeControl cmd=0x0006 lparam=1 issue_us=8711629
2026-09-19T23:07:18.966830Z DEBUG set_ime_open_cross_process{open=true}: awase_windows::ime: set_ime_open_for_target: hwnd=HWND(0xfd29fc) ime_wnd=HWND(0xab1f7e) open=true success=true send_elapsed=1ms candidate_visible=false
2026-09-19T23:07:21.243147Z DEBUG awase_windows::hook: [hook] IME-mode vk=0xF2 down self_injected=false injected=false scan=0x70 extra=0x5350494B since_actuation_us=Some(10887893)
2026-09-19T23:07:21.243290Z DEBUG awase::journal: hook ime-mode diagnostic seq=36 elapsed_ms=10989 vk_code=242 is_down=true self_injected=false injected=false scan=112
2026-09-19T23:07:21.243451Z  INFO awase_windows::runtime::key_pipeline: [shadow-toggle] intent 昇格: vk=0xF2 scan=0x70 action=TurnOn kind=PhysicalImeKey injected=false true→true w_ops0=109707 x_ops0=243143 x_KB0=23.5
2026-09-19T23:07:21.243473Z DEBUG awase::journal: ime event seq=37 elapsed_ms=10989 event_kind="UserImeSetIntent"
2026-09-19T23:07:21.243492Z DEBUG awase_windows::runtime::key_pipeline: [shadow-toggle] no-op: vk=0xF2 action=TurnOn source=PhysicalImeKey effective_open は既に true → apply-ime 見送り
2026-09-19T23:07:21.243506Z DEBUG awase_windows::runtime::key_pipeline: [engine-input] vk=0xF2 KeyDown ts=10989210us delay=0ms state=Idle mods(c=false s=false a=false w=false) gas_ctrl=false phys_ctrl=false extra=0x5350494B pending_drain=0 gate_active=false l_thumb=None r_thumb=None [diag-ctx] ime_o
2026-09-19T23:07:21.243550Z DEBUG awase::journal: key input seq=38 elapsed_ms=10989 vk_code=242 is_down=true injected=false key_class="Passthrough" state_before="Idle" state_after="Idle" decision="PassThrough" physical="Allow" repeat_count=1 last_timestamp_us=10989210 last_elapsed_ms=0
2026-09-19T23:07:21.243578Z DEBUG awase_windows::runtime::key_pipeline: may_change_ime key passed through → IME refresh scheduled (20ms)
2026-09-19T23:07:21.243617Z DEBUG execute_from_hook: awase_windows::runtime::executor: [relay-passthrough] PassThrough idle: direct OS pass-through (vk=0xf2 down)
2026-09-19T23:07:21.243664Z DEBUG execute_one{generation=None}: awase_windows::runtime::executor: [reinject] vk=0xf2 down (queued passthrough now firing)
2026-09-19T23:07:21.246814Z DEBUG awase_windows::hook: [hook] IME-mode vk=0xF2 down self_injected=true injected=true scan=0x0 extra=0x4B45594D since_actuation_us=Some(10891572)
2026-09-19T23:07:21.248340Z DEBUG awase::journal: hook ime-mode diagnostic seq=39 elapsed_ms=10994 vk_code=242 is_down=true self_injected=true injected=true scan=0
2026-09-19T23:07:21.258084Z DEBUG awase_windows::tsf::gji_monitor: [gji-io] WRITE: w_ops=+5 w_KB=+0.1 (r_ops=+10 x_ops=+10 x_KB=+0.0)
2026-09-19T23:07:21.277328Z DEBUG awase_windows::runtime::ime_refresh: Explicit intent: bypassing typing-idle guard for IME verify (idle=32ms)
2026-09-19T23:07:21.277354Z DEBUG awase_windows::observer::ime_observer: IME snapshot: japanese=Some(true) ime_on=Some(true) romaji=None conv=Some("0x00000010") guard=false
2026-09-19T23:07:21.277393Z DEBUG awase::journal: ime event seq=40 elapsed_ms=11023 event_kind="ObserverReported"
2026-09-19T23:07:21.277407Z DEBUG awase::journal: ime event seq=41 elapsed_ms=11023 event_kind="InputModeObserved"
2026-09-19T23:07:21.277415Z  INFO awase_windows::runtime::ime_refresh: ObserverPoll +2969ms since focus: mode ObservedRomaji → ObservedEisu
2026-09-19T23:07:21.277444Z DEBUG awase::engine::engine: [diag-engine-active] ime_on=true なのに非活性: reason=Inactive(NotRomajiInput) romaji_capable=false japanese=true user_enabled=true was_active=true input_mode=ObservedEisu
2026-09-19T23:07:21.277476Z  INFO awase::engine::engine: Engine deactivated (ime=true, romaji=false, japanese=true, user=true, reason=Inactive(NotRomajiInput))
2026-09-19T23:07:21.882603Z DEBUG awase_windows::runtime::key_pipeline: [engine-input] vk=0x4B KeyDown ts=11628379us delay=0ms state=Idle mods(c=false s=false a=false w=false) gas_ctrl=false phys_ctrl=false extra=0x5350494B pending_drain=0 gate_active=false l_thumb=None r_thumb=None [diag-ctx] ime_o
2026-09-19T23:07:21.882652Z DEBUG awase::engine::engine: [diag-engine-active] ime_on=true なのに非活性: reason=Inactive(NotRomajiInput) romaji_capable=false japanese=true user_enabled=true was_active=false input_mode=ObservedEisu
2026-09-19T23:07:21.882720Z DEBUG awase::journal: key input seq=42 elapsed_ms=11628 vk_code=75 is_down=true injected=false key_class="Char" state_before="Idle" state_after="Idle" decision="PassThrough" physical="Allow" repeat_count=1 last_timestamp_us=11628379 last_elapsed_ms=0
2026-09-19T23:07:21.882916Z DEBUG execute_one{generation=None}: awase_windows::runtime::executor: [reinject] vk=0x4b down (queued passthrough now firing)
2026-09-19T23:07:21.896915Z DEBUG awase_windows::tsf::gji_monitor: [gji-io] WRITE: w_ops=+2 w_KB=+0.4 (r_ops=+4 x_ops=+4 x_KB=+0.0)
2026-09-19T23:07:21.904745Z  INFO awase_windows::tsf::win_event_obs: [gji-obs] candidate SHOW #1: last_gji_write=16ms ago
2026-09-19T23:07:22.119349Z DEBUG awase_windows::runtime::key_pipeline: [engine-input] vk=0x4B KeyUp ts=11864989us delay=0ms state=Idle mods(c=false s=false a=false w=false) gas_ctrl=false phys_ctrl=false extra=0x5350494B pending_drain=0 gate_active=false l_thumb=None r_thumb=None [diag-ctx] ime_on=
2026-09-19T23:07:22.119417Z DEBUG awase::engine::engine: [diag-engine-active] ime_on=true なのに非活性: reason=Inactive(NotRomajiInput) romaji_capable=false japanese=true user_enabled=true was_active=false input_mode=ObservedEisu
2026-09-19T23:07:22.119516Z DEBUG awase::journal: key input seq=43 elapsed_ms=11865 vk_code=75 is_down=false injected=false key_class="Char" state_before="Idle" state_after="Idle" decision="PassThrough" physical="Allow" repeat_count=1 last_timestamp_us=11864989 last_elapsed_ms=0
2026-09-19T23:07:22.119729Z DEBUG execute_one{generation=None}: awase_windows::runtime::executor: [reinject] vk=0x4b up (queued passthrough now firing)
2026-09-19T23:07:22.123681Z DEBUG awase_windows::platform: [gji-fsm] StartComposition (candidate SHOW)
2026-09-19T23:07:22.123735Z DEBUG gji_on_event{event=StartComposition}: awase_windows::tsf::gji_fsm: [gji-fsm] StartComposition: OnWarm → OnComposing(AlreadyWarm)
2026-09-19T23:07:22.123856Z DEBUG awase::journal: gji fsm transition seq=44 elapsed_ms=11869 trigger="StartComposition(candidate SHOW)" state_before="OnWarm" state_after="OnComposing(Warm)"
2026-09-19T23:07:22.437472Z DEBUG awase_windows::runtime::key_pipeline: [engine-input] vk=0x1B KeyDown ts=12183104us delay=0ms state=Idle mods(c=false s=false a=false w=false) gas_ctrl=false phys_ctrl=false extra=0x5350494B pending_drain=0 gate_active=false l_thumb=None r_thumb=None [diag-ctx] ime_o
2026-09-19T23:07:22.437541Z DEBUG awase::engine::engine: [diag-engine-active] ime_on=true なのに非活性: reason=Inactive(NotRomajiInput) romaji_capable=false japanese=true user_enabled=true was_active=false input_mode=ObservedEisu
2026-09-19T23:07:22.437615Z DEBUG awase::journal: key input seq=45 elapsed_ms=12183 vk_code=27 is_down=true injected=false key_class="Passthrough" state_before="Idle" state_after="Idle" decision="PassThrough" physical="Allow" repeat_count=1 last_timestamp_us=12183104 last_elapsed_ms=0
2026-09-19T23:07:22.437709Z DEBUG execute_from_hook: awase_windows::runtime::executor: [relay-passthrough] PassThrough idle: direct OS pass-through (vk=0x1b down)
2026-09-19T23:07:22.437786Z DEBUG execute_one{generation=None}: awase_windows::runtime::executor: [reinject] vk=0x1b down (queued passthrough now firing)
2026-09-19T23:07:22.448988Z DEBUG awase_windows::tsf::gji_monitor: [gji-io] WRITE: w_ops=+2 w_KB=+0.4 (r_ops=+4 x_ops=+4 x_KB=+0.0)
2026-09-19T23:07:22.452503Z  INFO awase_windows::tsf::win_event_obs: [gji-obs] candidate HIDE: last_gji_write=0ms ago
2026-09-19T23:07:22.565087Z DEBUG awase_windows::runtime::key_pipeline: [engine-input] vk=0x1B KeyUp ts=12310491us delay=0ms state=Idle mods(c=false s=false a=false w=false) gas_ctrl=false phys_ctrl=false extra=0x5350494B pending_drain=0 gate_active=false l_thumb=None r_thumb=None [diag-ctx] ime_on=
2026-09-19T23:07:22.565249Z DEBUG awase::engine::engine: [diag-engine-active] ime_on=true なのに非活性: reason=Inactive(NotRomajiInput) romaji_capable=false japanese=true user_enabled=true was_active=false input_mode=ObservedEisu
2026-09-19T23:07:22.565349Z DEBUG awase::journal: key input seq=46 elapsed_ms=12311 vk_code=27 is_down=false injected=false key_class="Passthrough" state_before="Idle" state_after="Idle" decision="PassThrough" physical="Allow" repeat_count=1 last_timestamp_us=12310491 last_elapsed_ms=0
2026-09-19T23:07:22.565541Z DEBUG execute_from_hook: awase_windows::runtime::executor: [relay-passthrough] PassThrough idle: direct OS pass-through (vk=0x1b up)
2026-09-19T23:07:22.565651Z DEBUG execute_one{generation=None}: awase_windows::runtime::executor: [reinject] vk=0x1b up (queued passthrough now firing)
2026-09-19T23:07:22.570702Z DEBUG awase_windows::platform: [gji-fsm] EndComposition (candidate HIDE) epoch=FocusEpoch(1)
2026-09-19T23:07:22.570816Z DEBUG awase::journal: gji fsm transition seq=47 elapsed_ms=12316 trigger="EndComposition(candidate HIDE, epoch=FocusEpoch(1))" state_before="OnComposing(Warm)" state_after="OnWarm"
2026-09-19T23:07:24.431870Z DEBUG awase_windows::runtime::key_pipeline: [shadow-toggle] vk=0x1CはFSM delegate所有 → belief書き込み/actuationをスキップ w_ops0=109716 x_ops0=243161 x_KB0=23.5
2026-09-19T23:07:24.431908Z DEBUG awase_windows::runtime::key_pipeline: [shadow-toggle] no-op: vk=0x1C action=TurnOn source=PhysicalImeKey effective_open は既に true → apply-ime 見送り
2026-09-19T23:07:24.431950Z DEBUG awase::journal: ime event seq=48 elapsed_ms=14178 event_kind="InputModeApplied"
2026-09-19T23:07:24.431975Z  INFO awase_windows::runtime::key_pipeline: [shadow-toggle] TurnOn (IME既にopen) + ObservedEisu → AssumedRomaji に リセット (UserTurnOnEisuReset)
2026-09-19T23:07:24.432008Z DEBUG awase_windows::runtime::key_pipeline: [engine-input] vk=0x1C KeyDown ts=14177605us delay=0ms state=Idle mods(c=false s=false a=false w=false) gas_ctrl=false phys_ctrl=false extra=0x5350494B pending_drain=0 gate_active=false l_thumb=None r_thumb=Some(14177593) [diag-
2026-09-19T23:07:24.432046Z  INFO awase::engine::engine: Engine activated (ime=true, romaji=true, japanese=true, user=true, reason=Active)
2026-09-19T23:07:24.432132Z DEBUG awase::journal: key input seq=49 elapsed_ms=14178 vk_code=28 is_down=true injected=false key_class="RightThumb" state_before="Idle" state_after="PendingThumb(vk=0x1C,left=false)" decision="Consume" physical="Allow" repeat_count=1 last_timestamp_us=14177605 last_elap
2026-09-19T23:07:24.432620Z DEBUG awase::journal: ime event seq=50 elapsed_ms=14178 event_kind="EngineActivationSync"
2026-09-19T23:07:24.432647Z DEBUG awase::journal: ime event seq=51 elapsed_ms=14178 event_kind="ImeApplyRequested"
2026-09-19T23:07:24.432658Z  INFO awase_windows::runtime::key_pipeline: IME control: preconditions.ime_on = true (SetOpenRequest, origin=ActivationSync), was_open_before=true last_intent_before=Some(true) poll suspended
2026-09-19T23:07:24.432836Z DEBUG execute_one{generation=Some(ApplyGeneration(1))}:dispatch_ime_set_open{open=true generation=Some(ApplyGeneration(1))}: awase_windows::runtime::executor: [dispatch-ime] ImmCross async: optimistic applied_snapshot=true (suppress send_engine_state_ime_key)
2026-09-19T23:07:24.433865Z DEBUG execute_one{generation=Some(ApplyGeneration(1))}: awase_windows::platform: [engine-state-key] skipped (apply_ime_open aligned ime=true, profile=Standard)
2026-09-19T23:07:24.436123Z DEBUG run_open_chain_async: awase_windows::ime_controller: [warrant-shadow] chain=async open=true origin=EventOrigin { source: SelfActuated { strategy: "engine_decision_async" }, epoch: Generation(0) } warranted
2026-09-19T23:07:24.436233Z  INFO run_open_chain_async:imm_cross_write{open=true}: awase_windows::runtime::open_chain: [apply-ime] ImmCross async: open=true composition_active=false show_seq=0 change_seq=0 (issue #138診断)
2026-09-19T23:07:24.438637Z DEBUG awase_windows::shadow_send_trace: [shadow-send] channel=ImeControl cmd=0x0006 lparam=1 issue_us=14184321
2026-09-19T23:07:24.438652Z DEBUG awase_windows::ime: set_ime_open_for_target: hwnd=HWND(0xfd29fc) ime_wnd=HWND(0xab1f7e) open=true success=true send_elapsed=0ms candidate_visible=false
2026-09-19T23:07:24.438794Z DEBUG run_open_chain_async:imm_cross_write{open=true}: awase_windows::ime: [imm-cross-actuate] hwnd=HWND(0xfd29fc) open=Written conv=Some(Written)
2026-09-19T23:07:24.438826Z DEBUG run_open_chain_async:imm_cross_write{open=true}: awase_windows::runtime::open_chain: [apply-ime] ROMAN 補完結果: Written
2026-09-19T23:07:24.438856Z DEBUG run_open_chain_async: awase::journal: actuation decision seq=52 elapsed_ms=14184 site="DispatchImeSetOpen" caller="None" open=true chain_len=4 attempts_len=1 gate_profile="Standard" gate_kind="Gji" gate_shadow_known=true gate_shadow_on=true gate_input_mode="AssumedR
2026-09-19T23:07:24.439291Z DEBUG on_ime_apply_complete{open=true outcome=AppliedWithoutSendInput generation=Some(ApplyGeneration(1)) reason=EngineDecision}: awase::journal: ime open applied seq=53 elapsed_ms=14185 open=true outcome="AppliedWithoutSendInput" reason="EngineDecision"
2026-09-19T23:07:24.439384Z DEBUG on_ime_apply_complete{open=true outcome=AppliedWithoutSendInput generation=Some(ApplyGeneration(1)) reason=EngineDecision}: awase::journal: ime event seq=54 elapsed_ms=14185 event_kind="ImeApplySucceeded"
2026-09-19T23:07:24.439410Z DEBUG on_ime_apply_complete{open=true outcome=AppliedWithoutSendInput generation=Some(ApplyGeneration(1)) reason=EngineDecision}: awase_windows::tsf::ime_mode_fsm: [ime-mode] SetOpen(true) applied → Hiragana (belief, unconfirmed)
2026-09-19T23:07:24.439434Z DEBUG on_ime_apply_complete{open=true outcome=AppliedWithoutSendInput generation=Some(ApplyGeneration(1)) reason=EngineDecision}: awase_windows::platform: [composition] ImeEffect::SetOpen(true) → marking cold
2026-09-19T23:07:24.439454Z DEBUG on_ime_apply_complete{open=true outcome=AppliedWithoutSendInput generation=Some(ApplyGeneration(1)) reason=EngineDecision}: awase_windows::tsf::probe: [composition] marked cold reason=SetOpenTrue idle=18446744073709551615ms → next VK/TSF output will send VK_DBE_HIRA
2026-09-19T23:07:24.439496Z DEBUG on_ime_apply_complete{open=true outcome=AppliedWithoutSendInput generation=Some(ApplyGeneration(1)) reason=EngineDecision}:gji_on_event{event=ImeOn { injection_mode: Unicode, gji_idle_ms: 1984 }}: awase_windows::tsf::gji_fsm: [gji-fsm] ImeOn: already on (OnWarm), ig
2026-09-19T23:07:24.439593Z DEBUG awase::journal: gji fsm transition seq=55 elapsed_ms=14185 trigger="ImeOn(gji_idle_ms=1984)" state_before="OnWarm" state_after="OnWarm"
2026-09-19T23:07:24.464052Z DEBUG awase_windows::runtime::ime_refresh: Explicit intent: bypassing typing-idle guard for IME verify (idle=31ms)
2026-09-19T23:07:24.464081Z DEBUG awase_windows::observer::ime_observer: IME snapshot: japanese=Some(true) ime_on=Some(true) romaji=None conv=Some("0x00000010") guard=false
2026-09-19T23:07:24.464297Z DEBUG awase::journal: ime event seq=56 elapsed_ms=14210 event_kind="ObserverReported"
2026-09-19T23:07:24.464313Z DEBUG awase::journal: ime event seq=57 elapsed_ms=14210 event_kind="InputModeObserved"
2026-09-19T23:07:24.464322Z  INFO awase_windows::runtime::ime_refresh: ObserverPoll +6156ms since focus: mode AssumedRomaji { reason: AppKindExcluded } → ObservedEisu
2026-09-19T23:07:24.464376Z DEBUG awase::engine::engine: [diag-engine-active] ime_on=true なのに非活性: reason=Inactive(NotRomajiInput) romaji_capable=false japanese=true user_enabled=true was_active=true input_mode=ObservedEisu
2026-09-19T23:07:24.464399Z  INFO awase::engine::nicola_fsm: flush_pending(ImeOff, from=PendingThumb(vk=0x1C,left=false)): flushed 0 action(s)
2026-09-19T23:07:24.464424Z  INFO awase::engine::engine: Engine deactivated (ime=true, romaji=false, japanese=true, user=true, reason=Inactive(NotRomajiInput))
2026-09-19T23:07:24.464477Z DEBUG execute_from_loop:execute_one{generation=None}: awase_windows::runtime::executor: [reinject] vk=0x1c up (queued passthrough now firing)
2026-09-19T23:07:24.557542Z DEBUG awase_windows::runtime::key_pipeline: [engine-input] vk=0x1C KeyUp ts=14303297us delay=0ms state=Idle mods(c=false s=false a=false w=false) gas_ctrl=false phys_ctrl=false extra=0x5350494B pending_drain=0 gate_active=false l_thumb=None r_thumb=None [diag-ctx] ime_on=
2026-09-19T23:07:24.557573Z DEBUG awase::engine::engine: [diag-engine-active] ime_on=true なのに非活性: reason=Inactive(NotRomajiInput) romaji_capable=false japanese=true user_enabled=true was_active=false input_mode=ObservedEisu
2026-09-19T23:07:24.557612Z DEBUG awase::journal: key input seq=58 elapsed_ms=14303 vk_code=28 is_down=false injected=false key_class="RightThumb" state_before="Idle" state_after="Idle" decision="PassThrough" physical="Allow" repeat_count=1 last_timestamp_us=14303297 last_elapsed_ms=0
2026-09-19T23:07:24.557686Z DEBUG execute_one{generation=None}: awase_windows::runtime::executor: [reinject] vk=0x1c up (queued passthrough now firing)
2026-09-19T23:07:25.121632Z DEBUG awase_windows::runtime::key_pipeline: [engine-input] vk=0x4B KeyDown ts=14866905us delay=0ms state=Idle mods(c=false s=false a=false w=false) gas_ctrl=false phys_ctrl=false extra=0x5350494B pending_drain=0 gate_active=false l_thumb=None r_thumb=None [diag-ctx] ime_o
2026-09-19T23:07:25.121677Z DEBUG awase::engine::engine: [diag-engine-active] ime_on=true なのに非活性: reason=Inactive(NotRomajiInput) romaji_capable=false japanese=true user_enabled=true was_active=false input_mode=ObservedEisu
2026-09-19T23:07:25.121733Z DEBUG awase::journal: key input seq=59 elapsed_ms=14867 vk_code=75 is_down=true injected=false key_class="Char" state_before="Idle" state_after="Idle" decision="PassThrough" physical="Allow" repeat_count=1 last_timestamp_us=14866905 last_elapsed_ms=0
2026-09-19T23:07:25.121848Z DEBUG execute_one{generation=None}: awase_windows::runtime::executor: [reinject] vk=0x4b down (queued passthrough now firing)
2026-09-19T23:07:25.146847Z DEBUG awase_windows::tsf::gji_monitor: [gji-io] WRITE: w_ops=+2 w_KB=+0.4 (r_ops=+4 x_ops=+4 x_KB=+0.0)
2026-09-19T23:07:25.170667Z  INFO awase_windows::tsf::win_event_obs: [gji-obs] candidate SHOW #2: last_gji_write=31ms ago
2026-09-19T23:07:25.307241Z DEBUG awase_windows::runtime::key_pipeline: [engine-input] vk=0x4B KeyUp ts=15053027us delay=0ms state=Idle mods(c=false s=false a=false w=false) gas_ctrl=false phys_ctrl=false extra=0x5350494B pending_drain=0 gate_active=false l_thumb=None r_thumb=None [diag-ctx] ime_on=
2026-09-19T23:07:25.307283Z DEBUG awase::engine::engine: [diag-engine-active] ime_on=true なのに非活性: reason=Inactive(NotRomajiInput) romaji_capable=false japanese=true user_enabled=true was_active=false input_mode=ObservedEisu
2026-09-19T23:07:25.307338Z DEBUG awase::journal: key input seq=60 elapsed_ms=15053 vk_code=75 is_down=false injected=false key_class="Char" state_before="Idle" state_after="Idle" decision="PassThrough" physical="Allow" repeat_count=1 last_timestamp_us=15053027 last_elapsed_ms=0
2026-09-19T23:07:25.307448Z DEBUG execute_one{generation=None}: awase_windows::runtime::executor: [reinject] vk=0x4b up (queued passthrough now firing)
2026-09-19T23:07:25.310232Z DEBUG awase_windows::platform: [gji-fsm] StartComposition (candidate SHOW)
2026-09-19T23:07:25.310256Z DEBUG gji_on_event{event=StartComposition}: awase_windows::tsf::gji_fsm: [gji-fsm] StartComposition: OnWarm → OnComposing(AlreadyWarm)
2026-09-19T23:07:25.310424Z DEBUG awase::journal: gji fsm transition seq=61 elapsed_ms=15056 trigger="StartComposition(candidate SHOW)" state_before="OnWarm" state_after="OnComposing(Warm)"
2026-09-19T23:07:25.621073Z DEBUG awase_windows::runtime::key_pipeline: [engine-input] vk=0x1B KeyDown ts=15366483us delay=0ms state=Idle mods(c=false s=false a=false w=false) gas_ctrl=false phys_ctrl=false extra=0x5350494B pending_drain=0 gate_active=false l_thumb=None r_thumb=None [diag-ctx] ime_o
2026-09-19T23:07:25.621185Z DEBUG awase::engine::engine: [diag-engine-active] ime_on=true なのに非活性: reason=Inactive(NotRomajiInput) romaji_capable=false japanese=true user_enabled=true was_active=false input_mode=ObservedEisu
2026-09-19T23:07:25.621357Z DEBUG awase::journal: key input seq=62 elapsed_ms=15367 vk_code=27 is_down=true injected=false key_class="Passthrough" state_before="Idle" state_after="Idle" decision="PassThrough" physical="Allow" repeat_count=1 last_timestamp_us=15366483 last_elapsed_ms=0
2026-09-19T23:07:25.621568Z DEBUG execute_from_hook: awase_windows::runtime::executor: [relay-passthrough] PassThrough idle: direct OS pass-through (vk=0x1b down)
2026-09-19T23:07:25.621780Z DEBUG execute_one{generation=None}: awase_windows::runtime::executor: [reinject] vk=0x1b down (queued passthrough now firing)
2026-09-19T23:07:25.632846Z DEBUG awase_windows::tsf::gji_monitor: [gji-io] WRITE: w_ops=+1 w_KB=+0.3 (r_ops=+2 x_ops=+2 x_KB=+0.0)
2026-09-19T23:07:25.648038Z DEBUG awase_windows::tsf::gji_monitor: [gji-io] WRITE: w_ops=+1 w_KB=+0.0 (r_ops=+2 x_ops=+2 x_KB=+0.0)
2026-09-19T23:07:25.655259Z  INFO awase_windows::tsf::win_event_obs: [gji-obs] candidate HIDE: last_gji_write=0ms ago
2026-09-19T23:07:25.810577Z DEBUG awase_windows::runtime::key_pipeline: [engine-input] vk=0x1B KeyUp ts=15556228us delay=0ms state=Idle mods(c=false s=false a=false w=false) gas_ctrl=false phys_ctrl=false extra=0x5350494B pending_drain=0 gate_active=false l_thumb=None r_thumb=None [diag-ctx] ime_on=
2026-09-19T23:07:25.810634Z DEBUG awase::engine::engine: [diag-engine-active] ime_on=true なのに非活性: reason=Inactive(NotRomajiInput) romaji_capable=false japanese=true user_enabled=true was_active=false input_mode=ObservedEisu
2026-09-19T23:07:25.810709Z DEBUG awase::journal: key input seq=63 elapsed_ms=15556 vk_code=27 is_down=false injected=false key_class="Passthrough" state_before="Idle" state_after="Idle" decision="PassThrough" physical="Allow" repeat_count=1 last_timestamp_us=15556228 last_elapsed_ms=0
2026-09-19T23:07:25.810807Z DEBUG execute_from_hook: awase_windows::runtime::executor: [relay-passthrough] PassThrough idle: direct OS pass-through (vk=0x1b up)
2026-09-19T23:07:25.810885Z DEBUG execute_one{generation=None}: awase_windows::runtime::executor: [reinject] vk=0x1b up (queued passthrough now firing)
2026-09-19T23:07:25.817272Z DEBUG awase_windows::platform: [gji-fsm] EndComposition (candidate HIDE) epoch=FocusEpoch(2)
2026-09-19T23:07:25.817443Z DEBUG awase::journal: gji fsm transition seq=64 elapsed_ms=15563 trigger="EndComposition(candidate HIDE, epoch=FocusEpoch(2))" state_before="OnComposing(Warm)" state_after="OnWarm"
2026-09-19T23:07:27.561350Z DEBUG awase_windows::runtime::key_pipeline: [shadow-toggle] vk=0x1CはFSM delegate所有 → belief書き込み/actuationをスキップ w_ops0=109720 x_ops0=243169 x_KB0=23.5
2026-09-19T23:07:27.561372Z DEBUG awase_windows::runtime::key_pipeline: [shadow-toggle] no-op: vk=0x1C action=TurnOn source=PhysicalImeKey effective_open は既に true → apply-ime 見送り
2026-09-19T23:07:27.561392Z DEBUG awase::journal: ime event seq=65 elapsed_ms=17307 event_kind="InputModeApplied"
2026-09-19T23:07:27.561403Z  INFO awase_windows::runtime::key_pipeline: [shadow-toggle] TurnOn (IME既にopen) + ObservedEisu → AssumedRomaji に リセット (UserTurnOnEisuReset)
2026-09-19T23:07:27.561420Z DEBUG awase_windows::runtime::key_pipeline: [engine-input] vk=0x1C KeyDown ts=17307186us delay=0ms state=Idle mods(c=false s=false a=false w=false) gas_ctrl=false phys_ctrl=false extra=0x5350494B pending_drain=0 gate_active=false l_thumb=None r_thumb=Some(17307175) [diag-
2026-09-19T23:07:27.561440Z  INFO awase::engine::engine: Engine activated (ime=true, romaji=true, japanese=true, user=true, reason=Active)
2026-09-19T23:07:27.561485Z DEBUG awase::journal: key input seq=66 elapsed_ms=17307 vk_code=28 is_down=true injected=false key_class="RightThumb" state_before="Idle" state_after="PendingThumb(vk=0x1C,left=false)" decision="Consume" physical="Allow" repeat_count=1 last_timestamp_us=17307186 last_elap
2026-09-19T23:07:27.561504Z DEBUG awase::journal: ime event seq=67 elapsed_ms=17307 event_kind="EngineActivationSync"
2026-09-19T23:07:27.561515Z DEBUG awase::journal: ime event seq=68 elapsed_ms=17307 event_kind="ImeApplyRequested"
2026-09-19T23:07:27.561521Z  INFO awase_windows::runtime::key_pipeline: IME control: preconditions.ime_on = true (SetOpenRequest, origin=ActivationSync), was_open_before=true last_intent_before=Some(true) poll suspended
2026-09-19T23:07:27.561632Z DEBUG execute_one{generation=Some(ApplyGeneration(2))}:dispatch_ime_set_open{open=true generation=Some(ApplyGeneration(2))}: awase_windows::runtime::executor: [dispatch-ime] ImmCross async: optimistic applied_snapshot=true (suppress send_engine_state_ime_key)
2026-09-19T23:07:27.562705Z DEBUG execute_one{generation=Some(ApplyGeneration(2))}: awase_windows::platform: [engine-state-key] skipped (apply_ime_open aligned ime=true, profile=Standard)
2026-09-19T23:07:27.564387Z DEBUG run_open_chain_async: awase_windows::ime_controller: [warrant-shadow] chain=async open=true origin=EventOrigin { source: SelfActuated { strategy: "engine_decision_async" }, epoch: Generation(0) } warranted
2026-09-19T23:07:27.564424Z  INFO run_open_chain_async:imm_cross_write{open=true}: awase_windows::runtime::open_chain: [apply-ime] ImmCross async: open=true composition_active=false show_seq=0 change_seq=0 (issue #138診断)
2026-09-19T23:07:27.567637Z DEBUG awase_windows::shadow_send_trace: [shadow-send] channel=ImeControl cmd=0x0006 lparam=1 issue_us=17313275
2026-09-19T23:07:27.567644Z DEBUG awase_windows::ime: set_ime_open_for_target: hwnd=HWND(0xfd29fc) ime_wnd=HWND(0xab1f7e) open=true success=true send_elapsed=0ms candidate_visible=false
2026-09-19T23:07:27.568297Z DEBUG run_open_chain_async:imm_cross_write{open=true}: awase_windows::ime: [imm-cross-actuate] hwnd=HWND(0xfd29fc) open=Written conv=Some(Written)
2026-09-19T23:07:27.568359Z DEBUG run_open_chain_async:imm_cross_write{open=true}: awase_windows::runtime::open_chain: [apply-ime] ROMAN 補完結果: Written
2026-09-19T23:07:27.568419Z DEBUG run_open_chain_async: awase::journal: actuation decision seq=69 elapsed_ms=17314 site="DispatchImeSetOpen" caller="None" open=true chain_len=4 attempts_len=1 gate_profile="Standard" gate_kind="Gji" gate_shadow_known=true gate_shadow_on=true gate_input_mode="AssumedR
2026-09-19T23:07:27.568573Z DEBUG on_ime_apply_complete{open=true outcome=AppliedWithoutSendInput generation=Some(ApplyGeneration(2)) reason=EngineDecision}: awase::journal: ime open applied seq=70 elapsed_ms=17314 open=true outcome="AppliedWithoutSendInput" reason="EngineDecision"
2026-09-19T23:07:27.568705Z DEBUG on_ime_apply_complete{open=true outcome=AppliedWithoutSendInput generation=Some(ApplyGeneration(2)) reason=EngineDecision}: awase::journal: ime event seq=71 elapsed_ms=17314 event_kind="ImeApplySucceeded"
2026-09-19T23:07:27.568732Z DEBUG on_ime_apply_complete{open=true outcome=AppliedWithoutSendInput generation=Some(ApplyGeneration(2)) reason=EngineDecision}: awase_windows::tsf::ime_mode_fsm: [ime-mode] SetOpen(true) applied → Hiragana (belief, unconfirmed)
2026-09-19T23:07:27.568757Z DEBUG on_ime_apply_complete{open=true outcome=AppliedWithoutSendInput generation=Some(ApplyGeneration(2)) reason=EngineDecision}: awase_windows::platform: [composition] ImeEffect::SetOpen(true) → marking cold
2026-09-19T23:07:27.568778Z DEBUG on_ime_apply_complete{open=true outcome=AppliedWithoutSendInput generation=Some(ApplyGeneration(2)) reason=EngineDecision}: awase_windows::tsf::probe: [composition] marked cold reason=SetOpenTrue idle=18446744073709551615ms → next VK/TSF output will send VK_DBE_HIRA
2026-09-19T23:07:27.568822Z DEBUG on_ime_apply_complete{open=true outcome=AppliedWithoutSendInput generation=Some(ApplyGeneration(2)) reason=EngineDecision}:gji_on_event{event=ImeOn { injection_mode: Unicode, gji_idle_ms: 1906 }}: awase_windows::tsf::gji_fsm: [gji-fsm] ImeOn: already on (OnWarm), ig
2026-09-19T23:07:27.568923Z DEBUG awase::journal: gji fsm transition seq=72 elapsed_ms=17314 trigger="ImeOn(gji_idle_ms=1906)" state_before="OnWarm" state_after="OnWarm"
2026-09-19T23:07:27.593714Z DEBUG awase_windows::runtime::ime_refresh: Explicit intent: bypassing typing-idle guard for IME verify (idle=31ms)
2026-09-19T23:07:27.593742Z DEBUG awase_windows::observer::ime_observer: IME snapshot: japanese=Some(true) ime_on=Some(true) romaji=None conv=Some("0x00000010") guard=false
2026-09-19T23:07:27.593786Z DEBUG awase::journal: ime event seq=73 elapsed_ms=17339 event_kind="ObserverReported"
2026-09-19T23:07:27.593801Z DEBUG awase::journal: ime event seq=74 elapsed_ms=17339 event_kind="InputModeObserved"
2026-09-19T23:07:27.593810Z  INFO awase_windows::runtime::ime_refresh: ObserverPoll +9281ms since focus: mode AssumedRomaji { reason: AppKindExcluded } → ObservedEisu
2026-09-19T23:07:27.593837Z DEBUG awase::engine::engine: [diag-engine-active] ime_on=true なのに非活性: reason=Inactive(NotRomajiInput) romaji_capable=false japanese=true user_enabled=true was_active=true input_mode=ObservedEisu
2026-09-19T23:07:27.593854Z  INFO awase::engine::nicola_fsm: flush_pending(ImeOff, from=PendingThumb(vk=0x1C,left=false)): flushed 0 action(s)
2026-09-19T23:07:27.593878Z  INFO awase::engine::engine: Engine deactivated (ime=true, romaji=false, japanese=true, user=true, reason=Inactive(NotRomajiInput))
2026-09-19T23:07:27.593930Z DEBUG execute_from_loop:execute_one{generation=None}: awase_windows::runtime::executor: [reinject] vk=0x1c up (queued passthrough now firing)
2026-09-19T23:07:27.687772Z DEBUG awase_windows::runtime::key_pipeline: [engine-input] vk=0x1C KeyUp ts=17433505us delay=0ms state=Idle mods(c=false s=false a=false w=false) gas_ctrl=false phys_ctrl=false extra=0x5350494B pending_drain=0 gate_active=false l_thumb=None r_thumb=None [diag-ctx] ime_on=
2026-09-19T23:07:27.687819Z DEBUG awase::engine::engine: [diag-engine-active] ime_on=true なのに非活性: reason=Inactive(NotRomajiInput) romaji_capable=false japanese=true user_enabled=true was_active=false input_mode=ObservedEisu
2026-09-19T23:07:27.687884Z DEBUG awase::journal: key input seq=75 elapsed_ms=17433 vk_code=28 is_down=false injected=false key_class="RightThumb" state_before="Idle" state_after="Idle" decision="PassThrough" physical="Allow" repeat_count=1 last_timestamp_us=17433505 last_elapsed_ms=0
2026-09-19T23:07:27.688021Z DEBUG execute_one{generation=None}: awase_windows::runtime::executor: [reinject] vk=0x1c up (queued passthrough now firing)
2026-09-19T23:07:30.068541Z DEBUG awase_windows::runtime::key_pipeline: [shadow-toggle] vk=0x1CはFSM delegate所有 → belief書き込み/actuationをスキップ w_ops0=109720 x_ops0=243169 x_KB0=23.5
2026-09-19T23:07:30.068566Z DEBUG awase_windows::runtime::key_pipeline: [shadow-toggle] no-op: vk=0x1C action=TurnOn source=PhysicalImeKey effective_open は既に true → apply-ime 見送り
2026-09-19T23:07:30.068588Z DEBUG awase::journal: ime event seq=76 elapsed_ms=19814 event_kind="InputModeApplied"
2026-09-19T23:07:30.068601Z  INFO awase_windows::runtime::key_pipeline: [shadow-toggle] TurnOn (IME既にopen) + ObservedEisu → AssumedRomaji に リセット (UserTurnOnEisuReset)
2026-09-19T23:07:30.068620Z DEBUG awase_windows::runtime::key_pipeline: [engine-input] vk=0x1C KeyDown ts=19814357us delay=0ms state=Idle mods(c=false s=false a=false w=false) gas_ctrl=false phys_ctrl=false extra=0x5350494B pending_drain=0 gate_active=false l_thumb=None r_thumb=Some(19814345) [diag-
2026-09-19T23:07:30.068642Z  INFO awase::engine::engine: Engine activated (ime=true, romaji=true, japanese=true, user=true, reason=Active)
2026-09-19T23:07:30.068692Z DEBUG awase::journal: key input seq=77 elapsed_ms=19814 vk_code=28 is_down=true injected=false key_class="RightThumb" state_before="Idle" state_after="PendingThumb(vk=0x1C,left=false)" decision="Consume" physical="Allow" repeat_count=1 last_timestamp_us=19814357 last_elap
2026-09-19T23:07:30.068715Z DEBUG awase::journal: ime event seq=78 elapsed_ms=19814 event_kind="EngineActivationSync"
2026-09-19T23:07:30.068771Z DEBUG awase::journal: ime event seq=79 elapsed_ms=19814 event_kind="ImeApplyRequested"
2026-09-19T23:07:30.068778Z  INFO awase_windows::runtime::key_pipeline: IME control: preconditions.ime_on = true (SetOpenRequest, origin=ActivationSync), was_open_before=true last_intent_before=Some(true) poll suspended
2026-09-19T23:07:30.068908Z DEBUG execute_one{generation=Some(ApplyGeneration(3))}:dispatch_ime_set_open{open=true generation=Some(ApplyGeneration(3))}: awase_windows::runtime::executor: [dispatch-ime] ImmCross async: optimistic applied_snapshot=true (suppress send_engine_state_ime_key)
2026-09-19T23:07:30.070428Z DEBUG execute_one{generation=Some(ApplyGeneration(3))}: awase_windows::platform: [engine-state-key] skipped (apply_ime_open aligned ime=true, profile=Standard)
2026-09-19T23:07:30.072601Z DEBUG run_open_chain_async: awase_windows::ime_controller: [warrant-shadow] chain=async open=true origin=EventOrigin { source: SelfActuated { strategy: "engine_decision_async" }, epoch: Generation(0) } warranted
2026-09-19T23:07:30.072678Z  INFO run_open_chain_async:imm_cross_write{open=true}: awase_windows::runtime::open_chain: [apply-ime] ImmCross async: open=true composition_active=false show_seq=0 change_seq=0 (issue #138診断)
2026-09-19T23:07:30.073930Z DEBUG awase_windows::shadow_send_trace: [shadow-send] channel=ImeControl cmd=0x0006 lparam=1 issue_us=19819789
2026-09-19T23:07:30.073945Z DEBUG awase_windows::ime: set_ime_open_for_target: hwnd=HWND(0xfd29fc) ime_wnd=HWND(0xab1f7e) open=true success=true send_elapsed=0ms candidate_visible=false
2026-09-19T23:07:30.074065Z DEBUG run_open_chain_async:imm_cross_write{open=true}: awase_windows::ime: [imm-cross-actuate] hwnd=HWND(0xfd29fc) open=Written conv=Some(Written)
2026-09-19T23:07:30.074094Z DEBUG run_open_chain_async:imm_cross_write{open=true}: awase_windows::runtime::open_chain: [apply-ime] ROMAN 補完結果: Written
2026-09-19T23:07:30.074124Z DEBUG run_open_chain_async: awase::journal: actuation decision seq=80 elapsed_ms=19820 site="DispatchImeSetOpen" caller="None" open=true chain_len=4 attempts_len=1 gate_profile="Standard" gate_kind="Gji" gate_shadow_known=true gate_shadow_on=true gate_input_mode="AssumedR
2026-09-19T23:07:30.074605Z DEBUG on_ime_apply_complete{open=true outcome=AppliedWithoutSendInput generation=Some(ApplyGeneration(3)) reason=EngineDecision}: awase::journal: ime open applied seq=81 elapsed_ms=19820 open=true outcome="AppliedWithoutSendInput" reason="EngineDecision"
2026-09-19T23:07:30.074711Z DEBUG on_ime_apply_complete{open=true outcome=AppliedWithoutSendInput generation=Some(ApplyGeneration(3)) reason=EngineDecision}: awase::journal: ime event seq=82 elapsed_ms=19820 event_kind="ImeApplySucceeded"
2026-09-19T23:07:30.074739Z DEBUG on_ime_apply_complete{open=true outcome=AppliedWithoutSendInput generation=Some(ApplyGeneration(3)) reason=EngineDecision}: awase_windows::tsf::ime_mode_fsm: [ime-mode] SetOpen(true) applied → Hiragana (belief, unconfirmed)
2026-09-19T23:07:30.074764Z DEBUG on_ime_apply_complete{open=true outcome=AppliedWithoutSendInput generation=Some(ApplyGeneration(3)) reason=EngineDecision}: awase_windows::platform: [composition] ImeEffect::SetOpen(true) → marking cold
2026-09-19T23:07:30.074784Z DEBUG on_ime_apply_complete{open=true outcome=AppliedWithoutSendInput generation=Some(ApplyGeneration(3)) reason=EngineDecision}: awase_windows::tsf::probe: [composition] marked cold reason=SetOpenTrue idle=18446744073709551615ms → next VK/TSF output will send VK_DBE_HIRA
2026-09-19T23:07:30.074828Z DEBUG on_ime_apply_complete{open=true outcome=AppliedWithoutSendInput generation=Some(ApplyGeneration(3)) reason=EngineDecision}:gji_on_event{event=ImeOn { injection_mode: Unicode, gji_idle_ms: 4422 }}: awase_windows::tsf::gji_fsm: [gji-fsm] ImeOn: already on (OnWarm), ig
2026-09-19T23:07:30.074926Z DEBUG awase::journal: gji fsm transition seq=83 elapsed_ms=19820 trigger="ImeOn(gji_idle_ms=4422)" state_before="OnWarm" state_after="OnWarm"
2026-09-19T23:07:30.107297Z DEBUG awase_windows::runtime::ime_refresh: Explicit intent: bypassing typing-idle guard for IME verify (idle=47ms)
2026-09-19T23:07:30.107326Z DEBUG awase_windows::observer::ime_observer: IME snapshot: japanese=Some(true) ime_on=Some(true) romaji=None conv=Some("0x00000010") guard=false
2026-09-19T23:07:30.107367Z DEBUG awase::journal: ime event seq=84 elapsed_ms=19853 event_kind="ObserverReported"
2026-09-19T23:07:30.107381Z DEBUG awase::journal: ime event seq=85 elapsed_ms=19853 event_kind="InputModeObserved"
2026-09-19T23:07:30.107407Z DEBUG awase::engine::engine: [diag-engine-active] ime_on=true なのに非活性: reason=Inactive(NotRomajiInput) romaji_capable=false japanese=true user_enabled=true was_active=true input_mode=ObservedEisu
2026-09-19T23:07:30.107425Z  INFO awase::engine::nicola_fsm: flush_pending(ImeOff, from=PendingThumb(vk=0x1C,left=false)): flushed 0 action(s)
2026-09-19T23:07:30.107449Z  INFO awase::engine::engine: Engine deactivated (ime=true, romaji=false, japanese=true, user=true, reason=Inactive(NotRomajiInput))
2026-09-19T23:07:30.107540Z DEBUG execute_from_loop:execute_one{generation=None}: awase_windows::runtime::executor: [reinject] vk=0x1c up (queued passthrough now firing)
2026-09-19T23:07:30.191638Z DEBUG awase_windows::runtime::key_pipeline: [engine-input] vk=0x1C KeyUp ts=19937467us delay=0ms state=Idle mods(c=false s=false a=false w=false) gas_ctrl=false phys_ctrl=false extra=0x5350494B pending_drain=0 gate_active=false l_thumb=None r_thumb=None [diag-ctx] ime_on=
2026-09-19T23:07:30.191667Z DEBUG awase::engine::engine: [diag-engine-active] ime_on=true なのに非活性: reason=Inactive(NotRomajiInput) romaji_capable=false japanese=true user_enabled=true was_active=false input_mode=ObservedEisu
2026-09-19T23:07:30.191705Z DEBUG awase::journal: key input seq=86 elapsed_ms=19937 vk_code=28 is_down=false injected=false key_class="RightThumb" state_before="Idle" state_after="Idle" decision="PassThrough" physical="Allow" repeat_count=1 last_timestamp_us=19937467 last_elapsed_ms=0
2026-09-19T23:07:30.191777Z DEBUG execute_one{generation=None}: awase_windows::runtime::executor: [reinject] vk=0x1c up (queued passthrough now firing)
2026-09-19T23:07:32.630664Z DEBUG awase_windows::runtime::key_pipeline: [shadow-toggle] vk=0x1CはFSM delegate所有 → belief書き込み/actuationをスキップ w_ops0=109720 x_ops0=243169 x_KB0=23.5
2026-09-19T23:07:32.630686Z DEBUG awase_windows::runtime::key_pipeline: [shadow-toggle] no-op: vk=0x1C action=TurnOn source=PhysicalImeKey effective_open は既に true → apply-ime 見送り
2026-09-19T23:07:32.630707Z DEBUG awase::journal: ime event seq=87 elapsed_ms=22376 event_kind="InputModeApplied"
2026-09-19T23:07:32.630719Z  INFO awase_windows::runtime::key_pipeline: [shadow-toggle] TurnOn (IME既にopen) + ObservedEisu → AssumedRomaji に リセット (UserTurnOnEisuReset)
2026-09-19T23:07:32.630752Z DEBUG awase_windows::runtime::key_pipeline: [engine-input] vk=0x1C KeyDown ts=22376496us delay=0ms state=Idle mods(c=false s=false a=false w=false) gas_ctrl=false phys_ctrl=false extra=0x5350494B pending_drain=0 gate_active=false l_thumb=None r_thumb=Some(22376484) [diag-
2026-09-19T23:07:32.630774Z  INFO awase::engine::engine: Engine activated (ime=true, romaji=true, japanese=true, user=true, reason=Active)
2026-09-19T23:07:32.630821Z DEBUG awase::journal: key input seq=88 elapsed_ms=22376 vk_code=28 is_down=true injected=false key_class="RightThumb" state_before="Idle" state_after="PendingThumb(vk=0x1C,left=false)" decision="Consume" physical="Allow" repeat_count=1 last_timestamp_us=22376496 last_elap
2026-09-19T23:07:32.630843Z DEBUG awase::journal: ime event seq=89 elapsed_ms=22376 event_kind="EngineActivationSync"
2026-09-19T23:07:32.630853Z DEBUG awase::journal: ime event seq=90 elapsed_ms=22376 event_kind="ImeApplyRequested"
2026-09-19T23:07:32.630859Z  INFO awase_windows::runtime::key_pipeline: IME control: preconditions.ime_on = true (SetOpenRequest, origin=ActivationSync), was_open_before=true last_intent_before=Some(true) poll suspended
2026-09-19T23:07:32.631020Z DEBUG execute_one{generation=Some(ApplyGeneration(4))}:dispatch_ime_set_open{open=true generation=Some(ApplyGeneration(4))}: awase_windows::runtime::executor: [dispatch-ime] ImmCross async: optimistic applied_snapshot=true (suppress send_engine_state_ime_key)
2026-09-19T23:07:32.632154Z DEBUG execute_one{generation=Some(ApplyGeneration(4))}: awase_windows::platform: [engine-state-key] skipped (apply_ime_open aligned ime=true, profile=Standard)
2026-09-19T23:07:32.634445Z DEBUG run_open_chain_async: awase_windows::ime_controller: [warrant-shadow] chain=async open=true origin=EventOrigin { source: SelfActuated { strategy: "engine_decision_async" }, epoch: Generation(0) } warranted
2026-09-19T23:07:32.634527Z  INFO run_open_chain_async:imm_cross_write{open=true}: awase_windows::runtime::open_chain: [apply-ime] ImmCross async: open=true composition_active=false show_seq=0 change_seq=0 (issue #138診断)
2026-09-19T23:07:32.637056Z DEBUG awase_windows::shadow_send_trace: [shadow-send] channel=ImeControl cmd=0x0006 lparam=1 issue_us=22382769
2026-09-19T23:07:32.637071Z DEBUG awase_windows::ime: set_ime_open_for_target: hwnd=HWND(0xfd29fc) ime_wnd=HWND(0xab1f7e) open=true success=true send_elapsed=0ms candidate_visible=false
2026-09-19T23:07:32.637276Z DEBUG run_open_chain_async:imm_cross_write{open=true}: awase_windows::ime: [imm-cross-actuate] hwnd=HWND(0xfd29fc) open=Written conv=Some(Written)
2026-09-19T23:07:32.637309Z DEBUG run_open_chain_async:imm_cross_write{open=true}: awase_windows::runtime::open_chain: [apply-ime] ROMAN 補完結果: Written
2026-09-19T23:07:32.637341Z DEBUG run_open_chain_async: awase::journal: actuation decision seq=91 elapsed_ms=22383 site="DispatchImeSetOpen" caller="None" open=true chain_len=4 attempts_len=1 gate_profile="Standard" gate_kind="Gji" gate_shadow_known=true gate_shadow_on=true gate_input_mode="AssumedR
2026-09-19T23:07:32.637908Z DEBUG on_ime_apply_complete{open=true outcome=AppliedWithoutSendInput generation=Some(ApplyGeneration(4)) reason=EngineDecision}: awase::journal: ime open applied seq=92 elapsed_ms=22383 open=true outcome="AppliedWithoutSendInput" reason="EngineDecision"
2026-09-19T23:07:32.637951Z DEBUG on_ime_apply_complete{open=true outcome=AppliedWithoutSendInput generation=Some(ApplyGeneration(4)) reason=EngineDecision}: awase::journal: ime event seq=93 elapsed_ms=22384 event_kind="ImeApplySucceeded"
2026-09-19T23:07:32.637961Z DEBUG on_ime_apply_complete{open=true outcome=AppliedWithoutSendInput generation=Some(ApplyGeneration(4)) reason=EngineDecision}: awase_windows::tsf::ime_mode_fsm: [ime-mode] SetOpen(true) applied → Hiragana (belief, unconfirmed)
2026-09-19T23:07:32.638093Z DEBUG on_ime_apply_complete{open=true outcome=AppliedWithoutSendInput generation=Some(ApplyGeneration(4)) reason=EngineDecision}: awase_windows::platform: [composition] ImeEffect::SetOpen(true) → marking cold
2026-09-19T23:07:32.638103Z DEBUG on_ime_apply_complete{open=true outcome=AppliedWithoutSendInput generation=Some(ApplyGeneration(4)) reason=EngineDecision}: awase_windows::tsf::probe: [composition] marked cold reason=SetOpenTrue idle=18446744073709551615ms → next VK/TSF output will send VK_DBE_HIRA
2026-09-19T23:07:32.638125Z DEBUG on_ime_apply_complete{open=true outcome=AppliedWithoutSendInput generation=Some(ApplyGeneration(4)) reason=EngineDecision}:gji_on_event{event=ImeOn { injection_mode: Unicode, gji_idle_ms: 6984 }}: awase_windows::tsf::gji_fsm: [gji-fsm] ImeOn: already on (OnWarm), ig
2026-09-19T23:07:32.638274Z DEBUG awase::journal: gji fsm transition seq=94 elapsed_ms=22384 trigger="ImeOn(gji_idle_ms=6984)" state_before="OnWarm" state_after="OnWarm"
2026-09-19T23:07:32.677449Z DEBUG awase_windows::runtime::ime_refresh: Explicit intent: bypassing typing-idle guard for IME verify (idle=47ms)
2026-09-19T23:07:32.677476Z DEBUG awase_windows::observer::ime_observer: IME snapshot: japanese=Some(true) ime_on=Some(true) romaji=None conv=Some("0x00000010") guard=false
2026-09-19T23:07:32.677514Z DEBUG awase::journal: ime event seq=95 elapsed_ms=22423 event_kind="ObserverReported"
2026-09-19T23:07:32.677528Z DEBUG awase::journal: ime event seq=96 elapsed_ms=22423 event_kind="InputModeObserved"
2026-09-19T23:07:32.677553Z DEBUG awase::engine::engine: [diag-engine-active] ime_on=true なのに非活性: reason=Inactive(NotRomajiInput) romaji_capable=false japanese=true user_enabled=true was_active=true input_mode=ObservedEisu
2026-09-19T23:07:32.677571Z  INFO awase::engine::nicola_fsm: flush_pending(ImeOff, from=PendingThumb(vk=0x1C,left=false)): flushed 0 action(s)
2026-09-19T23:07:32.677594Z  INFO awase::engine::engine: Engine deactivated (ime=true, romaji=false, japanese=true, user=true, reason=Inactive(NotRomajiInput))
2026-09-19T23:07:32.677647Z DEBUG execute_from_loop:execute_one{generation=None}: awase_windows::runtime::executor: [reinject] vk=0x1c up (queued passthrough now firing)
2026-09-19T23:07:32.753988Z DEBUG awase_windows::runtime::key_pipeline: [engine-input] vk=0x1C KeyUp ts=22499648us delay=0ms state=Idle mods(c=false s=false a=false w=false) gas_ctrl=false phys_ctrl=false extra=0x5350494B pending_drain=0 gate_active=false l_thumb=None r_thumb=None [diag-ctx] ime_on=
2026-09-19T23:07:32.754035Z DEBUG awase::engine::engine: [diag-engine-active] ime_on=true なのに非活性: reason=Inactive(NotRomajiInput) romaji_capable=false japanese=true user_enabled=true was_active=false input_mode=ObservedEisu
2026-09-19T23:07:32.754093Z DEBUG awase::journal: key input seq=97 elapsed_ms=22500 vk_code=28 is_down=false injected=false key_class="RightThumb" state_before="Idle" state_after="Idle" decision="PassThrough" physical="Allow" repeat_count=1 last_timestamp_us=22499648 last_elapsed_ms=0
2026-09-19T23:07:32.754215Z DEBUG execute_one{generation=None}: awase_windows::runtime::executor: [reinject] vk=0x1c up (queued passthrough now firing)
2026-09-19T23:07:35.136833Z DEBUG awase_windows::runtime::key_pipeline: [shadow-toggle] vk=0x1CはFSM delegate所有 → belief書き込み/actuationをスキップ w_ops0=109720 x_ops0=243169 x_KB0=23.5
2026-09-19T23:07:35.136885Z DEBUG awase_windows::runtime::key_pipeline: [shadow-toggle] no-op: vk=0x1C action=TurnOn source=PhysicalImeKey effective_open は既に true → apply-ime 見送り
2026-09-19T23:07:35.136948Z DEBUG awase::journal: ime event seq=98 elapsed_ms=24883 event_kind="InputModeApplied"
2026-09-19T23:07:35.136981Z  INFO awase_windows::runtime::key_pipeline: [shadow-toggle] TurnOn (IME既にopen) + ObservedEisu → AssumedRomaji に リセット (UserTurnOnEisuReset)
2026-09-19T23:07:35.137029Z DEBUG awase_windows::runtime::key_pipeline: [engine-input] vk=0x1C KeyDown ts=24882535us delay=0ms state=Idle mods(c=false s=false a=false w=false) gas_ctrl=false phys_ctrl=false extra=0x5350494B pending_drain=0 gate_active=false l_thumb=None r_thumb=Some(24882522) [diag-
2026-09-19T23:07:35.137084Z  INFO awase::engine::engine: Engine activated (ime=true, romaji=true, japanese=true, user=true, reason=Active)
2026-09-19T23:07:35.137205Z DEBUG awase::journal: key input seq=99 elapsed_ms=24883 vk_code=28 is_down=true injected=false key_class="RightThumb" state_before="Idle" state_after="PendingThumb(vk=0x1C,left=false)" decision="Consume" physical="Allow" repeat_count=1 last_timestamp_us=24882535 last_elap
2026-09-19T23:07:35.137290Z DEBUG awase::journal: ime event seq=100 elapsed_ms=24883 event_kind="EngineActivationSync"
2026-09-19T23:07:35.137343Z DEBUG awase::journal: ime event seq=101 elapsed_ms=24883 event_kind="ImeApplyRequested"
2026-09-19T23:07:35.137370Z  INFO awase_windows::runtime::key_pipeline: IME control: preconditions.ime_on = true (SetOpenRequest, origin=ActivationSync), was_open_before=true last_intent_before=Some(true) poll suspended
2026-09-19T23:07:35.138091Z DEBUG execute_one{generation=Some(ApplyGeneration(5))}:dispatch_ime_set_open{open=true generation=Some(ApplyGeneration(5))}: awase_windows::runtime::executor: [dispatch-ime] ImmCross async: optimistic applied_snapshot=true (suppress send_engine_state_ime_key)
2026-09-19T23:07:35.140432Z DEBUG execute_one{generation=Some(ApplyGeneration(5))}: awase_windows::platform: [engine-state-key] skipped (apply_ime_open aligned ime=true, profile=Standard)
2026-09-19T23:07:35.144429Z DEBUG run_open_chain_async: awase_windows::ime_controller: [warrant-shadow] chain=async open=true origin=EventOrigin { source: SelfActuated { strategy: "engine_decision_async" }, epoch: Generation(0) } warranted
2026-09-19T23:07:35.144556Z  INFO run_open_chain_async:imm_cross_write{open=true}: awase_windows::runtime::open_chain: [apply-ime] ImmCross async: open=true composition_active=false show_seq=0 change_seq=0 (issue #138診断)
2026-09-19T23:07:35.149968Z DEBUG awase_windows::shadow_send_trace: [shadow-send] channel=ImeControl cmd=0x0006 lparam=1 issue_us=24895722
2026-09-19T23:07:35.149987Z DEBUG awase_windows::ime: set_ime_open_for_target: hwnd=HWND(0xfd29fc) ime_wnd=HWND(0xab1f7e) open=true success=true send_elapsed=0ms candidate_visible=false
2026-09-19T23:07:35.150296Z DEBUG run_open_chain_async:imm_cross_write{open=true}: awase_windows::ime: [imm-cross-actuate] hwnd=HWND(0xfd29fc) open=Written conv=Some(Written)
2026-09-19T23:07:35.150369Z DEBUG run_open_chain_async:imm_cross_write{open=true}: awase_windows::runtime::open_chain: [apply-ime] ROMAN 補完結果: Written
2026-09-19T23:07:35.150437Z DEBUG run_open_chain_async: awase::journal: actuation decision seq=102 elapsed_ms=24896 site="DispatchImeSetOpen" caller="None" open=true chain_len=4 attempts_len=1 gate_profile="Standard" gate_kind="Gji" gate_shadow_known=true gate_shadow_on=true gate_input_mode="Assumed
2026-09-19T23:07:35.151126Z DEBUG on_ime_apply_complete{open=true outcome=AppliedWithoutSendInput generation=Some(ApplyGeneration(5)) reason=EngineDecision}: awase::journal: ime open applied seq=103 elapsed_ms=24897 open=true outcome="AppliedWithoutSendInput" reason="EngineDecision"
2026-09-19T23:07:35.151273Z DEBUG on_ime_apply_complete{open=true outcome=AppliedWithoutSendInput generation=Some(ApplyGeneration(5)) reason=EngineDecision}: awase::journal: ime event seq=104 elapsed_ms=24897 event_kind="ImeApplySucceeded"
2026-09-19T23:07:35.151304Z DEBUG on_ime_apply_complete{open=true outcome=AppliedWithoutSendInput generation=Some(ApplyGeneration(5)) reason=EngineDecision}: awase_windows::tsf::ime_mode_fsm: [ime-mode] SetOpen(true) applied → Hiragana (belief, unconfirmed)
2026-09-19T23:07:35.151334Z DEBUG on_ime_apply_complete{open=true outcome=AppliedWithoutSendInput generation=Some(ApplyGeneration(5)) reason=EngineDecision}: awase_windows::platform: [composition] ImeEffect::SetOpen(true) → marking cold
2026-09-19T23:07:35.151359Z DEBUG on_ime_apply_complete{open=true outcome=AppliedWithoutSendInput generation=Some(ApplyGeneration(5)) reason=EngineDecision}: awase_windows::tsf::probe: [composition] marked cold reason=SetOpenTrue idle=18446744073709551615ms → next VK/TSF output will send VK_DBE_HIRA
2026-09-19T23:07:35.151413Z DEBUG on_ime_apply_complete{open=true outcome=AppliedWithoutSendInput generation=Some(ApplyGeneration(5)) reason=EngineDecision}:gji_on_event{event=ImeOn { injection_mode: Unicode, gji_idle_ms: 9500 }}: awase_windows::tsf::gji_fsm: [gji-fsm] ImeOn: already on (OnWarm), ig
2026-09-19T23:07:35.151812Z DEBUG awase::journal: gji fsm transition seq=105 elapsed_ms=24897 trigger="ImeOn(gji_idle_ms=9500)" state_before="OnWarm" state_after="OnWarm"
2026-09-19T23:07:35.184857Z DEBUG awase_windows::runtime::ime_refresh: Explicit intent: bypassing typing-idle guard for IME verify (idle=47ms)
2026-09-19T23:07:35.184902Z DEBUG awase_windows::observer::ime_observer: IME snapshot: japanese=Some(true) ime_on=Some(true) romaji=None conv=Some("0x00000010") guard=false
2026-09-19T23:07:35.184971Z DEBUG awase::journal: ime event seq=106 elapsed_ms=24931 event_kind="ObserverReported"
2026-09-19T23:07:35.184993Z DEBUG awase::journal: ime event seq=107 elapsed_ms=24931 event_kind="InputModeObserved"
2026-09-19T23:07:35.185036Z DEBUG awase::engine::engine: [diag-engine-active] ime_on=true なのに非活性: reason=Inactive(NotRomajiInput) romaji_capable=false japanese=true user_enabled=true was_active=true input_mode=ObservedEisu
2026-09-19T23:07:35.185061Z  INFO awase::engine::nicola_fsm: flush_pending(ImeOff, from=PendingThumb(vk=0x1C,left=false)): flushed 0 action(s)
2026-09-19T23:07:35.185095Z  INFO awase::engine::engine: Engine deactivated (ime=true, romaji=false, japanese=true, user=true, reason=Inactive(NotRomajiInput))
2026-09-19T23:07:35.185176Z DEBUG execute_from_loop:execute_one{generation=None}: awase_windows::runtime::executor: [reinject] vk=0x1c up (queued passthrough now firing)
2026-09-19T23:07:35.258435Z DEBUG awase_windows::runtime::key_pipeline: [engine-input] vk=0x1C KeyUp ts=25004234us delay=0ms state=Idle mods(c=false s=false a=false w=false) gas_ctrl=false phys_ctrl=false extra=0x5350494B pending_drain=0 gate_active=false l_thumb=None r_thumb=None [diag-ctx] ime_on=
2026-09-19T23:07:35.258464Z DEBUG awase::engine::engine: [diag-engine-active] ime_on=true なのに非活性: reason=Inactive(NotRomajiInput) romaji_capable=false japanese=true user_enabled=true was_active=false input_mode=ObservedEisu
2026-09-19T23:07:35.258501Z DEBUG awase::journal: key input seq=108 elapsed_ms=25004 vk_code=28 is_down=false injected=false key_class="RightThumb" state_before="Idle" state_after="Idle" decision="PassThrough" physical="Allow" repeat_count=1 last_timestamp_us=25004234 last_elapsed_ms=0
2026-09-19T23:07:35.258573Z DEBUG execute_one{generation=None}: awase_windows::runtime::executor: [reinject] vk=0x1c up (queued passthrough now firing)
2026-09-19T23:07:35.803804Z DEBUG awase_windows::tsf::gji_fsm: [gji-fsm] LongIdle timeout → OnCold(Long, NotStarted)
2026-09-19T23:07:35.803826Z DEBUG awase::journal: gji fsm transition seq=109 elapsed_ms=25549 trigger="LongIdleTimeout" state_before="OnWarm" state_after="OnCold(Long)"
2026-09-19T23:07:37.648752Z DEBUG awase_windows::runtime::key_pipeline: [shadow-toggle] vk=0x1CはFSM delegate所有 → belief書き込み/actuationをスキップ w_ops0=109720 x_ops0=243169 x_KB0=23.5
2026-09-19T23:07:37.648784Z DEBUG awase_windows::runtime::key_pipeline: [shadow-toggle] no-op: vk=0x1C action=TurnOn source=PhysicalImeKey effective_open は既に true → apply-ime 見送り
2026-09-19T23:07:37.648818Z DEBUG awase::journal: ime event seq=110 elapsed_ms=27394 event_kind="InputModeApplied"
2026-09-19T23:07:37.648836Z  INFO awase_windows::runtime::key_pipeline: [shadow-toggle] TurnOn (IME既にopen) + ObservedEisu → AssumedRomaji に リセット (UserTurnOnEisuReset)
2026-09-19T23:07:37.648864Z DEBUG awase_windows::runtime::key_pipeline: [engine-input] vk=0x1C KeyDown ts=27394501us delay=0ms state=Idle mods(c=false s=false a=false w=false) gas_ctrl=false phys_ctrl=false extra=0x5350494B pending_drain=0 gate_active=false l_thumb=None r_thumb=Some(27394491) [diag-
2026-09-19T23:07:37.648891Z  INFO awase::engine::engine: Engine activated (ime=true, romaji=true, japanese=true, user=true, reason=Active)
2026-09-19T23:07:37.648959Z DEBUG awase::journal: key input seq=111 elapsed_ms=27395 vk_code=28 is_down=true injected=false key_class="RightThumb" state_before="Idle" state_after="PendingThumb(vk=0x1C,left=false)" decision="Consume" physical="Allow" repeat_count=1 last_timestamp_us=27394501 last_ela
2026-09-19T23:07:37.648992Z DEBUG awase::journal: ime event seq=112 elapsed_ms=27395 event_kind="EngineActivationSync"
2026-09-19T23:07:37.649008Z DEBUG awase::journal: ime event seq=113 elapsed_ms=27395 event_kind="ImeApplyRequested"
2026-09-19T23:07:37.649017Z  INFO awase_windows::runtime::key_pipeline: IME control: preconditions.ime_on = true (SetOpenRequest, origin=ActivationSync), was_open_before=true last_intent_before=Some(true) poll suspended
2026-09-19T23:07:37.649192Z DEBUG execute_one{generation=Some(ApplyGeneration(6))}:dispatch_ime_set_open{open=true generation=Some(ApplyGeneration(6))}: awase_windows::runtime::executor: [dispatch-ime] ImmCross async: optimistic applied_snapshot=true (suppress send_engine_state_ime_key)
2026-09-19T23:07:37.650645Z DEBUG execute_one{generation=Some(ApplyGeneration(6))}: awase_windows::platform: [engine-state-key] skipped (apply_ime_open aligned ime=true, profile=Standard)
2026-09-19T23:07:37.652951Z DEBUG run_open_chain_async: awase_windows::ime_controller: [warrant-shadow] chain=async open=true origin=EventOrigin { source: SelfActuated { strategy: "engine_decision_async" }, epoch: Generation(0) } warranted
2026-09-19T23:07:37.653052Z  INFO run_open_chain_async:imm_cross_write{open=true}: awase_windows::runtime::open_chain: [apply-ime] ImmCross async: open=true composition_active=false show_seq=0 change_seq=0 (issue #138診断)
2026-09-19T23:07:37.656402Z DEBUG awase_windows::shadow_send_trace: [shadow-send] channel=ImeControl cmd=0x0006 lparam=1 issue_us=27402076
2026-09-19T23:07:37.656418Z DEBUG awase_windows::ime: set_ime_open_for_target: hwnd=HWND(0xfd29fc) ime_wnd=HWND(0xab1f7e) open=true success=true send_elapsed=0ms candidate_visible=false
2026-09-19T23:07:37.656637Z DEBUG run_open_chain_async:imm_cross_write{open=true}: awase_windows::ime: [imm-cross-actuate] hwnd=HWND(0xfd29fc) open=Written conv=Some(Written)
2026-09-19T23:07:37.656697Z DEBUG run_open_chain_async:imm_cross_write{open=true}: awase_windows::runtime::open_chain: [apply-ime] ROMAN 補完結果: Written
2026-09-19T23:07:37.656763Z DEBUG run_open_chain_async: awase::journal: actuation decision seq=114 elapsed_ms=27402 site="DispatchImeSetOpen" caller="None" open=true chain_len=4 attempts_len=1 gate_profile="Standard" gate_kind="Gji" gate_shadow_known=true gate_shadow_on=true gate_input_mode="Assumed
2026-09-19T23:07:37.657277Z DEBUG on_ime_apply_complete{open=true outcome=AppliedWithoutSendInput generation=Some(ApplyGeneration(6)) reason=EngineDecision}: awase::journal: ime open applied seq=115 elapsed_ms=27403 open=true outcome="AppliedWithoutSendInput" reason="EngineDecision"
2026-09-19T23:07:37.657391Z DEBUG on_ime_apply_complete{open=true outcome=AppliedWithoutSendInput generation=Some(ApplyGeneration(6)) reason=EngineDecision}: awase::journal: ime event seq=116 elapsed_ms=27403 event_kind="ImeApplySucceeded"
2026-09-19T23:07:37.657419Z DEBUG on_ime_apply_complete{open=true outcome=AppliedWithoutSendInput generation=Some(ApplyGeneration(6)) reason=EngineDecision}: awase_windows::tsf::ime_mode_fsm: [ime-mode] SetOpen(true) applied → Hiragana (belief, unconfirmed)
2026-09-19T23:07:37.657494Z DEBUG on_ime_apply_complete{open=true outcome=AppliedWithoutSendInput generation=Some(ApplyGeneration(6)) reason=EngineDecision}: awase_windows::platform: [composition] ImeEffect::SetOpen(true) → marking cold
2026-09-19T23:07:37.657520Z DEBUG on_ime_apply_complete{open=true outcome=AppliedWithoutSendInput generation=Some(ApplyGeneration(6)) reason=EngineDecision}: awase_windows::tsf::probe: [composition] marked cold reason=SetOpenTrue idle=18446744073709551615ms → next VK/TSF output will send VK_DBE_HIRA
2026-09-19T23:07:37.657569Z DEBUG on_ime_apply_complete{open=true outcome=AppliedWithoutSendInput generation=Some(ApplyGeneration(6)) reason=EngineDecision}:gji_on_event{event=ImeOn { injection_mode: Unicode, gji_idle_ms: 12000 }}: awase_windows::tsf::gji_fsm: [gji-fsm] ImeOn: already on (OnCold(Lon
2026-09-19T23:07:37.657680Z DEBUG awase::journal: gji fsm transition seq=117 elapsed_ms=27403 trigger="ImeOn(gji_idle_ms=12000)" state_before="OnCold(Long)" state_after="OnCold(Long)"
2026-09-19T23:07:37.693117Z DEBUG awase_windows::runtime::ime_refresh: Explicit intent: bypassing typing-idle guard for IME verify (idle=31ms)
2026-09-19T23:07:37.693212Z DEBUG awase_windows::observer::ime_observer: IME snapshot: japanese=Some(true) ime_on=Some(true) romaji=None conv=Some("0x00000010") guard=false
2026-09-19T23:07:37.693398Z DEBUG awase::journal: ime event seq=118 elapsed_ms=27439 event_kind="ObserverReported"
2026-09-19T23:07:37.693585Z DEBUG awase::journal: ime event seq=119 elapsed_ms=27439 event_kind="InputModeObserved"
2026-09-19T23:07:37.693891Z DEBUG awase::engine::engine: [diag-engine-active] ime_on=true なのに非活性: reason=Inactive(NotRomajiInput) romaji_capable=false japanese=true user_enabled=true was_active=true input_mode=ObservedEisu
2026-09-19T23:07:37.693942Z  INFO awase::engine::nicola_fsm: flush_pending(ImeOff, from=PendingThumb(vk=0x1C,left=false)): flushed 0 action(s)
2026-09-19T23:07:37.694009Z  INFO awase::engine::engine: Engine deactivated (ime=true, romaji=false, japanese=true, user=true, reason=Inactive(NotRomajiInput))
2026-09-19T23:07:37.694336Z DEBUG execute_from_loop:execute_one{generation=None}: awase_windows::runtime::executor: [reinject] vk=0x1c up (queued passthrough now firing)
2026-09-19T23:07:37.788866Z DEBUG awase_windows::runtime::key_pipeline: [engine-input] vk=0x1C KeyUp ts=27534611us delay=0ms state=Idle mods(c=false s=false a=false w=false) gas_ctrl=false phys_ctrl=false extra=0x5350494B pending_drain=0 gate_active=false l_thumb=None r_thumb=None [diag-ctx] ime_on=
2026-09-19T23:07:37.788916Z DEBUG awase::engine::engine: [diag-engine-active] ime_on=true なのに非活性: reason=Inactive(NotRomajiInput) romaji_capable=false japanese=true user_enabled=true was_active=false input_mode=ObservedEisu
2026-09-19T23:07:37.788987Z DEBUG awase::journal: key input seq=120 elapsed_ms=27535 vk_code=28 is_down=false injected=false key_class="RightThumb" state_before="Idle" state_after="Idle" decision="PassThrough" physical="Allow" repeat_count=1 last_timestamp_us=27534611 last_elapsed_ms=0
2026-09-19T23:07:37.789135Z DEBUG execute_one{generation=None}: awase_windows::runtime::executor: [reinject] vk=0x1c up (queued passthrough now firing)
2026-09-19T23:07:40.194577Z DEBUG awase_windows::runtime::key_pipeline: [shadow-toggle] vk=0x1CはFSM delegate所有 → belief書き込み/actuationをスキップ w_ops0=109720 x_ops0=243169 x_KB0=23.5
2026-09-19T23:07:40.194633Z DEBUG awase_windows::runtime::key_pipeline: [shadow-toggle] no-op: vk=0x1C action=TurnOn source=PhysicalImeKey effective_open は既に true → apply-ime 見送り
2026-09-19T23:07:40.194700Z DEBUG awase::journal: ime event seq=121 elapsed_ms=29940 event_kind="InputModeApplied"
2026-09-19T23:07:40.194734Z  INFO awase_windows::runtime::key_pipeline: [shadow-toggle] TurnOn (IME既にopen) + ObservedEisu → AssumedRomaji に リセット (UserTurnOnEisuReset)
2026-09-19T23:07:40.194785Z DEBUG awase_windows::runtime::key_pipeline: [engine-input] vk=0x1C KeyDown ts=29940017us delay=0ms state=Idle mods(c=false s=false a=false w=false) gas_ctrl=false phys_ctrl=false extra=0x5350494B pending_drain=0 gate_active=false l_thumb=None r_thumb=Some(29940000) [diag-
2026-09-19T23:07:40.194845Z  INFO awase::engine::engine: Engine activated (ime=true, romaji=true, japanese=true, user=true, reason=Active)
2026-09-19T23:07:40.195005Z DEBUG awase::journal: key input seq=122 elapsed_ms=29941 vk_code=28 is_down=true injected=false key_class="RightThumb" state_before="Idle" state_after="PendingThumb(vk=0x1C,left=false)" decision="Consume" physical="Allow" repeat_count=1 last_timestamp_us=29940017 last_ela
2026-09-19T23:07:40.195089Z DEBUG awase::journal: ime event seq=123 elapsed_ms=29941 event_kind="EngineActivationSync"
2026-09-19T23:07:40.195139Z DEBUG awase::journal: ime event seq=124 elapsed_ms=29941 event_kind="ImeApplyRequested"
2026-09-19T23:07:40.195163Z  INFO awase_windows::runtime::key_pipeline: IME control: preconditions.ime_on = true (SetOpenRequest, origin=ActivationSync), was_open_before=true last_intent_before=Some(true) poll suspended
2026-09-19T23:07:40.196100Z DEBUG execute_one{generation=Some(ApplyGeneration(7))}:dispatch_ime_set_open{open=true generation=Some(ApplyGeneration(7))}: awase_windows::runtime::executor: [dispatch-ime] ImmCross async: optimistic applied_snapshot=true (suppress send_engine_state_ime_key)
2026-09-19T23:07:40.199046Z DEBUG execute_one{generation=Some(ApplyGeneration(7))}: awase_windows::platform: [engine-state-key] skipped (apply_ime_open aligned ime=true, profile=Standard)
2026-09-19T23:07:40.202480Z DEBUG run_open_chain_async: awase_windows::ime_controller: [warrant-shadow] chain=async open=true origin=EventOrigin { source: SelfActuated { strategy: "engine_decision_async" }, epoch: Generation(0) } warranted
2026-09-19T23:07:40.202568Z  INFO run_open_chain_async:imm_cross_write{open=true}: awase_windows::runtime::open_chain: [apply-ime] ImmCross async: open=true composition_active=false show_seq=0 change_seq=0 (issue #138診断)
2026-09-19T23:07:40.205322Z DEBUG awase_windows::shadow_send_trace: [shadow-send] channel=ImeControl cmd=0x0006 lparam=1 issue_us=29951084
2026-09-19T23:07:40.205338Z DEBUG awase_windows::ime: set_ime_open_for_target: hwnd=HWND(0xfd29fc) ime_wnd=HWND(0xab1f7e) open=true success=true send_elapsed=0ms candidate_visible=false
2026-09-19T23:07:40.205473Z DEBUG run_open_chain_async:imm_cross_write{open=true}: awase_windows::ime: [imm-cross-actuate] hwnd=HWND(0xfd29fc) open=Written conv=Some(Written)
2026-09-19T23:07:40.205511Z DEBUG run_open_chain_async:imm_cross_write{open=true}: awase_windows::runtime::open_chain: [apply-ime] ROMAN 補完結果: Written
2026-09-19T23:07:40.205545Z DEBUG run_open_chain_async: awase::journal: actuation decision seq=125 elapsed_ms=29951 site="DispatchImeSetOpen" caller="None" open=true chain_len=4 attempts_len=1 gate_profile="Standard" gate_kind="Gji" gate_shadow_known=true gate_shadow_on=true gate_input_mode="Assumed
2026-09-19T23:07:40.205982Z DEBUG on_ime_apply_complete{open=true outcome=AppliedWithoutSendInput generation=Some(ApplyGeneration(7)) reason=EngineDecision}: awase::journal: ime open applied seq=126 elapsed_ms=29952 open=true outcome="AppliedWithoutSendInput" reason="EngineDecision"
2026-09-19T23:07:40.206072Z DEBUG on_ime_apply_complete{open=true outcome=AppliedWithoutSendInput generation=Some(ApplyGeneration(7)) reason=EngineDecision}: awase::journal: ime event seq=127 elapsed_ms=29952 event_kind="ImeApplySucceeded"
2026-09-19T23:07:40.206085Z DEBUG on_ime_apply_complete{open=true outcome=AppliedWithoutSendInput generation=Some(ApplyGeneration(7)) reason=EngineDecision}: awase_windows::tsf::ime_mode_fsm: [ime-mode] SetOpen(true) applied → Hiragana (belief, unconfirmed)
2026-09-19T23:07:40.206098Z DEBUG on_ime_apply_complete{open=true outcome=AppliedWithoutSendInput generation=Some(ApplyGeneration(7)) reason=EngineDecision}: awase_windows::platform: [composition] ImeEffect::SetOpen(true) → marking cold
2026-09-19T23:07:40.206107Z DEBUG on_ime_apply_complete{open=true outcome=AppliedWithoutSendInput generation=Some(ApplyGeneration(7)) reason=EngineDecision}: awase_windows::tsf::probe: [composition] marked cold reason=SetOpenTrue idle=18446744073709551615ms → next VK/TSF output will send VK_DBE_HIRA
2026-09-19T23:07:40.206132Z DEBUG on_ime_apply_complete{open=true outcome=AppliedWithoutSendInput generation=Some(ApplyGeneration(7)) reason=EngineDecision}:gji_on_event{event=ImeOn { injection_mode: Unicode, gji_idle_ms: 14547 }}: awase_windows::tsf::gji_fsm: [gji-fsm] ImeOn: already on (OnCold(Lon
2026-09-19T23:07:40.206184Z DEBUG awase::journal: gji fsm transition seq=128 elapsed_ms=29952 trigger="ImeOn(gji_idle_ms=14547)" state_before="OnCold(Long)" state_after="OnCold(Long)"
2026-09-19T23:07:40.243837Z DEBUG awase_windows::runtime::ime_refresh: Explicit intent: bypassing typing-idle guard for IME verify (idle=46ms)
2026-09-19T23:07:40.243877Z DEBUG awase_windows::observer::ime_observer: IME snapshot: japanese=Some(true) ime_on=Some(true) romaji=None conv=Some("0x00000010") guard=false
2026-09-19T23:07:40.243943Z DEBUG awase::journal: ime event seq=129 elapsed_ms=29990 event_kind="ObserverReported"
2026-09-19T23:07:40.243964Z DEBUG awase::journal: ime event seq=130 elapsed_ms=29990 event_kind="InputModeObserved"
2026-09-19T23:07:40.244004Z DEBUG awase::engine::engine: [diag-engine-active] ime_on=true なのに非活性: reason=Inactive(NotRomajiInput) romaji_capable=false japanese=true user_enabled=true was_active=true input_mode=ObservedEisu
2026-09-19T23:07:40.244031Z  INFO awase::engine::nicola_fsm: flush_pending(ImeOff, from=PendingThumb(vk=0x1C,left=false)): flushed 0 action(s)
2026-09-19T23:07:40.244069Z  INFO awase::engine::engine: Engine deactivated (ime=true, romaji=false, japanese=true, user=true, reason=Inactive(NotRomajiInput))
2026-09-19T23:07:40.244154Z DEBUG execute_from_loop:execute_one{generation=None}: awase_windows::runtime::executor: [reinject] vk=0x1c up (queued passthrough now firing)
2026-09-19T23:07:40.319322Z DEBUG awase_windows::runtime::key_pipeline: [engine-input] vk=0x1C KeyUp ts=30065085us delay=0ms state=Idle mods(c=false s=false a=false w=false) gas_ctrl=false phys_ctrl=false extra=0x5350494B pending_drain=0 gate_active=false l_thumb=None r_thumb=None [diag-ctx] ime_on=
2026-09-19T23:07:40.319353Z DEBUG awase::engine::engine: [diag-engine-active] ime_on=true なのに非活性: reason=Inactive(NotRomajiInput) romaji_capable=false japanese=true user_enabled=true was_active=false input_mode=ObservedEisu
2026-09-19T23:07:40.319393Z DEBUG awase::journal: key input seq=131 elapsed_ms=30065 vk_code=28 is_down=false injected=false key_class="RightThumb" state_before="Idle" state_after="Idle" decision="PassThrough" physical="Allow" repeat_count=1 last_timestamp_us=30065085 last_elapsed_ms=0
2026-09-19T23:07:40.319466Z DEBUG execute_one{generation=None}: awase_windows::runtime::executor: [reinject] vk=0x1c up (queued passthrough now firing)
2026-09-19T23:07:42.815713Z DEBUG awase_windows::hook: [hook] IME-mode vk=0xF0 up self_injected=false injected=false scan=0x70 extra=0x5350494B since_actuation_us=Some(32460449)
2026-09-19T23:07:42.815989Z DEBUG awase::journal: hook ime-mode diagnostic seq=132 elapsed_ms=32562 vk_code=240 is_down=false self_injected=false injected=false scan=112
2026-09-19T23:07:42.816220Z DEBUG awase_windows::hook: [hook] IME-mode vk=0xF2 down self_injected=false injected=false scan=0x70 extra=0x5350494B since_actuation_us=Some(32460970)
2026-09-19T23:07:42.816253Z DEBUG awase_windows::runtime::key_pipeline: [engine-input] vk=0xF0 KeyUp ts=32561838us delay=0ms state=Idle mods(c=false s=false a=false w=false) gas_ctrl=false phys_ctrl=false extra=0x5350494B pending_drain=0 gate_active=false l_thumb=None r_thumb=None [diag-ctx] ime_on=
2026-09-19T23:07:42.816310Z DEBUG awase::engine::engine: [diag-engine-active] ime_on=true なのに非活性: reason=Inactive(NotRomajiInput) romaji_capable=false japanese=true user_enabled=true was_active=false input_mode=ObservedEisu
2026-09-19T23:07:42.816504Z DEBUG awase::journal: key input seq=133 elapsed_ms=32562 vk_code=240 is_down=false injected=false key_class="Passthrough" state_before="Idle" state_after="Idle" decision="PassThrough" physical="Suppress" repeat_count=1 last_timestamp_us=32561838 last_elapsed_ms=0
2026-09-19T23:07:42.816584Z DEBUG awase_windows::runtime::key_pipeline: [imm-cross] key suppress vk=0xf0 KeyUp (physical disposition)
2026-09-19T23:07:42.816656Z DEBUG awase::journal: hook ime-mode diagnostic seq=134 elapsed_ms=32562 vk_code=242 is_down=true self_injected=false injected=false scan=112
2026-09-19T23:07:42.816757Z  INFO awase_windows::runtime::key_pipeline: [shadow-toggle] intent 昇格: vk=0xF2 scan=0x70 action=TurnOn kind=PhysicalImeKey injected=false true→true w_ops0=109720 x_ops0=243169 x_KB0=23.5
2026-09-19T23:07:42.816809Z DEBUG awase::journal: ime event seq=135 elapsed_ms=32562 event_kind="UserImeSetIntent"
2026-09-19T23:07:42.816840Z DEBUG awase_windows::runtime::key_pipeline: [shadow-toggle] no-op: vk=0xF2 action=TurnOn source=PhysicalImeKey effective_open は既に true → apply-ime 見送り
2026-09-19T23:07:42.816880Z DEBUG awase::journal: ime event seq=136 elapsed_ms=32562 event_kind="InputModeApplied"
2026-09-19T23:07:42.816901Z  INFO awase_windows::runtime::key_pipeline: [shadow-toggle] TurnOn (IME既にopen) + ObservedEisu → AssumedRomaji に リセット (UserTurnOnEisuReset)
2026-09-19T23:07:42.816926Z DEBUG awase_windows::runtime::key_pipeline: [engine-input] vk=0xF2 KeyDown ts=32562291us delay=0ms state=Idle mods(c=false s=false a=false w=false) gas_ctrl=false phys_ctrl=false extra=0x5350494B pending_drain=0 gate_active=false l_thumb=None r_thumb=None [diag-ctx] ime_o
2026-09-19T23:07:42.816968Z  INFO awase::engine::engine: Engine activated (ime=true, romaji=true, japanese=true, user=true, reason=Active)
2026-09-19T23:07:42.817044Z DEBUG awase::journal: key input seq=137 elapsed_ms=32563 vk_code=242 is_down=true injected=false key_class="Passthrough" state_before="Idle" state_after="Idle" decision="PassThroughWith" physical="Allow" repeat_count=1 last_timestamp_us=32562291 last_elapsed_ms=0
2026-09-19T23:07:42.817110Z DEBUG awase::journal: ime event seq=138 elapsed_ms=32563 event_kind="EngineActivationSync"
2026-09-19T23:07:42.817150Z DEBUG awase::journal: ime event seq=139 elapsed_ms=32563 event_kind="ImeApplyRequested"
2026-09-19T23:07:42.817171Z  INFO awase_windows::runtime::key_pipeline: IME control: preconditions.ime_on = true (SetOpenRequest, origin=ActivationSync), was_open_before=true last_intent_before=Some(true) poll suspended
2026-09-19T23:07:42.817235Z DEBUG awase_windows::runtime::key_pipeline: may_change_ime key passed through → IME refresh scheduled (20ms)
2026-09-19T23:07:42.817263Z DEBUG awase_windows::tsf::probe: [composition] marked cold reason=F2NonTsf idle=18446744073709551615ms → next VK/TSF output will send VK_DBE_HIRAGANA warmup
2026-09-19T23:07:42.817360Z DEBUG execute_from_hook: awase_windows::runtime::executor: [relay-flush] PassThroughWith: queue 2 effect(s) + reinject (vk=0xf2 down)
2026-09-19T23:07:42.817426Z DEBUG awase::journal: gji fsm transition seq=140 elapsed_ms=32563 trigger="CompositionReset(gji_idle_ms=17156)" state_before="OnCold(Long)" state_after="OnCold(Long)"
2026-09-19T23:07:42.817601Z DEBUG execute_one{generation=Some(ApplyGeneration(8))}:dispatch_ime_set_open{open=true generation=Some(ApplyGeneration(8))}: awase_windows::runtime::executor: [dispatch-ime] ImmCross async: optimistic applied_snapshot=true (suppress send_engine_state_ime_key)
2026-09-19T23:07:42.819715Z DEBUG execute_one{generation=Some(ApplyGeneration(8))}: awase_windows::platform: [engine-state-key] skipped (apply_ime_open aligned ime=true, profile=Standard)
2026-09-19T23:07:42.819904Z DEBUG execute_one{generation=Some(ApplyGeneration(8))}: awase_windows::runtime::executor: [reinject] vk=0xf2 down (queued passthrough now firing)
2026-09-19T23:07:42.823107Z DEBUG awase_windows::hook: [hook] IME-mode vk=0xF0 up self_injected=true injected=false scan=0x0 extra=0x4B45594D since_actuation_us=Some(32467852)
2026-09-19T23:07:42.827850Z DEBUG awase_windows::hook: [hook] IME-mode vk=0xF2 down self_injected=true injected=true scan=0x0 extra=0x4B45594D since_actuation_us=Some(32472591)
2026-09-19T23:07:42.830089Z DEBUG run_open_chain_async: awase_windows::ime_controller: [warrant-shadow] chain=async open=true origin=EventOrigin { source: SelfActuated { strategy: "engine_decision_async" }, epoch: Generation(0) } warranted
2026-09-19T23:07:42.830398Z  INFO run_open_chain_async:imm_cross_write{open=true}: awase_windows::runtime::open_chain: [apply-ime] ImmCross async: open=true composition_active=false show_seq=0 change_seq=0 (issue #138診断)
2026-09-19T23:07:42.830670Z DEBUG awase::journal: hook ime-mode diagnostic seq=141 elapsed_ms=32576 vk_code=240 is_down=false self_injected=true injected=false scan=0
2026-09-19T23:07:42.830710Z DEBUG awase::journal: hook ime-mode diagnostic seq=142 elapsed_ms=32576 vk_code=242 is_down=true self_injected=true injected=true scan=0
2026-09-19T23:07:42.845078Z DEBUG awase_windows::tsf::gji_monitor: [gji-io] WRITE: w_ops=+2 w_KB=+0.0 (r_ops=+4 x_ops=+4 x_KB=+0.0)
2026-09-19T23:07:42.849264Z DEBUG awase_windows::shadow_send_trace: [shadow-send] channel=ImeControl cmd=0x0006 lparam=1 issue_us=32584673
2026-09-19T23:07:42.849287Z DEBUG awase_windows::ime: set_ime_open_for_target: hwnd=HWND(0xfd29fc) ime_wnd=HWND(0xab1f7e) open=true success=true send_elapsed=10ms candidate_visible=false
2026-09-19T23:07:42.853116Z DEBUG run_open_chain_async:imm_cross_write{open=true}: awase_windows::ime: [imm-cross-actuate] hwnd=HWND(0xfd29fc) open=Written conv=Some(Written)
2026-09-19T23:07:42.853181Z DEBUG run_open_chain_async:imm_cross_write{open=true}: awase_windows::runtime::open_chain: [apply-ime] ROMAN 補完結果: Written
2026-09-19T23:07:42.853234Z DEBUG run_open_chain_async: awase::journal: actuation decision seq=143 elapsed_ms=32599 site="DispatchImeSetOpen" caller="None" open=true chain_len=4 attempts_len=1 gate_profile="Standard" gate_kind="Gji" gate_shadow_known=true gate_shadow_on=true gate_input_mode="Assumed
2026-09-19T23:07:42.855429Z DEBUG on_ime_apply_complete{open=true outcome=AppliedWithoutSendInput generation=Some(ApplyGeneration(8)) reason=EngineDecision}: awase::journal: ime open applied seq=144 elapsed_ms=32601 open=true outcome="AppliedWithoutSendInput" reason="EngineDecision"
2026-09-19T23:07:42.855723Z DEBUG on_ime_apply_complete{open=true outcome=AppliedWithoutSendInput generation=Some(ApplyGeneration(8)) reason=EngineDecision}: awase::journal: ime event seq=145 elapsed_ms=32601 event_kind="ImeApplySucceeded"
2026-09-19T23:07:42.855762Z DEBUG on_ime_apply_complete{open=true outcome=AppliedWithoutSendInput generation=Some(ApplyGeneration(8)) reason=EngineDecision}: awase_windows::tsf::ime_mode_fsm: [ime-mode] SetOpen(true) applied → Hiragana (belief, unconfirmed)
2026-09-19T23:07:42.855794Z DEBUG on_ime_apply_complete{open=true outcome=AppliedWithoutSendInput generation=Some(ApplyGeneration(8)) reason=EngineDecision}: awase_windows::platform: [composition] ImeEffect::SetOpen(true) → marking cold
2026-09-19T23:07:42.855820Z DEBUG on_ime_apply_complete{open=true outcome=AppliedWithoutSendInput generation=Some(ApplyGeneration(8)) reason=EngineDecision}: awase_windows::tsf::probe: [composition] marked cold reason=SetOpenTrue idle=18446744073709551615ms → next VK/TSF output will send VK_DBE_HIRA
2026-09-19T23:07:42.855879Z DEBUG on_ime_apply_complete{open=true outcome=AppliedWithoutSendInput generation=Some(ApplyGeneration(8)) reason=EngineDecision}:gji_on_event{event=ImeOn { injection_mode: Unicode, gji_idle_ms: 16 }}: awase_windows::tsf::gji_fsm: [gji-fsm] ImeOn: already on (OnCold(Long))
2026-09-19T23:07:42.856135Z DEBUG awase::journal: gji fsm transition seq=146 elapsed_ms=32602 trigger="ImeOn(gji_idle_ms=16)" state_before="OnCold(Long)" state_after="OnCold(Long)"
2026-09-19T23:07:42.857051Z DEBUG awase_windows::runtime::ime_refresh: Explicit intent: bypassing typing-idle guard for IME verify (idle=47ms)
2026-09-19T23:07:42.857086Z DEBUG awase_windows::observer::ime_observer: IME snapshot: japanese=Some(true) ime_on=Some(true) romaji=Some(true) conv=Some("0x00000019") guard=false
2026-09-19T23:07:42.857136Z DEBUG awase::journal: ime event seq=147 elapsed_ms=32603 event_kind="ObserverReported"
2026-09-19T23:07:42.857152Z DEBUG awase::journal: ime event seq=148 elapsed_ms=32603 event_kind="InputModeObserved"
2026-09-19T23:07:42.897742Z DEBUG awase_windows::runtime::ime_refresh: Explicit intent: bypassing typing-idle guard for IME verify (idle=94ms)
2026-09-19T23:07:42.897840Z DEBUG awase_windows::observer::ime_observer: IME snapshot: japanese=Some(true) ime_on=Some(true) romaji=Some(true) conv=Some("0x00000019") guard=false
2026-09-19T23:07:42.897931Z DEBUG awase::journal: ime event seq=149 elapsed_ms=32644 event_kind="ObserverReported"
2026-09-19T23:07:42.897967Z DEBUG awase::journal: ime event seq=150 elapsed_ms=32644 event_kind="InputModeObserved"
2026-09-19T23:07:43.503209Z DEBUG awase_windows::runtime::key_pipeline: [engine-input] vk=0x4B KeyDown ts=33248067us delay=1ms state=Idle mods(c=false s=false a=false w=false) gas_ctrl=false phys_ctrl=false extra=0x5350494B pending_drain=0 gate_active=false l_thumb=None r_thumb=None [diag-ctx] ime_o
2026-09-19T23:07:43.503364Z DEBUG awase::journal: key input seq=151 elapsed_ms=33249 vk_code=75 is_down=true injected=false key_class="Char" state_before="Idle" state_after="PendingChar(vk=0x4B)" decision="Consume" physical="Allow" repeat_count=1 last_timestamp_us=33248067 last_elapsed_ms=0
2026-09-19T23:07:43.610502Z DEBUG execute_from_loop:execute_one{generation=None}: awase_windows::output: send_keys: mode=Unicode actions=[Char('き')] prev_elapsed=∞ms
2026-09-19T23:07:43.610546Z DEBUG execute_from_loop:execute_one{generation=None}: awase_windows::tsf::probe: [mark-send] last_send_ms=335297656
2026-09-19T23:07:43.610583Z DEBUG execute_from_loop:execute_one{generation=None}: awase_windows::output:   → Char('き') via Unicode
2026-09-19T23:07:43.610635Z DEBUG execute_from_loop:execute_one{generation=None}: awase_windows::tsf::probe: [mark-send] last_send_ms=335297656
2026-09-19T23:07:43.610853Z DEBUG execute_from_loop:execute_one{generation=None}: awase_windows::output: [unicode-cold-warmup] cold=0 VK_IME_ON 送信 (ひらがなモード切替)
2026-09-19T23:07:43.611030Z DEBUG execute_from_loop:execute_one{generation=None}: awase_windows::shadow_send_trace: [shadow-send] channel=SendInput kind=kanji_marker vk=[16] issue_us=33356975
2026-09-19T23:07:43.611512Z DEBUG awase_windows::hook: [hook] IME-mode vk=0x16 down self_injected=true injected=true scan=0x0 extra=0x4B45594A since_actuation_us=Some(515)
2026-09-19T23:07:43.614625Z DEBUG awase_windows::hook: [hook] IME-mode vk=0x16 up self_injected=true injected=true scan=0x0 extra=0x4B45594A since_actuation_us=Some(3627)
2026-09-19T23:07:43.616557Z DEBUG execute_from_loop:execute_one{generation=None}: awase_windows::tsf::ime_mode_fsm: [ime-mode] VK_IME_ON 送信 → Hiragana (belief, unconfirmed)
2026-09-19T23:07:43.616637Z DEBUG execute_from_loop:execute_one{generation=None}: awase_windows::output: [unicode-cold-warmup] cold=0 VK_A+BS 犠牲キー送信 (gji_write_bytes 上昇待ち)
2026-09-19T23:07:43.625013Z DEBUG awase_windows::tsf::gji_monitor: [gji-io] WRITE: w_ops=+2 w_KB=+0.0 (r_ops=+4 x_ops=+4 x_KB=+0.0)
2026-09-19T23:07:43.638280Z  INFO execute_from_loop:execute_one{generation=None}: awase_windows::platform: [unicode-cold-warmup] cold=0 long-cold Unicode warm-up: VK_IME_ON+VK_A+BS → 1 chars defer
2026-09-19T23:07:43.638408Z DEBUG execute_from_loop:execute_one{generation=None}: awase_windows::tsf::warmup::unicode_cold_warmup_fsm: [unicode-cold-warmup] cold=0 FSM 開始: 1 chars deferred, baseline_bytes=184528092
2026-09-19T23:07:43.640721Z DEBUG awase_windows::tsf::gji_monitor: [gji-io] WRITE: w_ops=+2 w_KB=+0.3 (r_ops=+4 x_ops=+4 x_KB=+0.0)
2026-09-19T23:07:43.663284Z DEBUG awase::journal: hook ime-mode diagnostic seq=154 elapsed_ms=33409 vk_code=22 is_down=true self_injected=true injected=true scan=0
2026-09-19T23:07:43.663362Z DEBUG awase::journal: hook ime-mode diagnostic seq=155 elapsed_ms=33409 vk_code=22 is_down=false self_injected=true injected=true scan=0
2026-09-19T23:07:43.671546Z  INFO awase_windows::tsf::win_event_obs: [gji-obs] candidate SHOW #3: last_gji_write=31ms ago
2026-09-19T23:07:43.672178Z DEBUG awase_windows::platform: [gji-fsm] StartComposition (candidate SHOW)
2026-09-19T23:07:43.672312Z DEBUG gji_on_event{event=StartComposition}: awase_windows::tsf::gji_fsm: [gji-fsm] StartComposition while cold (no probe) → AlreadyWarm
2026-09-19T23:07:43.672431Z DEBUG awase_windows::output: [tsf-probe-tick] cold=0 t=335297718ms
2026-09-19T23:07:43.672455Z  INFO awase_windows::tsf::warmup::unicode_cold_warmup_fsm: [unicode-cold-warmup] cold=0 gji_wrote=true timed_out=false elapsed=10ms write_delta=368 candidate_show_changed=true candidate_visible_now=true ime_composition_active_now=false (BUG-112仮説の診断ログ、挙動は変えない)
2026-09-19T23:07:43.672486Z DEBUG awase_windows::tsf::warmup::unicode_cold_warmup_fsm: [unicode-cold-warmup] cold=0 gji_wrote=true timed_out=false elapsed=10ms → 1 chars 送信
2026-09-19T23:07:43.672626Z DEBUG dispatch_probe_actions: awase_windows::output::probe_io: [unicode-cold-warmup] FlushDeferredUnicodeChars: 1 chars 送信
2026-09-19T23:07:43.775484Z DEBUG gji_on_event{event=WarmupAborted { probe_id: ProbeId(1), reason: ProbeDone }}: awase_windows::tsf::gji_fsm: [gji-fsm] WarmupAborted ProbeId(1): stale (current=None), ignored
2026-09-19T23:07:43.775595Z DEBUG awase::journal: gji fsm transition seq=156 elapsed_ms=33418 trigger="StartComposition(candidate SHOW)" state_before="OnCold(Long)" state_after="OnComposing(Warm)"
2026-09-19T23:07:43.775620Z DEBUG awase::journal: gji fsm transition seq=157 elapsed_ms=33521 trigger="TsfProbeTick(#1, skipped=0)" state_before="OnComposing(Warm)" state_after="OnComposing(Warm)"
2026-09-19T23:07:43.775635Z DEBUG awase::journal: tsf probe completed seq=158 elapsed_ms=33521 outcome="Done" cold_seq=0 cold_seq_present=true probe_id=18446744073709551615 probe_id_present=false duration_ms=141 tick_count=1 gji_state="OnComposing(Warm)"
2026-09-19T23:07:43.780657Z DEBUG awase_windows::tsf::gji_monitor: [gji-io] WRITE: w_ops=+2 w_KB=+0.3 (r_ops=+4 x_ops=+4 x_KB=+0.0)
2026-09-19T23:07:43.795107Z  INFO awase_windows::tsf::win_event_obs: [gji-obs] candidate HIDE: last_gji_write=15ms ago
2026-09-19T23:07:43.842730Z DEBUG awase_windows::tsf::gji_monitor: [gji-io] WRITE: w_ops=+2 w_KB=+0.3 (r_ops=+4 x_ops=+4 x_KB=+0.0)
2026-09-19T23:07:43.855544Z  INFO awase_windows::tsf::win_event_obs: [gji-obs] candidate SHOW #4: last_gji_write=16ms ago
2026-09-19T23:07:43.980648Z DEBUG awase_windows::runtime::key_pipeline: [engine-input] vk=0x4B KeyUp ts=33726333us delay=0ms state=Idle mods(c=false s=false a=false w=false) gas_ctrl=false phys_ctrl=false extra=0x5350494B pending_drain=0 gate_active=false l_thumb=None r_thumb=None [diag-ctx] ime_on=
2026-09-19T23:07:43.980784Z DEBUG awase::journal: key input seq=159 elapsed_ms=33726 vk_code=75 is_down=false injected=false key_class="Char" state_before="Idle" state_after="Idle" decision="Consume" physical="Allow" repeat_count=1 last_timestamp_us=33726333 last_elapsed_ms=0
2026-09-19T23:07:43.981323Z DEBUG awase_windows::runtime::key_pipeline: [engine-input] vk=0x1B KeyDown ts=33726708us delay=0ms state=Idle mods(c=false s=false a=false w=false) gas_ctrl=false phys_ctrl=false extra=0x5350494B pending_drain=0 gate_active=false l_thumb=None r_thumb=None [diag-ctx] ime_o
2026-09-19T23:07:43.981455Z DEBUG awase::journal: key input seq=160 elapsed_ms=33727 vk_code=27 is_down=true injected=false key_class="Passthrough" state_before="Idle" state_after="Idle" decision="PassThrough" physical="Allow" repeat_count=1 last_timestamp_us=33726708 last_elapsed_ms=0
2026-09-19T23:07:43.981602Z DEBUG execute_from_hook: awase_windows::runtime::transport: [relay-defer] PassThrough deferred: pending effects, reinject(vk=0x1b down)
2026-09-19T23:07:43.981789Z DEBUG execute_one{generation=None}: awase_windows::output: send_keys: mode=Unicode actions=[Suppress] prev_elapsed=375ms
2026-09-19T23:07:43.981834Z DEBUG execute_one{generation=None}: awase_windows::tsf::probe: [mark-send] last_send_ms=335298031
2026-09-19T23:07:43.981901Z DEBUG execute_one{generation=None}: awase_windows::output:   → Suppress
2026-09-19T23:07:43.981936Z DEBUG execute_one{generation=None}: awase_windows::tsf::probe: [mark-send] last_send_ms=335298031
2026-09-19T23:07:43.982030Z DEBUG execute_one{generation=None}: awase_windows::platform: [gji-fsm] StartComposition (candidate SHOW)
2026-09-19T23:07:43.982099Z DEBUG execute_one{generation=None}:gji_on_event{event=StartComposition}: awase_windows::tsf::gji_fsm: [gji-fsm] StartComposition: already composing, ignored
2026-09-19T23:07:43.982177Z DEBUG execute_one{generation=None}: awase_windows::platform: [gji-fsm] EndComposition (candidate HIDE) epoch=FocusEpoch(3)
2026-09-19T23:07:43.982437Z DEBUG awase_windows::runtime::executor: [reinject-guard] suspending drain for 50ms (vk=0x1b)
2026-09-19T23:07:43.982779Z DEBUG awase_windows::runtime::executor: [reinject-guard] held event, suspending for 50ms (vk=0x1b)
2026-09-19T23:07:43.983192Z DEBUG awase::journal: gji fsm transition seq=161 elapsed_ms=33728 trigger="StartComposition(candidate SHOW)" state_before="OnComposing(Warm)" state_after="OnComposing(Warm)"
2026-09-19T23:07:43.983222Z DEBUG awase::journal: gji fsm transition seq=162 elapsed_ms=33728 trigger="EndComposition(candidate HIDE, epoch=FocusEpoch(3))" state_before="OnComposing(Warm)" state_after="OnWarm"
2026-09-19T23:07:44.045172Z DEBUG execute_one{generation=None}: awase_windows::runtime::executor: [reinject] vk=0x1b down (queued passthrough now firing)
2026-09-19T23:07:44.060223Z DEBUG awase_windows::tsf::gji_monitor: [gji-io] WRITE: w_ops=+2 w_KB=+0.3 (r_ops=+4 x_ops=+4 x_KB=+0.0)
2026-09-19T23:07:44.064783Z  INFO awase_windows::tsf::win_event_obs: [gji-obs] candidate HIDE: last_gji_write=0ms ago
2026-09-19T23:07:44.184771Z DEBUG awase_windows::runtime::key_pipeline: [engine-input] vk=0x1B KeyUp ts=33930387us delay=0ms state=Idle mods(c=false s=false a=false w=false) gas_ctrl=false phys_ctrl=false extra=0x5350494B pending_drain=0 gate_active=false l_thumb=None r_thumb=None [diag-ctx] ime_on=
2026-09-19T23:07:44.184872Z DEBUG awase::journal: key input seq=163 elapsed_ms=33930 vk_code=27 is_down=false injected=false key_class="Passthrough" state_before="Idle" state_after="Idle" decision="PassThrough" physical="Allow" repeat_count=1 last_timestamp_us=33930387 last_elapsed_ms=0
2026-09-19T23:07:44.184933Z DEBUG execute_from_hook: awase_windows::runtime::transport: [relay-sym] PassThrough KeyUp vk=0x1b: KeyDown was deferred → force reinject for symmetry
2026-09-19T23:07:44.185016Z DEBUG execute_one{generation=None}: awase_windows::runtime::executor: [reinject] vk=0x1b up (queued passthrough now firing)
2026-09-19T23:07:45.999035Z DEBUG awase_windows::runtime::key_pipeline: [shadow-toggle] vk=0x1CはFSM delegate所有 → belief書き込み/actuationをスキップ w_ops0=109732 x_ops0=243193 x_KB0=23.5
2026-09-19T23:07:45.999087Z DEBUG awase_windows::runtime::key_pipeline: [shadow-toggle] no-op: vk=0x1C action=TurnOn source=PhysicalImeKey effective_open は既に true → apply-ime 見送り
2026-09-19T23:07:45.999136Z DEBUG awase_windows::runtime::key_pipeline: [engine-input] vk=0x1C KeyDown ts=35744688us delay=0ms state=Idle mods(c=false s=false a=false w=false) gas_ctrl=false phys_ctrl=false extra=0x5350494B pending_drain=0 gate_active=false l_thumb=None r_thumb=Some(35744670) [diag-
2026-09-19T23:07:45.999276Z DEBUG awase::journal: key input seq=164 elapsed_ms=35745 vk_code=28 is_down=true injected=false key_class="RightThumb" state_before="Idle" state_after="PendingThumb(vk=0x1C,left=false)" decision="Consume" physical="Allow" repeat_count=1 last_timestamp_us=35744688 last_ela
2026-09-19T23:07:46.123586Z DEBUG awase_windows::runtime::key_pipeline: [engine-input] vk=0x1C KeyUp ts=35868828us delay=0ms state=PendingThumb(vk=0x1C,left=false) mods(c=false s=false a=false w=false) gas_ctrl=false phys_ctrl=false extra=0x5350494B pending_drain=0 gate_active=false l_thumb=None r_t
2026-09-19T23:07:46.123721Z  INFO awase::engine::engine: IME open axis delegated (solo tap, key semantics absorption) → true (origin=PhysicalDeliveryFollow)
2026-09-19T23:07:46.123827Z DEBUG awase::journal: key input seq=166 elapsed_ms=35869 vk_code=28 is_down=false injected=false key_class="RightThumb" state_before="PendingThumb(vk=0x1C,left=false)" state_after="Idle" decision="Consume" physical="Allow" repeat_count=1 last_timestamp_us=35868828 last_el
2026-09-19T23:07:46.123961Z DEBUG awase::journal: ime event seq=167 elapsed_ms=35870 event_kind="UserImeSetIntent"
2026-09-19T23:07:46.124019Z DEBUG awase::journal: ime event seq=168 elapsed_ms=35870 event_kind="ImeApplyRequested"
2026-09-19T23:07:46.124053Z  INFO awase_windows::runtime::key_pipeline: IME control: preconditions.ime_on = true (SetOpenRequest, origin=PhysicalDeliveryFollow), was_open_before=true last_intent_before=Some(true) poll suspended
2026-09-19T23:07:46.124260Z DEBUG execute_one{generation=Some(ApplyGeneration(9))}: awase_windows::output: send_keys: mode=Unicode actions=[Key(VkCode(28)), KeyUp(VkCode(28))] prev_elapsed=2140ms
2026-09-19T23:07:46.124314Z DEBUG execute_one{generation=Some(ApplyGeneration(9))}: awase_windows::tsf::probe: [mark-send] last_send_ms=335300171
2026-09-19T23:07:46.124349Z DEBUG execute_one{generation=Some(ApplyGeneration(9))}: awase_windows::output:   → Key(0x001C)
2026-09-19T23:07:46.127549Z DEBUG execute_one{generation=Some(ApplyGeneration(9))}: awase_windows::output:   → KeyUp(0x001C)
2026-09-19T23:07:46.133968Z DEBUG awase_windows::tsf::gji_monitor: [gji-io] WRITE: w_ops=+2 w_KB=+0.0 (r_ops=+4 x_ops=+4 x_KB=+0.0)
2026-09-19T23:07:46.146952Z DEBUG execute_one{generation=Some(ApplyGeneration(9))}: awase_windows::tsf::probe: [mark-send] last_send_ms=335300187
2026-09-19T23:07:46.148081Z DEBUG execute_one{generation=Some(ApplyGeneration(9))}: awase_windows::runtime::executor: [mode-key-actuation] PhysicalDeliveryFollow: SetOpen(true) の実送信を スキップ（belief追随のみ、物理キー配送のみに委ねる）
2026-09-19T23:07:46.685355Z DEBUG awase_windows::runtime::key_pipeline: [engine-input] vk=0x4B KeyDown ts=36431063us delay=0ms state=Idle mods(c=false s=false a=false w=false) gas_ctrl=false phys_ctrl=false extra=0x5350494B pending_drain=0 gate_active=false l_thumb=None r_thumb=None [diag-ctx] ime_o
2026-09-19T23:07:46.685497Z DEBUG awase::journal: key input seq=169 elapsed_ms=36431 vk_code=75 is_down=true injected=false key_class="Char" state_before="Idle" state_after="PendingChar(vk=0x4B)" decision="Consume" physical="Allow" repeat_count=1 last_timestamp_us=36431063 last_elapsed_ms=0
2026-09-19T23:07:46.793967Z DEBUG execute_from_loop:execute_one{generation=Some(ApplyGeneration(9))}: awase_windows::output: send_keys: mode=Unicode actions=[Char('き')] prev_elapsed=656ms
2026-09-19T23:07:46.794010Z DEBUG execute_from_loop:execute_one{generation=Some(ApplyGeneration(9))}: awase_windows::tsf::probe: [mark-send] last_send_ms=335300843
2026-09-19T23:07:46.794039Z DEBUG execute_from_loop:execute_one{generation=Some(ApplyGeneration(9))}: awase_windows::output:   → Char('き') via Unicode
2026-09-19T23:07:46.798649Z DEBUG execute_from_loop:execute_one{generation=Some(ApplyGeneration(9))}: awase_windows::tsf::probe: [mark-send] last_send_ms=335300843
2026-09-19T23:07:46.817086Z DEBUG awase_windows::runtime::key_pipeline: [engine-input] vk=0x4B KeyUp ts=36562483us delay=0ms state=Idle mods(c=false s=false a=false w=false) gas_ctrl=false phys_ctrl=false extra=0x5350494B pending_drain=0 gate_active=false l_thumb=None r_thumb=None [diag-ctx] ime_on=
2026-09-19T23:07:46.817234Z DEBUG awase::journal: key input seq=171 elapsed_ms=36563 vk_code=75 is_down=false injected=false key_class="Char" state_before="Idle" state_after="Idle" decision="Consume" physical="Allow" repeat_count=1 last_timestamp_us=36562483 last_elapsed_ms=0
2026-09-19T23:07:46.818091Z DEBUG execute_one{generation=Some(ApplyGeneration(9))}: awase_windows::output: send_keys: mode=Unicode actions=[Suppress] prev_elapsed=16ms
2026-09-19T23:07:46.818145Z DEBUG execute_one{generation=Some(ApplyGeneration(9))}: awase_windows::tsf::probe: [mark-send] last_send_ms=335300859
2026-09-19T23:07:46.818161Z DEBUG execute_one{generation=Some(ApplyGeneration(9))}: awase_windows::output:   → Suppress
2026-09-19T23:07:46.818173Z DEBUG execute_one{generation=Some(ApplyGeneration(9))}: awase_windows::tsf::probe: [mark-send] last_send_ms=335300859
2026-09-19T23:07:47.184874Z DEBUG awase_windows::runtime::key_pipeline: [engine-input] vk=0x1B KeyDown ts=36930617us delay=0ms state=Idle mods(c=false s=false a=false w=false) gas_ctrl=false phys_ctrl=false extra=0x5350494B pending_drain=0 gate_active=false l_thumb=None r_thumb=None [diag-ctx] ime_o
2026-09-19T23:07:47.184982Z DEBUG awase::journal: key input seq=172 elapsed_ms=36931 vk_code=27 is_down=true injected=false key_class="Passthrough" state_before="Idle" state_after="Idle" decision="PassThrough" physical="Allow" repeat_count=1 last_timestamp_us=36930617 last_elapsed_ms=0
2026-09-19T23:07:47.185077Z DEBUG execute_from_hook: awase_windows::runtime::executor: [relay-passthrough] PassThrough idle: direct OS pass-through (vk=0x1b down)
2026-09-19T23:07:47.185159Z DEBUG execute_one{generation=Some(ApplyGeneration(9))}: awase_windows::runtime::executor: [reinject] vk=0x1b down (queued passthrough now firing)
2026-09-19T23:07:47.373532Z DEBUG awase_windows::runtime::key_pipeline: [engine-input] vk=0x1B KeyUp ts=37119327us delay=0ms state=Idle mods(c=false s=false a=false w=false) gas_ctrl=false phys_ctrl=false extra=0x5350494B pending_drain=0 gate_active=false l_thumb=None r_thumb=None [diag-ctx] ime_on=
2026-09-19T23:07:47.373632Z DEBUG awase::journal: key input seq=173 elapsed_ms=37119 vk_code=27 is_down=false injected=false key_class="Passthrough" state_before="Idle" state_after="Idle" decision="PassThrough" physical="Allow" repeat_count=1 last_timestamp_us=37119327 last_elapsed_ms=0
2026-09-19T23:07:47.373725Z DEBUG execute_from_hook: awase_windows::runtime::executor: [relay-passthrough] PassThrough idle: direct OS pass-through (vk=0x1b up)
2026-09-19T23:07:47.373799Z DEBUG execute_one{generation=Some(ApplyGeneration(9))}: awase_windows::runtime::executor: [reinject] vk=0x1b up (queued passthrough now firing)
2026-09-19T23:07:49.180619Z DEBUG awase_windows::runtime::key_pipeline: [shadow-toggle] vk=0x1CはFSM delegate所有 → belief書き込み/actuationをスキップ w_ops0=109734 x_ops0=243197 x_KB0=23.5
2026-09-19T23:07:49.180650Z DEBUG awase_windows::runtime::key_pipeline: [shadow-toggle] no-op: vk=0x1C action=TurnOn source=PhysicalImeKey effective_open は既に true → apply-ime 見送り
2026-09-19T23:07:49.180675Z DEBUG awase_windows::runtime::key_pipeline: [engine-input] vk=0x1C KeyDown ts=38926326us delay=0ms state=Idle mods(c=false s=false a=false w=false) gas_ctrl=false phys_ctrl=false extra=0x5350494B pending_drain=0 gate_active=false l_thumb=None r_thumb=Some(38926312) [diag-
2026-09-19T23:07:49.180765Z DEBUG awase::journal: key input seq=174 elapsed_ms=38926 vk_code=28 is_down=true injected=false key_class="RightThumb" state_before="Idle" state_after="PendingThumb(vk=0x1C,left=false)" decision="Consume" physical="Allow" repeat_count=1 last_timestamp_us=38926326 last_ela
2026-09-19T23:07:49.304948Z DEBUG awase_windows::runtime::key_pipeline: [engine-input] vk=0x1C KeyUp ts=39050727us delay=0ms state=PendingThumb(vk=0x1C,left=false) mods(c=false s=false a=false w=false) gas_ctrl=false phys_ctrl=false extra=0x5350494B pending_drain=0 gate_active=false l_thumb=None r_t
2026-09-19T23:07:49.305024Z  INFO awase::engine::engine: IME open axis delegated (solo tap, key semantics absorption) → true (origin=PhysicalDeliveryFollow)
2026-09-19T23:07:49.305081Z DEBUG awase::journal: key input seq=176 elapsed_ms=39051 vk_code=28 is_down=false injected=false key_class="RightThumb" state_before="PendingThumb(vk=0x1C,left=false)" state_after="Idle" decision="Consume" physical="Allow" repeat_count=1 last_timestamp_us=39050727 last_el
2026-09-19T23:07:49.305136Z DEBUG awase::journal: ime event seq=177 elapsed_ms=39051 event_kind="UserImeSetIntent"
2026-09-19T23:07:49.305172Z  WARN reduce: awase_windows::state::ime_model: [ime-model] ImeApplyRequested(generation=10, target=true) が進行中の pending(generation=9, target=true) を上書きする — 上書きされた apply の完了は target と focus epoch が一致すれば applied に反映され、一致しなければ破棄される
2026-09-19T23:07:49.305266Z DEBUG awase::journal: ime event seq=178 elapsed_ms=39051 event_kind="ImeApplyRequested"
2026-09-19T23:07:49.305301Z  INFO awase_windows::runtime::key_pipeline: IME control: preconditions.ime_on = true (SetOpenRequest, origin=PhysicalDeliveryFollow), was_open_before=true last_intent_before=Some(true) poll suspended
2026-09-19T23:07:49.305413Z DEBUG execute_one{generation=Some(ApplyGeneration(10))}: awase_windows::output: send_keys: mode=Unicode actions=[Key(VkCode(28)), KeyUp(VkCode(28))] prev_elapsed=2500ms
2026-09-19T23:07:49.305436Z DEBUG execute_one{generation=Some(ApplyGeneration(10))}: awase_windows::tsf::probe: [mark-send] last_send_ms=335303359
2026-09-19T23:07:49.305450Z DEBUG execute_one{generation=Some(ApplyGeneration(10))}: awase_windows::output:   → Key(0x001C)
2026-09-19T23:07:49.307071Z DEBUG execute_one{generation=Some(ApplyGeneration(10))}: awase_windows::output:   → KeyUp(0x001C)
2026-09-19T23:07:49.309489Z DEBUG execute_one{generation=Some(ApplyGeneration(10))}: awase_windows::tsf::probe: [mark-send] last_send_ms=335303359
2026-09-19T23:07:49.309852Z DEBUG execute_one{generation=Some(ApplyGeneration(10))}: awase_windows::runtime::executor: [mode-key-actuation] PhysicalDeliveryFollow: SetOpen(true) の実送信を スキップ（belief追随のみ、物理キー配送のみに委ねる）
2026-09-19T23:07:49.323441Z DEBUG awase_windows::tsf::gji_monitor: [gji-io] WRITE: w_ops=+2 w_KB=+0.0 (r_ops=+4 x_ops=+4 x_KB=+0.0)
2026-09-19T23:07:49.867976Z DEBUG awase_windows::runtime::key_pipeline: [engine-input] vk=0x4B KeyDown ts=39613715us delay=0ms state=Idle mods(c=false s=false a=false w=false) gas_ctrl=false phys_ctrl=false extra=0x5350494B pending_drain=0 gate_active=false l_thumb=None r_thumb=None [diag-ctx] ime_o
2026-09-19T23:07:49.868088Z DEBUG awase::journal: key input seq=179 elapsed_ms=39614 vk_code=75 is_down=true injected=false key_class="Char" state_before="Idle" state_after="PendingChar(vk=0x4B)" decision="Consume" physical="Allow" repeat_count=1 last_timestamp_us=39613715 last_elapsed_ms=0
2026-09-19T23:07:49.991096Z DEBUG execute_from_loop:execute_one{generation=Some(ApplyGeneration(10))}: awase_windows::output: send_keys: mode=Unicode actions=[Char('き')] prev_elapsed=672ms
2026-09-19T23:07:49.991124Z DEBUG execute_from_loop:execute_one{generation=Some(ApplyGeneration(10))}: awase_windows::tsf::probe: [mark-send] last_send_ms=335304031
2026-09-19T23:07:49.991143Z DEBUG execute_from_loop:execute_one{generation=Some(ApplyGeneration(10))}: awase_windows::output:   → Char('き') via Unicode
2026-09-19T23:07:49.995820Z DEBUG execute_from_loop:execute_one{generation=Some(ApplyGeneration(10))}: awase_windows::tsf::probe: [mark-send] last_send_ms=335304046
2026-09-19T23:07:50.006234Z DEBUG awase_windows::tsf::gji_monitor: [gji-io] WRITE: w_ops=+2 w_KB=+0.3 (r_ops=+4 x_ops=+4 x_KB=+0.0)
2026-09-19T23:07:50.007214Z  INFO awase_windows::tsf::win_event_obs: [gji-obs] candidate SHOW #5: last_gji_write=0ms ago
2026-09-19T23:07:50.082422Z DEBUG awase_windows::runtime::key_pipeline: [engine-input] vk=0x4B KeyUp ts=39828135us delay=0ms state=Idle mods(c=false s=false a=false w=false) gas_ctrl=false phys_ctrl=false extra=0x5350494B pending_drain=0 gate_active=false l_thumb=None r_thumb=None [diag-ctx] ime_on=
2026-09-19T23:07:50.082585Z DEBUG awase::journal: key input seq=181 elapsed_ms=39828 vk_code=75 is_down=false injected=false key_class="Char" state_before="Idle" state_after="Idle" decision="Consume" physical="Allow" repeat_count=1 last_timestamp_us=39828135 last_elapsed_ms=0
2026-09-19T23:07:50.082877Z DEBUG execute_one{generation=Some(ApplyGeneration(10))}: awase_windows::output: send_keys: mode=Unicode actions=[Suppress] prev_elapsed=79ms
2026-09-19T23:07:50.082913Z DEBUG execute_one{generation=Some(ApplyGeneration(10))}: awase_windows::tsf::probe: [mark-send] last_send_ms=335304125
2026-09-19T23:07:50.082933Z DEBUG execute_one{generation=Some(ApplyGeneration(10))}: awase_windows::output:   → Suppress
2026-09-19T23:07:50.082948Z DEBUG execute_one{generation=Some(ApplyGeneration(10))}: awase_windows::tsf::probe: [mark-send] last_send_ms=335304125
2026-09-19T23:07:50.083005Z DEBUG execute_one{generation=Some(ApplyGeneration(10))}: awase_windows::platform: [gji-fsm] StartComposition (candidate SHOW)
2026-09-19T23:07:50.083041Z DEBUG execute_one{generation=Some(ApplyGeneration(10))}:gji_on_event{event=StartComposition}: awase_windows::tsf::gji_fsm: [gji-fsm] StartComposition: OnWarm → OnComposing(AlreadyWarm)
2026-09-19T23:07:50.083184Z DEBUG awase::journal: gji fsm transition seq=182 elapsed_ms=39829 trigger="StartComposition(candidate SHOW)" state_before="OnWarm" state_after="OnComposing(Warm)"
2026-09-19T23:07:50.337581Z DEBUG awase_windows::runtime::key_pipeline: [engine-input] vk=0x1B KeyDown ts=40083327us delay=0ms state=Idle mods(c=false s=false a=false w=false) gas_ctrl=false phys_ctrl=false extra=0x5350494B pending_drain=0 gate_active=false l_thumb=None r_thumb=None [diag-ctx] ime_o
2026-09-19T23:07:50.337687Z DEBUG awase::journal: key input seq=183 elapsed_ms=40083 vk_code=27 is_down=true injected=false key_class="Passthrough" state_before="Idle" state_after="Idle" decision="PassThrough" physical="Allow" repeat_count=1 last_timestamp_us=40083327 last_elapsed_ms=0
2026-09-19T23:07:50.337780Z DEBUG execute_from_hook: awase_windows::runtime::executor: [relay-passthrough] PassThrough idle: direct OS pass-through (vk=0x1b down)
2026-09-19T23:07:50.337864Z DEBUG execute_one{generation=Some(ApplyGeneration(10))}: awase_windows::runtime::executor: [reinject] vk=0x1b down (queued passthrough now firing)
2026-09-19T23:07:50.349833Z  INFO awase_windows::tsf::win_event_obs: [gji-obs] candidate HIDE: last_gji_write=344ms ago
2026-09-19T23:07:50.352015Z DEBUG awase_windows::tsf::gji_monitor: [gji-io] WRITE: w_ops=+2 w_KB=+0.3 (r_ops=+4 x_ops=+4 x_KB=+0.0)
2026-09-19T23:07:50.525905Z DEBUG awase_windows::runtime::key_pipeline: [engine-input] vk=0x1B KeyUp ts=40271734us delay=0ms state=Idle mods(c=false s=false a=false w=false) gas_ctrl=false phys_ctrl=false extra=0x5350494B pending_drain=0 gate_active=false l_thumb=None r_thumb=None [diag-ctx] ime_on=
2026-09-19T23:07:50.525967Z DEBUG awase::journal: key input seq=184 elapsed_ms=40272 vk_code=27 is_down=false injected=false key_class="Passthrough" state_before="Idle" state_after="Idle" decision="PassThrough" physical="Allow" repeat_count=1 last_timestamp_us=40271734 last_elapsed_ms=0
2026-09-19T23:07:50.526018Z DEBUG execute_from_hook: awase_windows::runtime::executor: [relay-passthrough] PassThrough idle: direct OS pass-through (vk=0x1b up)
2026-09-19T23:07:50.526053Z DEBUG execute_one{generation=Some(ApplyGeneration(10))}: awase_windows::runtime::executor: [reinject] vk=0x1b up (queued passthrough now firing)
2026-09-19T23:07:50.528475Z DEBUG awase_windows::platform: [gji-fsm] EndComposition (candidate HIDE) epoch=FocusEpoch(4)
2026-09-19T23:07:50.528700Z DEBUG awase::journal: gji fsm transition seq=185 elapsed_ms=40274 trigger="EndComposition(candidate HIDE, epoch=FocusEpoch(4))" state_before="OnComposing(Warm)" state_after="OnWarm"
2026-09-19T23:07:52.355643Z DEBUG awase_windows::hook: [hook] IME-mode vk=0xF2 down self_injected=false injected=false scan=0x70 extra=0x5350494B since_actuation_us=Some(8744647)
2026-09-19T23:07:52.355806Z DEBUG awase::journal: hook ime-mode diagnostic seq=186 elapsed_ms=42101 vk_code=242 is_down=true self_injected=false injected=false scan=112
2026-09-19T23:07:52.355982Z  INFO awase_windows::runtime::key_pipeline: [shadow-toggle] intent 昇格: vk=0xF2 scan=0x70 action=TurnOn kind=PhysicalImeKey injected=false true→true w_ops0=109740 x_ops0=243209 x_KB0=23.5
2026-09-19T23:07:52.356025Z DEBUG awase::journal: ime event seq=187 elapsed_ms=42102 event_kind="UserImeSetIntent"
2026-09-19T23:07:52.356049Z DEBUG awase_windows::runtime::key_pipeline: [shadow-toggle] no-op: vk=0xF2 action=TurnOn source=PhysicalImeKey effective_open は既に true → apply-ime 見送り
2026-09-19T23:07:52.356080Z DEBUG awase_windows::runtime::key_pipeline: [engine-input] vk=0xF2 KeyDown ts=42101742us delay=0ms state=Idle mods(c=false s=false a=false w=false) gas_ctrl=false phys_ctrl=false extra=0x5350494B pending_drain=0 gate_active=false l_thumb=None r_thumb=None [diag-ctx] ime_o
2026-09-19T23:07:52.356161Z DEBUG awase::journal: key input seq=188 elapsed_ms=42102 vk_code=242 is_down=true injected=false key_class="Passthrough" state_before="Idle" state_after="Idle" decision="PassThrough" physical="Allow" repeat_count=1 last_timestamp_us=42101742 last_elapsed_ms=0
2026-09-19T23:07:52.356215Z DEBUG awase_windows::runtime::key_pipeline: may_change_ime key passed through → IME refresh scheduled (20ms)
2026-09-19T23:07:52.356286Z DEBUG execute_from_hook: awase_windows::runtime::executor: [relay-passthrough] PassThrough idle: direct OS pass-through (vk=0xf2 down)
2026-09-19T23:07:52.356387Z DEBUG execute_one{generation=Some(ApplyGeneration(10))}: awase_windows::runtime::executor: [reinject] vk=0xf2 down (queued passthrough now firing)
2026-09-19T23:07:52.359937Z DEBUG awase_windows::hook: [hook] IME-mode vk=0xF2 down self_injected=true injected=true scan=0x0 extra=0x4B45594D since_actuation_us=Some(8748954)
2026-09-19T23:07:52.362153Z DEBUG awase::journal: hook ime-mode diagnostic seq=189 elapsed_ms=42108 vk_code=242 is_down=true self_injected=true injected=true scan=0
2026-09-19T23:07:52.364466Z DEBUG awase_windows::tsf::gji_monitor: [gji-io] WRITE: w_ops=+2 w_KB=+0.0 (r_ops=+4 x_ops=+4 x_KB=+0.0)
2026-09-19T23:07:52.404629Z DEBUG awase_windows::runtime::ime_refresh: Explicit intent: bypassing typing-idle guard for IME verify (idle=47ms)
2026-09-19T23:07:52.404688Z DEBUG awase_windows::observer::ime_observer: IME snapshot: japanese=Some(true) ime_on=Some(true) romaji=None conv=Some("0x00000010") guard=false
2026-09-19T23:07:52.404789Z DEBUG awase::journal: ime event seq=190 elapsed_ms=42150 event_kind="ObserverReported"
2026-09-19T23:07:52.404819Z DEBUG awase::journal: ime event seq=191 elapsed_ms=42150 event_kind="InputModeObserved"
2026-09-19T23:07:52.404877Z DEBUG awase::engine::engine: [diag-engine-active] ime_on=true なのに非活性: reason=Inactive(NotRomajiInput) romaji_capable=false japanese=true user_enabled=true was_active=true input_mode=ObservedEisu
2026-09-19T23:07:52.404938Z  INFO awase::engine::engine: Engine deactivated (ime=true, romaji=false, japanese=true, user=true, reason=Inactive(NotRomajiInput))
2026-09-19T23:07:53.052593Z DEBUG awase_windows::runtime::key_pipeline: [engine-input] vk=0x4B KeyDown ts=42798102us delay=0ms state=Idle mods(c=false s=false a=false w=false) gas_ctrl=false phys_ctrl=false extra=0x5350494B pending_drain=0 gate_active=false l_thumb=None r_thumb=None [diag-ctx] ime_o
2026-09-19T23:07:53.052668Z DEBUG awase::engine::engine: [diag-engine-active] ime_on=true なのに非活性: reason=Inactive(NotRomajiInput) romaji_capable=false japanese=true user_enabled=true was_active=false input_mode=ObservedEisu
2026-09-19T23:07:53.052767Z DEBUG awase::journal: key input seq=192 elapsed_ms=42798 vk_code=75 is_down=true injected=false key_class="Char" state_before="Idle" state_after="Idle" decision="PassThrough" physical="Allow" repeat_count=1 last_timestamp_us=42798102 last_elapsed_ms=0
2026-09-19T23:07:53.053106Z DEBUG execute_one{generation=Some(ApplyGeneration(10))}: awase_windows::runtime::executor: [reinject] vk=0x4b down (queued passthrough now firing)
2026-09-19T23:07:53.066212Z DEBUG awase_windows::tsf::gji_monitor: [gji-io] WRITE: w_ops=+2 w_KB=+0.4 (r_ops=+4 x_ops=+4 x_KB=+0.0)
2026-09-19T23:07:53.078267Z  INFO awase_windows::tsf::win_event_obs: [gji-obs] candidate SHOW #6: last_gji_write=16ms ago
2026-09-19T23:07:53.227594Z DEBUG awase_windows::runtime::key_pipeline: [engine-input] vk=0x4B KeyUp ts=42973428us delay=0ms state=Idle mods(c=false s=false a=false w=false) gas_ctrl=false phys_ctrl=false extra=0x5350494B pending_drain=0 gate_active=false l_thumb=None r_thumb=None [diag-ctx] ime_on=
2026-09-19T23:07:53.227623Z DEBUG awase::engine::engine: [diag-engine-active] ime_on=true なのに非活性: reason=Inactive(NotRomajiInput) romaji_capable=false japanese=true user_enabled=true was_active=false input_mode=ObservedEisu
2026-09-19T23:07:53.227660Z DEBUG awase::journal: key input seq=193 elapsed_ms=42973 vk_code=75 is_down=false injected=false key_class="Char" state_before="Idle" state_after="Idle" decision="PassThrough" physical="Allow" repeat_count=1 last_timestamp_us=42973428 last_elapsed_ms=0
2026-09-19T23:07:53.227732Z DEBUG execute_one{generation=Some(ApplyGeneration(10))}: awase_windows::runtime::executor: [reinject] vk=0x4b up (queued passthrough now firing)
2026-09-19T23:07:53.230484Z DEBUG awase_windows::platform: [gji-fsm] StartComposition (candidate SHOW)
2026-09-19T23:07:53.230514Z DEBUG gji_on_event{event=StartComposition}: awase_windows::tsf::gji_fsm: [gji-fsm] StartComposition: OnWarm → OnComposing(AlreadyWarm)
2026-09-19T23:07:53.230647Z DEBUG awase::journal: gji fsm transition seq=194 elapsed_ms=42976 trigger="StartComposition(candidate SHOW)" state_before="OnWarm" state_after="OnComposing(Warm)"
2026-09-19T23:07:53.548014Z DEBUG awase_windows::runtime::key_pipeline: [engine-input] vk=0x1B KeyDown ts=43293662us delay=0ms state=Idle mods(c=false s=false a=false w=false) gas_ctrl=false phys_ctrl=false extra=0x5350494B pending_drain=0 gate_active=false l_thumb=None r_thumb=None [diag-ctx] ime_o
2026-09-19T23:07:53.548062Z DEBUG awase::engine::engine: [diag-engine-active] ime_on=true なのに非活性: reason=Inactive(NotRomajiInput) romaji_capable=false japanese=true user_enabled=true was_active=false input_mode=ObservedEisu
2026-09-19T23:07:53.548126Z DEBUG awase::journal: key input seq=195 elapsed_ms=43294 vk_code=27 is_down=true injected=false key_class="Passthrough" state_before="Idle" state_after="Idle" decision="PassThrough" physical="Allow" repeat_count=1 last_timestamp_us=43293662 last_elapsed_ms=0
2026-09-19T23:07:53.548215Z DEBUG execute_from_hook: awase_windows::runtime::executor: [relay-passthrough] PassThrough idle: direct OS pass-through (vk=0x1b down)
2026-09-19T23:07:53.548291Z DEBUG execute_one{generation=Some(ApplyGeneration(10))}: awase_windows::runtime::executor: [reinject] vk=0x1b down (queued passthrough now firing)
2026-09-19T23:07:53.555916Z  INFO awase_windows::tsf::win_event_obs: [gji-obs] candidate HIDE: last_gji_write=500ms ago
2026-09-19T23:07:53.562126Z DEBUG awase_windows::tsf::gji_monitor: [gji-io] WRITE: w_ops=+2 w_KB=+0.4 (r_ops=+4 x_ops=+4 x_KB=+0.0)
2026-09-19T23:07:53.733487Z DEBUG awase_windows::runtime::key_pipeline: [engine-input] vk=0x1B KeyUp ts=43479159us delay=0ms state=Idle mods(c=false s=false a=false w=false) gas_ctrl=false phys_ctrl=false extra=0x5350494B pending_drain=0 gate_active=false l_thumb=None r_thumb=None [diag-ctx] ime_on=
2026-09-19T23:07:53.733533Z DEBUG awase::engine::engine: [diag-engine-active] ime_on=true なのに非活性: reason=Inactive(NotRomajiInput) romaji_capable=false japanese=true user_enabled=true was_active=false input_mode=ObservedEisu
2026-09-19T23:07:53.733598Z DEBUG awase::journal: key input seq=196 elapsed_ms=43479 vk_code=27 is_down=false injected=false key_class="Passthrough" state_before="Idle" state_after="Idle" decision="PassThrough" physical="Allow" repeat_count=1 last_timestamp_us=43479159 last_elapsed_ms=0
2026-09-19T23:07:53.733689Z DEBUG execute_from_hook: awase_windows::runtime::executor: [relay-passthrough] PassThrough idle: direct OS pass-through (vk=0x1b up)
2026-09-19T23:07:53.733759Z DEBUG execute_one{generation=Some(ApplyGeneration(10))}: awase_windows::runtime::executor: [reinject] vk=0x1b up (queued passthrough now firing)
2026-09-19T23:07:53.735567Z DEBUG awase_windows::platform: [gji-fsm] EndComposition (candidate HIDE) epoch=FocusEpoch(5)
2026-09-19T23:07:53.735636Z DEBUG awase::journal: gji fsm transition seq=197 elapsed_ms=43481 trigger="EndComposition(candidate HIDE, epoch=FocusEpoch(5))" state_before="OnComposing(Warm)" state_after="OnWarm"
2026-09-19T23:07:55.542555Z DEBUG awase_windows::runtime::key_pipeline: [shadow-toggle] vk=0x1CはFSM delegate所有 → belief書き込み/actuationをスキップ w_ops0=109746 x_ops0=243221 x_KB0=23.5
2026-09-19T23:07:55.542576Z DEBUG awase_windows::runtime::key_pipeline: [shadow-toggle] no-op: vk=0x1C action=TurnOn source=PhysicalImeKey effective_open は既に true → apply-ime 見送り
2026-09-19T23:07:55.542596Z DEBUG awase::journal: ime event seq=198 elapsed_ms=45288 event_kind="InputModeApplied"
2026-09-19T23:07:55.542608Z  INFO awase_windows::runtime::key_pipeline: [shadow-toggle] TurnOn (IME既にopen) + ObservedEisu → AssumedRomaji に リセット (UserTurnOnEisuReset)
2026-09-19T23:07:55.542627Z DEBUG awase_windows::runtime::key_pipeline: [engine-input] vk=0x1C KeyDown ts=45288381us delay=0ms state=Idle mods(c=false s=false a=false w=false) gas_ctrl=false phys_ctrl=false extra=0x5350494B pending_drain=0 gate_active=false l_thumb=None r_thumb=Some(45288373) [diag-
2026-09-19T23:07:55.542691Z  INFO awase::engine::engine: Engine activated (ime=true, romaji=true, japanese=true, user=true, reason=Active)
2026-09-19T23:07:55.542741Z DEBUG awase::journal: key input seq=199 elapsed_ms=45288 vk_code=28 is_down=true injected=false key_class="RightThumb" state_before="Idle" state_after="PendingThumb(vk=0x1C,left=false)" decision="Consume" physical="Allow" repeat_count=1 last_timestamp_us=45288381 last_ela
2026-09-19T23:07:55.542761Z DEBUG awase::journal: ime event seq=200 elapsed_ms=45288 event_kind="EngineActivationSync"
2026-09-19T23:07:55.542770Z  WARN reduce: awase_windows::state::ime_model: [ime-model] ImeApplyRequested(generation=11, target=true) が進行中の pending(generation=10, target=true) を上書きする — 上書きされた apply の完了は target と focus epoch が一致すれば applied に反映され、一致しなければ破棄される
2026-09-19T23:07:55.542797Z DEBUG awase::journal: ime event seq=201 elapsed_ms=45288 event_kind="ImeApplyRequested"
2026-09-19T23:07:55.542803Z  INFO awase_windows::runtime::key_pipeline: IME control: preconditions.ime_on = true (SetOpenRequest, origin=ActivationSync), was_open_before=true last_intent_before=Some(true) poll suspended
2026-09-19T23:07:55.542914Z DEBUG execute_one{generation=Some(ApplyGeneration(11))}:dispatch_ime_set_open{open=true generation=Some(ApplyGeneration(11))}: awase_windows::runtime::executor: [dispatch-ime] ImmCross async: optimistic applied_snapshot=true (suppress send_engine_state_ime_key)
2026-09-19T23:07:55.544312Z DEBUG execute_one{generation=Some(ApplyGeneration(11))}: awase_windows::platform: [engine-state-key] skipped (apply_ime_open aligned ime=true, profile=Standard)
2026-09-19T23:07:55.546933Z DEBUG run_open_chain_async: awase_windows::ime_controller: [warrant-shadow] chain=async open=true origin=EventOrigin { source: SelfActuated { strategy: "engine_decision_async" }, epoch: Generation(0) } warranted
2026-09-19T23:07:55.547007Z  INFO run_open_chain_async:imm_cross_write{open=true}: awase_windows::runtime::open_chain: [apply-ime] ImmCross async: open=true composition_active=false show_seq=0 change_seq=0 (issue #138診断)
2026-09-19T23:07:55.549810Z DEBUG awase_windows::shadow_send_trace: [shadow-send] channel=ImeControl cmd=0x0006 lparam=1 issue_us=45295622
2026-09-19T23:07:55.549818Z DEBUG awase_windows::ime: set_ime_open_for_target: hwnd=HWND(0xfd29fc) ime_wnd=HWND(0xab1f7e) open=true success=true send_elapsed=0ms candidate_visible=false
2026-09-19T23:07:55.549965Z DEBUG run_open_chain_async:imm_cross_write{open=true}: awase_windows::ime: [imm-cross-actuate] hwnd=HWND(0xfd29fc) open=Written conv=Some(Written)
2026-09-19T23:07:55.550001Z DEBUG run_open_chain_async:imm_cross_write{open=true}: awase_windows::runtime::open_chain: [apply-ime] ROMAN 補完結果: Written
2026-09-19T23:07:55.550036Z DEBUG run_open_chain_async: awase::journal: actuation decision seq=202 elapsed_ms=45296 site="DispatchImeSetOpen" caller="None" open=true chain_len=4 attempts_len=1 gate_profile="Standard" gate_kind="Gji" gate_shadow_known=true gate_shadow_on=true gate_input_mode="Assumed
2026-09-19T23:07:55.550345Z DEBUG on_ime_apply_complete{open=true outcome=AppliedWithoutSendInput generation=Some(ApplyGeneration(11)) reason=EngineDecision}: awase::journal: ime open applied seq=203 elapsed_ms=45296 open=true outcome="AppliedWithoutSendInput" reason="EngineDecision"
2026-09-19T23:07:55.550443Z DEBUG on_ime_apply_complete{open=true outcome=AppliedWithoutSendInput generation=Some(ApplyGeneration(11)) reason=EngineDecision}: awase::journal: ime event seq=204 elapsed_ms=45296 event_kind="ImeApplySucceeded"
2026-09-19T23:07:55.550469Z DEBUG on_ime_apply_complete{open=true outcome=AppliedWithoutSendInput generation=Some(ApplyGeneration(11)) reason=EngineDecision}: awase_windows::tsf::ime_mode_fsm: [ime-mode] SetOpen(true) applied → Hiragana (belief, unconfirmed)
2026-09-19T23:07:55.550494Z DEBUG on_ime_apply_complete{open=true outcome=AppliedWithoutSendInput generation=Some(ApplyGeneration(11)) reason=EngineDecision}: awase_windows::platform: [composition] ImeEffect::SetOpen(true) → marking cold
2026-09-19T23:07:55.550514Z DEBUG on_ime_apply_complete{open=true outcome=AppliedWithoutSendInput generation=Some(ApplyGeneration(11)) reason=EngineDecision}: awase_windows::tsf::probe: [composition] marked cold reason=SetOpenTrue idle=5468ms → next VK/TSF output will send VK_DBE_HIRAGANA warmup
2026-09-19T23:07:55.550558Z DEBUG on_ime_apply_complete{open=true outcome=AppliedWithoutSendInput generation=Some(ApplyGeneration(11)) reason=EngineDecision}:gji_on_event{event=ImeOn { injection_mode: Unicode, gji_idle_ms: 1984 }}: awase_windows::tsf::gji_fsm: [gji-fsm] ImeOn: already on (OnWarm), i
2026-09-19T23:07:55.550656Z DEBUG awase::journal: gji fsm transition seq=205 elapsed_ms=45296 trigger="ImeOn(gji_idle_ms=1984)" state_before="OnWarm" state_after="OnWarm"
2026-09-19T23:07:55.575700Z DEBUG awase_windows::runtime::ime_refresh: Explicit intent: bypassing typing-idle guard for IME verify (idle=32ms)
2026-09-19T23:07:55.575737Z DEBUG awase_windows::observer::ime_observer: IME snapshot: japanese=Some(true) ime_on=Some(true) romaji=None conv=Some("0x00000010") guard=false
2026-09-19T23:07:55.575794Z DEBUG awase::journal: ime event seq=206 elapsed_ms=45321 event_kind="ObserverReported"
2026-09-19T23:07:55.575815Z DEBUG awase::journal: ime event seq=207 elapsed_ms=45321 event_kind="InputModeObserved"
2026-09-19T23:07:55.575852Z DEBUG awase::engine::engine: [diag-engine-active] ime_on=true なのに非活性: reason=Inactive(NotRomajiInput) romaji_capable=false japanese=true user_enabled=true was_active=true input_mode=ObservedEisu
2026-09-19T23:07:55.575877Z  INFO awase::engine::nicola_fsm: flush_pending(ImeOff, from=PendingThumb(vk=0x1C,left=false)): flushed 0 action(s)
2026-09-19T23:07:55.575910Z  INFO awase::engine::engine: Engine deactivated (ime=true, romaji=false, japanese=true, user=true, reason=Inactive(NotRomajiInput))
2026-09-19T23:07:55.576030Z DEBUG execute_from_loop:execute_one{generation=None}: awase_windows::runtime::executor: [reinject] vk=0x1c up (queued passthrough now firing)
2026-09-19T23:07:55.666722Z DEBUG awase_windows::runtime::key_pipeline: [engine-input] vk=0x1C KeyUp ts=45412284us delay=0ms state=Idle mods(c=false s=false a=false w=false) gas_ctrl=false phys_ctrl=false extra=0x5350494B pending_drain=0 gate_active=false l_thumb=None r_thumb=None [diag-ctx] ime_on=
2026-09-19T23:07:55.666753Z DEBUG awase::engine::engine: [diag-engine-active] ime_on=true なのに非活性: reason=Inactive(NotRomajiInput) romaji_capable=false japanese=true user_enabled=true was_active=false input_mode=ObservedEisu
2026-09-19T23:07:55.666790Z DEBUG awase::journal: key input seq=208 elapsed_ms=45412 vk_code=28 is_down=false injected=false key_class="RightThumb" state_before="Idle" state_after="Idle" decision="PassThrough" physical="Allow" repeat_count=1 last_timestamp_us=45412284 last_elapsed_ms=0
2026-09-19T23:07:55.666861Z DEBUG execute_one{generation=None}: awase_windows::runtime::executor: [reinject] vk=0x1c up (queued passthrough now firing)
2026-09-19T23:07:56.180066Z DEBUG awase_windows::runtime::key_pipeline: [engine-input] vk=0x4B KeyDown ts=45925886us delay=0ms state=Idle mods(c=false s=false a=false w=false) gas_ctrl=false phys_ctrl=false extra=0x5350494B pending_drain=0 gate_active=false l_thumb=None r_thumb=None [diag-ctx] ime_o
2026-09-19T23:07:56.180096Z DEBUG awase::engine::engine: [diag-engine-active] ime_on=true なのに非活性: reason=Inactive(NotRomajiInput) romaji_capable=false japanese=true user_enabled=true was_active=false input_mode=ObservedEisu
2026-09-19T23:07:56.180131Z DEBUG awase::journal: key input seq=209 elapsed_ms=45926 vk_code=75 is_down=true injected=false key_class="Char" state_before="Idle" state_after="Idle" decision="PassThrough" physical="Allow" repeat_count=1 last_timestamp_us=45925886 last_elapsed_ms=0
2026-09-19T23:07:56.180199Z DEBUG execute_one{generation=None}: awase_windows::runtime::executor: [reinject] vk=0x4b down (queued passthrough now firing)
2026-09-19T23:07:56.192546Z DEBUG awase_windows::tsf::gji_monitor: [gji-io] WRITE: w_ops=+2 w_KB=+0.4 (r_ops=+4 x_ops=+4 x_KB=+0.0)
2026-09-19T23:07:56.198378Z  INFO awase_windows::tsf::win_event_obs: [gji-obs] candidate SHOW #7: last_gji_write=16ms ago
2026-09-19T23:07:56.363271Z DEBUG awase_windows::runtime::key_pipeline: [engine-input] vk=0x4B KeyUp ts=46108967us delay=0ms state=Idle mods(c=false s=false a=false w=false) gas_ctrl=false phys_ctrl=false extra=0x5350494B pending_drain=0 gate_active=false l_thumb=None r_thumb=None [diag-ctx] ime_on=
2026-09-19T23:07:56.363320Z DEBUG awase::engine::engine: [diag-engine-active] ime_on=true なのに非活性: reason=Inactive(NotRomajiInput) romaji_capable=false japanese=true user_enabled=true was_active=false input_mode=ObservedEisu
2026-09-19T23:07:56.363389Z DEBUG awase::journal: key input seq=210 elapsed_ms=46109 vk_code=75 is_down=false injected=false key_class="Char" state_before="Idle" state_after="Idle" decision="PassThrough" physical="Allow" repeat_count=1 last_timestamp_us=46108967 last_elapsed_ms=0
2026-09-19T23:07:56.363674Z DEBUG execute_one{generation=None}: awase_windows::runtime::executor: [reinject] vk=0x4b up (queued passthrough now firing)
2026-09-19T23:07:56.368209Z DEBUG awase_windows::platform: [gji-fsm] StartComposition (candidate SHOW)
2026-09-19T23:07:56.368244Z DEBUG gji_on_event{event=StartComposition}: awase_windows::tsf::gji_fsm: [gji-fsm] StartComposition: OnWarm → OnComposing(AlreadyWarm)
2026-09-19T23:07:56.368323Z DEBUG awase::journal: gji fsm transition seq=211 elapsed_ms=46114 trigger="StartComposition(candidate SHOW)" state_before="OnWarm" state_after="OnComposing(Warm)"
2026-09-19T23:07:56.694261Z DEBUG awase_windows::runtime::key_pipeline: [engine-input] vk=0x1B KeyDown ts=46439738us delay=0ms state=Idle mods(c=false s=false a=false w=false) gas_ctrl=false phys_ctrl=false extra=0x5350494B pending_drain=0 gate_active=false l_thumb=None r_thumb=None [diag-ctx] ime_o
2026-09-19T23:07:56.694310Z DEBUG awase::engine::engine: [diag-engine-active] ime_on=true なのに非活性: reason=Inactive(NotRomajiInput) romaji_capable=false japanese=true user_enabled=true was_active=false input_mode=ObservedEisu
2026-09-19T23:07:56.694378Z DEBUG awase::journal: key input seq=212 elapsed_ms=46440 vk_code=27 is_down=true injected=false key_class="Passthrough" state_before="Idle" state_after="Idle" decision="PassThrough" physical="Allow" repeat_count=1 last_timestamp_us=46439738 last_elapsed_ms=0
2026-09-19T23:07:56.694465Z DEBUG execute_from_hook: awase_windows::runtime::executor: [relay-passthrough] PassThrough idle: direct OS pass-through (vk=0x1b down)
2026-09-19T23:07:56.694539Z DEBUG execute_one{generation=None}: awase_windows::runtime::executor: [reinject] vk=0x1b down (queued passthrough now firing)
2026-09-19T23:07:56.701265Z  INFO awase_windows::tsf::win_event_obs: [gji-obs] candidate HIDE: last_gji_write=516ms ago
2026-09-19T23:07:56.707970Z DEBUG awase_windows::tsf::gji_monitor: [gji-io] WRITE: w_ops=+2 w_KB=+0.4 (r_ops=+4 x_ops=+4 x_KB=+0.0)
2026-09-19T23:07:56.880376Z DEBUG awase_windows::runtime::key_pipeline: [engine-input] vk=0x1B KeyUp ts=46625974us delay=0ms state=Idle mods(c=false s=false a=false w=false) gas_ctrl=false phys_ctrl=false extra=0x5350494B pending_drain=0 gate_active=false l_thumb=None r_thumb=None [diag-ctx] ime_on=
2026-09-19T23:07:56.880424Z DEBUG awase::engine::engine: [diag-engine-active] ime_on=true なのに非活性: reason=Inactive(NotRomajiInput) romaji_capable=false japanese=true user_enabled=true was_active=false input_mode=ObservedEisu
2026-09-19T23:07:56.880563Z DEBUG awase::journal: key input seq=213 elapsed_ms=46626 vk_code=27 is_down=false injected=false key_class="Passthrough" state_before="Idle" state_after="Idle" decision="PassThrough" physical="Allow" repeat_count=1 last_timestamp_us=46625974 last_elapsed_ms=0
2026-09-19T23:07:56.880663Z DEBUG execute_from_hook: awase_windows::runtime::executor: [relay-passthrough] PassThrough idle: direct OS pass-through (vk=0x1b up)
2026-09-19T23:07:56.880740Z DEBUG execute_one{generation=None}: awase_windows::runtime::executor: [reinject] vk=0x1b up (queued passthrough now firing)
2026-09-19T23:07:56.884042Z DEBUG awase_windows::platform: [gji-fsm] EndComposition (candidate HIDE) epoch=FocusEpoch(6)
2026-09-19T23:07:56.884112Z DEBUG awase::journal: gji fsm transition seq=214 elapsed_ms=46630 trigger="EndComposition(candidate HIDE, epoch=FocusEpoch(6))" state_before="OnComposing(Warm)" state_after="OnWarm"
2026-09-19T23:07:58.690641Z DEBUG awase_windows::runtime::key_pipeline: [shadow-toggle] vk=0x1CはFSM delegate所有 → belief書き込み/actuationをスキップ w_ops0=109750 x_ops0=243229 x_KB0=23.5
2026-09-19T23:07:58.690682Z DEBUG awase_windows::runtime::key_pipeline: [shadow-toggle] no-op: vk=0x1C action=TurnOn source=PhysicalImeKey effective_open は既に true → apply-ime 見送り
2026-09-19T23:07:58.690720Z DEBUG awase::journal: ime event seq=215 elapsed_ms=48436 event_kind="InputModeApplied"
2026-09-19T23:07:58.690742Z  INFO awase_windows::runtime::key_pipeline: [shadow-toggle] TurnOn (IME既にopen) + ObservedEisu → AssumedRomaji に リセット (UserTurnOnEisuReset)
2026-09-19T23:07:58.690777Z DEBUG awase_windows::runtime::key_pipeline: [engine-input] vk=0x1C KeyDown ts=48436212us delay=0ms state=Idle mods(c=false s=false a=false w=false) gas_ctrl=false phys_ctrl=false extra=0x5350494B pending_drain=0 gate_active=false l_thumb=None r_thumb=Some(48436196) [diag-
2026-09-19T23:07:58.690820Z  INFO awase::engine::engine: Engine activated (ime=true, romaji=true, japanese=true, user=true, reason=Active)
2026-09-19T23:07:58.690906Z DEBUG awase::journal: key input seq=216 elapsed_ms=48436 vk_code=28 is_down=true injected=false key_class="RightThumb" state_before="Idle" state_after="PendingThumb(vk=0x1C,left=false)" decision="Consume" physical="Allow" repeat_count=1 last_timestamp_us=48436212 last_ela
2026-09-19T23:07:58.690949Z DEBUG awase::journal: ime event seq=217 elapsed_ms=48437 event_kind="EngineActivationSync"
2026-09-19T23:07:58.690971Z DEBUG awase::journal: ime event seq=218 elapsed_ms=48437 event_kind="ImeApplyRequested"
2026-09-19T23:07:58.690993Z  INFO awase_windows::runtime::key_pipeline: IME control: preconditions.ime_on = true (SetOpenRequest, origin=ActivationSync), was_open_before=true last_intent_before=Some(true) poll suspended
2026-09-19T23:07:58.691228Z DEBUG execute_one{generation=Some(ApplyGeneration(12))}:dispatch_ime_set_open{open=true generation=Some(ApplyGeneration(12))}: awase_windows::runtime::executor: [dispatch-ime] ImmCross async: optimistic applied_snapshot=true (suppress send_engine_state_ime_key)
2026-09-19T23:07:58.693237Z DEBUG execute_one{generation=Some(ApplyGeneration(12))}: awase_windows::platform: [engine-state-key] skipped (apply_ime_open aligned ime=true, profile=Standard)
2026-09-19T23:07:58.695979Z DEBUG run_open_chain_async: awase_windows::ime_controller: [warrant-shadow] chain=async open=true origin=EventOrigin { source: SelfActuated { strategy: "engine_decision_async" }, epoch: Generation(0) } warranted
2026-09-19T23:07:58.696132Z  INFO run_open_chain_async:imm_cross_write{open=true}: awase_windows::runtime::open_chain: [apply-ime] ImmCross async: open=true composition_active=false show_seq=0 change_seq=0 (issue #138診断)
2026-09-19T23:07:58.699461Z DEBUG awase_windows::shadow_send_trace: [shadow-send] channel=ImeControl cmd=0x0006 lparam=1 issue_us=48445267
2026-09-19T23:07:58.699478Z DEBUG awase_windows::ime: set_ime_open_for_target: hwnd=HWND(0xfd29fc) ime_wnd=HWND(0xab1f7e) open=true success=true send_elapsed=0ms candidate_visible=false
2026-09-19T23:07:58.699692Z DEBUG run_open_chain_async:imm_cross_write{open=true}: awase_windows::ime: [imm-cross-actuate] hwnd=HWND(0xfd29fc) open=Written conv=Some(Written)
2026-09-19T23:07:58.699731Z DEBUG run_open_chain_async:imm_cross_write{open=true}: awase_windows::runtime::open_chain: [apply-ime] ROMAN 補完結果: Written
2026-09-19T23:07:58.699773Z DEBUG run_open_chain_async: awase::journal: actuation decision seq=219 elapsed_ms=48445 site="DispatchImeSetOpen" caller="None" open=true chain_len=4 attempts_len=1 gate_profile="Standard" gate_kind="Gji" gate_shadow_known=true gate_shadow_on=true gate_input_mode="Assumed
2026-09-19T23:07:58.700179Z DEBUG on_ime_apply_complete{open=true outcome=AppliedWithoutSendInput generation=Some(ApplyGeneration(12)) reason=EngineDecision}: awase::journal: ime open applied seq=220 elapsed_ms=48446 open=true outcome="AppliedWithoutSendInput" reason="EngineDecision"
2026-09-19T23:07:58.700244Z DEBUG on_ime_apply_complete{open=true outcome=AppliedWithoutSendInput generation=Some(ApplyGeneration(12)) reason=EngineDecision}: awase::journal: ime event seq=221 elapsed_ms=48446 event_kind="ImeApplySucceeded"
2026-09-19T23:07:58.700255Z DEBUG on_ime_apply_complete{open=true outcome=AppliedWithoutSendInput generation=Some(ApplyGeneration(12)) reason=EngineDecision}: awase_windows::tsf::ime_mode_fsm: [ime-mode] SetOpen(true) applied → Hiragana (belief, unconfirmed)
2026-09-19T23:07:58.700268Z DEBUG on_ime_apply_complete{open=true outcome=AppliedWithoutSendInput generation=Some(ApplyGeneration(12)) reason=EngineDecision}: awase_windows::platform: [composition] ImeEffect::SetOpen(true) → marking cold
2026-09-19T23:07:58.700309Z DEBUG on_ime_apply_complete{open=true outcome=AppliedWithoutSendInput generation=Some(ApplyGeneration(12)) reason=EngineDecision}: awase_windows::tsf::probe: [composition] marked cold reason=SetOpenTrue idle=8625ms → next VK/TSF output will send VK_DBE_HIRAGANA warmup
2026-09-19T23:07:58.700330Z DEBUG on_ime_apply_complete{open=true outcome=AppliedWithoutSendInput generation=Some(ApplyGeneration(12)) reason=EngineDecision}:gji_on_event{event=ImeOn { injection_mode: Unicode, gji_idle_ms: 2000 }}: awase_windows::tsf::gji_fsm: [gji-fsm] ImeOn: already on (OnWarm), i
2026-09-19T23:07:58.700464Z DEBUG awase::journal: gji fsm transition seq=222 elapsed_ms=48446 trigger="ImeOn(gji_idle_ms=2000)" state_before="OnWarm" state_after="OnWarm"
2026-09-19T23:07:58.739321Z DEBUG awase_windows::runtime::ime_refresh: Explicit intent: bypassing typing-idle guard for IME verify (idle=47ms)
2026-09-19T23:07:58.739366Z DEBUG awase_windows::observer::ime_observer: IME snapshot: japanese=Some(true) ime_on=Some(true) romaji=None conv=Some("0x00000010") guard=false
2026-09-19T23:07:58.739444Z DEBUG awase::journal: ime event seq=223 elapsed_ms=48485 event_kind="ObserverReported"
2026-09-19T23:07:58.739470Z DEBUG awase::journal: ime event seq=224 elapsed_ms=48485 event_kind="InputModeObserved"
2026-09-19T23:07:58.739516Z DEBUG awase::engine::engine: [diag-engine-active] ime_on=true なのに非活性: reason=Inactive(NotRomajiInput) romaji_capable=false japanese=true user_enabled=true was_active=true input_mode=ObservedEisu
2026-09-19T23:07:58.739546Z  INFO awase::engine::nicola_fsm: flush_pending(ImeOff, from=PendingThumb(vk=0x1C,left=false)): flushed 0 action(s)
2026-09-19T23:07:58.739587Z  INFO awase::engine::engine: Engine deactivated (ime=true, romaji=false, japanese=true, user=true, reason=Inactive(NotRomajiInput))
2026-09-19T23:07:58.739686Z DEBUG execute_from_loop:execute_one{generation=None}: awase_windows::runtime::executor: [reinject] vk=0x1c up (queued passthrough now firing)
2026-09-19T23:07:58.813878Z DEBUG awase_windows::runtime::key_pipeline: [engine-input] vk=0x1C KeyUp ts=48559610us delay=0ms state=Idle mods(c=false s=false a=false w=false) gas_ctrl=false phys_ctrl=false extra=0x5350494B pending_drain=0 gate_active=false l_thumb=None r_thumb=None [diag-ctx] ime_on=
2026-09-19T23:07:58.813929Z DEBUG awase::engine::engine: [diag-engine-active] ime_on=true なのに非活性: reason=Inactive(NotRomajiInput) romaji_capable=false japanese=true user_enabled=true was_active=false input_mode=ObservedEisu
2026-09-19T23:07:58.814001Z DEBUG awase::journal: key input seq=225 elapsed_ms=48560 vk_code=28 is_down=false injected=false key_class="RightThumb" state_before="Idle" state_after="Idle" decision="PassThrough" physical="Allow" repeat_count=1 last_timestamp_us=48559610 last_elapsed_ms=0
2026-09-19T23:07:58.814149Z DEBUG execute_one{generation=None}: awase_windows::runtime::executor: [reinject] vk=0x1c up (queued passthrough now firing)
2026-09-19T23:08:01.188510Z DEBUG awase_windows::runtime::key_pipeline: [shadow-toggle] vk=0x1CはFSM delegate所有 → belief書き込み/actuationをスキップ w_ops0=109750 x_ops0=243229 x_KB0=23.5
2026-09-19T23:08:01.188543Z DEBUG awase_windows::runtime::key_pipeline: [shadow-toggle] no-op: vk=0x1C action=TurnOn source=PhysicalImeKey effective_open は既に true → apply-ime 見送り
2026-09-19T23:08:01.188575Z DEBUG awase::journal: ime event seq=226 elapsed_ms=50934 event_kind="InputModeApplied"
2026-09-19T23:08:01.188593Z  INFO awase_windows::runtime::key_pipeline: [shadow-toggle] TurnOn (IME既にopen) + ObservedEisu → AssumedRomaji に リセット (UserTurnOnEisuReset)
2026-09-19T23:08:01.188618Z DEBUG awase_windows::runtime::key_pipeline: [engine-input] vk=0x1C KeyDown ts=50934287us delay=0ms state=Idle mods(c=false s=false a=false w=false) gas_ctrl=false phys_ctrl=false extra=0x5350494B pending_drain=0 gate_active=false l_thumb=None r_thumb=Some(50934274) [diag-
2026-09-19T23:08:01.188651Z  INFO awase::engine::engine: Engine activated (ime=true, romaji=true, japanese=true, user=true, reason=Active)
2026-09-19T23:08:01.188725Z DEBUG awase::journal: key input seq=227 elapsed_ms=50934 vk_code=28 is_down=true injected=false key_class="RightThumb" state_before="Idle" state_after="PendingThumb(vk=0x1C,left=false)" decision="Consume" physical="Allow" repeat_count=1 last_timestamp_us=50934287 last_ela
2026-09-19T23:08:01.188764Z DEBUG awase::journal: ime event seq=228 elapsed_ms=50934 event_kind="EngineActivationSync"
2026-09-19T23:08:01.188782Z DEBUG awase::journal: ime event seq=229 elapsed_ms=50934 event_kind="ImeApplyRequested"
2026-09-19T23:08:01.188794Z  INFO awase_windows::runtime::key_pipeline: IME control: preconditions.ime_on = true (SetOpenRequest, origin=ActivationSync), was_open_before=true last_intent_before=Some(true) poll suspended
2026-09-19T23:08:01.189050Z DEBUG execute_one{generation=Some(ApplyGeneration(13))}:dispatch_ime_set_open{open=true generation=Some(ApplyGeneration(13))}: awase_windows::runtime::executor: [dispatch-ime] ImmCross async: optimistic applied_snapshot=true (suppress send_engine_state_ime_key)
2026-09-19T23:08:01.190425Z DEBUG execute_one{generation=Some(ApplyGeneration(13))}: awase_windows::platform: [engine-state-key] skipped (apply_ime_open aligned ime=true, profile=Standard)
2026-09-19T23:08:01.205968Z DEBUG run_open_chain_async: awase_windows::ime_controller: [warrant-shadow] chain=async open=true origin=EventOrigin { source: SelfActuated { strategy: "engine_decision_async" }, epoch: Generation(0) } warranted
2026-09-19T23:08:01.206043Z  INFO run_open_chain_async:imm_cross_write{open=true}: awase_windows::runtime::open_chain: [apply-ime] ImmCross async: open=true composition_active=false show_seq=0 change_seq=0 (issue #138診断)
2026-09-19T23:08:01.237612Z DEBUG awase_windows::shadow_send_trace: [shadow-send] channel=ImeControl cmd=0x0006 lparam=1 issue_us=50983371
2026-09-19T23:08:01.237630Z DEBUG awase_windows::ime: set_ime_open_for_target: hwnd=HWND(0xfd29fc) ime_wnd=HWND(0xab1f7e) open=true success=true send_elapsed=0ms candidate_visible=false
2026-09-19T23:08:01.237844Z DEBUG run_open_chain_async:imm_cross_write{open=true}: awase_windows::ime: [imm-cross-actuate] hwnd=HWND(0xfd29fc) open=Written conv=Some(Written)
2026-09-19T23:08:01.237910Z DEBUG run_open_chain_async:imm_cross_write{open=true}: awase_windows::runtime::open_chain: [apply-ime] ROMAN 補完結果: Written
2026-09-19T23:08:01.237966Z DEBUG run_open_chain_async: awase::journal: actuation decision seq=230 elapsed_ms=50984 site="DispatchImeSetOpen" caller="None" open=true chain_len=4 attempts_len=1 gate_profile="Standard" gate_kind="Gji" gate_shadow_known=true gate_shadow_on=true gate_input_mode="Assumed
2026-09-19T23:08:01.238717Z DEBUG on_ime_apply_complete{open=true outcome=AppliedWithoutSendInput generation=Some(ApplyGeneration(13)) reason=EngineDecision}: awase::journal: ime open applied seq=231 elapsed_ms=50984 open=true outcome="AppliedWithoutSendInput" reason="EngineDecision"
2026-09-19T23:08:01.238798Z DEBUG on_ime_apply_complete{open=true outcome=AppliedWithoutSendInput generation=Some(ApplyGeneration(13)) reason=EngineDecision}: awase::journal: ime event seq=232 elapsed_ms=50984 event_kind="ImeApplySucceeded"
2026-09-19T23:08:01.238814Z DEBUG on_ime_apply_complete{open=true outcome=AppliedWithoutSendInput generation=Some(ApplyGeneration(13)) reason=EngineDecision}: awase_windows::tsf::ime_mode_fsm: [ime-mode] SetOpen(true) applied → Hiragana (belief, unconfirmed)
2026-09-19T23:08:01.238831Z DEBUG on_ime_apply_complete{open=true outcome=AppliedWithoutSendInput generation=Some(ApplyGeneration(13)) reason=EngineDecision}: awase_windows::platform: [composition] ImeEffect::SetOpen(true) → marking cold
2026-09-19T23:08:01.238844Z DEBUG on_ime_apply_complete{open=true outcome=AppliedWithoutSendInput generation=Some(ApplyGeneration(13)) reason=EngineDecision}: awase_windows::tsf::probe: [composition] marked cold reason=SetOpenTrue idle=11156ms → next VK/TSF output will send VK_DBE_HIRAGANA warmup
2026-09-19T23:08:01.238872Z DEBUG on_ime_apply_complete{open=true outcome=AppliedWithoutSendInput generation=Some(ApplyGeneration(13)) reason=EngineDecision}:gji_on_event{event=ImeOn { injection_mode: Unicode, gji_idle_ms: 4531 }}: awase_windows::tsf::gji_fsm: [gji-fsm] ImeOn: already on (OnWarm), i
2026-09-19T23:08:01.238949Z DEBUG awase::journal: gji fsm transition seq=233 elapsed_ms=50984 trigger="ImeOn(gji_idle_ms=4531)" state_before="OnWarm" state_after="OnWarm"
2026-09-19T23:08:01.277071Z DEBUG awase_windows::runtime::ime_refresh: Explicit intent: bypassing typing-idle guard for IME verify (idle=94ms)
2026-09-19T23:08:01.277112Z DEBUG awase_windows::observer::ime_observer: IME snapshot: japanese=Some(true) ime_on=Some(true) romaji=None conv=Some("0x00000010") guard=false
2026-09-19T23:08:01.277180Z DEBUG awase::journal: ime event seq=234 elapsed_ms=51023 event_kind="ObserverReported"
2026-09-19T23:08:01.277203Z DEBUG awase::journal: ime event seq=235 elapsed_ms=51023 event_kind="InputModeObserved"
2026-09-19T23:08:01.277251Z DEBUG awase::engine::engine: [diag-engine-active] ime_on=true なのに非活性: reason=Inactive(NotRomajiInput) romaji_capable=false japanese=true user_enabled=true was_active=true input_mode=ObservedEisu
2026-09-19T23:08:01.277278Z  INFO awase::engine::nicola_fsm: flush_pending(ImeOff, from=PendingThumb(vk=0x1C,left=false)): flushed 0 action(s)
2026-09-19T23:08:01.277319Z  INFO awase::engine::engine: Engine deactivated (ime=true, romaji=false, japanese=true, user=true, reason=Inactive(NotRomajiInput))
2026-09-19T23:08:01.277417Z DEBUG execute_from_loop:execute_one{generation=None}: awase_windows::runtime::executor: [reinject] vk=0x1c up (queued passthrough now firing)
2026-09-19T23:08:01.313023Z DEBUG awase_windows::runtime::key_pipeline: [engine-input] vk=0x1C KeyUp ts=51058805us delay=0ms state=Idle mods(c=false s=false a=false w=false) gas_ctrl=false phys_ctrl=false extra=0x5350494B pending_drain=0 gate_active=false l_thumb=None r_thumb=None [diag-ctx] ime_on=
2026-09-19T23:08:01.313065Z DEBUG awase::engine::engine: [diag-engine-active] ime_on=true なのに非活性: reason=Inactive(NotRomajiInput) romaji_capable=false japanese=true user_enabled=true was_active=false input_mode=ObservedEisu
2026-09-19T23:08:01.313118Z DEBUG awase::journal: key input seq=236 elapsed_ms=51059 vk_code=28 is_down=false injected=false key_class="RightThumb" state_before="Idle" state_after="Idle" decision="PassThrough" physical="Allow" repeat_count=1 last_timestamp_us=51058805 last_elapsed_ms=0
2026-09-19T23:08:01.313229Z DEBUG execute_one{generation=None}: awase_windows::runtime::executor: [reinject] vk=0x1c up (queued passthrough now firing)
2026-09-19T23:08:03.751350Z DEBUG awase_windows::runtime::key_pipeline: [shadow-toggle] vk=0x1CはFSM delegate所有 → belief書き込み/actuationをスキップ w_ops0=109750 x_ops0=243229 x_KB0=23.5
2026-09-19T23:08:03.751386Z DEBUG awase_windows::runtime::key_pipeline: [shadow-toggle] no-op: vk=0x1C action=TurnOn source=PhysicalImeKey effective_open は既に true → apply-ime 見送り
2026-09-19T23:08:03.751426Z DEBUG awase::journal: ime event seq=237 elapsed_ms=53497 event_kind="InputModeApplied"
2026-09-19T23:08:03.751448Z  INFO awase_windows::runtime::key_pipeline: [shadow-toggle] TurnOn (IME既にopen) + ObservedEisu → AssumedRomaji に リセット (UserTurnOnEisuReset)
2026-09-19T23:08:03.751479Z DEBUG awase_windows::runtime::key_pipeline: [engine-input] vk=0x1C KeyDown ts=53496885us delay=0ms state=Idle mods(c=false s=false a=false w=false) gas_ctrl=false phys_ctrl=false extra=0x5350494B pending_drain=0 gate_active=false l_thumb=None r_thumb=Some(53496875) [diag-
2026-09-19T23:08:03.751516Z  INFO awase::engine::engine: Engine activated (ime=true, romaji=true, japanese=true, user=true, reason=Active)
2026-09-19T23:08:03.751599Z DEBUG awase::journal: key input seq=238 elapsed_ms=53497 vk_code=28 is_down=true injected=false key_class="RightThumb" state_before="Idle" state_after="PendingThumb(vk=0x1C,left=false)" decision="Consume" physical="Allow" repeat_count=1 last_timestamp_us=53496885 last_ela
2026-09-19T23:08:03.751651Z DEBUG awase::journal: ime event seq=239 elapsed_ms=53497 event_kind="EngineActivationSync"
2026-09-19T23:08:03.751682Z DEBUG awase::journal: ime event seq=240 elapsed_ms=53497 event_kind="ImeApplyRequested"
2026-09-19T23:08:03.751698Z  INFO awase_windows::runtime::key_pipeline: IME control: preconditions.ime_on = true (SetOpenRequest, origin=ActivationSync), was_open_before=true last_intent_before=Some(true) poll suspended
2026-09-19T23:08:03.751957Z DEBUG execute_one{generation=Some(ApplyGeneration(14))}:dispatch_ime_set_open{open=true generation=Some(ApplyGeneration(14))}: awase_windows::runtime::executor: [dispatch-ime] ImmCross async: optimistic applied_snapshot=true (suppress send_engine_state_ime_key)
2026-09-19T23:08:03.753556Z DEBUG execute_one{generation=Some(ApplyGeneration(14))}: awase_windows::platform: [engine-state-key] skipped (apply_ime_open aligned ime=true, profile=Standard)
2026-09-19T23:08:03.755843Z DEBUG run_open_chain_async: awase_windows::ime_controller: [warrant-shadow] chain=async open=true origin=EventOrigin { source: SelfActuated { strategy: "engine_decision_async" }, epoch: Generation(0) } warranted
2026-09-19T23:08:03.755917Z  INFO run_open_chain_async:imm_cross_write{open=true}: awase_windows::runtime::open_chain: [apply-ime] ImmCross async: open=true composition_active=false show_seq=0 change_seq=0 (issue #138診断)
2026-09-19T23:08:03.758163Z DEBUG awase_windows::shadow_send_trace: [shadow-send] channel=ImeControl cmd=0x0006 lparam=1 issue_us=53504014
2026-09-19T23:08:03.758170Z DEBUG awase_windows::ime: set_ime_open_for_target: hwnd=HWND(0xfd29fc) ime_wnd=HWND(0xab1f7e) open=true success=true send_elapsed=0ms candidate_visible=false
2026-09-19T23:08:03.758712Z DEBUG run_open_chain_async:imm_cross_write{open=true}: awase_windows::ime: [imm-cross-actuate] hwnd=HWND(0xfd29fc) open=Written conv=Some(Written)
2026-09-19T23:08:03.758756Z DEBUG run_open_chain_async:imm_cross_write{open=true}: awase_windows::runtime::open_chain: [apply-ime] ROMAN 補完結果: Written
2026-09-19T23:08:03.758808Z DEBUG run_open_chain_async: awase::journal: actuation decision seq=241 elapsed_ms=53504 site="DispatchImeSetOpen" caller="None" open=true chain_len=4 attempts_len=1 gate_profile="Standard" gate_kind="Gji" gate_shadow_known=true gate_shadow_on=true gate_input_mode="Assumed
2026-09-19T23:08:03.758956Z DEBUG on_ime_apply_complete{open=true outcome=AppliedWithoutSendInput generation=Some(ApplyGeneration(14)) reason=EngineDecision}: awase::journal: ime open applied seq=242 elapsed_ms=53505 open=true outcome="AppliedWithoutSendInput" reason="EngineDecision"
2026-09-19T23:08:03.759070Z DEBUG on_ime_apply_complete{open=true outcome=AppliedWithoutSendInput generation=Some(ApplyGeneration(14)) reason=EngineDecision}: awase::journal: ime event seq=243 elapsed_ms=53505 event_kind="ImeApplySucceeded"
2026-09-19T23:08:03.759097Z DEBUG on_ime_apply_complete{open=true outcome=AppliedWithoutSendInput generation=Some(ApplyGeneration(14)) reason=EngineDecision}: awase_windows::tsf::ime_mode_fsm: [ime-mode] SetOpen(true) applied → Hiragana (belief, unconfirmed)
2026-09-19T23:08:03.759121Z DEBUG on_ime_apply_complete{open=true outcome=AppliedWithoutSendInput generation=Some(ApplyGeneration(14)) reason=EngineDecision}: awase_windows::platform: [composition] ImeEffect::SetOpen(true) → marking cold
2026-09-19T23:08:03.759142Z DEBUG on_ime_apply_complete{open=true outcome=AppliedWithoutSendInput generation=Some(ApplyGeneration(14)) reason=EngineDecision}: awase_windows::tsf::probe: [composition] marked cold reason=SetOpenTrue idle=13687ms → next VK/TSF output will send VK_DBE_HIRAGANA warmup
2026-09-19T23:08:03.759245Z DEBUG on_ime_apply_complete{open=true outcome=AppliedWithoutSendInput generation=Some(ApplyGeneration(14)) reason=EngineDecision}:gji_on_event{event=ImeOn { injection_mode: Unicode, gji_idle_ms: 7062 }}: awase_windows::tsf::gji_fsm: [gji-fsm] ImeOn: already on (OnWarm), i
2026-09-19T23:08:03.759349Z DEBUG awase::journal: gji fsm transition seq=244 elapsed_ms=53505 trigger="ImeOn(gji_idle_ms=7062)" state_before="OnWarm" state_after="OnWarm"
2026-09-19T23:08:03.799158Z DEBUG awase_windows::runtime::ime_refresh: Explicit intent: bypassing typing-idle guard for IME verify (idle=47ms)
2026-09-19T23:08:03.799206Z DEBUG awase_windows::observer::ime_observer: IME snapshot: japanese=Some(true) ime_on=Some(true) romaji=None conv=Some("0x00000010") guard=false
2026-09-19T23:08:03.799414Z DEBUG awase::journal: ime event seq=245 elapsed_ms=53545 event_kind="ObserverReported"
2026-09-19T23:08:03.799483Z DEBUG awase::journal: ime event seq=246 elapsed_ms=53545 event_kind="InputModeObserved"
2026-09-19T23:08:03.800142Z DEBUG awase::engine::engine: [diag-engine-active] ime_on=true なのに非活性: reason=Inactive(NotRomajiInput) romaji_capable=false japanese=true user_enabled=true was_active=true input_mode=ObservedEisu
2026-09-19T23:08:03.800173Z  INFO awase::engine::nicola_fsm: flush_pending(ImeOff, from=PendingThumb(vk=0x1C,left=false)): flushed 0 action(s)
2026-09-19T23:08:03.800210Z  INFO awase::engine::engine: Engine deactivated (ime=true, romaji=false, japanese=true, user=true, reason=Inactive(NotRomajiInput))
2026-09-19T23:08:03.800339Z DEBUG execute_from_loop:execute_one{generation=None}: awase_windows::runtime::executor: [reinject] vk=0x1c up (queued passthrough now firing)
2026-09-19T23:08:03.873550Z DEBUG awase_windows::runtime::key_pipeline: [engine-input] vk=0x1C KeyUp ts=53619250us delay=0ms state=Idle mods(c=false s=false a=false w=false) gas_ctrl=false phys_ctrl=false extra=0x5350494B pending_drain=0 gate_active=false l_thumb=None r_thumb=None [diag-ctx] ime_on=
2026-09-19T23:08:03.873607Z DEBUG awase::engine::engine: [diag-engine-active] ime_on=true なのに非活性: reason=Inactive(NotRomajiInput) romaji_capable=false japanese=true user_enabled=true was_active=false input_mode=ObservedEisu
2026-09-19T23:08:03.873691Z DEBUG awase::journal: key input seq=247 elapsed_ms=53619 vk_code=28 is_down=false injected=false key_class="RightThumb" state_before="Idle" state_after="Idle" decision="PassThrough" physical="Allow" repeat_count=1 last_timestamp_us=53619250 last_elapsed_ms=0
2026-09-19T23:08:03.873882Z DEBUG execute_one{generation=None}: awase_windows::runtime::executor: [reinject] vk=0x1c up (queued passthrough now firing)
2026-09-19T23:08:06.320346Z DEBUG awase_windows::runtime::key_pipeline: [shadow-toggle] vk=0x1CはFSM delegate所有 → belief書き込み/actuationをスキップ w_ops0=109750 x_ops0=243229 x_KB0=23.5
2026-09-19T23:08:06.320381Z DEBUG awase_windows::runtime::key_pipeline: [shadow-toggle] no-op: vk=0x1C action=TurnOn source=PhysicalImeKey effective_open は既に true → apply-ime 見送り
2026-09-19T23:08:06.320420Z DEBUG awase::journal: ime event seq=248 elapsed_ms=56066 event_kind="InputModeApplied"
2026-09-19T23:08:06.320443Z  INFO awase_windows::runtime::key_pipeline: [shadow-toggle] TurnOn (IME既にopen) + ObservedEisu → AssumedRomaji に リセット (UserTurnOnEisuReset)
2026-09-19T23:08:06.320473Z DEBUG awase_windows::runtime::key_pipeline: [engine-input] vk=0x1C KeyDown ts=56066068us delay=0ms state=Idle mods(c=false s=false a=false w=false) gas_ctrl=false phys_ctrl=false extra=0x5350494B pending_drain=0 gate_active=false l_thumb=None r_thumb=Some(56065989) [diag-
2026-09-19T23:08:06.320509Z  INFO awase::engine::engine: Engine activated (ime=true, romaji=true, japanese=true, user=true, reason=Active)
2026-09-19T23:08:06.320590Z DEBUG awase::journal: key input seq=249 elapsed_ms=56066 vk_code=28 is_down=true injected=false key_class="RightThumb" state_before="Idle" state_after="PendingThumb(vk=0x1C,left=false)" decision="Consume" physical="Allow" repeat_count=1 last_timestamp_us=56066068 last_ela
2026-09-19T23:08:06.320640Z DEBUG awase::journal: ime event seq=250 elapsed_ms=56066 event_kind="EngineActivationSync"
2026-09-19T23:08:06.320671Z DEBUG awase::journal: ime event seq=251 elapsed_ms=56066 event_kind="ImeApplyRequested"
2026-09-19T23:08:06.320686Z  INFO awase_windows::runtime::key_pipeline: IME control: preconditions.ime_on = true (SetOpenRequest, origin=ActivationSync), was_open_before=true last_intent_before=Some(true) poll suspended
2026-09-19T23:08:06.321024Z DEBUG execute_one{generation=Some(ApplyGeneration(15))}:dispatch_ime_set_open{open=true generation=Some(ApplyGeneration(15))}: awase_windows::runtime::executor: [dispatch-ime] ImmCross async: optimistic applied_snapshot=true (suppress send_engine_state_ime_key)
2026-09-19T23:08:06.322197Z DEBUG execute_one{generation=Some(ApplyGeneration(15))}: awase_windows::platform: [engine-state-key] skipped (apply_ime_open aligned ime=true, profile=Standard)
2026-09-19T23:08:06.324064Z DEBUG run_open_chain_async: awase_windows::ime_controller: [warrant-shadow] chain=async open=true origin=EventOrigin { source: SelfActuated { strategy: "engine_decision_async" }, epoch: Generation(0) } warranted
2026-09-19T23:08:06.324184Z  INFO run_open_chain_async:imm_cross_write{open=true}: awase_windows::runtime::open_chain: [apply-ime] ImmCross async: open=true composition_active=false show_seq=0 change_seq=0 (issue #138診断)
2026-09-19T23:08:06.325812Z DEBUG awase_windows::shadow_send_trace: [shadow-send] channel=ImeControl cmd=0x0006 lparam=1 issue_us=56071695
2026-09-19T23:08:06.325820Z DEBUG awase_windows::ime: set_ime_open_for_target: hwnd=HWND(0xfd29fc) ime_wnd=HWND(0xab1f7e) open=true success=true send_elapsed=0ms candidate_visible=false
2026-09-19T23:08:06.325930Z DEBUG run_open_chain_async:imm_cross_write{open=true}: awase_windows::ime: [imm-cross-actuate] hwnd=HWND(0xfd29fc) open=Written conv=Some(Written)
2026-09-19T23:08:06.325973Z DEBUG run_open_chain_async:imm_cross_write{open=true}: awase_windows::runtime::open_chain: [apply-ime] ROMAN 補完結果: Written
2026-09-19T23:08:06.326023Z DEBUG run_open_chain_async: awase::journal: actuation decision seq=252 elapsed_ms=56072 site="DispatchImeSetOpen" caller="None" open=true chain_len=4 attempts_len=1 gate_profile="Standard" gate_kind="Gji" gate_shadow_known=true gate_shadow_on=true gate_input_mode="Assumed
2026-09-19T23:08:06.326278Z DEBUG on_ime_apply_complete{open=true outcome=AppliedWithoutSendInput generation=Some(ApplyGeneration(15)) reason=EngineDecision}: awase::journal: ime open applied seq=253 elapsed_ms=56072 open=true outcome="AppliedWithoutSendInput" reason="EngineDecision"
2026-09-19T23:08:06.326330Z DEBUG on_ime_apply_complete{open=true outcome=AppliedWithoutSendInput generation=Some(ApplyGeneration(15)) reason=EngineDecision}: awase::journal: ime event seq=254 elapsed_ms=56072 event_kind="ImeApplySucceeded"
2026-09-19T23:08:06.326340Z DEBUG on_ime_apply_complete{open=true outcome=AppliedWithoutSendInput generation=Some(ApplyGeneration(15)) reason=EngineDecision}: awase_windows::tsf::ime_mode_fsm: [ime-mode] SetOpen(true) applied → Hiragana (belief, unconfirmed)
2026-09-19T23:08:06.326352Z DEBUG on_ime_apply_complete{open=true outcome=AppliedWithoutSendInput generation=Some(ApplyGeneration(15)) reason=EngineDecision}: awase_windows::platform: [composition] ImeEffect::SetOpen(true) → marking cold
2026-09-19T23:08:06.326360Z DEBUG on_ime_apply_complete{open=true outcome=AppliedWithoutSendInput generation=Some(ApplyGeneration(15)) reason=EngineDecision}: awase_windows::tsf::probe: [composition] marked cold reason=SetOpenTrue idle=16250ms → next VK/TSF output will send VK_DBE_HIRAGANA warmup
2026-09-19T23:08:06.326381Z DEBUG on_ime_apply_complete{open=true outcome=AppliedWithoutSendInput generation=Some(ApplyGeneration(15)) reason=EngineDecision}:gji_on_event{event=ImeOn { injection_mode: Unicode, gji_idle_ms: 9625 }}: awase_windows::tsf::gji_fsm: [gji-fsm] ImeOn: already on (OnWarm), i
2026-09-19T23:08:06.326426Z DEBUG awase::journal: gji fsm transition seq=255 elapsed_ms=56072 trigger="ImeOn(gji_idle_ms=9625)" state_before="OnWarm" state_after="OnWarm"
2026-09-19T23:08:06.355947Z DEBUG awase_windows::runtime::ime_refresh: Explicit intent: bypassing typing-idle guard for IME verify (idle=31ms)
2026-09-19T23:08:06.355978Z DEBUG awase_windows::observer::ime_observer: IME snapshot: japanese=Some(true) ime_on=Some(true) romaji=None conv=Some("0x00000010") guard=false
2026-09-19T23:08:06.356029Z DEBUG awase::journal: ime event seq=256 elapsed_ms=56102 event_kind="ObserverReported"
2026-09-19T23:08:06.356045Z DEBUG awase::journal: ime event seq=257 elapsed_ms=56102 event_kind="InputModeObserved"
2026-09-19T23:08:06.356076Z DEBUG awase::engine::engine: [diag-engine-active] ime_on=true なのに非活性: reason=Inactive(NotRomajiInput) romaji_capable=false japanese=true user_enabled=true was_active=true input_mode=ObservedEisu
2026-09-19T23:08:06.356094Z  INFO awase::engine::nicola_fsm: flush_pending(ImeOff, from=PendingThumb(vk=0x1C,left=false)): flushed 0 action(s)
2026-09-19T23:08:06.356120Z  INFO awase::engine::engine: Engine deactivated (ime=true, romaji=false, japanese=true, user=true, reason=Inactive(NotRomajiInput))
2026-09-19T23:08:06.356176Z DEBUG execute_from_loop:execute_one{generation=None}: awase_windows::runtime::executor: [reinject] vk=0x1c up (queued passthrough now firing)
2026-09-19T23:08:06.446308Z DEBUG awase_windows::runtime::key_pipeline: [engine-input] vk=0x1C KeyUp ts=56191968us delay=0ms state=Idle mods(c=false s=false a=false w=false) gas_ctrl=false phys_ctrl=false extra=0x5350494B pending_drain=0 gate_active=false l_thumb=None r_thumb=None [diag-ctx] ime_on=
2026-09-19T23:08:06.446396Z DEBUG awase::engine::engine: [diag-engine-active] ime_on=true なのに非活性: reason=Inactive(NotRomajiInput) romaji_capable=false japanese=true user_enabled=true was_active=false input_mode=ObservedEisu
2026-09-19T23:08:06.446466Z DEBUG awase::journal: key input seq=258 elapsed_ms=56192 vk_code=28 is_down=false injected=false key_class="RightThumb" state_before="Idle" state_after="Idle" decision="PassThrough" physical="Allow" repeat_count=1 last_timestamp_us=56191968 last_elapsed_ms=0
2026-09-19T23:08:06.446548Z DEBUG execute_one{generation=None}: awase_windows::runtime::executor: [reinject] vk=0x1c up (queued passthrough now firing)
2026-09-19T23:08:06.892354Z DEBUG awase_windows::tsf::gji_fsm: [gji-fsm] LongIdle timeout → OnCold(Long, NotStarted)
2026-09-19T23:08:06.892376Z DEBUG awase::journal: gji fsm transition seq=259 elapsed_ms=56638 trigger="LongIdleTimeout" state_before="OnWarm" state_after="OnCold(Long)"
2026-09-19T23:08:08.811741Z DEBUG awase_windows::runtime::key_pipeline: [shadow-toggle] vk=0x1CはFSM delegate所有 → belief書き込み/actuationをスキップ w_ops0=109750 x_ops0=243229 x_KB0=23.5
2026-09-19T23:08:08.811763Z DEBUG awase_windows::runtime::key_pipeline: [shadow-toggle] no-op: vk=0x1C action=TurnOn source=PhysicalImeKey effective_open は既に true → apply-ime 見送り
2026-09-19T23:08:08.811784Z DEBUG awase::journal: ime event seq=260 elapsed_ms=58557 event_kind="InputModeApplied"
2026-09-19T23:08:08.811795Z  INFO awase_windows::runtime::key_pipeline: [shadow-toggle] TurnOn (IME既にopen) + ObservedEisu → AssumedRomaji に リセット (UserTurnOnEisuReset)
2026-09-19T23:08:08.811815Z DEBUG awase_windows::runtime::key_pipeline: [engine-input] vk=0x1C KeyDown ts=58557568us delay=0ms state=Idle mods(c=false s=false a=false w=false) gas_ctrl=false phys_ctrl=false extra=0x5350494B pending_drain=0 gate_active=false l_thumb=None r_thumb=Some(58557556) [diag-
2026-09-19T23:08:08.811837Z  INFO awase::engine::engine: Engine activated (ime=true, romaji=true, japanese=true, user=true, reason=Active)
2026-09-19T23:08:08.811884Z DEBUG awase::journal: key input seq=261 elapsed_ms=58557 vk_code=28 is_down=true injected=false key_class="RightThumb" state_before="Idle" state_after="PendingThumb(vk=0x1C,left=false)" decision="Consume" physical="Allow" repeat_count=1 last_timestamp_us=58557568 last_ela
2026-09-19T23:08:08.811904Z DEBUG awase::journal: ime event seq=262 elapsed_ms=58557 event_kind="EngineActivationSync"
2026-09-19T23:08:08.811914Z DEBUG awase::journal: ime event seq=263 elapsed_ms=58558 event_kind="ImeApplyRequested"
2026-09-19T23:08:08.811920Z  INFO awase_windows::runtime::key_pipeline: IME control: preconditions.ime_on = true (SetOpenRequest, origin=ActivationSync), was_open_before=true last_intent_before=Some(true) poll suspended
2026-09-19T23:08:08.812033Z DEBUG execute_one{generation=Some(ApplyGeneration(16))}:dispatch_ime_set_open{open=true generation=Some(ApplyGeneration(16))}: awase_windows::runtime::executor: [dispatch-ime] ImmCross async: optimistic applied_snapshot=true (suppress send_engine_state_ime_key)
2026-09-19T23:08:08.813302Z DEBUG execute_one{generation=Some(ApplyGeneration(16))}: awase_windows::platform: [engine-state-key] skipped (apply_ime_open aligned ime=true, profile=Standard)
2026-09-19T23:08:08.816540Z DEBUG run_open_chain_async: awase_windows::ime_controller: [warrant-shadow] chain=async open=true origin=EventOrigin { source: SelfActuated { strategy: "engine_decision_async" }, epoch: Generation(0) } warranted
2026-09-19T23:08:08.816651Z  INFO run_open_chain_async:imm_cross_write{open=true}: awase_windows::runtime::open_chain: [apply-ime] ImmCross async: open=true composition_active=false show_seq=0 change_seq=0 (issue #138診断)
2026-09-19T23:08:08.818895Z DEBUG awase_windows::shadow_send_trace: [shadow-send] channel=ImeControl cmd=0x0006 lparam=1 issue_us=58564650
2026-09-19T23:08:08.818911Z DEBUG awase_windows::ime: set_ime_open_for_target: hwnd=HWND(0xfd29fc) ime_wnd=HWND(0xab1f7e) open=true success=true send_elapsed=0ms candidate_visible=false
2026-09-19T23:08:08.819051Z DEBUG run_open_chain_async:imm_cross_write{open=true}: awase_windows::ime: [imm-cross-actuate] hwnd=HWND(0xfd29fc) open=Written conv=Some(Written)
2026-09-19T23:08:08.819087Z DEBUG run_open_chain_async:imm_cross_write{open=true}: awase_windows::runtime::open_chain: [apply-ime] ROMAN 補完結果: Written
2026-09-19T23:08:08.819119Z DEBUG run_open_chain_async: awase::journal: actuation decision seq=264 elapsed_ms=58565 site="DispatchImeSetOpen" caller="None" open=true chain_len=4 attempts_len=1 gate_profile="Standard" gate_kind="Gji" gate_shadow_known=true gate_shadow_on=true gate_input_mode="Assumed
2026-09-19T23:08:08.819513Z DEBUG on_ime_apply_complete{open=true outcome=AppliedWithoutSendInput generation=Some(ApplyGeneration(16)) reason=EngineDecision}: awase::journal: ime open applied seq=265 elapsed_ms=58565 open=true outcome="AppliedWithoutSendInput" reason="EngineDecision"
2026-09-19T23:08:08.819632Z DEBUG on_ime_apply_complete{open=true outcome=AppliedWithoutSendInput generation=Some(ApplyGeneration(16)) reason=EngineDecision}: awase::journal: ime event seq=266 elapsed_ms=58565 event_kind="ImeApplySucceeded"
2026-09-19T23:08:08.819658Z DEBUG on_ime_apply_complete{open=true outcome=AppliedWithoutSendInput generation=Some(ApplyGeneration(16)) reason=EngineDecision}: awase_windows::tsf::ime_mode_fsm: [ime-mode] SetOpen(true) applied → Hiragana (belief, unconfirmed)
2026-09-19T23:08:08.819682Z DEBUG on_ime_apply_complete{open=true outcome=AppliedWithoutSendInput generation=Some(ApplyGeneration(16)) reason=EngineDecision}: awase_windows::platform: [composition] ImeEffect::SetOpen(true) → marking cold
2026-09-19T23:08:08.819756Z DEBUG on_ime_apply_complete{open=true outcome=AppliedWithoutSendInput generation=Some(ApplyGeneration(16)) reason=EngineDecision}: awase_windows::tsf::probe: [composition] marked cold reason=SetOpenTrue idle=18750ms → next VK/TSF output will send VK_DBE_HIRAGANA warmup
2026-09-19T23:08:08.819805Z DEBUG on_ime_apply_complete{open=true outcome=AppliedWithoutSendInput generation=Some(ApplyGeneration(16)) reason=EngineDecision}:gji_on_event{event=ImeOn { injection_mode: Unicode, gji_idle_ms: 12125 }}: awase_windows::tsf::gji_fsm: [gji-fsm] ImeOn: already on (OnCold(Lo
2026-09-19T23:08:08.819910Z DEBUG awase::journal: gji fsm transition seq=267 elapsed_ms=58565 trigger="ImeOn(gji_idle_ms=12125)" state_before="OnCold(Long)" state_after="OnCold(Long)"
2026-09-19T23:08:08.859600Z DEBUG awase_windows::runtime::ime_refresh: Explicit intent: bypassing typing-idle guard for IME verify (idle=47ms)
2026-09-19T23:08:08.859627Z DEBUG awase_windows::observer::ime_observer: IME snapshot: japanese=Some(true) ime_on=Some(true) romaji=None conv=Some("0x00000010") guard=false
2026-09-19T23:08:08.859666Z DEBUG awase::journal: ime event seq=268 elapsed_ms=58605 event_kind="ObserverReported"
2026-09-19T23:08:08.859680Z DEBUG awase::journal: ime event seq=269 elapsed_ms=58605 event_kind="InputModeObserved"
2026-09-19T23:08:08.859705Z DEBUG awase::engine::engine: [diag-engine-active] ime_on=true なのに非活性: reason=Inactive(NotRomajiInput) romaji_capable=false japanese=true user_enabled=true was_active=true input_mode=ObservedEisu
2026-09-19T23:08:08.859723Z  INFO awase::engine::nicola_fsm: flush_pending(ImeOff, from=PendingThumb(vk=0x1C,left=false)): flushed 0 action(s)
2026-09-19T23:08:08.859746Z  INFO awase::engine::engine: Engine deactivated (ime=true, romaji=false, japanese=true, user=true, reason=Inactive(NotRomajiInput))
2026-09-19T23:08:08.859797Z DEBUG execute_from_loop:execute_one{generation=None}: awase_windows::runtime::executor: [reinject] vk=0x1c up (queued passthrough now firing)
2026-09-19T23:08:08.935843Z DEBUG awase_windows::runtime::key_pipeline: [engine-input] vk=0x1C KeyUp ts=58681671us delay=0ms state=Idle mods(c=false s=false a=false w=false) gas_ctrl=false phys_ctrl=false extra=0x5350494B pending_drain=0 gate_active=false l_thumb=None r_thumb=None [diag-ctx] ime_on=
2026-09-19T23:08:08.935873Z DEBUG awase::engine::engine: [diag-engine-active] ime_on=true なのに非活性: reason=Inactive(NotRomajiInput) romaji_capable=false japanese=true user_enabled=true was_active=false input_mode=ObservedEisu
2026-09-19T23:08:08.935910Z DEBUG awase::journal: key input seq=270 elapsed_ms=58681 vk_code=28 is_down=false injected=false key_class="RightThumb" state_before="Idle" state_after="Idle" decision="PassThrough" physical="Allow" repeat_count=1 last_timestamp_us=58681671 last_elapsed_ms=0
2026-09-19T23:08:08.935981Z DEBUG execute_one{generation=None}: awase_windows::runtime::executor: [reinject] vk=0x1c up (queued passthrough now firing)
2026-09-19T23:08:11.314768Z DEBUG awase_windows::runtime::key_pipeline: [shadow-toggle] vk=0x1CはFSM delegate所有 → belief書き込み/actuationをスキップ w_ops0=109750 x_ops0=243229 x_KB0=23.5
2026-09-19T23:08:11.314803Z DEBUG awase_windows::runtime::key_pipeline: [shadow-toggle] no-op: vk=0x1C action=TurnOn source=PhysicalImeKey effective_open は既に true → apply-ime 見送り
2026-09-19T23:08:11.314843Z DEBUG awase::journal: ime event seq=271 elapsed_ms=61060 event_kind="InputModeApplied"
2026-09-19T23:08:11.314865Z  INFO awase_windows::runtime::key_pipeline: [shadow-toggle] TurnOn (IME既にopen) + ObservedEisu → AssumedRomaji に リセット (UserTurnOnEisuReset)
2026-09-19T23:08:11.314895Z DEBUG awase_windows::runtime::key_pipeline: [engine-input] vk=0x1C KeyDown ts=61060441us delay=0ms state=Idle mods(c=false s=false a=false w=false) gas_ctrl=false phys_ctrl=false extra=0x5350494B pending_drain=0 gate_active=false l_thumb=None r_thumb=Some(61060427) [diag-
2026-09-19T23:08:11.314931Z  INFO awase::engine::engine: Engine activated (ime=true, romaji=true, japanese=true, user=true, reason=Active)
2026-09-19T23:08:11.315031Z DEBUG awase::journal: key input seq=272 elapsed_ms=61061 vk_code=28 is_down=true injected=false key_class="RightThumb" state_before="Idle" state_after="PendingThumb(vk=0x1C,left=false)" decision="Consume" physical="Allow" repeat_count=1 last_timestamp_us=61060441 last_ela
2026-09-19T23:08:11.315085Z DEBUG awase::journal: ime event seq=273 elapsed_ms=61061 event_kind="EngineActivationSync"
2026-09-19T23:08:11.315116Z DEBUG awase::journal: ime event seq=274 elapsed_ms=61061 event_kind="ImeApplyRequested"
2026-09-19T23:08:11.315131Z  INFO awase_windows::runtime::key_pipeline: IME control: preconditions.ime_on = true (SetOpenRequest, origin=ActivationSync), was_open_before=true last_intent_before=Some(true) poll suspended
2026-09-19T23:08:11.315452Z DEBUG execute_one{generation=Some(ApplyGeneration(17))}:dispatch_ime_set_open{open=true generation=Some(ApplyGeneration(17))}: awase_windows::runtime::executor: [dispatch-ime] ImmCross async: optimistic applied_snapshot=true (suppress send_engine_state_ime_key)
2026-09-19T23:08:11.316819Z DEBUG execute_one{generation=Some(ApplyGeneration(17))}: awase_windows::platform: [engine-state-key] skipped (apply_ime_open aligned ime=true, profile=Standard)
2026-09-19T23:08:11.318380Z DEBUG run_open_chain_async: awase_windows::ime_controller: [warrant-shadow] chain=async open=true origin=EventOrigin { source: SelfActuated { strategy: "engine_decision_async" }, epoch: Generation(0) } warranted
2026-09-19T23:08:11.318418Z  INFO run_open_chain_async:imm_cross_write{open=true}: awase_windows::runtime::open_chain: [apply-ime] ImmCross async: open=true composition_active=false show_seq=0 change_seq=0 (issue #138診断)
2026-09-19T23:08:11.320805Z DEBUG awase_windows::shadow_send_trace: [shadow-send] channel=ImeControl cmd=0x0006 lparam=1 issue_us=61066540
2026-09-19T23:08:11.320813Z DEBUG awase_windows::ime: set_ime_open_for_target: hwnd=HWND(0xfd29fc) ime_wnd=HWND(0xab1f7e) open=true success=true send_elapsed=0ms candidate_visible=false
2026-09-19T23:08:11.321033Z DEBUG run_open_chain_async:imm_cross_write{open=true}: awase_windows::ime: [imm-cross-actuate] hwnd=HWND(0xfd29fc) open=Written conv=Some(Written)
2026-09-19T23:08:11.321053Z DEBUG run_open_chain_async:imm_cross_write{open=true}: awase_windows::runtime::open_chain: [apply-ime] ROMAN 補完結果: Written
2026-09-19T23:08:11.321083Z DEBUG run_open_chain_async: awase::journal: actuation decision seq=275 elapsed_ms=61067 site="DispatchImeSetOpen" caller="None" open=true chain_len=4 attempts_len=1 gate_profile="Standard" gate_kind="Gji" gate_shadow_known=true gate_shadow_on=true gate_input_mode="Assumed
2026-09-19T23:08:11.321519Z DEBUG on_ime_apply_complete{open=true outcome=AppliedWithoutSendInput generation=Some(ApplyGeneration(17)) reason=EngineDecision}: awase::journal: ime open applied seq=276 elapsed_ms=61067 open=true outcome="AppliedWithoutSendInput" reason="EngineDecision"
2026-09-19T23:08:11.321617Z DEBUG on_ime_apply_complete{open=true outcome=AppliedWithoutSendInput generation=Some(ApplyGeneration(17)) reason=EngineDecision}: awase::journal: ime event seq=277 elapsed_ms=61067 event_kind="ImeApplySucceeded"
2026-09-19T23:08:11.321643Z DEBUG on_ime_apply_complete{open=true outcome=AppliedWithoutSendInput generation=Some(ApplyGeneration(17)) reason=EngineDecision}: awase_windows::tsf::ime_mode_fsm: [ime-mode] SetOpen(true) applied → Hiragana (belief, unconfirmed)
2026-09-19T23:08:11.321666Z DEBUG on_ime_apply_complete{open=true outcome=AppliedWithoutSendInput generation=Some(ApplyGeneration(17)) reason=EngineDecision}: awase_windows::platform: [composition] ImeEffect::SetOpen(true) → marking cold
2026-09-19T23:08:11.321686Z DEBUG on_ime_apply_complete{open=true outcome=AppliedWithoutSendInput generation=Some(ApplyGeneration(17)) reason=EngineDecision}: awase_windows::tsf::probe: [composition] marked cold reason=SetOpenTrue idle=21250ms → next VK/TSF output will send VK_DBE_HIRAGANA warmup
2026-09-19T23:08:11.321729Z DEBUG on_ime_apply_complete{open=true outcome=AppliedWithoutSendInput generation=Some(ApplyGeneration(17)) reason=EngineDecision}:gji_on_event{event=ImeOn { injection_mode: Unicode, gji_idle_ms: 14625 }}: awase_windows::tsf::gji_fsm: [gji-fsm] ImeOn: already on (OnCold(Lo
2026-09-19T23:08:11.321828Z DEBUG awase::journal: gji fsm transition seq=278 elapsed_ms=61067 trigger="ImeOn(gji_idle_ms=14625)" state_before="OnCold(Long)" state_after="OnCold(Long)"
2026-09-19T23:08:11.366227Z DEBUG awase_windows::runtime::ime_refresh: Explicit intent: bypassing typing-idle guard for IME verify (idle=47ms)
2026-09-19T23:08:11.366266Z DEBUG awase_windows::observer::ime_observer: IME snapshot: japanese=Some(true) ime_on=Some(true) romaji=None conv=Some("0x00000010") guard=false
2026-09-19T23:08:11.366312Z DEBUG awase::journal: ime event seq=279 elapsed_ms=61112 event_kind="ObserverReported"
2026-09-19T23:08:11.366327Z DEBUG awase::journal: ime event seq=280 elapsed_ms=61112 event_kind="InputModeObserved"
2026-09-19T23:08:11.366357Z DEBUG awase::engine::engine: [diag-engine-active] ime_on=true なのに非活性: reason=Inactive(NotRomajiInput) romaji_capable=false japanese=true user_enabled=true was_active=true input_mode=ObservedEisu
2026-09-19T23:08:11.366376Z  INFO awase::engine::nicola_fsm: flush_pending(ImeOff, from=PendingThumb(vk=0x1C,left=false)): flushed 0 action(s)
2026-09-19T23:08:11.366402Z  INFO awase::engine::engine: Engine deactivated (ime=true, romaji=false, japanese=true, user=true, reason=Inactive(NotRomajiInput))
2026-09-19T23:08:11.366468Z DEBUG execute_from_loop:execute_one{generation=None}: awase_windows::runtime::executor: [reinject] vk=0x1c up (queued passthrough now firing)
2026-09-19T23:08:11.439771Z DEBUG awase_windows::runtime::key_pipeline: [engine-input] vk=0x1C KeyUp ts=61185602us delay=0ms state=Idle mods(c=false s=false a=false w=false) gas_ctrl=false phys_ctrl=false extra=0x5350494B pending_drain=0 gate_active=false l_thumb=None r_thumb=None [diag-ctx] ime_on=
2026-09-19T23:08:11.439801Z DEBUG awase::engine::engine: [diag-engine-active] ime_on=true なのに非活性: reason=Inactive(NotRomajiInput) romaji_capable=false japanese=true user_enabled=true was_active=false input_mode=ObservedEisu
2026-09-19T23:08:11.439841Z DEBUG awase::journal: key input seq=281 elapsed_ms=61185 vk_code=28 is_down=false injected=false key_class="RightThumb" state_before="Idle" state_after="Idle" decision="PassThrough" physical="Allow" repeat_count=1 last_timestamp_us=61185602 last_elapsed_ms=0
2026-09-19T23:08:11.439916Z DEBUG execute_one{generation=None}: awase_windows::runtime::executor: [reinject] vk=0x1c up (queued passthrough now firing)
2026-09-19T23:08:13.883717Z DEBUG awase_windows::hook: [hook] IME-mode vk=0xF0 up self_injected=false injected=false scan=0x70 extra=0x5350494B since_actuation_us=Some(30272716)
2026-09-19T23:08:13.883907Z DEBUG awase::journal: hook ime-mode diagnostic seq=282 elapsed_ms=63629 vk_code=240 is_down=false self_injected=false injected=false scan=112
2026-09-19T23:08:13.883947Z DEBUG awase_windows::hook: [hook] IME-mode vk=0xF2 down self_injected=false injected=false scan=0x70 extra=0x5350494B since_actuation_us=Some(30272966)
2026-09-19T23:08:13.884072Z DEBUG awase_windows::runtime::key_pipeline: [engine-input] vk=0xF0 KeyUp ts=63629810us delay=0ms state=Idle mods(c=false s=false a=false w=false) gas_ctrl=false phys_ctrl=false extra=0x5350494B pending_drain=0 gate_active=false l_thumb=None r_thumb=None [diag-ctx] ime_on=
2026-09-19T23:08:13.884106Z DEBUG awase::engine::engine: [diag-engine-active] ime_on=true なのに非活性: reason=Inactive(NotRomajiInput) romaji_capable=false japanese=true user_enabled=true was_active=false input_mode=ObservedEisu
2026-09-19T23:08:13.884220Z DEBUG awase::journal: key input seq=283 elapsed_ms=63630 vk_code=240 is_down=false injected=false key_class="Passthrough" state_before="Idle" state_after="Idle" decision="PassThrough" physical="Suppress" repeat_count=1 last_timestamp_us=63629810 last_elapsed_ms=0
2026-09-19T23:08:13.884268Z DEBUG awase_windows::runtime::key_pipeline: [imm-cross] key suppress vk=0xf0 KeyUp (physical disposition)
2026-09-19T23:08:13.884318Z DEBUG awase::journal: hook ime-mode diagnostic seq=284 elapsed_ms=63630 vk_code=242 is_down=true self_injected=false injected=false scan=112
2026-09-19T23:08:13.884393Z  INFO awase_windows::runtime::key_pipeline: [shadow-toggle] intent 昇格: vk=0xF2 scan=0x70 action=TurnOn kind=PhysicalImeKey injected=false true→true w_ops0=109750 x_ops0=243229 x_KB0=23.5
2026-09-19T23:08:13.884431Z DEBUG awase::journal: ime event seq=285 elapsed_ms=63630 event_kind="UserImeSetIntent"
2026-09-19T23:08:13.884454Z DEBUG awase_windows::runtime::key_pipeline: [shadow-toggle] no-op: vk=0xF2 action=TurnOn source=PhysicalImeKey effective_open は既に true → apply-ime 見送り
2026-09-19T23:08:13.884484Z DEBUG awase::journal: ime event seq=286 elapsed_ms=63630 event_kind="InputModeApplied"
2026-09-19T23:08:13.884499Z  INFO awase_windows::runtime::key_pipeline: [shadow-toggle] TurnOn (IME既にopen) + ObservedEisu → AssumedRomaji に リセット (UserTurnOnEisuReset)
2026-09-19T23:08:13.884517Z DEBUG awase_windows::runtime::key_pipeline: [engine-input] vk=0xF2 KeyDown ts=63629989us delay=0ms state=Idle mods(c=false s=false a=false w=false) gas_ctrl=false phys_ctrl=false extra=0x5350494B pending_drain=0 gate_active=false l_thumb=None r_thumb=None [diag-ctx] ime_o
2026-09-19T23:08:13.884548Z  INFO awase::engine::engine: Engine activated (ime=true, romaji=true, japanese=true, user=true, reason=Active)
2026-09-19T23:08:13.884605Z DEBUG awase::journal: key input seq=287 elapsed_ms=63630 vk_code=242 is_down=true injected=false key_class="Passthrough" state_before="Idle" state_after="Idle" decision="PassThroughWith" physical="Allow" repeat_count=1 last_timestamp_us=63629989 last_elapsed_ms=0
2026-09-19T23:08:13.884654Z DEBUG awase::journal: ime event seq=288 elapsed_ms=63630 event_kind="EngineActivationSync"
2026-09-19T23:08:13.884684Z DEBUG awase::journal: ime event seq=289 elapsed_ms=63630 event_kind="ImeApplyRequested"
2026-09-19T23:08:13.884700Z  INFO awase_windows::runtime::key_pipeline: IME control: preconditions.ime_on = true (SetOpenRequest, origin=ActivationSync), was_open_before=true last_intent_before=Some(true) poll suspended
2026-09-19T23:08:13.884740Z DEBUG awase_windows::runtime::key_pipeline: may_change_ime key passed through → IME refresh scheduled (20ms)
2026-09-19T23:08:13.884761Z DEBUG awase_windows::tsf::probe: [composition] marked cold reason=F2NonTsf idle=23812ms → next VK/TSF output will send VK_DBE_HIRAGANA warmup
2026-09-19T23:08:13.884825Z DEBUG execute_from_hook: awase_windows::runtime::executor: [relay-flush] PassThroughWith: queue 2 effect(s) + reinject (vk=0xf2 down)
2026-09-19T23:08:13.884873Z DEBUG awase::journal: gji fsm transition seq=290 elapsed_ms=63630 trigger="CompositionReset(gji_idle_ms=17187)" state_before="OnCold(Long)" state_after="OnCold(Long)"
2026-09-19T23:08:13.884992Z DEBUG execute_one{generation=Some(ApplyGeneration(18))}:dispatch_ime_set_open{open=true generation=Some(ApplyGeneration(18))}: awase_windows::runtime::executor: [dispatch-ime] ImmCross async: optimistic applied_snapshot=true (suppress send_engine_state_ime_key)
2026-09-19T23:08:13.886262Z DEBUG execute_one{generation=Some(ApplyGeneration(18))}: awase_windows::platform: [engine-state-key] skipped (apply_ime_open aligned ime=true, profile=Standard)
2026-09-19T23:08:13.886337Z DEBUG execute_one{generation=Some(ApplyGeneration(18))}: awase_windows::runtime::executor: [reinject] vk=0xf2 down (queued passthrough now firing)
2026-09-19T23:08:13.886572Z DEBUG awase_windows::hook: [hook] IME-mode vk=0xF0 up self_injected=true injected=false scan=0x0 extra=0x4B45594D since_actuation_us=Some(30275587)
2026-09-19T23:08:13.889366Z DEBUG awase_windows::hook: [hook] IME-mode vk=0xF2 down self_injected=true injected=true scan=0x0 extra=0x4B45594D since_actuation_us=Some(30278372)
2026-09-19T23:08:13.890402Z DEBUG awase::journal: hook ime-mode diagnostic seq=291 elapsed_ms=63636 vk_code=240 is_down=false self_injected=true injected=false scan=0
2026-09-19T23:08:13.890438Z DEBUG awase::journal: hook ime-mode diagnostic seq=292 elapsed_ms=63636 vk_code=242 is_down=true self_injected=true injected=true scan=0
2026-09-19T23:08:13.890638Z DEBUG run_open_chain_async: awase_windows::ime_controller: [warrant-shadow] chain=async open=true origin=EventOrigin { source: SelfActuated { strategy: "engine_decision_async" }, epoch: Generation(0) } warranted
2026-09-19T23:08:13.890680Z  INFO run_open_chain_async:imm_cross_write{open=true}: awase_windows::runtime::open_chain: [apply-ime] ImmCross async: open=true composition_active=false show_seq=0 change_seq=0 (issue #138診断)
2026-09-19T23:08:13.897584Z DEBUG awase_windows::tsf::gji_monitor: [gji-io] WRITE: w_ops=+2 w_KB=+0.0 (r_ops=+4 x_ops=+4 x_KB=+0.0)
2026-09-19T23:08:13.900780Z DEBUG awase_windows::shadow_send_trace: [shadow-send] channel=ImeControl cmd=0x0006 lparam=1 issue_us=63645431
2026-09-19T23:08:13.900796Z DEBUG awase_windows::ime: set_ime_open_for_target: hwnd=HWND(0xfd29fc) ime_wnd=HWND(0xab1f7e) open=true success=true send_elapsed=1ms candidate_visible=false
2026-09-19T23:08:13.901461Z DEBUG run_open_chain_async:imm_cross_write{open=true}: awase_windows::ime: [imm-cross-actuate] hwnd=HWND(0xfd29fc) open=Written conv=Some(Written)
2026-09-19T23:08:13.901514Z DEBUG run_open_chain_async:imm_cross_write{open=true}: awase_windows::runtime::open_chain: [apply-ime] ROMAN 補完結果: Written
2026-09-19T23:08:13.901560Z DEBUG run_open_chain_async: awase::journal: actuation decision seq=293 elapsed_ms=63647 site="DispatchImeSetOpen" caller="None" open=true chain_len=4 attempts_len=1 gate_profile="Standard" gate_kind="Gji" gate_shadow_known=true gate_shadow_on=true gate_input_mode="Assumed
2026-09-19T23:08:13.902446Z DEBUG on_ime_apply_complete{open=true outcome=AppliedWithoutSendInput generation=Some(ApplyGeneration(18)) reason=EngineDecision}: awase::journal: ime open applied seq=294 elapsed_ms=63648 open=true outcome="AppliedWithoutSendInput" reason="EngineDecision"
2026-09-19T23:08:13.902517Z DEBUG on_ime_apply_complete{open=true outcome=AppliedWithoutSendInput generation=Some(ApplyGeneration(18)) reason=EngineDecision}: awase::journal: ime event seq=295 elapsed_ms=63648 event_kind="ImeApplySucceeded"
2026-09-19T23:08:13.902530Z DEBUG on_ime_apply_complete{open=true outcome=AppliedWithoutSendInput generation=Some(ApplyGeneration(18)) reason=EngineDecision}: awase_windows::tsf::ime_mode_fsm: [ime-mode] SetOpen(true) applied → Hiragana (belief, unconfirmed)
2026-09-19T23:08:13.902545Z DEBUG on_ime_apply_complete{open=true outcome=AppliedWithoutSendInput generation=Some(ApplyGeneration(18)) reason=EngineDecision}: awase_windows::platform: [composition] ImeEffect::SetOpen(true) → marking cold
2026-09-19T23:08:13.902556Z DEBUG on_ime_apply_complete{open=true outcome=AppliedWithoutSendInput generation=Some(ApplyGeneration(18)) reason=EngineDecision}: awase_windows::tsf::probe: [composition] marked cold reason=SetOpenTrue idle=23828ms → next VK/TSF output will send VK_DBE_HIRAGANA warmup
2026-09-19T23:08:13.902581Z DEBUG on_ime_apply_complete{open=true outcome=AppliedWithoutSendInput generation=Some(ApplyGeneration(18)) reason=EngineDecision}:gji_on_event{event=ImeOn { injection_mode: Unicode, gji_idle_ms: 0 }}: awase_windows::tsf::gji_fsm: [gji-fsm] ImeOn: already on (OnCold(Long))
2026-09-19T23:08:13.902637Z DEBUG awase::journal: gji fsm transition seq=296 elapsed_ms=63648 trigger="ImeOn(gji_idle_ms=0)" state_before="OnCold(Long)" state_after="OnCold(Long)"
2026-09-19T23:08:13.948293Z DEBUG awase_windows::runtime::ime_refresh: Explicit intent: bypassing typing-idle guard for IME verify (idle=63ms)
2026-09-19T23:08:13.948343Z DEBUG awase_windows::observer::ime_observer: IME snapshot: japanese=Some(true) ime_on=Some(true) romaji=Some(true) conv=Some("0x00000019") guard=false
2026-09-19T23:08:13.948429Z DEBUG awase::journal: ime event seq=297 elapsed_ms=63694 event_kind="ObserverReported"
2026-09-19T23:08:13.948466Z DEBUG awase::journal: ime event seq=298 elapsed_ms=63694 event_kind="InputModeObserved"
2026-09-19T23:08:14.571751Z DEBUG awase_windows::runtime::key_pipeline: [engine-input] vk=0x4B KeyDown ts=64317569us delay=0ms state=Idle mods(c=false s=false a=false w=false) gas_ctrl=false phys_ctrl=false extra=0x5350494B pending_drain=0 gate_active=false l_thumb=None r_thumb=None [diag-ctx] ime_o
2026-09-19T23:08:14.571824Z DEBUG awase::journal: key input seq=299 elapsed_ms=64317 vk_code=75 is_down=true injected=false key_class="Char" state_before="Idle" state_after="PendingChar(vk=0x4B)" decision="Consume" physical="Allow" repeat_count=1 last_timestamp_us=64317569 last_elapsed_ms=0
2026-09-19T23:08:14.680658Z DEBUG execute_from_loop:execute_one{generation=None}: awase_windows::output: send_keys: mode=Unicode actions=[Char('き')] prev_elapsed=24609ms
2026-09-19T23:08:14.680680Z DEBUG execute_from_loop:execute_one{generation=None}: awase_windows::tsf::probe: [mark-send] last_send_ms=335328734
2026-09-19T23:08:14.680694Z DEBUG execute_from_loop:execute_one{generation=None}: awase_windows::output:   → Char('き') via Unicode
2026-09-19T23:08:14.680706Z DEBUG execute_from_loop:execute_one{generation=None}: awase_windows::tsf::probe: [mark-send] last_send_ms=335328734
2026-09-19T23:08:14.680774Z DEBUG execute_from_loop:execute_one{generation=None}: awase_windows::output: [unicode-cold-warmup] cold=0 VK_IME_ON 送信 (ひらがなモード切替)
2026-09-19T23:08:14.680809Z DEBUG execute_from_loop:execute_one{generation=None}: awase_windows::shadow_send_trace: [shadow-send] channel=SendInput kind=kanji_marker vk=[16] issue_us=64426788
2026-09-19T23:08:14.681024Z DEBUG awase_windows::hook: [hook] IME-mode vk=0x16 down self_injected=true injected=true scan=0x0 extra=0x4B45594A since_actuation_us=Some(226)
2026-09-19T23:08:14.683236Z DEBUG awase_windows::hook: [hook] IME-mode vk=0x16 up self_injected=true injected=true scan=0x0 extra=0x4B45594A since_actuation_us=Some(2438)
2026-09-19T23:08:14.684446Z DEBUG execute_from_loop:execute_one{generation=None}: awase_windows::tsf::ime_mode_fsm: [ime-mode] VK_IME_ON 送信 → Hiragana (belief, unconfirmed)
2026-09-19T23:08:14.684482Z DEBUG execute_from_loop:execute_one{generation=None}: awase_windows::output: [unicode-cold-warmup] cold=0 VK_A+BS 犠牲キー送信 (gji_write_bytes 上昇待ち)
2026-09-19T23:08:14.694235Z  INFO execute_from_loop:execute_one{generation=None}: awase_windows::platform: [unicode-cold-warmup] cold=0 long-cold Unicode warm-up: VK_IME_ON+VK_A+BS → 1 chars defer
2026-09-19T23:08:14.694314Z DEBUG execute_from_loop:execute_one{generation=None}: awase_windows::tsf::warmup::unicode_cold_warmup_fsm: [unicode-cold-warmup] cold=0 FSM 開始: 1 chars deferred, baseline_bytes=184531536
2026-09-19T23:08:14.695981Z DEBUG awase_windows::tsf::gji_monitor: [gji-io] WRITE: w_ops=+4 w_KB=+0.4 (r_ops=+8 x_ops=+8 x_KB=+0.0)
2026-09-19T23:08:14.708484Z DEBUG awase::journal: hook ime-mode diagnostic seq=302 elapsed_ms=64454 vk_code=22 is_down=true self_injected=true injected=true scan=0
2026-09-19T23:08:14.708519Z DEBUG awase::journal: hook ime-mode diagnostic seq=303 elapsed_ms=64454 vk_code=22 is_down=false self_injected=true injected=true scan=0
2026-09-19T23:08:14.711119Z  INFO awase_windows::tsf::win_event_obs: [gji-obs] candidate SHOW #8: last_gji_write=15ms ago
2026-09-19T23:08:14.718833Z DEBUG awase_windows::platform: [gji-fsm] StartComposition (candidate SHOW)
2026-09-19T23:08:14.718926Z DEBUG gji_on_event{event=StartComposition}: awase_windows::tsf::gji_fsm: [gji-fsm] StartComposition while cold (no probe) → AlreadyWarm
2026-09-19T23:08:14.719002Z DEBUG awase_windows::output: [tsf-probe-tick] cold=0 t=335328765ms
2026-09-19T23:08:14.719017Z  INFO awase_windows::tsf::warmup::unicode_cold_warmup_fsm: [unicode-cold-warmup] cold=0 gji_wrote=true timed_out=false elapsed=10ms write_delta=368 candidate_show_changed=true candidate_visible_now=true ime_composition_active_now=false (BUG-112仮説の診断ログ、挙動は変えない)
2026-09-19T23:08:14.719036Z DEBUG awase_windows::tsf::warmup::unicode_cold_warmup_fsm: [unicode-cold-warmup] cold=0 gji_wrote=true timed_out=false elapsed=10ms → 1 chars 送信
2026-09-19T23:08:14.719063Z DEBUG dispatch_probe_actions: awase_windows::output::probe_io: [unicode-cold-warmup] FlushDeferredUnicodeChars: 1 chars 送信
2026-09-19T23:08:14.751265Z DEBUG awase::journal: gji fsm transition seq=304 elapsed_ms=64465 trigger="StartComposition(candidate SHOW)" state_before="OnCold(Long)" state_after="OnComposing(Warm)"
2026-09-19T23:08:14.751278Z DEBUG awase::journal: gji fsm transition seq=305 elapsed_ms=64497 trigger="TsfProbeTick(#1, skipped=0)" state_before="OnComposing(Warm)" state_after="OnComposing(Warm)"
2026-09-19T23:08:14.751285Z DEBUG awase::journal: tsf probe completed seq=306 elapsed_ms=64497 outcome="Done" cold_seq=0 cold_seq_present=true probe_id=18446744073709551615 probe_id_present=false duration_ms=62 tick_count=1 gji_state="OnComposing(Warm)"
2026-09-19T23:08:14.759160Z DEBUG awase_windows::tsf::gji_monitor: [gji-io] WRITE: w_ops=+2 w_KB=+0.3 (r_ops=+4 x_ops=+4 x_KB=+0.0)
2026-09-19T23:08:14.760872Z  INFO awase_windows::tsf::win_event_obs: [gji-obs] candidate HIDE: last_gji_write=0ms ago
2026-09-19T23:08:14.784534Z  INFO awase_windows::tsf::win_event_obs: [gji-obs] candidate SHOW #9: last_gji_write=16ms ago
2026-09-19T23:08:14.790201Z DEBUG awase_windows::tsf::gji_monitor: [gji-io] WRITE: w_ops=+2 w_KB=+0.3 (r_ops=+4 x_ops=+4 x_KB=+0.0)
2026-09-19T23:08:14.825035Z DEBUG awase_windows::runtime::key_pipeline: [engine-input] vk=0x4B KeyUp ts=64570788us delay=0ms state=Idle mods(c=false s=false a=false w=false) gas_ctrl=false phys_ctrl=false extra=0x5350494B pending_drain=0 gate_active=false l_thumb=None r_thumb=None [diag-ctx] ime_on=
2026-09-19T23:08:14.825148Z DEBUG awase::journal: key input seq=307 elapsed_ms=64571 vk_code=75 is_down=false injected=false key_class="Char" state_before="Idle" state_after="Idle" decision="Consume" physical="Allow" repeat_count=1 last_timestamp_us=64570788 last_elapsed_ms=0
2026-09-19T23:08:14.825310Z DEBUG execute_one{generation=None}: awase_windows::output: send_keys: mode=Unicode actions=[Suppress] prev_elapsed=141ms
2026-09-19T23:08:14.825348Z DEBUG execute_one{generation=None}: awase_windows::tsf::probe: [mark-send] last_send_ms=335328875
2026-09-19T23:08:14.825427Z DEBUG execute_one{generation=None}: awase_windows::output:   → Suppress
2026-09-19T23:08:14.825459Z DEBUG execute_one{generation=None}: awase_windows::tsf::probe: [mark-send] last_send_ms=335328875
2026-09-19T23:08:14.825553Z DEBUG execute_one{generation=None}: awase_windows::platform: [gji-fsm] StartComposition (candidate SHOW)
2026-09-19T23:08:14.825658Z DEBUG execute_one{generation=None}:gji_on_event{event=StartComposition}: awase_windows::tsf::gji_fsm: [gji-fsm] StartComposition: already composing, ignored
2026-09-19T23:08:14.825689Z DEBUG execute_one{generation=None}: awase_windows::platform: [gji-fsm] EndComposition (candidate HIDE) epoch=FocusEpoch(7)
2026-09-19T23:08:14.825852Z DEBUG awase::journal: gji fsm transition seq=308 elapsed_ms=64571 trigger="StartComposition(candidate SHOW)" state_before="OnComposing(Warm)" state_after="OnComposing(Warm)"
2026-09-19T23:08:14.825863Z DEBUG awase::journal: gji fsm transition seq=309 elapsed_ms=64571 trigger="EndComposition(candidate HIDE, epoch=FocusEpoch(7))" state_before="OnComposing(Warm)" state_after="OnWarm"
2026-09-19T23:08:15.072575Z DEBUG awase_windows::runtime::key_pipeline: [engine-input] vk=0x1B KeyDown ts=64818288us delay=0ms state=Idle mods(c=false s=false a=false w=false) gas_ctrl=false phys_ctrl=false extra=0x5350494B pending_drain=0 gate_active=false l_thumb=None r_thumb=None [diag-ctx] ime_o
2026-09-19T23:08:15.072677Z DEBUG awase::journal: key input seq=310 elapsed_ms=64818 vk_code=27 is_down=true injected=false key_class="Passthrough" state_before="Idle" state_after="Idle" decision="PassThrough" physical="Allow" repeat_count=1 last_timestamp_us=64818288 last_elapsed_ms=0
2026-09-19T23:08:15.072766Z DEBUG execute_from_hook: awase_windows::runtime::executor: [relay-passthrough] PassThrough idle: direct OS pass-through (vk=0x1b down)
2026-09-19T23:08:15.072840Z DEBUG execute_one{generation=None}: awase_windows::runtime::executor: [reinject] vk=0x1b down (queued passthrough now firing)
2026-09-19T23:08:15.080128Z  INFO awase_windows::tsf::win_event_obs: [gji-obs] candidate HIDE: last_gji_write=282ms ago
2026-09-19T23:08:15.086177Z DEBUG awase_windows::tsf::gji_monitor: [gji-io] WRITE: w_ops=+2 w_KB=+0.3 (r_ops=+4 x_ops=+4 x_KB=+0.0)
2026-09-19T23:08:15.259512Z DEBUG awase_windows::runtime::key_pipeline: [engine-input] vk=0x1B KeyUp ts=65005299us delay=0ms state=Idle mods(c=false s=false a=false w=false) gas_ctrl=false phys_ctrl=false extra=0x5350494B pending_drain=0 gate_active=false l_thumb=None r_thumb=None [diag-ctx] ime_on=
2026-09-19T23:08:15.259574Z DEBUG awase::journal: key input seq=311 elapsed_ms=65005 vk_code=27 is_down=false injected=false key_class="Passthrough" state_before="Idle" state_after="Idle" decision="PassThrough" physical="Allow" repeat_count=1 last_timestamp_us=65005299 last_elapsed_ms=0
2026-09-19T23:08:15.259623Z DEBUG execute_from_hook: awase_windows::runtime::executor: [relay-passthrough] PassThrough idle: direct OS pass-through (vk=0x1b up)
2026-09-19T23:08:15.259656Z DEBUG execute_one{generation=None}: awase_windows::runtime::executor: [reinject] vk=0x1b up (queued passthrough now firing)
2026-09-19T23:08:18.565927Z DEBUG awase_windows::tsf::gji_monitor: [gji-io] WRITE: w_ops=+1 w_KB=+0.0 (r_ops=+2 x_ops=+2 x_KB=+0.0)
2026-09-19T23:08:18.588841Z DEBUG awase_windows::runtime: [focus-sync] hwnd=0x3042C class="CASCADIA_HOSTING_WINDOW_CLASS" app_kind=Win32 hint=ForceTsf → mode=Tsf
2026-09-19T23:08:18.588899Z DEBUG awase_windows::runtime: [focus-sync] belief=ON かつ実状態を問い合わせられないプロファイル (profile=Imm32Unavailable) → 次の入力で再プライムするため cold mark
2026-09-19T23:08:18.588917Z DEBUG awase_windows::tsf::probe: [composition] marked cold reason=FocusChange idle=3765ms → next VK/TSF output will send VK_DBE_HIRAGANA warmup
2026-09-19T23:08:18.588947Z DEBUG awase_windows::tsf::tsf_gate: [tsf-gate] focus change → PendingWarmup (held cleared)
2026-09-19T23:08:18.590193Z DEBUG awase_windows::runtime: [focus-sync] hwnd=0x30580 class="Windows.UI.Composition.DesktopWindowContentBridge" app_kind=Win32 hint=Default → mode=Unicode
2026-09-19T23:08:18.590230Z DEBUG awase_windows::output: [tsf-gate] focus change while PendingWarmup — held バッファを保持して再初期化スキップ (Chrome等の連続フォーカスイベント対策)
2026-09-19T23:08:18.591797Z DEBUG awase_windows::runtime: [focus-sync] hwnd=0x5058A class="Windows.UI.Input.InputSite.WindowClass" app_kind=Uwp hint=ForceTsf → mode=Tsf
2026-09-19T23:08:18.591820Z DEBUG awase_windows::runtime: [focus-sync] belief=ON かつ実状態を問い合わせられないプロファイル (profile=TsfNative) → 次の入力で再プライムするため cold mark
2026-09-19T23:08:18.591835Z DEBUG awase_windows::tsf::probe: [composition] marked cold reason=FocusChange idle=3765ms → next VK/TSF output will send VK_DBE_HIRAGANA warmup
2026-09-19T23:08:18.591849Z DEBUG awase_windows::output: [tsf-gate] focus change while PendingWarmup — held バッファを保持して再初期化スキップ (Chrome等の連続フォーカスイベント対策)
2026-09-19T23:08:18.663526Z  INFO apply_focus_probe_result: awase_windows::runtime::focus_tracking: AppKind changed: Win32 → Uwp (class=Windows.UI.Input.InputSite.WindowClass)
2026-09-19T23:08:18.674624Z DEBUG apply_focus_probe_result: awase_windows::runtime::focus_tracking: Focus kind changed: TextInput → Undetermined (reason=Undetermined)
2026-09-19T23:08:18.675219Z DEBUG apply_focus_probe_result: awase::journal: focus transition seq=312 elapsed_ms=68421 changed_process=true changed_window=true changed_app_kind=true changed_focus_kind=true dwell_ms=60343 profile="TsfNative"
2026-09-19T23:08:18.676258Z  INFO apply_focus_probe_result: awase_windows::runtime::focus_tracking: FocusChange [49064→19612] Windows.UI.Input.InputSite.WindowClass: stale ime_on=true intent=Some(true) mode=ObservedRomaji japanese=true
2026-09-19T23:08:18.676289Z DEBUG apply_focus_probe_result: awase_windows::tsf::probe: [composition] focus changed → marked cold
2026-09-19T23:08:18.676316Z DEBUG apply_focus_probe_result: awase_windows::runtime: [keymap] active rules recomputed: 0 rule(s) for process="windowsterminal.exe"
2026-09-19T23:08:18.676334Z DEBUG apply_focus_probe_result: awase_windows::runtime::focus_tracking: [keymap] active rules updated on focus change: 0 rule(s) (hwnd=HWND(0x5058a) kind=Undetermined focus_epoch=3)
2026-09-19T23:08:18.676380Z DEBUG apply_focus_probe_result:reduce: awase_windows::state::ime_model: [explicit-intent] cleared (focus change)
2026-09-19T23:08:18.676410Z DEBUG apply_focus_probe_result: awase::journal: ime event seq=313 elapsed_ms=68422 event_kind="FocusChanged"
2026-09-19T23:08:18.676473Z DEBUG apply_focus_probe_result: awase_windows::runtime::focus_tracking: [focus] TsfNative/SSOT: cache restore スキップ (desired_open=true cache_hwnd=Some(329098) new_hwnd=329098) — 最初のキー入力で dispatch_ime が apply
2026-09-19T23:08:18.677330Z DEBUG awase_windows::runtime::ime_refresh: Skipping IMM query for known-broken class (shadow state SSOT)
2026-09-19T23:08:18.677349Z DEBUG awase_windows::observer::gji_observer: [gji-poll] GJI I/O 109ms ago predates focus change (109ms before focus) → skipped
2026-09-19T23:08:18.677371Z DEBUG awase_windows::runtime::ime_refresh: [composition] focus change → marking cold
2026-09-19T23:08:18.677384Z DEBUG awase_windows::tsf::probe: [composition] marked cold reason=FocusChange idle=3843ms → next VK/TSF output will send VK_DBE_HIRAGANA warmup
2026-09-19T23:08:18.677428Z DEBUG gji_on_event{event=FocusChange { injection_mode: Tsf, gji_idle_ms: 109 }}: awase_windows::tsf::gji_fsm: [gji-fsm] FocusChange gji_idle=109ms → Short
2026-09-19T23:08:18.677720Z DEBUG awase_windows::platform: [gji-fsm] StartProbe probe_id=ProbeId(2) forces_f2=false long=false
2026-09-19T23:08:18.677747Z DEBUG awase_windows::tsf::ime_mode_fsm: [ime-mode] FocusChange → Unknown
2026-09-19T23:08:18.677904Z DEBUG awase::journal: gji fsm transition seq=314 elapsed_ms=68423 trigger="FocusChange(gji_idle_ms=109)" state_before="OnWarm" state_after="OnCold(Short)"
2026-09-19T23:08:18.677932Z DEBUG awase::journal: tsf probe started seq=315 elapsed_ms=68423 source="GjiAction::StartProbe" cold_seq=0 probe_id=2 probe_id_present=true gji_state="OnCold(Short)" consecutive_at_start=0 pending_deferred_len=0
2026-09-19T23:08:18.678025Z DEBUG awase_windows::shadow_send_trace: [shadow-send] channel=SendInput kind=tsf_marker_warmup vk=[16] issue_us=68424001
2026-09-19T23:08:18.678217Z DEBUG awase_windows::hook: [hook] IME-mode vk=0x16 down self_injected=true injected=true scan=0xF2 extra=0x4B455946 since_actuation_us=Some(208)
2026-09-19T23:08:18.680987Z DEBUG awase_windows::hook: [hook] IME-mode vk=0x16 up self_injected=true injected=true scan=0xF2 extra=0x4B455946 since_actuation_us=Some(2964)
2026-09-19T23:08:18.683156Z  INFO awase_windows::output: [tsf-eager-warmup] VK_IME_ON 送信 (origin=gated), eager_warmup_sent_ms=335332734ms
2026-09-19T23:08:18.683220Z DEBUG awase_windows::runtime::ime_refresh: [composition] FocusChange: send_eager_tsf_warmup called (ime_on via warmup_ime_on())
2026-09-19T23:08:18.684830Z DEBUG awase_windows::platform: [ime-mode] FocusProbe: GJI actuation との交錯を検知 → hint更新をabandon
2026-09-19T23:08:18.685181Z DEBUG awase::journal: hook ime-mode diagnostic seq=316 elapsed_ms=68431 vk_code=22 is_down=true self_injected=true injected=true scan=242
2026-09-19T23:08:18.685251Z DEBUG awase::journal: hook ime-mode diagnostic seq=317 elapsed_ms=68431 vk_code=22 is_down=false self_injected=true injected=true scan=242
2026-09-19T23:08:18.691032Z DEBUG awase_windows::tsf::gji_monitor: [gji-io] WRITE: w_ops=+1 w_KB=+0.0 (r_ops=+2 x_ops=+2 x_KB=+0.0)
2026-09-19T23:08:25.321823Z  WARN awase_windows::runtime::message_handlers: Hook watchdog: no activity for 6641ms (OS全体の最終入力は6641ms前、OSも無操作のため単なるアイドルの可能性が高い)
2026-09-19T23:08:28.331365Z  WARN awase_windows::runtime::message_handlers: Hook watchdog: no activity for 9641ms (OS全体の最終入力は9641ms前、OSも無操作のため単なるアイドルの可能性が高い)
script error: Output type incorrect: bool (expecting ())
