2026-09-19T22:26:57.002060Z DEBUG awase_windows::runtime: [focus-sync] hwnd=0xA5371A class="ImeKeyMatrixSpikeWindowClass" app_kind=Win32 hint=Default → mode=Unicode
2026-09-19T22:26:57.002121Z DEBUG awase_windows::tsf::tsf_gate: [tsf-gate] focus change → PendingWarmup (held cleared)
2026-09-19T22:26:57.108517Z DEBUG awase_windows::runtime: [focus-sync] hwnd=0xCA3BA2 class="Edit" app_kind=Win32 hint=Default → mode=Unicode
2026-09-19T22:26:57.108577Z DEBUG awase_windows::output: [tsf-gate] focus change while PendingWarmup — held バッファを保持して再初期化スキップ (Chrome等の連続フォーカスイベント対策)
2026-09-19T22:26:57.160456Z  INFO apply_focus_probe_result: awase_windows::runtime::focus_tracking: AppKind changed: Uwp → Win32 (class=ImeKeyMatrixSpikeWindowClass)
2026-09-19T22:26:57.166094Z DEBUG apply_focus_probe_result: awase::journal: focus transition seq=2477 elapsed_ms=644966 changed_process=true changed_window=true changed_app_kind=true changed_focus_kind=false dwell_ms=52562 profile="ImmCross"
2026-09-19T22:26:57.166402Z  INFO apply_focus_probe_result: awase_windows::runtime::focus_tracking: FocusChange [19612→32232] ImeKeyMatrixSpikeWindowClass: stale ime_on=true intent=Some(true) mode=ObservedRomaji japanese=true
2026-09-19T22:26:57.166440Z DEBUG apply_focus_probe_result: awase_windows::tsf::probe: [composition] focus changed → marked cold
2026-09-19T22:26:57.166465Z DEBUG apply_focus_probe_result: awase_windows::runtime: [keymap] active rules recomputed: 0 rule(s) for process="ime_key_matrix_spike.exe"
2026-09-19T22:26:57.166486Z DEBUG apply_focus_probe_result: awase_windows::runtime::focus_tracking: [keymap] active rules updated on focus change: 0 rule(s) (hwnd=HWND(0xa5371a) kind=Undetermined focus_epoch=48)
2026-09-19T22:26:57.166525Z DEBUG apply_focus_probe_result:reduce: awase_windows::state::ime_model: [explicit-intent] cleared (focus change)
2026-09-19T22:26:57.166557Z DEBUG apply_focus_probe_result: awase::journal: ime event seq=2478 elapsed_ms=644967 event_kind="FocusChanged"
2026-09-19T22:26:57.166624Z DEBUG apply_focus_probe_result: awase_windows::runtime::focus_tracking: [focus] Imm32Unavailable hard pre-sync applied=true (prevent spurious VK_KANJI on first character key)
2026-09-19T22:26:57.166669Z DEBUG apply_focus_probe_result:gji_on_event{event=ImeOn { injection_mode: Unicode, gji_idle_ms: 24047 }}: awase_windows::tsf::gji_fsm: [gji-fsm] ImeOn: already on (OnCold(Long)), ignored
2026-09-19T22:26:57.166712Z DEBUG apply_focus_probe_result: awase::journal: gji fsm transition seq=2479 elapsed_ms=644967 trigger="ImeOn(gji_idle_ms=24047)" state_before="OnCold(Long)" state_after="OnCold(Long)"
2026-09-19T22:26:57.167747Z DEBUG awase_windows::observer::ime_observer: IME snapshot: japanese=Some(true) ime_on=None romaji=None conv=Some("0x00000009") guard=false
2026-09-19T22:26:57.167796Z DEBUG awase_windows::runtime::ime_refresh: ObserverPoll +0ms since focus: detection failed (miss=1), stale ime_on=true mode=ObservedRomaji
2026-09-19T22:26:57.171292Z DEBUG awase_windows::ime_diagnostic: [ime-diag] label=focus_changed t=332851218 hwnd=0x0 pid=0 tid=37732 class="" hkl=04110411 lang=0411 imm_bridge=true imc_open=- imc_conv=- shadow_on=false shadow_romaji=false shadow_jp=false inject=Unknown dt_focus_ms=- dt_activity_ms=-
2026-09-19T22:26:57.171349Z DEBUG awase_windows::runtime::ime_refresh: [composition] focus change → marking cold
2026-09-19T22:26:57.171386Z DEBUG awase_windows::tsf::probe: [composition] marked cold reason=FocusChange idle=56734ms → next VK/TSF output will send VK_DBE_HIRAGANA warmup
2026-09-19T22:26:57.171458Z DEBUG gji_on_event{event=FocusChange { injection_mode: Unicode, gji_idle_ms: 24047 }}: awase_windows::tsf::gji_fsm: [gji-fsm] FocusChange gji_idle=24047ms → Long
2026-09-19T22:26:57.171525Z DEBUG awase_windows::tsf::ime_mode_fsm: [ime-mode] FocusChange → Unknown
2026-09-19T22:26:57.171977Z DEBUG awase::journal: gji fsm transition seq=2480 elapsed_ms=644972 trigger="FocusChange(gji_idle_ms=24047)" state_before="OnCold(Long)" state_after="OnCold(Long)"
2026-09-19T22:26:57.172051Z DEBUG awase_windows::runtime::ime_refresh: [composition] FocusChange: send_eager_tsf_warmup called (ime_on via warmup_ime_on())
2026-09-19T22:26:57.179714Z DEBUG awase_windows::ime: [idle-conv-check-diag] focused_hwnd=HWND(0xca3ba2) ime_wnd=Some(HWND(0x841c7a))
2026-09-19T22:26:57.184293Z DEBUG awase_windows::tsf::ime_mode_fsm: [ime-mode] cold hint: Unknown → Hiragana (conv=0x00000009, unconfirmed)
2026-09-19T22:26:57.185492Z DEBUG awase::journal: ime event seq=2481 elapsed_ms=644986 event_kind="ObserverReported"
2026-09-19T22:26:57.185520Z DEBUG awase_windows::runtime::focus_tracking: [ImmCrossProbe/focus] child-hwnd IME=false → High confidence 観測記録
2026-09-19T22:26:57.226293Z DEBUG awase_windows::runtime: [focus-sync] hwnd=0x952866 class="RICHEDIT50W" app_kind=Win32 hint=Default → mode=Unicode
2026-09-19T22:26:57.226379Z DEBUG awase_windows::tsf::tsf_gate: [tsf-gate] focus change → PendingWarmup (held cleared)
2026-09-19T22:26:57.247449Z DEBUG awase_windows::runtime: [focus-sync] hwnd=0xCA3BA2 class="Edit" app_kind=Win32 hint=Default → mode=Unicode
2026-09-19T22:26:57.247492Z DEBUG awase_windows::output: [tsf-gate] focus change while PendingWarmup — held バッファを保持して再初期化スキップ (Chrome等の連続フォーカスイベント対策)
2026-09-19T22:26:57.321037Z DEBUG apply_focus_probe_result: awase_windows::runtime::focus_tracking: Focus kind changed: Undetermined → TextInput (reason=KnownTextClass(Edit))
2026-09-19T22:26:57.321166Z DEBUG apply_focus_probe_result:reduce: awase_windows::state::observation_store: [focus-hwnd-track] update_focus_window: current_fence.hwnd HwndId(10827546) -> HwndId(13253538)
2026-09-19T22:26:57.321211Z DEBUG apply_focus_probe_result: awase::journal: ime event seq=2482 elapsed_ms=645122 event_kind="FocusHwndUpdated"
2026-09-19T22:26:57.321248Z DEBUG apply_focus_probe_result: awase::journal: focus transition seq=2483 elapsed_ms=645122 changed_process=false changed_window=true changed_app_kind=false changed_focus_kind=true dwell_ms=157 profile="ImmCross"
2026-09-19T22:26:57.321510Z DEBUG awase_windows::state::observation_store: [identity-gate] hwnd不一致で除外: source=ImmCrossProbe obs_hwnd=HwndId(10827546) current_hwnd=HwndId(13253538) confidence=High
2026-09-19T22:26:57.321529Z DEBUG awase_windows::state::observation_store: [identity-gate] hwnd不一致で除外: source=ImmCrossProbe obs_hwnd=HwndId(10827546) current_hwnd=HwndId(13253538) confidence=High
2026-09-19T22:26:57.321569Z DEBUG awase_windows::state::observation_store: [identity-gate] hwnd不一致で除外: source=ImmCrossProbe obs_hwnd=HwndId(10827546) current_hwnd=HwndId(13253538) confidence=High
2026-09-19T22:26:57.321584Z DEBUG awase_windows::state::observation_store: [identity-gate] hwnd不一致で除外: source=ImmCrossProbe obs_hwnd=HwndId(10827546) current_hwnd=HwndId(13253538) confidence=High
2026-09-19T22:26:57.321609Z DEBUG awase_windows::observer::ime_observer: IME snapshot: japanese=Some(true) ime_on=Some(false) romaji=None conv=Some("0x00000009") guard=false
2026-09-19T22:26:57.321685Z DEBUG awase::journal: ime event seq=2484 elapsed_ms=645122 event_kind="ObserverReported"
2026-09-19T22:26:57.321703Z DEBUG awase_windows::state::observation_store: [identity-gate] hwnd不一致で除外: source=ImmCrossProbe obs_hwnd=HwndId(10827546) current_hwnd=HwndId(13253538) confidence=High
2026-09-19T22:26:57.321719Z DEBUG awase_windows::state::observation_store: [identity-gate] hwnd不一致で除外: source=ImmCrossProbe obs_hwnd=HwndId(10827546) current_hwnd=HwndId(13253538) confidence=High
2026-09-19T22:26:57.321756Z DEBUG awase_windows::state::observation_store: [identity-gate] hwnd不一致で除外: source=ImmCrossProbe obs_hwnd=HwndId(10827546) current_hwnd=HwndId(13253538) confidence=High
2026-09-19T22:26:57.321773Z DEBUG awase_windows::state::observation_store: [identity-gate] hwnd不一致で除外: source=ImmCrossProbe obs_hwnd=HwndId(10827546) current_hwnd=HwndId(13253538) confidence=High
2026-09-19T22:26:57.321831Z  INFO awase::engine::engine: Engine deactivated (ime=false, romaji=true, japanese=true, user=true, reason=Inactive(ImeOff))
2026-09-19T22:26:57.321989Z DEBUG execute_from_loop:execute_one{generation=None}:dispatch_ime_set_open{open=false generation=None}: awase_windows::runtime::executor: [dispatch-ime] ImmCross async: optimistic applied_snapshot=false (suppress send_engine_state_ime_key)
2026-09-19T22:26:57.322022Z DEBUG execute_from_loop:execute_one{generation=None}:dispatch_ime_set_open{open=false generation=None}: awase_windows::state::observation_store: [identity-gate] hwnd不一致で除外: source=ImmCrossProbe obs_hwnd=HwndId(10827546) current_hwnd=HwndId(13253538) confidence=High
2026-09-19T22:26:57.322052Z DEBUG execute_from_loop:execute_one{generation=None}:dispatch_ime_set_open{open=false generation=None}: awase_windows::state::observation_store: [identity-gate] hwnd不一致で除外: source=ImmCrossProbe obs_hwnd=HwndId(10827546) current_hwnd=HwndId(13253538) confidence=High
2026-09-19T22:26:57.323274Z DEBUG execute_from_loop:execute_one{generation=None}: awase_windows::platform: [engine-state-key] suppressed (polling/focus-triggered, enabled=false)
2026-09-19T22:26:57.323533Z  WARN awase_windows::runtime::message_handlers: Hook watchdog: no activity for 24219ms (OS全体の最終入力は6985ms前、OSも無操作のため単なるアイドルの可能性が高い)
2026-09-19T22:26:57.324798Z DEBUG run_open_chain_async: awase_windows::ime_controller: [warrant-shadow] chain=async open=false origin=EventOrigin { source: SelfActuated { strategy: "engine_decision_async" }, epoch: Generation(0) } warranted
2026-09-19T22:26:57.324838Z  INFO run_open_chain_async:imm_cross_write{open=false}: awase_windows::runtime::open_chain: [apply-ime] ImmCross async: open=false composition_active=false show_seq=0 change_seq=0 (issue #138診断)
2026-09-19T22:26:57.327346Z DEBUG awase_windows::shadow_send_trace: [shadow-send] channel=ImeControl cmd=0x0006 lparam=0 issue_us=645127926
2026-09-19T22:26:57.327355Z DEBUG awase_windows::ime: set_ime_open_for_target: hwnd=HWND(0xca3ba2) ime_wnd=HWND(0x841c7a) open=false success=true send_elapsed=0ms candidate_visible=false
2026-09-19T22:26:57.327442Z DEBUG run_open_chain_async:imm_cross_write{open=false}: awase_windows::ime: [imm-cross-actuate] hwnd=HWND(0xca3ba2) open=Written conv=None
2026-09-19T22:26:57.327533Z DEBUG run_open_chain_async: awase::journal: actuation decision seq=2485 elapsed_ms=645128 site="DispatchImeSetOpen" caller="None" open=false chain_len=4 attempts_len=1 gate_profile="Standard" gate_kind="Gji" gate_shadow_known=true gate_shadow_on=true gate_input_mode="Obse
2026-09-19T22:26:57.327799Z DEBUG on_ime_apply_complete{open=false outcome=AppliedWithoutSendInput generation=None reason=EngineDecision}: awase::journal: ime open applied seq=2486 elapsed_ms=645128 open=false outcome="AppliedWithoutSendInput" reason="EngineDecision"
2026-09-19T22:26:57.327873Z DEBUG on_ime_apply_complete{open=false outcome=AppliedWithoutSendInput generation=None reason=EngineDecision}: awase_windows::tsf::ime_mode_fsm: [ime-mode] SetOpen(false) applied → Off (belief, unconfirmed)
2026-09-19T22:26:57.327897Z DEBUG on_ime_apply_complete{open=false outcome=AppliedWithoutSendInput generation=None reason=EngineDecision}: awase_windows::platform: [composition] ImeEffect::SetOpen(false) → marking cold (prevent warm+TSF Enter leak)
2026-09-19T22:26:57.327917Z DEBUG on_ime_apply_complete{open=false outcome=AppliedWithoutSendInput generation=None reason=EngineDecision}: awase_windows::tsf::probe: [composition] marked cold reason=SetOpenFalse idle=56891ms → next VK/TSF output will send VK_DBE_HIRAGANA warmup
2026-09-19T22:26:57.328036Z DEBUG awase::journal: gji fsm transition seq=2487 elapsed_ms=645128 trigger="ImeOff" state_before="OnCold(Long)" state_after="OffCold"
2026-09-19T22:26:57.365175Z DEBUG awase_windows::state::observation_store: [identity-gate] hwnd不一致で除外: source=ImmCrossProbe obs_hwnd=HwndId(10827546) current_hwnd=HwndId(13253538) confidence=High
2026-09-19T22:26:57.365187Z DEBUG awase_windows::state::observation_store: [identity-gate] hwnd不一致で除外: source=ImmCrossProbe obs_hwnd=HwndId(10827546) current_hwnd=HwndId(13253538) confidence=High
2026-09-19T22:26:57.365206Z DEBUG awase_windows::state::observation_store: [identity-gate] hwnd不一致で除外: source=ImmCrossProbe obs_hwnd=HwndId(10827546) current_hwnd=HwndId(13253538) confidence=High
2026-09-19T22:26:57.365213Z DEBUG awase_windows::state::observation_store: [identity-gate] hwnd不一致で除外: source=ImmCrossProbe obs_hwnd=HwndId(10827546) current_hwnd=HwndId(13253538) confidence=High
2026-09-19T22:26:57.365227Z DEBUG awase_windows::observer::ime_observer: IME snapshot: japanese=Some(true) ime_on=Some(false) romaji=None conv=Some("0x00000009") guard=false
2026-09-19T22:26:57.365266Z DEBUG awase::journal: ime event seq=2488 elapsed_ms=645166 event_kind="ObserverReported"
2026-09-19T22:26:57.365277Z DEBUG awase_windows::state::observation_store: [identity-gate] hwnd不一致で除外: source=ImmCrossProbe obs_hwnd=HwndId(10827546) current_hwnd=HwndId(13253538) confidence=High
2026-09-19T22:26:57.365284Z DEBUG awase_windows::state::observation_store: [identity-gate] hwnd不一致で除外: source=ImmCrossProbe obs_hwnd=HwndId(10827546) current_hwnd=HwndId(13253538) confidence=High
2026-09-19T22:26:57.365302Z DEBUG awase_windows::state::observation_store: [identity-gate] hwnd不一致で除外: source=ImmCrossProbe obs_hwnd=HwndId(10827546) current_hwnd=HwndId(13253538) confidence=High
2026-09-19T22:26:57.365309Z DEBUG awase_windows::state::observation_store: [identity-gate] hwnd不一致で除外: source=ImmCrossProbe obs_hwnd=HwndId(10827546) current_hwnd=HwndId(13253538) confidence=High
2026-09-19T22:26:57.595678Z DEBUG awase_windows::runtime::message_handlers: [drain] vk=0x1C KeyDown
2026-09-19T22:26:57.595695Z DEBUG awase_windows::runtime::message_handlers: [output-drain] replay vk=0x1C KeyDown event_ts=645396035us now=645396438us delta=0ms
2026-09-19T22:26:57.595735Z DEBUG awase_windows::state::observation_store: [identity-gate] hwnd不一致で除外: source=ImmCrossProbe obs_hwnd=HwndId(10827546) current_hwnd=HwndId(13253538) confidence=High
2026-09-19T22:26:57.595764Z DEBUG awase_windows::state::observation_store: [identity-gate] hwnd不一致で除外: source=ImmCrossProbe obs_hwnd=HwndId(10827546) current_hwnd=HwndId(13253538) confidence=High
2026-09-19T22:26:57.595861Z DEBUG awase_windows::state::observation_store: [identity-gate] hwnd不一致で除外: source=ImmCrossProbe obs_hwnd=HwndId(10827546) current_hwnd=HwndId(13253538) confidence=High
2026-09-19T22:26:57.595884Z DEBUG awase_windows::state::observation_store: [identity-gate] hwnd不一致で除外: source=ImmCrossProbe obs_hwnd=HwndId(10827546) current_hwnd=HwndId(13253538) confidence=High
2026-09-19T22:26:57.595909Z  INFO awase_windows::runtime::key_pipeline: [shadow-toggle] intent 昇格: vk=0x1C scan=0x79 action=Toggle kind=PhysicalImeKey injected=false false→true w_ops0=108231 x_ops0=239761 x_KB0=23.2
2026-09-19T22:26:57.596045Z DEBUG awase::journal: ime event seq=2489 elapsed_ms=645396 event_kind="UserImeSetIntent"
2026-09-19T22:26:57.596090Z DEBUG awase_windows::runtime::key_pipeline: Shadow IME toggle: OFF → ON (vk=0x1C, source=PhysicalImeKey)
2026-09-19T22:26:57.596119Z DEBUG awase_windows::runtime::key_pipeline: [engine-input] vk=0x1C KeyDown ts=645396035us delay=0ms state=Idle mods(c=false s=false a=false w=false) gas_ctrl=false phys_ctrl=false extra=0x5350494B pending_drain=0 gate_active=false l_thumb=None r_thumb=Some(645396018) [dia
2026-09-19T22:26:57.596160Z  INFO awase::engine::engine: Engine activated (ime=true, romaji=true, japanese=true, user=true, reason=Active)
2026-09-19T22:26:57.596262Z DEBUG awase::journal: key input seq=2490 elapsed_ms=645397 vk_code=28 is_down=true injected=false key_class="RightThumb" state_before="Idle" state_after="PendingThumb(vk=0x1C,left=false)" decision="Consume" physical="Allow" repeat_count=1 last_timestamp_us=645396035 last_
2026-09-19T22:26:57.596362Z DEBUG awase::journal: ime event seq=2491 elapsed_ms=645397 event_kind="EngineActivationSync"
2026-09-19T22:26:57.596400Z DEBUG awase::journal: ime event seq=2492 elapsed_ms=645397 event_kind="ImeApplyRequested"
2026-09-19T22:26:57.596419Z  INFO awase_windows::runtime::key_pipeline: IME control: preconditions.ime_on = true (SetOpenRequest, origin=ActivationSync), was_open_before=true last_intent_before=Some(true) poll suspended
2026-09-19T22:26:57.596916Z DEBUG execute_one{generation=Some(ApplyGeneration(57))}:dispatch_ime_set_open{open=true generation=Some(ApplyGeneration(57))}: awase_windows::runtime::executor: [dispatch-ime] ImmCross async: optimistic applied_snapshot=true (suppress send_engine_state_ime_key)
2026-09-19T22:26:57.599895Z DEBUG execute_one{generation=Some(ApplyGeneration(57))}: awase_windows::platform: [engine-state-key] skipped (apply_ime_open aligned ime=true, profile=Standard)
2026-09-19T22:26:57.600500Z DEBUG awase::journal: ime event seq=2493 elapsed_ms=645401 event_kind="ObserverReported"
2026-09-19T22:26:57.600581Z  INFO awase_windows::runtime::key_pipeline: FocusProbe +0ms: ime_on=true mode=ObservedRomaji [ime=GoogleJapaneseInput sig1=false gji_io=24469ms sig2=false]
2026-09-19T22:26:57.604268Z DEBUG run_open_chain_async: awase_windows::ime_controller: [warrant-shadow] chain=async open=true origin=EventOrigin { source: SelfActuated { strategy: "engine_decision_async" }, epoch: Generation(0) } warranted
2026-09-19T22:26:57.604386Z  INFO run_open_chain_async:imm_cross_write{open=true}: awase_windows::runtime::open_chain: [apply-ime] ImmCross async: open=true composition_active=false show_seq=0 change_seq=0 (issue #138診断)
2026-09-19T22:26:57.608662Z DEBUG awase::journal: ime event seq=2494 elapsed_ms=645409 event_kind="ObserverReported"
2026-09-19T22:26:57.608700Z DEBUG awase_windows::runtime::key_pipeline: [ImmCrossProbe] child-hwnd IME=false → High confidence 観測記録
2026-09-19T22:26:57.608740Z DEBUG awase_windows::observer::ime_observer: IME snapshot: japanese=Some(true) ime_on=Some(false) romaji=None conv=Some("0x00000009") guard=false
2026-09-19T22:26:57.616589Z DEBUG awase_windows::shadow_send_trace: [shadow-send] channel=ImeControl cmd=0x0006 lparam=1 issue_us=645412382
2026-09-19T22:26:57.616612Z DEBUG awase_windows::ime: set_ime_open_for_target: hwnd=HWND(0xca3ba2) ime_wnd=HWND(0x841c7a) open=true success=true send_elapsed=4ms candidate_visible=false
2026-09-19T22:26:57.628484Z DEBUG awase_windows::shadow_send_trace: [shadow-send] channel=ImeControl cmd=0x0002 lparam=25 issue_us=645418562
2026-09-19T22:26:57.628500Z DEBUG awase_windows::ime: [imm-romaji] conv 0x00000009 → 0x00000019 success=true target=None
2026-09-19T22:26:57.629779Z DEBUG run_open_chain_async:imm_cross_write{open=true}: awase_windows::ime: [imm-cross-actuate] hwnd=HWND(0xca3ba2) open=Written conv=Some(Written)
2026-09-19T22:26:57.629836Z DEBUG run_open_chain_async:imm_cross_write{open=true}: awase_windows::runtime::open_chain: [apply-ime] ROMAN 補完結果: Written
2026-09-19T22:26:57.629895Z DEBUG run_open_chain_async: awase::journal: actuation decision seq=2495 elapsed_ms=645430 site="DispatchImeSetOpen" caller="None" open=true chain_len=4 attempts_len=1 gate_profile="Standard" gate_kind="Gji" gate_shadow_known=true gate_shadow_on=false gate_input_mode="Obse
2026-09-19T22:26:57.631217Z DEBUG on_ime_apply_complete{open=true outcome=AppliedWithoutSendInput generation=Some(ApplyGeneration(57)) reason=EngineDecision}: awase::journal: ime open applied seq=2496 elapsed_ms=645432 open=true outcome="AppliedWithoutSendInput" reason="EngineDecision"
2026-09-19T22:26:57.631618Z DEBUG on_ime_apply_complete{open=true outcome=AppliedWithoutSendInput generation=Some(ApplyGeneration(57)) reason=EngineDecision}: awase::journal: ime event seq=2497 elapsed_ms=645432 event_kind="ImeApplySucceeded"
2026-09-19T22:26:57.631633Z DEBUG on_ime_apply_complete{open=true outcome=AppliedWithoutSendInput generation=Some(ApplyGeneration(57)) reason=EngineDecision}: awase_windows::tsf::ime_mode_fsm: [ime-mode] SetOpen(true) applied → Hiragana (belief, unconfirmed)
2026-09-19T22:26:57.631690Z DEBUG on_ime_apply_complete{open=true outcome=AppliedWithoutSendInput generation=Some(ApplyGeneration(57)) reason=EngineDecision}: awase_windows::platform: [composition] ImeEffect::SetOpen(true) → marking cold
2026-09-19T22:26:57.631699Z DEBUG on_ime_apply_complete{open=true outcome=AppliedWithoutSendInput generation=Some(ApplyGeneration(57)) reason=EngineDecision}: awase_windows::tsf::probe: [composition] marked cold reason=SetOpenTrue idle=57203ms → next VK/TSF output will send VK_DBE_HIRAGANA warmup
2026-09-19T22:26:57.631724Z DEBUG on_ime_apply_complete{open=true outcome=AppliedWithoutSendInput generation=Some(ApplyGeneration(57)) reason=EngineDecision}:gji_on_event{event=ImeOn { injection_mode: Unicode, gji_idle_ms: 24516 }}: awase_windows::tsf::gji_fsm: [gji-fsm] ImeOn gji_idle=24516ms → Lon
2026-09-19T22:26:57.631746Z DEBUG on_ime_apply_complete{open=true outcome=AppliedWithoutSendInput generation=Some(ApplyGeneration(57)) reason=EngineDecision}: awase_windows::platform: [gji-fsm] StartProbe probe_id=ProbeId(55) forces_f2=true long=true
2026-09-19T22:26:57.631758Z DEBUG on_ime_apply_complete{open=true outcome=AppliedWithoutSendInput generation=Some(ApplyGeneration(57)) reason=EngineDecision}: awase_windows::platform: [gji-fsm] Unicode long-cold StartProbe: VK_IME_OFF→VK_IME_ON reinit (chars なし)
2026-09-19T22:26:57.631766Z DEBUG on_ime_apply_complete{open=true outcome=AppliedWithoutSendInput generation=Some(ApplyGeneration(57)) reason=EngineDecision}: awase_windows::output::probe_io: [chrome-reinit] cold=0 VK_IME_OFF→VK_IME_ON 強制リセット送信 + IMC ポーリング開始 (write_bytes_baseline=181384576)
2026-09-19T22:26:57.631789Z DEBUG on_ime_apply_complete{open=true outcome=AppliedWithoutSendInput generation=Some(ApplyGeneration(57)) reason=EngineDecision}: awase_windows::shadow_send_trace: [shadow-send] channel=SendInput kind=kanji_marker vk=[1A, 16] issue_us=645432522
2026-09-19T22:26:57.632919Z DEBUG awase_windows::hook: [hook] IME-mode vk=0x1A down self_injected=true injected=true scan=0x0 extra=0x4B45594A since_actuation_us=Some(1140)
2026-09-19T22:26:57.635532Z DEBUG awase_windows::hook: [hook] IME-mode vk=0x1A up self_injected=true injected=true scan=0x0 extra=0x4B45594A since_actuation_us=Some(3742)
2026-09-19T22:26:57.641431Z DEBUG awase_windows::tsf::gji_monitor: [gji-io] WRITE: w_ops=+5 w_KB=+0.1 (r_ops=+10 x_ops=+10 x_KB=+0.0)
2026-09-19T22:26:57.644692Z DEBUG awase_windows::hook: [hook] IME-mode vk=0x16 down self_injected=true injected=true scan=0x0 extra=0x4B45594A since_actuation_us=Some(12894)
2026-09-19T22:26:57.648323Z DEBUG awase_windows::hook: [hook] IME-mode vk=0x16 up self_injected=true injected=true scan=0x0 extra=0x4B45594A since_actuation_us=Some(16538)
2026-09-19T22:26:57.649922Z DEBUG on_ime_apply_complete{open=true outcome=AppliedWithoutSendInput generation=Some(ApplyGeneration(57)) reason=EngineDecision}: awase_windows::tsf::ime_mode_fsm: [ime-mode] VK_IME_OFF 送信 → Off (belief, unconfirmed)
2026-09-19T22:26:57.649957Z DEBUG on_ime_apply_complete{open=true outcome=AppliedWithoutSendInput generation=Some(ApplyGeneration(57)) reason=EngineDecision}: awase_windows::tsf::ime_mode_fsm: [ime-mode] VK_IME_ON 送信 → Hiragana (belief, unconfirmed)
2026-09-19T22:26:57.650983Z DEBUG awase::journal: gji fsm transition seq=2498 elapsed_ms=645432 trigger="ImeOn(gji_idle_ms=24516)" state_before="OffCold" state_after="OnCold(Long)"
2026-09-19T22:26:57.651000Z DEBUG awase::journal: tsf probe started seq=2499 elapsed_ms=645432 source="GjiAction::StartProbe" cold_seq=5 probe_id=55 probe_id_present=true gji_state="OnCold(Long)" consecutive_at_start=0 pending_deferred_len=0
2026-09-19T22:26:57.651009Z DEBUG awase::journal: gji fsm transition seq=2500 elapsed_ms=645451 trigger="WarmupComplete(unicode)" state_before="OnCold(Long)" state_after="OnWarm"
2026-09-19T22:26:57.651018Z DEBUG awase::journal: tsf probe completed seq=2501 elapsed_ms=645451 outcome="UnicodeImmediate" cold_seq=18446744073709551615 cold_seq_present=false probe_id=55 probe_id_present=true duration_ms=16 tick_count=0 gji_state="OnWarm"
2026-09-19T22:26:57.651151Z DEBUG awase::journal: hook ime-mode diagnostic seq=2502 elapsed_ms=645452 vk_code=26 is_down=true self_injected=true injected=true scan=0
2026-09-19T22:26:57.651195Z DEBUG awase::journal: hook ime-mode diagnostic seq=2503 elapsed_ms=645452 vk_code=26 is_down=false self_injected=true injected=true scan=0
2026-09-19T22:26:57.651217Z DEBUG awase::journal: hook ime-mode diagnostic seq=2504 elapsed_ms=645452 vk_code=22 is_down=true self_injected=true injected=true scan=0
2026-09-19T22:26:57.651237Z DEBUG awase::journal: hook ime-mode diagnostic seq=2505 elapsed_ms=645452 vk_code=22 is_down=false self_injected=true injected=true scan=0
2026-09-19T22:26:57.656495Z DEBUG awase_windows::tsf::gji_monitor: [gji-io] WRITE: w_ops=+2 w_KB=+0.0 (r_ops=+4 x_ops=+4 x_KB=+0.0)
2026-09-19T22:26:57.664286Z DEBUG awase_windows::observer::ime_observer: IME snapshot: japanese=Some(true) ime_on=Some(true) romaji=Some(true) conv=Some("0x00000019") guard=false
2026-09-19T22:26:57.664335Z DEBUG awase::journal: ime event seq=2506 elapsed_ms=645465 event_kind="ObserverReported"
2026-09-19T22:26:57.664351Z DEBUG awase::journal: ime event seq=2507 elapsed_ms=645465 event_kind="InputModeObserved"
2026-09-19T22:26:57.665356Z  INFO awase_windows::output::probe_io: [chrome-reinit] cold=0 GJI write_bytes 上昇検出: tick=#0 delta=+96B (+0.1KB)
2026-09-19T22:26:57.667225Z DEBUG awase_windows::ime: [idle-conv-check-diag] focused_hwnd=HWND(0xca3ba2) ime_wnd=Some(HWND(0x841c7a))
2026-09-19T22:26:57.670030Z DEBUG awase_windows::output::probe_io: [chrome-reinit] cold=0 IMC poll #0: conv=0x00000019 NATIVE=true write_delta=+96B
2026-09-19T22:26:57.670051Z DEBUG awase_windows::tsf::ime_mode_fsm: [ime-mode] confirmed: Hiragana (conv=0x00000019)
2026-09-19T22:26:57.670058Z DEBUG awase_windows::output::probe_io: [chrome-reinit] cold=0 Hiragana 確認 → ポーリング終了
2026-09-19T22:26:57.670064Z  INFO awase_windows::output::probe_io: [chrome-reinit] cold=0 ポーリング完了: total_write_delta=+96B first_write_tick=Some(1)
2026-09-19T22:26:57.728380Z DEBUG awase_windows::runtime::key_pipeline: [engine-input] vk=0x1C KeyUp ts=645528888us delay=0ms state=PendingThumb(vk=0x1C,left=false) mods(c=false s=false a=false w=false) gas_ctrl=false phys_ctrl=false extra=0x5350494B pending_drain=0 gate_active=false l_thumb=None r_
2026-09-19T22:26:57.728496Z DEBUG awase::journal: key input seq=2509 elapsed_ms=645529 vk_code=28 is_down=false injected=false key_class="RightThumb" state_before="PendingThumb(vk=0x1C,left=false)" state_after="Idle" decision="Consume" physical="Allow" repeat_count=1 last_timestamp_us=645528888 last
2026-09-19T22:27:00.093717Z DEBUG awase_windows::hook: [hook] IME-mode vk=0xF2 down self_injected=false injected=false scan=0x70 extra=0x5350494B since_actuation_us=Some(2461921)
2026-09-19T22:27:00.093883Z DEBUG awase::journal: hook ime-mode diagnostic seq=2510 elapsed_ms=647894 vk_code=242 is_down=true self_injected=false injected=false scan=112
2026-09-19T22:27:00.094043Z  INFO awase_windows::runtime::key_pipeline: [shadow-toggle] intent 昇格: vk=0xF2 scan=0x70 action=TurnOn kind=PhysicalImeKey injected=false true→true w_ops0=108238 x_ops0=239775 x_KB0=23.2
2026-09-19T22:27:00.094084Z DEBUG awase::journal: ime event seq=2511 elapsed_ms=647894 event_kind="UserImeSetIntent"
2026-09-19T22:27:00.094107Z DEBUG awase_windows::runtime::key_pipeline: [shadow-toggle] no-op: vk=0xF2 action=TurnOn source=PhysicalImeKey effective_open は既に true → apply-ime 見送り
2026-09-19T22:27:00.094139Z DEBUG awase_windows::runtime::key_pipeline: [engine-input] vk=0xF2 KeyDown ts=647894560us delay=0ms state=Idle mods(c=false s=false a=false w=false) gas_ctrl=false phys_ctrl=false extra=0x5350494B pending_drain=0 gate_active=false l_thumb=None r_thumb=None [diag-ctx] ime_
2026-09-19T22:27:00.094222Z DEBUG awase::journal: key input seq=2512 elapsed_ms=647895 vk_code=242 is_down=true injected=false key_class="Passthrough" state_before="Idle" state_after="Idle" decision="PassThrough" physical="Allow" repeat_count=1 last_timestamp_us=647894560 last_elapsed_ms=0
2026-09-19T22:27:00.094278Z DEBUG awase_windows::runtime::key_pipeline: may_change_ime key passed through → IME refresh scheduled (20ms)
2026-09-19T22:27:00.094342Z DEBUG execute_from_hook: awase_windows::runtime::executor: [relay-passthrough] PassThrough idle: direct OS pass-through (vk=0xf2 down)
2026-09-19T22:27:00.094540Z DEBUG execute_one{generation=None}: awase_windows::runtime::executor: [reinject] vk=0xf2 down (queued passthrough now firing)
2026-09-19T22:27:00.097983Z DEBUG awase_windows::hook: [hook] IME-mode vk=0xF2 down self_injected=true injected=true scan=0x0 extra=0x4B45594D since_actuation_us=Some(2466197)
2026-09-19T22:27:00.099449Z DEBUG awase::journal: hook ime-mode diagnostic seq=2513 elapsed_ms=647900 vk_code=242 is_down=true self_injected=true injected=true scan=0
2026-09-19T22:27:00.142044Z DEBUG awase_windows::runtime::ime_refresh: Explicit intent: bypassing typing-idle guard for IME verify (idle=47ms)
2026-09-19T22:27:00.142100Z DEBUG awase_windows::observer::ime_observer: IME snapshot: japanese=Some(true) ime_on=Some(true) romaji=Some(true) conv=Some("0x00000019") guard=false
2026-09-19T22:27:00.142197Z DEBUG awase::journal: ime event seq=2514 elapsed_ms=647943 event_kind="ObserverReported"
2026-09-19T22:27:00.142250Z DEBUG awase::journal: ime event seq=2515 elapsed_ms=647943 event_kind="InputModeObserved"
2026-09-19T22:27:00.865643Z DEBUG awase_windows::runtime::key_pipeline: [engine-input] vk=0x4B KeyDown ts=648666123us delay=0ms state=Idle mods(c=false s=false a=false w=false) gas_ctrl=false phys_ctrl=false extra=0x5350494B pending_drain=0 gate_active=false l_thumb=None r_thumb=None [diag-ctx] ime_
2026-09-19T22:27:00.865754Z DEBUG awase::journal: key input seq=2516 elapsed_ms=648666 vk_code=75 is_down=true injected=false key_class="Char" state_before="Idle" state_after="PendingChar(vk=0x4B)" decision="Consume" physical="Allow" repeat_count=1 last_timestamp_us=648666123 last_elapsed_ms=0
2026-09-19T22:27:00.960743Z DEBUG execute_from_loop:execute_one{generation=None}: awase_windows::output: send_keys: mode=Unicode actions=[Char('き')] prev_elapsed=60531ms
2026-09-19T22:27:00.960777Z DEBUG execute_from_loop:execute_one{generation=None}: awase_windows::tsf::probe: [mark-send] last_send_ms=332855015
2026-09-19T22:27:00.960982Z DEBUG execute_from_loop:execute_one{generation=None}: awase_windows::output:   → Char('き') via Unicode
2026-09-19T22:27:00.966786Z DEBUG execute_from_loop:execute_one{generation=None}: awase_windows::tsf::probe: [mark-send] last_send_ms=332855015
2026-09-19T22:27:00.967308Z DEBUG awase_windows::runtime::key_pipeline: [engine-input] vk=0x4B KeyUp ts=648762118us delay=5ms state=Idle mods(c=false s=false a=false w=false) gas_ctrl=false phys_ctrl=false extra=0x5350494B pending_drain=0 gate_active=false l_thumb=None r_thumb=None [diag-ctx] ime_on
2026-09-19T22:27:00.967382Z DEBUG awase::journal: key input seq=2518 elapsed_ms=648768 vk_code=75 is_down=false injected=false key_class="Char" state_before="Idle" state_after="Idle" decision="Consume" physical="Allow" repeat_count=1 last_timestamp_us=648762118 last_elapsed_ms=0
2026-09-19T22:27:00.967690Z DEBUG execute_one{generation=None}: awase_windows::output: send_keys: mode=Unicode actions=[Suppress] prev_elapsed=0ms
2026-09-19T22:27:00.967718Z DEBUG execute_one{generation=None}: awase_windows::tsf::probe: [mark-send] last_send_ms=332855015
2026-09-19T22:27:00.967737Z DEBUG execute_one{generation=None}: awase_windows::output:   → Suppress
2026-09-19T22:27:00.967752Z DEBUG execute_one{generation=None}: awase_windows::tsf::probe: [mark-send] last_send_ms=332855015
2026-09-19T22:27:01.273850Z DEBUG awase_windows::runtime::key_pipeline: [engine-input] vk=0x1B KeyDown ts=649074157us delay=0ms state=Idle mods(c=false s=false a=false w=false) gas_ctrl=false phys_ctrl=false extra=0x5350494B pending_drain=0 gate_active=false l_thumb=None r_thumb=None [diag-ctx] ime_
2026-09-19T22:27:01.273972Z DEBUG awase::journal: key input seq=2519 elapsed_ms=649074 vk_code=27 is_down=true injected=false key_class="Passthrough" state_before="Idle" state_after="Idle" decision="PassThrough" physical="Allow" repeat_count=1 last_timestamp_us=649074157 last_elapsed_ms=0
2026-09-19T22:27:01.274083Z DEBUG execute_from_hook: awase_windows::runtime::executor: [relay-passthrough] PassThrough idle: direct OS pass-through (vk=0x1b down)
2026-09-19T22:27:01.274311Z DEBUG execute_one{generation=None}: awase_windows::runtime::executor: [reinject] vk=0x1b down (queued passthrough now firing)
2026-09-19T22:27:01.477438Z DEBUG awase_windows::runtime::key_pipeline: [engine-input] vk=0x1B KeyUp ts=649277661us delay=0ms state=Idle mods(c=false s=false a=false w=false) gas_ctrl=false phys_ctrl=false extra=0x5350494B pending_drain=0 gate_active=false l_thumb=None r_thumb=None [diag-ctx] ime_on
2026-09-19T22:27:01.477531Z DEBUG awase::journal: key input seq=2520 elapsed_ms=649278 vk_code=27 is_down=false injected=false key_class="Passthrough" state_before="Idle" state_after="Idle" decision="PassThrough" physical="Allow" repeat_count=1 last_timestamp_us=649277661 last_elapsed_ms=0
2026-09-19T22:27:01.477611Z DEBUG execute_from_hook: awase_windows::runtime::executor: [relay-passthrough] PassThrough idle: direct OS pass-through (vk=0x1b up)
2026-09-19T22:27:01.477824Z DEBUG execute_one{generation=None}: awase_windows::runtime::executor: [reinject] vk=0x1b up (queued passthrough now firing)
2026-09-19T22:27:03.510797Z DEBUG awase_windows::hook: [hook] IME-mode vk=0xF2 down self_injected=false injected=false scan=0x70 extra=0x5350494B since_actuation_us=Some(5879001)
2026-09-19T22:27:03.511031Z DEBUG awase::journal: hook ime-mode diagnostic seq=2521 elapsed_ms=651311 vk_code=242 is_down=true self_injected=false injected=false scan=112
2026-09-19T22:27:03.511258Z  INFO awase_windows::runtime::key_pipeline: [shadow-toggle] intent 昇格: vk=0xF2 scan=0x70 action=TurnOn kind=PhysicalImeKey injected=false true→true w_ops0=108238 x_ops0=239775 x_KB0=23.2
2026-09-19T22:27:03.511310Z DEBUG awase::journal: ime event seq=2522 elapsed_ms=651312 event_kind="UserImeSetIntent"
2026-09-19T22:27:03.511337Z DEBUG awase_windows::runtime::key_pipeline: [shadow-toggle] no-op: vk=0xF2 action=TurnOn source=PhysicalImeKey effective_open は既に true → apply-ime 見送り
2026-09-19T22:27:03.511369Z DEBUG awase_windows::runtime::key_pipeline: [engine-input] vk=0xF2 KeyDown ts=651311790us delay=0ms state=Idle mods(c=false s=false a=false w=false) gas_ctrl=false phys_ctrl=false extra=0x5350494B pending_drain=0 gate_active=false l_thumb=None r_thumb=None [diag-ctx] ime_
2026-09-19T22:27:03.511455Z DEBUG awase::journal: key input seq=2523 elapsed_ms=651312 vk_code=242 is_down=true injected=false key_class="Passthrough" state_before="Idle" state_after="Idle" decision="PassThrough" physical="Allow" repeat_count=1 last_timestamp_us=651311790 last_elapsed_ms=0
2026-09-19T22:27:03.511514Z DEBUG awase_windows::runtime::key_pipeline: may_change_ime key passed through → IME refresh scheduled (20ms)
2026-09-19T22:27:03.511580Z DEBUG execute_from_hook: awase_windows::runtime::executor: [relay-passthrough] PassThrough idle: direct OS pass-through (vk=0xf2 down)
2026-09-19T22:27:03.511651Z DEBUG execute_one{generation=None}: awase_windows::runtime::executor: [reinject] vk=0xf2 down (queued passthrough now firing)
2026-09-19T22:27:03.514343Z DEBUG awase_windows::hook: [hook] IME-mode vk=0xF2 down self_injected=true injected=true scan=0x0 extra=0x4B45594D since_actuation_us=Some(5882552)
2026-09-19T22:27:03.515765Z DEBUG awase::journal: hook ime-mode diagnostic seq=2524 elapsed_ms=651316 vk_code=242 is_down=true self_injected=true injected=true scan=0
2026-09-19T22:27:03.570790Z DEBUG awase_windows::runtime::ime_refresh: Explicit intent: bypassing typing-idle guard for IME verify (idle=63ms)
2026-09-19T22:27:03.570855Z DEBUG awase_windows::observer::ime_observer: IME snapshot: japanese=Some(true) ime_on=Some(true) romaji=Some(true) conv=Some("0x00000019") guard=false
2026-09-19T22:27:03.570959Z DEBUG awase::journal: ime event seq=2525 elapsed_ms=651371 event_kind="ObserverReported"
2026-09-19T22:27:03.571019Z DEBUG awase::journal: ime event seq=2526 elapsed_ms=651371 event_kind="InputModeObserved"
2026-09-19T22:27:05.859110Z DEBUG awase_windows::hook: [hook] IME-mode vk=0xF2 down self_injected=false injected=false scan=0x70 extra=0x5350494B since_actuation_us=Some(8227315)
2026-09-19T22:27:05.859276Z DEBUG awase::journal: hook ime-mode diagnostic seq=2527 elapsed_ms=653660 vk_code=242 is_down=true self_injected=false injected=false scan=112
2026-09-19T22:27:05.859458Z  INFO awase_windows::runtime::key_pipeline: [shadow-toggle] intent 昇格: vk=0xF2 scan=0x70 action=TurnOn kind=PhysicalImeKey injected=false true→true w_ops0=108238 x_ops0=239775 x_KB0=23.2
2026-09-19T22:27:05.859488Z DEBUG awase::journal: ime event seq=2528 elapsed_ms=653660 event_kind="UserImeSetIntent"
2026-09-19T22:27:05.859503Z DEBUG awase_windows::runtime::key_pipeline: [shadow-toggle] no-op: vk=0xF2 action=TurnOn source=PhysicalImeKey effective_open は既に true → apply-ime 見送り
2026-09-19T22:27:05.859519Z DEBUG awase_windows::runtime::key_pipeline: [engine-input] vk=0xF2 KeyDown ts=653659947us delay=0ms state=Idle mods(c=false s=false a=false w=false) gas_ctrl=false phys_ctrl=false extra=0x5350494B pending_drain=0 gate_active=false l_thumb=None r_thumb=None [diag-ctx] ime_
2026-09-19T22:27:05.859565Z DEBUG awase::journal: key input seq=2529 elapsed_ms=653660 vk_code=242 is_down=true injected=false key_class="Passthrough" state_before="Idle" state_after="Idle" decision="PassThrough" physical="Allow" repeat_count=1 last_timestamp_us=653659947 last_elapsed_ms=0
2026-09-19T22:27:05.859595Z DEBUG awase_windows::runtime::key_pipeline: may_change_ime key passed through → IME refresh scheduled (20ms)
2026-09-19T22:27:05.859629Z DEBUG execute_from_hook: awase_windows::runtime::executor: [relay-passthrough] PassThrough idle: direct OS pass-through (vk=0xf2 down)
2026-09-19T22:27:05.859663Z DEBUG execute_one{generation=None}: awase_windows::runtime::executor: [reinject] vk=0xf2 down (queued passthrough now firing)
2026-09-19T22:27:05.861682Z DEBUG awase_windows::hook: [hook] IME-mode vk=0xF2 down self_injected=true injected=true scan=0x0 extra=0x4B45594D since_actuation_us=Some(8229899)
2026-09-19T22:27:05.863094Z DEBUG awase::journal: hook ime-mode diagnostic seq=2530 elapsed_ms=653663 vk_code=242 is_down=true self_injected=true injected=true scan=0
2026-09-19T22:27:05.893530Z DEBUG awase_windows::runtime::ime_refresh: Explicit intent: bypassing typing-idle guard for IME verify (idle=31ms)
2026-09-19T22:27:05.893580Z DEBUG awase_windows::observer::ime_observer: IME snapshot: japanese=Some(true) ime_on=Some(true) romaji=Some(true) conv=Some("0x00000019") guard=false
2026-09-19T22:27:05.893668Z DEBUG awase::journal: ime event seq=2531 elapsed_ms=653694 event_kind="ObserverReported"
2026-09-19T22:27:05.893704Z DEBUG awase::journal: ime event seq=2532 elapsed_ms=653694 event_kind="InputModeObserved"
2026-09-19T22:27:07.648702Z DEBUG awase_windows::tsf::gji_fsm: [gji-fsm] LongIdle timeout → OnCold(Long, NotStarted)
2026-09-19T22:27:07.648721Z DEBUG awase::journal: gji fsm transition seq=2533 elapsed_ms=655449 trigger="LongIdleTimeout" state_before="OnWarm" state_after="OnCold(Long)"
2026-09-19T22:27:08.416269Z DEBUG awase_windows::hook: [hook] IME-mode vk=0xF2 down self_injected=false injected=false scan=0x70 extra=0x5350494B since_actuation_us=Some(10784476)
2026-09-19T22:27:08.416372Z DEBUG awase::journal: hook ime-mode diagnostic seq=2534 elapsed_ms=656217 vk_code=242 is_down=true self_injected=false injected=false scan=112
2026-09-19T22:27:08.416495Z  INFO awase_windows::runtime::key_pipeline: [shadow-toggle] intent 昇格: vk=0xF2 scan=0x70 action=TurnOn kind=PhysicalImeKey injected=false true→true w_ops0=108238 x_ops0=239775 x_KB0=23.2
2026-09-19T22:27:08.416515Z DEBUG awase::journal: ime event seq=2535 elapsed_ms=656217 event_kind="UserImeSetIntent"
2026-09-19T22:27:08.416530Z DEBUG awase_windows::runtime::key_pipeline: [shadow-toggle] no-op: vk=0xF2 action=TurnOn source=PhysicalImeKey effective_open は既に true → apply-ime 見送り
2026-09-19T22:27:08.416547Z DEBUG awase_windows::runtime::key_pipeline: [engine-input] vk=0xF2 KeyDown ts=656217100us delay=0ms state=Idle mods(c=false s=false a=false w=false) gas_ctrl=false phys_ctrl=false extra=0x5350494B pending_drain=0 gate_active=false l_thumb=None r_thumb=None [diag-ctx] ime_
2026-09-19T22:27:08.416627Z DEBUG awase::journal: key input seq=2536 elapsed_ms=656217 vk_code=242 is_down=true injected=false key_class="Passthrough" state_before="Idle" state_after="Idle" decision="PassThrough" physical="Allow" repeat_count=1 last_timestamp_us=656217100 last_elapsed_ms=0
2026-09-19T22:27:08.416654Z DEBUG awase_windows::runtime::key_pipeline: may_change_ime key passed through → IME refresh scheduled (20ms)
2026-09-19T22:27:08.416666Z DEBUG awase_windows::tsf::probe: [composition] marked cold reason=F2NonTsf idle=7453ms → next VK/TSF output will send VK_DBE_HIRAGANA warmup
2026-09-19T22:27:08.416714Z DEBUG execute_from_hook: awase_windows::runtime::executor: [relay-passthrough] PassThrough idle: direct OS pass-through (vk=0xf2 down)
2026-09-19T22:27:08.416725Z DEBUG awase::journal: gji fsm transition seq=2537 elapsed_ms=656217 trigger="CompositionReset(gji_idle_ms=10765)" state_before="OnCold(Long)" state_after="OnCold(Long)"
2026-09-19T22:27:08.416754Z DEBUG execute_one{generation=None}: awase_windows::runtime::executor: [reinject] vk=0xf2 down (queued passthrough now firing)
2026-09-19T22:27:08.418640Z DEBUG awase_windows::hook: [hook] IME-mode vk=0xF2 down self_injected=true injected=true scan=0x0 extra=0x4B45594D since_actuation_us=Some(10786857)
2026-09-19T22:27:08.420257Z DEBUG awase::journal: hook ime-mode diagnostic seq=2538 elapsed_ms=656221 vk_code=242 is_down=true self_injected=true injected=true scan=0
2026-09-19T22:27:08.427503Z DEBUG awase_windows::tsf::gji_monitor: [gji-io] WRITE: w_ops=+2 w_KB=+0.0 (r_ops=+4 x_ops=+4 x_KB=+0.0)
2026-09-19T22:27:08.449766Z DEBUG awase_windows::runtime::ime_refresh: Explicit intent: bypassing typing-idle guard for IME verify (idle=32ms)
2026-09-19T22:27:08.449814Z DEBUG awase_windows::observer::ime_observer: IME snapshot: japanese=Some(true) ime_on=Some(true) romaji=None conv=Some("0x00000010") guard=false
2026-09-19T22:27:08.449902Z DEBUG awase::journal: ime event seq=2539 elapsed_ms=656250 event_kind="ObserverReported"
2026-09-19T22:27:08.449938Z DEBUG awase::journal: ime event seq=2540 elapsed_ms=656250 event_kind="InputModeObserved"
2026-09-19T22:27:08.449994Z DEBUG awase::engine::engine: [diag-engine-active] ime_on=true なのに非活性: reason=Inactive(NotRomajiInput) romaji_capable=false japanese=true user_enabled=true was_active=true input_mode=ObservedEisu
2026-09-19T22:27:08.450041Z  INFO awase::engine::engine: Engine deactivated (ime=true, romaji=false, japanese=true, user=true, reason=Inactive(NotRomajiInput))
2026-09-19T22:27:10.994525Z DEBUG awase_windows::runtime::key_pipeline: [shadow-toggle] vk=0x1DはFSM delegate所有 → belief書き込み/actuationをスキップ w_ops0=108240 x_ops0=239779 x_KB0=23.2
2026-09-19T22:27:10.994579Z DEBUG awase_windows::runtime::key_pipeline: [shadow-toggle] no-op: vk=0x1D action=Toggle source=PhysicalImeKey effective_open は既に true → apply-ime 見送り
2026-09-19T22:27:10.994621Z DEBUG awase_windows::runtime::key_pipeline: [engine-input] vk=0x1D KeyDown ts=658794906us delay=0ms state=Idle mods(c=false s=false a=false w=false) gas_ctrl=false phys_ctrl=false extra=0x5350494B pending_drain=0 gate_active=false l_thumb=Some(658794882) r_thumb=None [dia
2026-09-19T22:27:10.994678Z DEBUG awase::engine::engine: [diag-engine-active] ime_on=true なのに非活性: reason=Inactive(NotRomajiInput) romaji_capable=false japanese=true user_enabled=true was_active=false input_mode=ObservedEisu
2026-09-19T22:27:10.994783Z DEBUG awase::journal: key input seq=2541 elapsed_ms=658795 vk_code=29 is_down=true injected=false key_class="LeftThumb" state_before="Idle" state_after="Idle" decision="PassThrough" physical="Allow" repeat_count=1 last_timestamp_us=658794906 last_elapsed_ms=0
2026-09-19T22:27:10.995012Z DEBUG execute_one{generation=None}: awase_windows::runtime::executor: [reinject] vk=0x1d down (queued passthrough now firing)
2026-09-19T22:27:11.018019Z DEBUG awase_windows::tsf::gji_monitor: [gji-io] WRITE: w_ops=+2 w_KB=+0.0 (r_ops=+4 x_ops=+4 x_KB=+0.0)
2026-09-19T22:27:11.113911Z DEBUG awase_windows::runtime::key_pipeline: [engine-input] vk=0x1D KeyUp ts=658914374us delay=0ms state=Idle mods(c=false s=false a=false w=false) gas_ctrl=false phys_ctrl=false extra=0x5350494B pending_drain=0 gate_active=false l_thumb=None r_thumb=None [diag-ctx] ime_on
2026-09-19T22:27:11.113960Z DEBUG awase::engine::engine: [diag-engine-active] ime_on=true なのに非活性: reason=Inactive(NotRomajiInput) romaji_capable=false japanese=true user_enabled=true was_active=false input_mode=ObservedEisu
2026-09-19T22:27:11.114036Z DEBUG awase::journal: key input seq=2542 elapsed_ms=658914 vk_code=29 is_down=false injected=false key_class="LeftThumb" state_before="Idle" state_after="Idle" decision="PassThrough" physical="Allow" repeat_count=1 last_timestamp_us=658914374 last_elapsed_ms=0
2026-09-19T22:27:11.114193Z DEBUG execute_one{generation=None}: awase_windows::runtime::executor: [reinject] vk=0x1d up (queued passthrough now firing)
2026-09-19T22:27:11.672861Z DEBUG awase_windows::runtime::key_pipeline: [engine-input] vk=0x4B KeyDown ts=659473349us delay=0ms state=Idle mods(c=false s=false a=false w=false) gas_ctrl=false phys_ctrl=false extra=0x5350494B pending_drain=0 gate_active=false l_thumb=None r_thumb=None [diag-ctx] ime_
2026-09-19T22:27:11.672910Z DEBUG awase::engine::engine: [diag-engine-active] ime_on=true なのに非活性: reason=Inactive(NotRomajiInput) romaji_capable=false japanese=true user_enabled=true was_active=false input_mode=ObservedEisu
2026-09-19T22:27:11.672976Z DEBUG awase::journal: key input seq=2543 elapsed_ms=659473 vk_code=75 is_down=true injected=false key_class="Char" state_before="Idle" state_after="Idle" decision="PassThrough" physical="Allow" repeat_count=1 last_timestamp_us=659473349 last_elapsed_ms=0
2026-09-19T22:27:11.673111Z DEBUG execute_one{generation=None}: awase_windows::runtime::executor: [reinject] vk=0x4b down (queued passthrough now firing)
2026-09-19T22:27:11.861630Z DEBUG awase_windows::runtime::key_pipeline: [engine-input] vk=0x4B KeyUp ts=659661878us delay=0ms state=Idle mods(c=false s=false a=false w=false) gas_ctrl=false phys_ctrl=false extra=0x5350494B pending_drain=0 gate_active=false l_thumb=None r_thumb=None [diag-ctx] ime_on
2026-09-19T22:27:11.861703Z DEBUG awase::engine::engine: [diag-engine-active] ime_on=true なのに非活性: reason=Inactive(NotRomajiInput) romaji_capable=false japanese=true user_enabled=true was_active=false input_mode=ObservedEisu
2026-09-19T22:27:11.861820Z DEBUG awase::journal: key input seq=2544 elapsed_ms=659662 vk_code=75 is_down=false injected=false key_class="Char" state_before="Idle" state_after="Idle" decision="PassThrough" physical="Allow" repeat_count=1 last_timestamp_us=659661878 last_elapsed_ms=0
2026-09-19T22:27:11.862057Z DEBUG execute_one{generation=None}: awase_windows::runtime::executor: [reinject] vk=0x4b up (queued passthrough now firing)
2026-09-19T22:27:12.176979Z DEBUG awase_windows::runtime::key_pipeline: [engine-input] vk=0x1B KeyDown ts=659977377us delay=0ms state=Idle mods(c=false s=false a=false w=false) gas_ctrl=false phys_ctrl=false extra=0x5350494B pending_drain=0 gate_active=false l_thumb=None r_thumb=None [diag-ctx] ime_
2026-09-19T22:27:12.177048Z DEBUG awase::engine::engine: [diag-engine-active] ime_on=true なのに非活性: reason=Inactive(NotRomajiInput) romaji_capable=false japanese=true user_enabled=true was_active=false input_mode=ObservedEisu
2026-09-19T22:27:12.177153Z DEBUG awase::journal: key input seq=2545 elapsed_ms=659978 vk_code=27 is_down=true injected=false key_class="Passthrough" state_before="Idle" state_after="Idle" decision="PassThrough" physical="Allow" repeat_count=1 last_timestamp_us=659977377 last_elapsed_ms=0
2026-09-19T22:27:12.177298Z DEBUG execute_from_hook: awase_windows::tsf::probe: [composition] marked cold reason=PassthroughConfirmKey idle=11203ms → next VK/TSF output will send VK_DBE_HIRAGANA warmup
2026-09-19T22:27:12.177333Z DEBUG execute_from_hook: awase_windows::tsf::probe: [mark-send] last_send_ms=332866218
2026-09-19T22:27:12.177431Z DEBUG execute_from_hook: awase_windows::platform: [composition-fsm] EmitWarmup (ConfirmKeyDown)
2026-09-19T22:27:12.177465Z DEBUG execute_from_hook: awase_windows::runtime::executor: [relay-passthrough] PassThrough idle: direct OS pass-through (vk=0x1b down)
2026-09-19T22:27:12.177509Z DEBUG awase::journal: gji fsm transition seq=2546 elapsed_ms=659978 trigger="CompositionReset(gji_idle_ms=1156)" state_before="OnCold(Long)" state_after="OnCold(Short)"
2026-09-19T22:27:12.177603Z DEBUG awase_windows::runtime::executor: [reinject-guard] suspending drain for 50ms (vk=0x1b)
2026-09-19T22:27:12.237335Z DEBUG execute_one{generation=None}: awase_windows::runtime::executor: [reinject] vk=0x1b down (queued passthrough now firing)
2026-09-19T22:27:12.237385Z DEBUG execute_one{generation=None}: awase_windows::platform: [composition] reinject KeyDown vk=0x1b → marking cold + eager warmup
2026-09-19T22:27:12.237408Z DEBUG execute_one{generation=None}: awase_windows::tsf::probe: [composition] marked cold reason=ReinjectConfirmKey idle=63ms → next VK/TSF output will send VK_DBE_HIRAGANA warmup
2026-09-19T22:27:12.237430Z DEBUG execute_one{generation=None}: awase_windows::tsf::probe: [mark-send] last_send_ms=332866281
2026-09-19T22:27:12.243287Z DEBUG awase::journal: gji fsm transition seq=2547 elapsed_ms=660038 trigger="CompositionReset(gji_idle_ms=1219)" state_before="OnCold(Short)" state_after="OnCold(Short)"
2026-09-19T22:27:12.367155Z DEBUG awase_windows::runtime::key_pipeline: [engine-input] vk=0x1B KeyUp ts=660167539us delay=0ms state=Idle mods(c=false s=false a=false w=false) gas_ctrl=false phys_ctrl=false extra=0x5350494B pending_drain=0 gate_active=false l_thumb=None r_thumb=None [diag-ctx] ime_on
2026-09-19T22:27:12.367238Z DEBUG awase::engine::engine: [diag-engine-active] ime_on=true なのに非活性: reason=Inactive(NotRomajiInput) romaji_capable=false japanese=true user_enabled=true was_active=false input_mode=ObservedEisu
2026-09-19T22:27:12.367351Z DEBUG awase::journal: key input seq=2548 elapsed_ms=660168 vk_code=27 is_down=false injected=false key_class="Passthrough" state_before="Idle" state_after="Idle" decision="PassThrough" physical="Allow" repeat_count=1 last_timestamp_us=660167539 last_elapsed_ms=0
2026-09-19T22:27:12.367504Z DEBUG execute_from_hook: awase_windows::runtime::executor: [relay-passthrough] PassThrough idle: direct OS pass-through (vk=0x1b up)
2026-09-19T22:27:12.367646Z DEBUG execute_one{generation=None}: awase_windows::runtime::executor: [reinject] vk=0x1b up (queued passthrough now firing)
2026-09-19T22:27:14.135940Z DEBUG awase_windows::runtime::key_pipeline: [shadow-toggle] vk=0x1DはFSM delegate所有 → belief書き込み/actuationをスキップ w_ops0=108242 x_ops0=239783 x_KB0=23.2
2026-09-19T22:27:14.136043Z DEBUG awase_windows::runtime::key_pipeline: [shadow-toggle] no-op: vk=0x1D action=Toggle source=PhysicalImeKey effective_open は既に true → apply-ime 見送り
2026-09-19T22:27:14.136080Z DEBUG awase_windows::runtime::key_pipeline: [engine-input] vk=0x1D KeyDown ts=661936382us delay=0ms state=Idle mods(c=false s=false a=false w=false) gas_ctrl=false phys_ctrl=false extra=0x5350494B pending_drain=0 gate_active=false l_thumb=Some(661936372) r_thumb=None [dia
2026-09-19T22:27:14.136115Z DEBUG awase::engine::engine: [diag-engine-active] ime_on=true なのに非活性: reason=Inactive(NotRomajiInput) romaji_capable=false japanese=true user_enabled=true was_active=false input_mode=ObservedEisu
2026-09-19T22:27:14.136181Z DEBUG awase::journal: key input seq=2549 elapsed_ms=661937 vk_code=29 is_down=true injected=false key_class="LeftThumb" state_before="Idle" state_after="Idle" decision="PassThrough" physical="Allow" repeat_count=1 last_timestamp_us=661936382 last_elapsed_ms=0
2026-09-19T22:27:14.136315Z DEBUG execute_one{generation=None}: awase_windows::runtime::executor: [reinject] vk=0x1d down (queued passthrough now firing)
2026-09-19T22:27:14.145776Z DEBUG awase_windows::tsf::gji_monitor: [gji-io] WRITE: w_ops=+2 w_KB=+0.0 (r_ops=+4 x_ops=+4 x_KB=+0.0)
2026-09-19T22:27:14.319200Z DEBUG awase_windows::runtime::key_pipeline: [engine-input] vk=0x1D KeyUp ts=662119589us delay=0ms state=Idle mods(c=false s=false a=false w=false) gas_ctrl=false phys_ctrl=false extra=0x5350494B pending_drain=0 gate_active=false l_thumb=None r_thumb=None [diag-ctx] ime_on
2026-09-19T22:27:14.319246Z DEBUG awase::engine::engine: [diag-engine-active] ime_on=true なのに非活性: reason=Inactive(NotRomajiInput) romaji_capable=false japanese=true user_enabled=true was_active=false input_mode=ObservedEisu
2026-09-19T22:27:14.319315Z DEBUG awase::journal: key input seq=2550 elapsed_ms=662120 vk_code=29 is_down=false injected=false key_class="LeftThumb" state_before="Idle" state_after="Idle" decision="PassThrough" physical="Allow" repeat_count=1 last_timestamp_us=662119589 last_elapsed_ms=0
2026-09-19T22:27:14.319455Z DEBUG execute_one{generation=None}: awase_windows::runtime::executor: [reinject] vk=0x1d up (queued passthrough now firing)
2026-09-19T22:27:14.814876Z DEBUG awase_windows::runtime::key_pipeline: [engine-input] vk=0x4B KeyDown ts=662615315us delay=0ms state=Idle mods(c=false s=false a=false w=false) gas_ctrl=false phys_ctrl=false extra=0x5350494B pending_drain=0 gate_active=false l_thumb=None r_thumb=None [diag-ctx] ime_
2026-09-19T22:27:14.814925Z DEBUG awase::engine::engine: [diag-engine-active] ime_on=true なのに非活性: reason=Inactive(NotRomajiInput) romaji_capable=false japanese=true user_enabled=true was_active=false input_mode=ObservedEisu
2026-09-19T22:27:14.814989Z DEBUG awase::journal: key input seq=2551 elapsed_ms=662615 vk_code=75 is_down=true injected=false key_class="Char" state_before="Idle" state_after="Idle" decision="PassThrough" physical="Allow" repeat_count=1 last_timestamp_us=662615315 last_elapsed_ms=0
2026-09-19T22:27:14.815119Z DEBUG execute_one{generation=None}: awase_windows::runtime::executor: [reinject] vk=0x4b down (queued passthrough now firing)
2026-09-19T22:27:14.828453Z DEBUG awase_windows::tsf::gji_monitor: [gji-io] WRITE: w_ops=+2 w_KB=+0.4 (r_ops=+4 x_ops=+4 x_KB=+0.0)
2026-09-19T22:27:14.831337Z  INFO awase_windows::tsf::win_event_obs: [gji-obs] candidate SHOW #72: last_gji_write=0ms ago
2026-09-19T22:27:15.003714Z DEBUG awase_windows::runtime::key_pipeline: [engine-input] vk=0x4B KeyUp ts=662804215us delay=0ms state=Idle mods(c=false s=false a=false w=false) gas_ctrl=false phys_ctrl=false extra=0x5350494B pending_drain=0 gate_active=false l_thumb=None r_thumb=None [diag-ctx] ime_on
2026-09-19T22:27:15.003761Z DEBUG awase::engine::engine: [diag-engine-active] ime_on=true なのに非活性: reason=Inactive(NotRomajiInput) romaji_capable=false japanese=true user_enabled=true was_active=false input_mode=ObservedEisu
2026-09-19T22:27:15.003830Z DEBUG awase::journal: key input seq=2552 elapsed_ms=662804 vk_code=75 is_down=false injected=false key_class="Char" state_before="Idle" state_after="Idle" decision="PassThrough" physical="Allow" repeat_count=1 last_timestamp_us=662804215 last_elapsed_ms=0
2026-09-19T22:27:15.003971Z DEBUG execute_one{generation=None}: awase_windows::runtime::executor: [reinject] vk=0x4b up (queued passthrough now firing)
2026-09-19T22:27:15.006507Z DEBUG awase_windows::platform: [gji-fsm] StartComposition (candidate SHOW)
2026-09-19T22:27:15.006547Z DEBUG gji_on_event{event=StartComposition}: awase_windows::tsf::gji_fsm: [gji-fsm] StartComposition while cold (no probe) → AlreadyWarm
2026-09-19T22:27:15.006589Z DEBUG awase::journal: gji fsm transition seq=2553 elapsed_ms=662807 trigger="StartComposition(candidate SHOW)" state_before="OnCold(Short)" state_after="OnComposing(Warm)"
2026-09-19T22:27:15.318134Z DEBUG awase_windows::runtime::key_pipeline: [engine-input] vk=0x1B KeyDown ts=663118626us delay=0ms state=Idle mods(c=false s=false a=false w=false) gas_ctrl=false phys_ctrl=false extra=0x5350494B pending_drain=0 gate_active=false l_thumb=None r_thumb=None [diag-ctx] ime_
2026-09-19T22:27:15.318185Z DEBUG awase::engine::engine: [diag-engine-active] ime_on=true なのに非活性: reason=Inactive(NotRomajiInput) romaji_capable=false japanese=true user_enabled=true was_active=false input_mode=ObservedEisu
2026-09-19T22:27:15.318259Z DEBUG awase::journal: key input seq=2554 elapsed_ms=663119 vk_code=27 is_down=true injected=false key_class="Passthrough" state_before="Idle" state_after="Idle" decision="PassThrough" physical="Allow" repeat_count=1 last_timestamp_us=663118626 last_elapsed_ms=0
2026-09-19T22:27:15.318420Z DEBUG execute_from_hook: awase_windows::runtime::executor: [relay-passthrough] PassThrough idle: direct OS pass-through (vk=0x1b down)
2026-09-19T22:27:15.318515Z DEBUG execute_one{generation=None}: awase_windows::runtime::executor: [reinject] vk=0x1b down (queued passthrough now firing)
2026-09-19T22:27:15.328740Z  INFO awase_windows::tsf::win_event_obs: [gji-obs] candidate HIDE: last_gji_write=500ms ago
2026-09-19T22:27:15.331256Z DEBUG awase_windows::tsf::gji_monitor: [gji-io] WRITE: w_ops=+2 w_KB=+0.4 (r_ops=+4 x_ops=+4 x_KB=+0.0)
2026-09-19T22:27:15.507382Z DEBUG awase_windows::runtime::key_pipeline: [engine-input] vk=0x1B KeyUp ts=663307814us delay=0ms state=Idle mods(c=false s=false a=false w=false) gas_ctrl=false phys_ctrl=false extra=0x5350494B pending_drain=0 gate_active=false l_thumb=None r_thumb=None [diag-ctx] ime_on
2026-09-19T22:27:15.507430Z DEBUG awase::engine::engine: [diag-engine-active] ime_on=true なのに非活性: reason=Inactive(NotRomajiInput) romaji_capable=false japanese=true user_enabled=true was_active=false input_mode=ObservedEisu
2026-09-19T22:27:15.507498Z DEBUG awase::journal: key input seq=2555 elapsed_ms=663308 vk_code=27 is_down=false injected=false key_class="Passthrough" state_before="Idle" state_after="Idle" decision="PassThrough" physical="Allow" repeat_count=1 last_timestamp_us=663307814 last_elapsed_ms=0
2026-09-19T22:27:15.507592Z DEBUG execute_from_hook: awase_windows::runtime::executor: [relay-passthrough] PassThrough idle: direct OS pass-through (vk=0x1b up)
2026-09-19T22:27:15.507663Z DEBUG execute_one{generation=None}: awase_windows::runtime::executor: [reinject] vk=0x1b up (queued passthrough now firing)
2026-09-19T22:27:15.510540Z DEBUG awase_windows::platform: [gji-fsm] EndComposition (candidate HIDE) epoch=FocusEpoch(71)
2026-09-19T22:27:15.510727Z DEBUG awase::journal: gji fsm transition seq=2556 elapsed_ms=663311 trigger="EndComposition(candidate HIDE, epoch=FocusEpoch(71))" state_before="OnComposing(Warm)" state_after="OnWarm"
2026-09-19T22:27:17.311370Z DEBUG awase_windows::hook: [hook] IME-mode vk=0xF0 up self_injected=false injected=false scan=0x70 extra=0x5350494B since_actuation_us=Some(19679579)
2026-09-19T22:27:17.311510Z DEBUG awase::journal: hook ime-mode diagnostic seq=2557 elapsed_ms=665112 vk_code=240 is_down=false self_injected=false injected=false scan=112
2026-09-19T22:27:17.311555Z DEBUG awase_windows::hook: [hook] IME-mode vk=0xF2 down self_injected=false injected=false scan=0x70 extra=0x5350494B since_actuation_us=Some(19679777)
2026-09-19T22:27:17.311679Z DEBUG awase_windows::runtime::key_pipeline: [engine-input] vk=0xF0 KeyUp ts=665112176us delay=0ms state=Idle mods(c=false s=false a=false w=false) gas_ctrl=false phys_ctrl=false extra=0x5350494B pending_drain=0 gate_active=false l_thumb=None r_thumb=None [diag-ctx] ime_on
2026-09-19T22:27:17.311712Z DEBUG awase::engine::engine: [diag-engine-active] ime_on=true なのに非活性: reason=Inactive(NotRomajiInput) romaji_capable=false japanese=true user_enabled=true was_active=false input_mode=ObservedEisu
2026-09-19T22:27:17.311824Z DEBUG awase::journal: key input seq=2558 elapsed_ms=665112 vk_code=240 is_down=false injected=false key_class="Passthrough" state_before="Idle" state_after="Idle" decision="PassThrough" physical="Suppress" repeat_count=1 last_timestamp_us=665112176 last_elapsed_ms=0
2026-09-19T22:27:17.311874Z DEBUG awase_windows::runtime::key_pipeline: [imm-cross] key suppress vk=0xf0 KeyUp (physical disposition)
2026-09-19T22:27:17.311919Z DEBUG awase::journal: hook ime-mode diagnostic seq=2559 elapsed_ms=665112 vk_code=242 is_down=true self_injected=false injected=false scan=112
2026-09-19T22:27:17.311992Z  INFO awase_windows::runtime::key_pipeline: [shadow-toggle] intent 昇格: vk=0xF2 scan=0x70 action=TurnOn kind=PhysicalImeKey injected=false true→true w_ops0=108248 x_ops0=239795 x_KB0=23.2
2026-09-19T22:27:17.312031Z DEBUG awase::journal: ime event seq=2560 elapsed_ms=665112 event_kind="UserImeSetIntent"
2026-09-19T22:27:17.312052Z DEBUG awase_windows::runtime::key_pipeline: [shadow-toggle] no-op: vk=0xF2 action=TurnOn source=PhysicalImeKey effective_open は既に true → apply-ime 見送り
2026-09-19T22:27:17.312081Z DEBUG awase::journal: ime event seq=2561 elapsed_ms=665112 event_kind="InputModeApplied"
2026-09-19T22:27:17.312095Z  INFO awase_windows::runtime::key_pipeline: [shadow-toggle] TurnOn (IME既にopen) + ObservedEisu → AssumedRomaji に リセット (UserTurnOnEisuReset)
2026-09-19T22:27:17.312113Z DEBUG awase_windows::runtime::key_pipeline: [engine-input] vk=0xF2 KeyDown ts=665112316us delay=0ms state=Idle mods(c=false s=false a=false w=false) gas_ctrl=false phys_ctrl=false extra=0x5350494B pending_drain=0 gate_active=false l_thumb=None r_thumb=None [diag-ctx] ime_
2026-09-19T22:27:17.312144Z  INFO awase::engine::engine: Engine activated (ime=true, romaji=true, japanese=true, user=true, reason=Active)
2026-09-19T22:27:17.312199Z DEBUG awase::journal: key input seq=2562 elapsed_ms=665113 vk_code=242 is_down=true injected=false key_class="Passthrough" state_before="Idle" state_after="Idle" decision="PassThroughWith" physical="Allow" repeat_count=1 last_timestamp_us=665112316 last_elapsed_ms=0
2026-09-19T22:27:17.312250Z DEBUG awase::journal: ime event seq=2563 elapsed_ms=665113 event_kind="EngineActivationSync"
2026-09-19T22:27:17.312280Z DEBUG awase::journal: ime event seq=2564 elapsed_ms=665113 event_kind="ImeApplyRequested"
2026-09-19T22:27:17.312295Z  INFO awase_windows::runtime::key_pipeline: IME control: preconditions.ime_on = true (SetOpenRequest, origin=ActivationSync), was_open_before=true last_intent_before=Some(true) poll suspended
2026-09-19T22:27:17.312333Z DEBUG awase_windows::runtime::key_pipeline: may_change_ime key passed through → IME refresh scheduled (20ms)
2026-09-19T22:27:17.312420Z DEBUG execute_from_hook: awase_windows::runtime::executor: [relay-flush] PassThroughWith: queue 2 effect(s) + reinject (vk=0xf2 down)
2026-09-19T22:27:17.312566Z DEBUG execute_one{generation=Some(ApplyGeneration(58))}:dispatch_ime_set_open{open=true generation=Some(ApplyGeneration(58))}: awase_windows::runtime::executor: [dispatch-ime] ImmCross async: optimistic applied_snapshot=true (suppress send_engine_state_ime_key)
2026-09-19T22:27:17.313571Z DEBUG execute_one{generation=Some(ApplyGeneration(58))}: awase_windows::platform: [engine-state-key] skipped (apply_ime_open aligned ime=true, profile=Standard)
2026-09-19T22:27:17.313633Z DEBUG execute_one{generation=Some(ApplyGeneration(58))}: awase_windows::runtime::executor: [reinject] vk=0xf2 down (queued passthrough now firing)
2026-09-19T22:27:17.315490Z DEBUG awase_windows::hook: [hook] IME-mode vk=0xF0 up self_injected=true injected=false scan=0x0 extra=0x4B45594D since_actuation_us=Some(19683710)
2026-09-19T22:27:17.316783Z DEBUG awase_windows::hook: [hook] IME-mode vk=0xF2 down self_injected=true injected=true scan=0x0 extra=0x4B45594D since_actuation_us=Some(19685000)
2026-09-19T22:27:17.317590Z DEBUG run_open_chain_async: awase_windows::ime_controller: [warrant-shadow] chain=async open=true origin=EventOrigin { source: SelfActuated { strategy: "engine_decision_async" }, epoch: Generation(0) } warranted
2026-09-19T22:27:17.317626Z  INFO run_open_chain_async:imm_cross_write{open=true}: awase_windows::runtime::open_chain: [apply-ime] ImmCross async: open=true composition_active=false show_seq=0 change_seq=0 (issue #138診断)
2026-09-19T22:27:17.317916Z DEBUG awase::journal: hook ime-mode diagnostic seq=2565 elapsed_ms=665118 vk_code=240 is_down=false self_injected=true injected=false scan=0
2026-09-19T22:27:17.317936Z DEBUG awase::journal: hook ime-mode diagnostic seq=2566 elapsed_ms=665118 vk_code=242 is_down=true self_injected=true injected=true scan=0
2026-09-19T22:27:17.321467Z DEBUG awase_windows::shadow_send_trace: [shadow-send] channel=ImeControl cmd=0x0006 lparam=1 issue_us=665120011
2026-09-19T22:27:17.321484Z DEBUG awase_windows::ime: set_ime_open_for_target: hwnd=HWND(0xca3ba2) ime_wnd=HWND(0x841c7a) open=true success=true send_elapsed=2ms candidate_visible=false
2026-09-19T22:27:17.325451Z DEBUG run_open_chain_async:imm_cross_write{open=true}: awase_windows::ime: [imm-cross-actuate] hwnd=HWND(0xca3ba2) open=Written conv=Some(Written)
2026-09-19T22:27:17.325499Z DEBUG run_open_chain_async:imm_cross_write{open=true}: awase_windows::runtime::open_chain: [apply-ime] ROMAN 補完結果: Written
2026-09-19T22:27:17.325539Z DEBUG run_open_chain_async: awase::journal: actuation decision seq=2567 elapsed_ms=665126 site="DispatchImeSetOpen" caller="None" open=true chain_len=4 attempts_len=1 gate_profile="Standard" gate_kind="Gji" gate_shadow_known=true gate_shadow_on=true gate_input_mode="Assum
2026-09-19T22:27:17.325791Z DEBUG awase_windows::tsf::gji_monitor: [gji-io] WRITE: w_ops=+2 w_KB=+0.0 (r_ops=+4 x_ops=+4 x_KB=+0.0)
2026-09-19T22:27:17.327194Z DEBUG on_ime_apply_complete{open=true outcome=AppliedWithoutSendInput generation=Some(ApplyGeneration(58)) reason=EngineDecision}: awase::journal: ime open applied seq=2568 elapsed_ms=665128 open=true outcome="AppliedWithoutSendInput" reason="EngineDecision"
2026-09-19T22:27:17.327367Z DEBUG on_ime_apply_complete{open=true outcome=AppliedWithoutSendInput generation=Some(ApplyGeneration(58)) reason=EngineDecision}: awase::journal: ime event seq=2569 elapsed_ms=665128 event_kind="ImeApplySucceeded"
2026-09-19T22:27:17.327382Z DEBUG on_ime_apply_complete{open=true outcome=AppliedWithoutSendInput generation=Some(ApplyGeneration(58)) reason=EngineDecision}: awase_windows::tsf::ime_mode_fsm: [ime-mode] SetOpen(true) applied → Hiragana (belief, unconfirmed)
2026-09-19T22:27:17.327395Z DEBUG on_ime_apply_complete{open=true outcome=AppliedWithoutSendInput generation=Some(ApplyGeneration(58)) reason=EngineDecision}: awase_windows::platform: [composition] ImeEffect::SetOpen(true) → marking cold
2026-09-19T22:27:17.327404Z DEBUG on_ime_apply_complete{open=true outcome=AppliedWithoutSendInput generation=Some(ApplyGeneration(58)) reason=EngineDecision}: awase_windows::tsf::probe: [composition] marked cold reason=SetOpenTrue idle=5094ms → next VK/TSF output will send VK_DBE_HIRAGANA warmup
2026-09-19T22:27:17.327425Z DEBUG on_ime_apply_complete{open=true outcome=AppliedWithoutSendInput generation=Some(ApplyGeneration(58)) reason=EngineDecision}:gji_on_event{event=ImeOn { injection_mode: Unicode, gji_idle_ms: 0 }}: awase_windows::tsf::gji_fsm: [gji-fsm] ImeOn: already on (OnWarm), igno
2026-09-19T22:27:17.327592Z DEBUG awase::journal: gji fsm transition seq=2570 elapsed_ms=665128 trigger="ImeOn(gji_idle_ms=0)" state_before="OnWarm" state_after="OnWarm"
2026-09-19T22:27:17.362242Z DEBUG awase_windows::runtime::ime_refresh: Explicit intent: bypassing typing-idle guard for IME verify (idle=47ms)
2026-09-19T22:27:17.362270Z DEBUG awase_windows::observer::ime_observer: IME snapshot: japanese=Some(true) ime_on=Some(true) romaji=Some(true) conv=Some("0x00000019") guard=false
2026-09-19T22:27:17.362315Z DEBUG awase::journal: ime event seq=2571 elapsed_ms=665163 event_kind="ObserverReported"
2026-09-19T22:27:17.362361Z DEBUG awase::journal: ime event seq=2572 elapsed_ms=665163 event_kind="InputModeObserved"
2026-09-19T22:27:18.001200Z DEBUG awase_windows::runtime::key_pipeline: [engine-input] vk=0x4B KeyDown ts=665801785us delay=0ms state=Idle mods(c=false s=false a=false w=false) gas_ctrl=false phys_ctrl=false extra=0x5350494B pending_drain=0 gate_active=false l_thumb=None r_thumb=None [diag-ctx] ime_
2026-09-19T22:27:18.001270Z DEBUG awase::journal: key input seq=2573 elapsed_ms=665802 vk_code=75 is_down=true injected=false key_class="Char" state_before="Idle" state_after="PendingChar(vk=0x4B)" decision="Consume" physical="Allow" repeat_count=1 last_timestamp_us=665801785 last_elapsed_ms=0
2026-09-19T22:27:18.106978Z DEBUG execute_from_loop:execute_one{generation=None}: awase_windows::output: send_keys: mode=Unicode actions=[Char('き')] prev_elapsed=5875ms
2026-09-19T22:27:18.107009Z DEBUG execute_from_loop:execute_one{generation=None}: awase_windows::tsf::probe: [mark-send] last_send_ms=332872156
2026-09-19T22:27:18.107031Z DEBUG execute_from_loop:execute_one{generation=None}: awase_windows::output:   → Char('き') via Unicode
2026-09-19T22:27:18.109264Z DEBUG execute_from_loop:execute_one{generation=None}: awase_windows::tsf::probe: [mark-send] last_send_ms=332872156
2026-09-19T22:27:18.121792Z DEBUG awase_windows::tsf::gji_monitor: [gji-io] WRITE: w_ops=+2 w_KB=+0.3 (r_ops=+4 x_ops=+4 x_KB=+0.0)
2026-09-19T22:27:18.128063Z  INFO awase_windows::tsf::win_event_obs: [gji-obs] candidate SHOW #73: last_gji_write=0ms ago
2026-09-19T22:27:18.165469Z DEBUG awase_windows::runtime::key_pipeline: [engine-input] vk=0x4B KeyUp ts=665966016us delay=0ms state=Idle mods(c=false s=false a=false w=false) gas_ctrl=false phys_ctrl=false extra=0x5350494B pending_drain=0 gate_active=false l_thumb=None r_thumb=None [diag-ctx] ime_on
2026-09-19T22:27:18.165582Z DEBUG awase::journal: key input seq=2575 elapsed_ms=665966 vk_code=75 is_down=false injected=false key_class="Char" state_before="Idle" state_after="Idle" decision="Consume" physical="Allow" repeat_count=1 last_timestamp_us=665966016 last_elapsed_ms=0
2026-09-19T22:27:18.165726Z DEBUG execute_one{generation=None}: awase_windows::output: send_keys: mode=Unicode actions=[Suppress] prev_elapsed=62ms
2026-09-19T22:27:18.165758Z DEBUG execute_one{generation=None}: awase_windows::tsf::probe: [mark-send] last_send_ms=332872218
2026-09-19T22:27:18.165777Z DEBUG execute_one{generation=None}: awase_windows::output:   → Suppress
2026-09-19T22:27:18.165792Z DEBUG execute_one{generation=None}: awase_windows::tsf::probe: [mark-send] last_send_ms=332872218
2026-09-19T22:27:18.165843Z DEBUG execute_one{generation=None}: awase_windows::platform: [gji-fsm] StartComposition (candidate SHOW)
2026-09-19T22:27:18.165877Z DEBUG execute_one{generation=None}:gji_on_event{event=StartComposition}: awase_windows::tsf::gji_fsm: [gji-fsm] StartComposition: OnWarm → OnComposing(AlreadyWarm)
2026-09-19T22:27:18.166008Z DEBUG awase::journal: gji fsm transition seq=2576 elapsed_ms=665966 trigger="StartComposition(candidate SHOW)" state_before="OnWarm" state_after="OnComposing(Warm)"
2026-09-19T22:27:18.497861Z DEBUG awase_windows::runtime::key_pipeline: [engine-input] vk=0x1B KeyDown ts=666298276us delay=0ms state=Idle mods(c=false s=false a=false w=false) gas_ctrl=false phys_ctrl=false extra=0x5350494B pending_drain=0 gate_active=false l_thumb=None r_thumb=None [diag-ctx] ime_
2026-09-19T22:27:18.497963Z DEBUG awase::journal: key input seq=2577 elapsed_ms=666298 vk_code=27 is_down=true injected=false key_class="Passthrough" state_before="Idle" state_after="Idle" decision="PassThrough" physical="Allow" repeat_count=1 last_timestamp_us=666298276 last_elapsed_ms=0
2026-09-19T22:27:18.498057Z DEBUG execute_from_hook: awase_windows::runtime::executor: [relay-passthrough] PassThrough idle: direct OS pass-through (vk=0x1b down)
2026-09-19T22:27:18.498126Z DEBUG execute_one{generation=None}: awase_windows::runtime::executor: [reinject] vk=0x1b down (queued passthrough now firing)
2026-09-19T22:27:18.506099Z  INFO awase_windows::tsf::win_event_obs: [gji-obs] candidate HIDE: last_gji_write=375ms ago
2026-09-19T22:27:18.511869Z DEBUG awase_windows::tsf::gji_monitor: [gji-io] WRITE: w_ops=+2 w_KB=+0.3 (r_ops=+4 x_ops=+4 x_KB=+0.0)
2026-09-19T22:27:18.686383Z DEBUG awase_windows::runtime::key_pipeline: [engine-input] vk=0x1B KeyUp ts=666486818us delay=0ms state=Idle mods(c=false s=false a=false w=false) gas_ctrl=false phys_ctrl=false extra=0x5350494B pending_drain=0 gate_active=false l_thumb=None r_thumb=None [diag-ctx] ime_on
2026-09-19T22:27:18.686522Z DEBUG awase::journal: key input seq=2578 elapsed_ms=666487 vk_code=27 is_down=false injected=false key_class="Passthrough" state_before="Idle" state_after="Idle" decision="PassThrough" physical="Allow" repeat_count=1 last_timestamp_us=666486818 last_elapsed_ms=0
2026-09-19T22:27:18.686653Z DEBUG execute_from_hook: awase_windows::runtime::executor: [relay-passthrough] PassThrough idle: direct OS pass-through (vk=0x1b up)
2026-09-19T22:27:18.686751Z DEBUG execute_one{generation=None}: awase_windows::runtime::executor: [reinject] vk=0x1b up (queued passthrough now firing)
2026-09-19T22:27:18.691928Z DEBUG awase_windows::platform: [gji-fsm] EndComposition (candidate HIDE) epoch=FocusEpoch(72)
2026-09-19T22:27:18.692507Z DEBUG awase::journal: gji fsm transition seq=2579 elapsed_ms=666492 trigger="EndComposition(candidate HIDE, epoch=FocusEpoch(72))" state_before="OnComposing(Warm)" state_after="OnWarm"
2026-09-19T22:27:20.495667Z DEBUG awase_windows::runtime::key_pipeline: [shadow-toggle] vk=0x1DはFSM delegate所有 → belief書き込み/actuationをスキップ w_ops0=108254 x_ops0=239807 x_KB0=23.2
2026-09-19T22:27:20.495702Z DEBUG awase_windows::runtime::key_pipeline: [shadow-toggle] no-op: vk=0x1D action=Toggle source=PhysicalImeKey effective_open は既に true → apply-ime 見送り
2026-09-19T22:27:20.495735Z DEBUG awase_windows::runtime::key_pipeline: [engine-input] vk=0x1D KeyDown ts=668296194us delay=0ms state=Idle mods(c=false s=false a=false w=false) gas_ctrl=false phys_ctrl=false extra=0x5350494B pending_drain=0 gate_active=false l_thumb=Some(668296184) r_thumb=None [dia
2026-09-19T22:27:20.495832Z DEBUG awase::journal: key input seq=2580 elapsed_ms=668296 vk_code=29 is_down=true injected=false key_class="LeftThumb" state_before="Idle" state_after="PendingThumb(vk=0x1D,left=true)" decision="Consume" physical="Allow" repeat_count=1 last_timestamp_us=668296194 last_el
2026-09-19T22:27:20.622670Z DEBUG awase_windows::runtime::key_pipeline: [engine-input] vk=0x1D KeyUp ts=668423141us delay=0ms state=PendingThumb(vk=0x1D,left=true) mods(c=false s=false a=false w=false) gas_ctrl=false phys_ctrl=false extra=0x5350494B pending_drain=0 gate_active=false l_thumb=None r_t
2026-09-19T22:27:20.622742Z  INFO awase::engine::engine: IME open axis delegated (solo tap, key semantics absorption) → false (origin=ExplicitUserAction)
2026-09-19T22:27:20.622809Z DEBUG awase::journal: key input seq=2582 elapsed_ms=668423 vk_code=29 is_down=false injected=false key_class="LeftThumb" state_before="PendingThumb(vk=0x1D,left=true)" state_after="Idle" decision="Consume" physical="Allow" repeat_count=1 last_timestamp_us=668423141 last_e
2026-09-19T22:27:20.622880Z DEBUG awase::journal: ime event seq=2583 elapsed_ms=668423 event_kind="UserImeSetIntent"
2026-09-19T22:27:20.622915Z DEBUG awase::journal: ime event seq=2584 elapsed_ms=668423 event_kind="ImeApplyRequested"
2026-09-19T22:27:20.622936Z  INFO awase_windows::runtime::key_pipeline: IME control: preconditions.ime_on = false (SetOpenRequest, origin=ExplicitUserAction), was_open_before=true last_intent_before=Some(true) poll suspended
2026-09-19T22:27:20.623282Z DEBUG execute_one{generation=Some(ApplyGeneration(59))}:dispatch_ime_set_open{open=false generation=Some(ApplyGeneration(59))}: awase_windows::runtime::executor: [dispatch-ime] ImmCross async: optimistic applied_snapshot=false (suppress send_engine_state_ime_key)
2026-09-19T22:27:20.625326Z DEBUG execute_one{generation=Some(ApplyGeneration(59))}: awase_windows::platform: [engine-state-key] skipped (apply_ime_open aligned ime=false, profile=Standard)
2026-09-19T22:27:20.627147Z DEBUG run_open_chain_async: awase_windows::ime_controller: [warrant-shadow] chain=async open=false origin=EventOrigin { source: SelfActuated { strategy: "engine_decision_async" }, epoch: Generation(0) } warranted
2026-09-19T22:27:20.627229Z  INFO run_open_chain_async:imm_cross_write{open=false}: awase_windows::runtime::open_chain: [apply-ime] ImmCross async: open=false composition_active=false show_seq=0 change_seq=0 (issue #138診断)
2026-09-19T22:27:20.629802Z DEBUG awase_windows::shadow_send_trace: [shadow-send] channel=ImeControl cmd=0x0006 lparam=0 issue_us=668429787
2026-09-19T22:27:20.629822Z DEBUG awase_windows::ime: set_ime_open_for_target: hwnd=HWND(0xca3ba2) ime_wnd=HWND(0x841c7a) open=false success=true send_elapsed=0ms candidate_visible=false
2026-09-19T22:27:20.630008Z DEBUG run_open_chain_async:imm_cross_write{open=false}: awase_windows::ime: [imm-cross-actuate] hwnd=HWND(0xca3ba2) open=Written conv=None
2026-09-19T22:27:20.630090Z DEBUG run_open_chain_async: awase::journal: actuation decision seq=2585 elapsed_ms=668430 site="DispatchImeSetOpen" caller="None" open=false chain_len=4 attempts_len=1 gate_profile="Standard" gate_kind="Gji" gate_shadow_known=true gate_shadow_on=true gate_input_mode="Obse
2026-09-19T22:27:20.631165Z DEBUG on_ime_apply_complete{open=false outcome=AppliedWithoutSendInput generation=Some(ApplyGeneration(59)) reason=EngineDecision}: awase::journal: ime open applied seq=2586 elapsed_ms=668432 open=false outcome="AppliedWithoutSendInput" reason="EngineDecision"
2026-09-19T22:27:20.631991Z DEBUG on_ime_apply_complete{open=false outcome=AppliedWithoutSendInput generation=Some(ApplyGeneration(59)) reason=EngineDecision}: awase::journal: ime event seq=2587 elapsed_ms=668432 event_kind="ImeApplySucceeded"
2026-09-19T22:27:20.632020Z DEBUG on_ime_apply_complete{open=false outcome=AppliedWithoutSendInput generation=Some(ApplyGeneration(59)) reason=EngineDecision}: awase_windows::tsf::ime_mode_fsm: [ime-mode] SetOpen(false) applied → Off (belief, unconfirmed)
2026-09-19T22:27:20.632046Z DEBUG on_ime_apply_complete{open=false outcome=AppliedWithoutSendInput generation=Some(ApplyGeneration(59)) reason=EngineDecision}: awase_windows::platform: [composition] ImeEffect::SetOpen(false) → marking cold (prevent warm+TSF Enter leak)
2026-09-19T22:27:20.632066Z DEBUG on_ime_apply_complete{open=false outcome=AppliedWithoutSendInput generation=Some(ApplyGeneration(59)) reason=EngineDecision}: awase_windows::tsf::probe: [composition] marked cold reason=SetOpenFalse idle=2469ms → next VK/TSF output will send VK_DBE_HIRAGANA warmup
2026-09-19T22:27:20.634623Z DEBUG awase::journal: gji fsm transition seq=2588 elapsed_ms=668432 trigger="ImeOff" state_before="OnWarm" state_after="OffCold"
2026-09-19T22:27:20.653279Z DEBUG awase_windows::runtime::ime_refresh: Explicit intent: bypassing typing-idle guard for IME verify (idle=32ms)
2026-09-19T22:27:20.653328Z DEBUG awase_windows::observer::ime_observer: IME snapshot: japanese=Some(true) ime_on=Some(false) romaji=Some(true) conv=Some("0x00000019") guard=false
2026-09-19T22:27:20.653419Z DEBUG awase::journal: ime event seq=2589 elapsed_ms=668454 event_kind="ObserverReported"
2026-09-19T22:27:20.653468Z DEBUG awase::journal: ime event seq=2590 elapsed_ms=668454 event_kind="InputModeObserved"
2026-09-19T22:27:21.181990Z DEBUG awase_windows::runtime::key_pipeline: [engine-input] vk=0x4B KeyDown ts=668982454us delay=0ms state=Idle mods(c=false s=false a=false w=false) gas_ctrl=false phys_ctrl=false extra=0x5350494B pending_drain=0 gate_active=false l_thumb=None r_thumb=None [diag-ctx] ime_
2026-09-19T22:27:21.182098Z DEBUG awase::journal: key input seq=2591 elapsed_ms=668982 vk_code=75 is_down=true injected=false key_class="Char" state_before="Idle" state_after="Idle" decision="PassThrough" physical="Allow" repeat_count=1 last_timestamp_us=668982454 last_elapsed_ms=0
2026-09-19T22:27:21.182246Z DEBUG execute_one{generation=None}: awase_windows::runtime::executor: [reinject] vk=0x4b down (queued passthrough now firing)
2026-09-19T22:27:21.380788Z DEBUG awase_windows::runtime::key_pipeline: [engine-input] vk=0x4B KeyUp ts=669181235us delay=0ms state=Idle mods(c=false s=false a=false w=false) gas_ctrl=false phys_ctrl=false extra=0x5350494B pending_drain=0 gate_active=false l_thumb=None r_thumb=None [diag-ctx] ime_on
2026-09-19T22:27:21.380914Z DEBUG awase::journal: key input seq=2592 elapsed_ms=669181 vk_code=75 is_down=false injected=false key_class="Char" state_before="Idle" state_after="Idle" decision="PassThrough" physical="Allow" repeat_count=1 last_timestamp_us=669181235 last_elapsed_ms=0
2026-09-19T22:27:21.381100Z DEBUG execute_one{generation=None}: awase_windows::runtime::executor: [reinject] vk=0x4b up (queued passthrough now firing)
2026-09-19T22:27:21.695179Z DEBUG awase_windows::runtime::key_pipeline: [engine-input] vk=0x1B KeyDown ts=669495411us delay=0ms state=Idle mods(c=false s=false a=false w=false) gas_ctrl=false phys_ctrl=false extra=0x5350494B pending_drain=0 gate_active=false l_thumb=None r_thumb=None [diag-ctx] ime_
2026-09-19T22:27:21.695279Z DEBUG awase::journal: key input seq=2593 elapsed_ms=669496 vk_code=27 is_down=true injected=false key_class="Passthrough" state_before="Idle" state_after="Idle" decision="PassThrough" physical="Allow" repeat_count=1 last_timestamp_us=669495411 last_elapsed_ms=0
2026-09-19T22:27:21.695373Z DEBUG execute_from_hook: awase_windows::tsf::probe: [composition] marked cold reason=PassthroughConfirmKey idle=3532ms → next VK/TSF output will send VK_DBE_HIRAGANA warmup
2026-09-19T22:27:21.695396Z DEBUG execute_from_hook: awase_windows::tsf::probe: [mark-send] last_send_ms=332875750
2026-09-19T22:27:21.695452Z DEBUG execute_from_hook: awase_windows::platform: [composition-fsm] EmitWarmup (ConfirmKeyDown)
2026-09-19T22:27:21.695474Z DEBUG execute_from_hook: awase_windows::runtime::executor: [relay-passthrough] PassThrough idle: direct OS pass-through (vk=0x1b down)
2026-09-19T22:27:21.695502Z DEBUG awase::journal: gji fsm transition seq=2594 elapsed_ms=669496 trigger="CompositionReset(gji_idle_ms=3188)" state_before="OffCold" state_after="OffCold"
2026-09-19T22:27:21.695553Z DEBUG awase_windows::runtime::executor: [reinject-guard] suspending drain for 50ms (vk=0x1b)
2026-09-19T22:27:21.760766Z DEBUG execute_one{generation=None}: awase_windows::runtime::executor: [reinject] vk=0x1b down (queued passthrough now firing)
2026-09-19T22:27:21.760841Z DEBUG execute_one{generation=None}: awase_windows::platform: [composition] reinject KeyDown vk=0x1b → marking cold + eager warmup
2026-09-19T22:27:21.760950Z DEBUG execute_one{generation=None}: awase_windows::tsf::probe: [composition] marked cold reason=ReinjectConfirmKey idle=62ms → next VK/TSF output will send VK_DBE_HIRAGANA warmup
2026-09-19T22:27:21.760998Z DEBUG execute_one{generation=None}: awase_windows::tsf::probe: [mark-send] last_send_ms=332875812
2026-09-19T22:27:21.766069Z DEBUG awase::journal: gji fsm transition seq=2595 elapsed_ms=669562 trigger="CompositionReset(gji_idle_ms=3250)" state_before="OffCold" state_after="OffCold"
2026-09-19T22:27:21.820921Z DEBUG awase_windows::runtime::key_pipeline: [engine-input] vk=0x1B KeyUp ts=669620735us delay=0ms state=Idle mods(c=false s=false a=false w=false) gas_ctrl=false phys_ctrl=false extra=0x5350494B pending_drain=0 gate_active=false l_thumb=None r_thumb=None [diag-ctx] ime_on
2026-09-19T22:27:21.821091Z DEBUG awase::journal: key input seq=2596 elapsed_ms=669621 vk_code=27 is_down=false injected=false key_class="Passthrough" state_before="Idle" state_after="Idle" decision="PassThrough" physical="Allow" repeat_count=1 last_timestamp_us=669620735 last_elapsed_ms=0
2026-09-19T22:27:21.821338Z DEBUG execute_from_hook: awase_windows::runtime::executor: [relay-passthrough] PassThrough idle: direct OS pass-through (vk=0x1b up)
2026-09-19T22:27:21.822085Z DEBUG execute_one{generation=None}: awase_windows::runtime::executor: [reinject] vk=0x1b up (queued passthrough now firing)
2026-09-19T22:27:23.619206Z  INFO awase_windows::runtime::key_pipeline: [shadow-toggle] intent 昇格: vk=0x1D scan=0x7B action=Toggle kind=PhysicalImeKey injected=false false→true w_ops0=108254 x_ops0=239807 x_KB0=23.2
2026-09-19T22:27:23.619265Z DEBUG awase::journal: ime event seq=2597 elapsed_ms=671420 event_kind="UserImeSetIntent"
2026-09-19T22:27:23.619298Z DEBUG awase_windows::runtime::key_pipeline: Shadow IME toggle: OFF → ON (vk=0x1D, source=PhysicalImeKey)
2026-09-19T22:27:23.619327Z DEBUG awase_windows::runtime::key_pipeline: [engine-input] vk=0x1D KeyDown ts=671419736us delay=0ms state=Idle mods(c=false s=false a=false w=false) gas_ctrl=false phys_ctrl=false extra=0x5350494B pending_drain=0 gate_active=false l_thumb=Some(671419723) r_thumb=None [dia
2026-09-19T22:27:23.619361Z  INFO awase::engine::engine: Engine activated (ime=true, romaji=true, japanese=true, user=true, reason=Active)
2026-09-19T22:27:23.619445Z DEBUG awase::journal: key input seq=2598 elapsed_ms=671420 vk_code=29 is_down=true injected=false key_class="LeftThumb" state_before="Idle" state_after="PendingThumb(vk=0x1D,left=true)" decision="Consume" physical="Allow" repeat_count=1 last_timestamp_us=671419736 last_el
2026-09-19T22:27:23.619503Z DEBUG awase::journal: ime event seq=2599 elapsed_ms=671420 event_kind="EngineActivationSync"
2026-09-19T22:27:23.619533Z DEBUG awase::journal: ime event seq=2600 elapsed_ms=671420 event_kind="ImeApplyRequested"
2026-09-19T22:27:23.619548Z  INFO awase_windows::runtime::key_pipeline: IME control: preconditions.ime_on = true (SetOpenRequest, origin=ActivationSync), was_open_before=true last_intent_before=Some(true) poll suspended
2026-09-19T22:27:23.619890Z DEBUG execute_one{generation=Some(ApplyGeneration(60))}:dispatch_ime_set_open{open=true generation=Some(ApplyGeneration(60))}: awase_windows::runtime::executor: [dispatch-ime] ImmCross async: optimistic applied_snapshot=true (suppress send_engine_state_ime_key)
2026-09-19T22:27:23.621268Z DEBUG execute_one{generation=Some(ApplyGeneration(60))}: awase_windows::platform: [engine-state-key] skipped (apply_ime_open aligned ime=true, profile=Standard)
2026-09-19T22:27:23.624206Z DEBUG run_open_chain_async: awase_windows::ime_controller: [warrant-shadow] chain=async open=true origin=EventOrigin { source: SelfActuated { strategy: "engine_decision_async" }, epoch: Generation(0) } warranted
2026-09-19T22:27:23.624297Z  INFO run_open_chain_async:imm_cross_write{open=true}: awase_windows::runtime::open_chain: [apply-ime] ImmCross async: open=true composition_active=false show_seq=0 change_seq=0 (issue #138診断)
2026-09-19T22:27:23.630728Z DEBUG awase_windows::shadow_send_trace: [shadow-send] channel=ImeControl cmd=0x0006 lparam=1 issue_us=671430018
2026-09-19T22:27:23.630745Z DEBUG awase_windows::ime: set_ime_open_for_target: hwnd=HWND(0xca3ba2) ime_wnd=HWND(0x841c7a) open=true success=true send_elapsed=1ms candidate_visible=false
2026-09-19T22:27:23.632654Z DEBUG run_open_chain_async:imm_cross_write{open=true}: awase_windows::ime: [imm-cross-actuate] hwnd=HWND(0xca3ba2) open=Written conv=Some(Written)
2026-09-19T22:27:23.632715Z DEBUG run_open_chain_async:imm_cross_write{open=true}: awase_windows::runtime::open_chain: [apply-ime] ROMAN 補完結果: Written
2026-09-19T22:27:23.632783Z DEBUG run_open_chain_async: awase::journal: actuation decision seq=2601 elapsed_ms=671433 site="DispatchImeSetOpen" caller="None" open=true chain_len=4 attempts_len=1 gate_profile="Standard" gate_kind="Gji" gate_shadow_known=true gate_shadow_on=false gate_input_mode="Obse
2026-09-19T22:27:23.637814Z DEBUG on_ime_apply_complete{open=true outcome=AppliedWithoutSendInput generation=Some(ApplyGeneration(60)) reason=EngineDecision}: awase::journal: ime open applied seq=2602 elapsed_ms=671438 open=true outcome="AppliedWithoutSendInput" reason="EngineDecision"
2026-09-19T22:27:23.638390Z DEBUG on_ime_apply_complete{open=true outcome=AppliedWithoutSendInput generation=Some(ApplyGeneration(60)) reason=EngineDecision}: awase::journal: ime event seq=2603 elapsed_ms=671439 event_kind="ImeApplySucceeded"
2026-09-19T22:27:23.638418Z DEBUG on_ime_apply_complete{open=true outcome=AppliedWithoutSendInput generation=Some(ApplyGeneration(60)) reason=EngineDecision}: awase_windows::tsf::ime_mode_fsm: [ime-mode] SetOpen(true) applied → Hiragana (belief, unconfirmed)
2026-09-19T22:27:23.638445Z DEBUG on_ime_apply_complete{open=true outcome=AppliedWithoutSendInput generation=Some(ApplyGeneration(60)) reason=EngineDecision}: awase_windows::platform: [composition] ImeEffect::SetOpen(true) → marking cold
2026-09-19T22:27:23.638465Z DEBUG on_ime_apply_complete{open=true outcome=AppliedWithoutSendInput generation=Some(ApplyGeneration(60)) reason=EngineDecision}: awase_windows::tsf::probe: [composition] marked cold reason=SetOpenTrue idle=1875ms → next VK/TSF output will send VK_DBE_HIRAGANA warmup
2026-09-19T22:27:23.638512Z DEBUG on_ime_apply_complete{open=true outcome=AppliedWithoutSendInput generation=Some(ApplyGeneration(60)) reason=EngineDecision}:gji_on_event{event=ImeOn { injection_mode: Unicode, gji_idle_ms: 5125 }}: awase_windows::tsf::gji_fsm: [gji-fsm] ImeOn gji_idle=5125ms → Short
2026-09-19T22:27:23.638583Z DEBUG on_ime_apply_complete{open=true outcome=AppliedWithoutSendInput generation=Some(ApplyGeneration(60)) reason=EngineDecision}: awase_windows::platform: [gji-fsm] StartProbe probe_id=ProbeId(56) forces_f2=false long=false
2026-09-19T22:27:23.639317Z DEBUG awase::journal: gji fsm transition seq=2604 elapsed_ms=671439 trigger="ImeOn(gji_idle_ms=5125)" state_before="OffCold" state_after="OnCold(Short)"
2026-09-19T22:27:23.639344Z DEBUG awase::journal: tsf probe started seq=2605 elapsed_ms=671439 source="GjiAction::StartProbe" cold_seq=5 probe_id=56 probe_id_present=true gji_state="OnCold(Short)" consecutive_at_start=0 pending_deferred_len=0
2026-09-19T22:27:23.639366Z DEBUG awase::journal: gji fsm transition seq=2606 elapsed_ms=671439 trigger="WarmupComplete(unicode)" state_before="OnCold(Short)" state_after="OnWarm"
2026-09-19T22:27:23.639383Z DEBUG awase::journal: tsf probe completed seq=2607 elapsed_ms=671439 outcome="UnicodeImmediate" cold_seq=18446744073709551615 cold_seq_present=false probe_id=56 probe_id_present=true duration_ms=0 tick_count=0 gji_state="OnWarm"
2026-09-19T22:27:23.670081Z DEBUG awase_windows::runtime::ime_refresh: Explicit intent: bypassing typing-idle guard for IME verify (idle=47ms)
2026-09-19T22:27:23.670124Z DEBUG awase_windows::observer::ime_observer: IME snapshot: japanese=Some(true) ime_on=Some(true) romaji=Some(true) conv=Some("0x00000019") guard=false
2026-09-19T22:27:23.670237Z DEBUG awase::journal: ime event seq=2608 elapsed_ms=671471 event_kind="ObserverReported"
2026-09-19T22:27:23.670308Z DEBUG awase::journal: ime event seq=2609 elapsed_ms=671471 event_kind="InputModeObserved"
2026-09-19T22:27:23.751167Z DEBUG awase_windows::runtime::key_pipeline: [engine-input] vk=0x1D KeyUp ts=671551704us delay=0ms state=PendingThumb(vk=0x1D,left=true) mods(c=false s=false a=false w=false) gas_ctrl=false phys_ctrl=false extra=0x5350494B pending_drain=0 gate_active=false l_thumb=None r_t
2026-09-19T22:27:23.751279Z DEBUG awase::journal: key input seq=2611 elapsed_ms=671552 vk_code=29 is_down=false injected=false key_class="LeftThumb" state_before="PendingThumb(vk=0x1D,left=true)" state_after="Idle" decision="Consume" physical="Allow" repeat_count=1 last_timestamp_us=671551704 last_e
2026-09-19T22:27:24.310897Z DEBUG awase_windows::runtime::key_pipeline: [engine-input] vk=0x4B KeyDown ts=672111476us delay=0ms state=Idle mods(c=false s=false a=false w=false) gas_ctrl=false phys_ctrl=false extra=0x5350494B pending_drain=0 gate_active=false l_thumb=None r_thumb=None [diag-ctx] ime_
2026-09-19T22:27:24.310966Z DEBUG awase::journal: key input seq=2612 elapsed_ms=672111 vk_code=75 is_down=true injected=false key_class="Char" state_before="Idle" state_after="PendingChar(vk=0x4B)" decision="Consume" physical="Allow" repeat_count=1 last_timestamp_us=672111476 last_elapsed_ms=0
2026-09-19T22:27:24.419828Z DEBUG execute_from_loop:execute_one{generation=None}: awase_windows::output: send_keys: mode=Unicode actions=[Char('き')] prev_elapsed=2656ms
2026-09-19T22:27:24.419862Z DEBUG execute_from_loop:execute_one{generation=None}: awase_windows::tsf::probe: [mark-send] last_send_ms=332878468
2026-09-19T22:27:24.419884Z DEBUG execute_from_loop:execute_one{generation=None}: awase_windows::output:   → Char('き') via Unicode
2026-09-19T22:27:24.422397Z DEBUG execute_from_loop:execute_one{generation=None}: awase_windows::tsf::probe: [mark-send] last_send_ms=332878468
2026-09-19T22:27:24.434768Z DEBUG awase_windows::tsf::gji_monitor: [gji-io] WRITE: w_ops=+2 w_KB=+0.3 (r_ops=+4 x_ops=+4 x_KB=+0.0)
2026-09-19T22:27:24.435468Z  INFO awase_windows::tsf::win_event_obs: [gji-obs] candidate SHOW #74: last_gji_write=0ms ago
2026-09-19T22:27:24.484662Z DEBUG awase_windows::runtime::key_pipeline: [engine-input] vk=0x4B KeyUp ts=672285182us delay=0ms state=Idle mods(c=false s=false a=false w=false) gas_ctrl=false phys_ctrl=false extra=0x5350494B pending_drain=0 gate_active=false l_thumb=None r_thumb=None [diag-ctx] ime_on
2026-09-19T22:27:24.484767Z DEBUG awase::journal: key input seq=2614 elapsed_ms=672285 vk_code=75 is_down=false injected=false key_class="Char" state_before="Idle" state_after="Idle" decision="Consume" physical="Allow" repeat_count=1 last_timestamp_us=672285182 last_elapsed_ms=0
2026-09-19T22:27:24.484906Z DEBUG execute_one{generation=None}: awase_windows::output: send_keys: mode=Unicode actions=[Suppress] prev_elapsed=63ms
2026-09-19T22:27:24.484938Z DEBUG execute_one{generation=None}: awase_windows::tsf::probe: [mark-send] last_send_ms=332878531
2026-09-19T22:27:24.484957Z DEBUG execute_one{generation=None}: awase_windows::output:   → Suppress
2026-09-19T22:27:24.484972Z DEBUG execute_one{generation=None}: awase_windows::tsf::probe: [mark-send] last_send_ms=332878531
2026-09-19T22:27:24.485022Z DEBUG execute_one{generation=None}: awase_windows::platform: [gji-fsm] StartComposition (candidate SHOW)
2026-09-19T22:27:24.485056Z DEBUG execute_one{generation=None}:gji_on_event{event=StartComposition}: awase_windows::tsf::gji_fsm: [gji-fsm] StartComposition: OnWarm → OnComposing(AlreadyWarm)
2026-09-19T22:27:24.485251Z DEBUG awase::journal: gji fsm transition seq=2615 elapsed_ms=672286 trigger="StartComposition(candidate SHOW)" state_before="OnWarm" state_after="OnComposing(Warm)"
2026-09-19T22:27:24.809525Z DEBUG awase_windows::runtime::key_pipeline: [engine-input] vk=0x1B KeyDown ts=672609644us delay=0ms state=Idle mods(c=false s=false a=false w=false) gas_ctrl=false phys_ctrl=false extra=0x5350494B pending_drain=0 gate_active=false l_thumb=None r_thumb=None [diag-ctx] ime_
2026-09-19T22:27:24.810035Z DEBUG awase::journal: key input seq=2616 elapsed_ms=672610 vk_code=27 is_down=true injected=false key_class="Passthrough" state_before="Idle" state_after="Idle" decision="PassThrough" physical="Allow" repeat_count=1 last_timestamp_us=672609644 last_elapsed_ms=0
2026-09-19T22:27:24.810243Z DEBUG execute_from_hook: awase_windows::runtime::executor: [relay-passthrough] PassThrough idle: direct OS pass-through (vk=0x1b down)
2026-09-19T22:27:24.810372Z DEBUG execute_one{generation=None}: awase_windows::runtime::executor: [reinject] vk=0x1b down (queued passthrough now firing)
2026-09-19T22:27:24.904241Z DEBUG awase_windows::tsf::gji_monitor: [gji-io] WRITE: w_ops=+1 w_KB=+0.0 (r_ops=+2 x_ops=+2 x_KB=+0.0)
2026-09-19T22:27:24.978317Z  INFO awase_windows::tsf::win_event_obs: [gji-obs] candidate HIDE: last_gji_write=78ms ago
2026-09-19T22:27:25.120381Z DEBUG awase_windows::runtime::key_pipeline: [engine-input] vk=0x1B KeyUp ts=672920802us delay=0ms state=Idle mods(c=false s=false a=false w=false) gas_ctrl=false phys_ctrl=false extra=0x5350494B pending_drain=0 gate_active=false l_thumb=None r_thumb=None [diag-ctx] ime_on
2026-09-19T22:27:25.120528Z DEBUG awase::journal: key input seq=2617 elapsed_ms=672921 vk_code=27 is_down=false injected=false key_class="Passthrough" state_before="Idle" state_after="Idle" decision="PassThrough" physical="Allow" repeat_count=1 last_timestamp_us=672920802 last_elapsed_ms=0
2026-09-19T22:27:25.120639Z DEBUG execute_from_hook: awase_windows::runtime::executor: [relay-passthrough] PassThrough idle: direct OS pass-through (vk=0x1b up)
2026-09-19T22:27:25.120897Z DEBUG execute_one{generation=None}: awase_windows::runtime::executor: [reinject] vk=0x1b up (queued passthrough now firing)
2026-09-19T22:27:25.127121Z DEBUG awase_windows::platform: [gji-fsm] EndComposition (candidate HIDE) epoch=FocusEpoch(73)
2026-09-19T22:27:25.130762Z DEBUG awase::journal: gji fsm transition seq=2618 elapsed_ms=672928 trigger="EndComposition(candidate HIDE, epoch=FocusEpoch(73))" state_before="OnComposing(Warm)" state_after="OnWarm"
2026-09-19T22:27:26.755918Z DEBUG awase_windows::hook: [hook] IME-mode vk=0xF2 down self_injected=false injected=false scan=0x70 extra=0x5350494B since_actuation_us=Some(29124123)
2026-09-19T22:27:26.756453Z DEBUG awase::journal: hook ime-mode diagnostic seq=2619 elapsed_ms=674557 vk_code=242 is_down=true self_injected=false injected=false scan=112
2026-09-19T22:27:26.756626Z  INFO awase_windows::runtime::key_pipeline: [shadow-toggle] intent 昇格: vk=0xF2 scan=0x70 action=TurnOn kind=PhysicalImeKey injected=false true→true w_ops0=108257 x_ops0=239813 x_KB0=23.2
2026-09-19T22:27:26.756671Z DEBUG awase::journal: ime event seq=2620 elapsed_ms=674557 event_kind="UserImeSetIntent"
2026-09-19T22:27:26.756695Z DEBUG awase_windows::runtime::key_pipeline: [shadow-toggle] no-op: vk=0xF2 action=TurnOn source=PhysicalImeKey effective_open は既に true → apply-ime 見送り
2026-09-19T22:27:26.756728Z DEBUG awase_windows::runtime::key_pipeline: [engine-input] vk=0xF2 KeyDown ts=674557196us delay=0ms state=Idle mods(c=false s=false a=false w=false) gas_ctrl=false phys_ctrl=false extra=0x5350494B pending_drain=0 gate_active=false l_thumb=None r_thumb=None [diag-ctx] ime_
2026-09-19T22:27:26.756813Z DEBUG awase::journal: key input seq=2621 elapsed_ms=674557 vk_code=242 is_down=true injected=false key_class="Passthrough" state_before="Idle" state_after="Idle" decision="PassThrough" physical="Allow" repeat_count=1 last_timestamp_us=674557196 last_elapsed_ms=0
2026-09-19T22:27:26.756882Z DEBUG awase_windows::runtime::key_pipeline: may_change_ime key passed through → IME refresh scheduled (20ms)
2026-09-19T22:27:26.756952Z DEBUG execute_from_hook: awase_windows::runtime::executor: [relay-passthrough] PassThrough idle: direct OS pass-through (vk=0xf2 down)
2026-09-19T22:27:26.758140Z DEBUG execute_one{generation=None}: awase_windows::runtime::executor: [reinject] vk=0xf2 down (queued passthrough now firing)
2026-09-19T22:27:26.760220Z DEBUG awase_windows::hook: [hook] IME-mode vk=0xF2 down self_injected=true injected=true scan=0x0 extra=0x4B45594D since_actuation_us=Some(29128435)
2026-09-19T22:27:26.761947Z DEBUG awase::journal: hook ime-mode diagnostic seq=2622 elapsed_ms=674562 vk_code=242 is_down=true self_injected=true injected=true scan=0
2026-09-19T22:27:26.766948Z DEBUG awase_windows::tsf::gji_monitor: [gji-io] WRITE: w_ops=+2 w_KB=+0.0 (r_ops=+4 x_ops=+4 x_KB=+0.0)
2026-09-19T22:27:26.802848Z DEBUG awase_windows::runtime::ime_refresh: Explicit intent: bypassing typing-idle guard for IME verify (idle=47ms)
2026-09-19T22:27:26.802914Z DEBUG awase_windows::observer::ime_observer: IME snapshot: japanese=Some(true) ime_on=Some(true) romaji=None conv=Some("0x00000010") guard=false
2026-09-19T22:27:26.802963Z DEBUG awase::journal: ime event seq=2623 elapsed_ms=674603 event_kind="ObserverReported"
2026-09-19T22:27:26.802980Z DEBUG awase::journal: ime event seq=2624 elapsed_ms=674603 event_kind="InputModeObserved"
2026-09-19T22:27:26.803010Z DEBUG awase::engine::engine: [diag-engine-active] ime_on=true なのに非活性: reason=Inactive(NotRomajiInput) romaji_capable=false japanese=true user_enabled=true was_active=true input_mode=ObservedEisu
2026-09-19T22:27:26.803043Z  INFO awase::engine::engine: Engine deactivated (ime=true, romaji=false, japanese=true, user=true, reason=Inactive(NotRomajiInput))
2026-09-19T22:27:27.567727Z DEBUG awase_windows::runtime::key_pipeline: [engine-input] vk=0x4B KeyDown ts=675368198us delay=0ms state=Idle mods(c=false s=false a=false w=false) gas_ctrl=false phys_ctrl=false extra=0x5350494B pending_drain=0 gate_active=false l_thumb=None r_thumb=None [diag-ctx] ime_
2026-09-19T22:27:27.567782Z DEBUG awase::engine::engine: [diag-engine-active] ime_on=true なのに非活性: reason=Inactive(NotRomajiInput) romaji_capable=false japanese=true user_enabled=true was_active=false input_mode=ObservedEisu
2026-09-19T22:27:27.567854Z DEBUG awase::journal: key input seq=2625 elapsed_ms=675368 vk_code=75 is_down=true injected=false key_class="Char" state_before="Idle" state_after="Idle" decision="PassThrough" physical="Allow" repeat_count=1 last_timestamp_us=675368198 last_elapsed_ms=0
2026-09-19T22:27:27.568002Z DEBUG execute_one{generation=None}: awase_windows::runtime::executor: [reinject] vk=0x4b down (queued passthrough now firing)
2026-09-19T22:27:27.620370Z DEBUG awase_windows::runtime::key_pipeline: [engine-input] vk=0x4B KeyUp ts=675420881us delay=0ms state=Idle mods(c=false s=false a=false w=false) gas_ctrl=false phys_ctrl=false extra=0x5350494B pending_drain=0 gate_active=false l_thumb=None r_thumb=None [diag-ctx] ime_on
2026-09-19T22:27:27.620416Z DEBUG awase::engine::engine: [diag-engine-active] ime_on=true なのに非活性: reason=Inactive(NotRomajiInput) romaji_capable=false japanese=true user_enabled=true was_active=false input_mode=ObservedEisu
2026-09-19T22:27:27.620484Z DEBUG awase::journal: key input seq=2626 elapsed_ms=675421 vk_code=75 is_down=false injected=false key_class="Char" state_before="Idle" state_after="Idle" decision="PassThrough" physical="Allow" repeat_count=1 last_timestamp_us=675420881 last_elapsed_ms=0
2026-09-19T22:27:27.620641Z DEBUG execute_one{generation=None}: awase_windows::runtime::executor: [reinject] vk=0x4b up (queued passthrough now firing)
2026-09-19T22:27:27.942450Z DEBUG awase_windows::runtime::key_pipeline: [engine-input] vk=0x1B KeyDown ts=675742858us delay=0ms state=Idle mods(c=false s=false a=false w=false) gas_ctrl=false phys_ctrl=false extra=0x5350494B pending_drain=0 gate_active=false l_thumb=None r_thumb=None [diag-ctx] ime_
2026-09-19T22:27:27.942515Z DEBUG awase::engine::engine: [diag-engine-active] ime_on=true なのに非活性: reason=Inactive(NotRomajiInput) romaji_capable=false japanese=true user_enabled=true was_active=false input_mode=ObservedEisu
2026-09-19T22:27:27.942608Z DEBUG awase::journal: key input seq=2627 elapsed_ms=675743 vk_code=27 is_down=true injected=false key_class="Passthrough" state_before="Idle" state_after="Idle" decision="PassThrough" physical="Allow" repeat_count=1 last_timestamp_us=675742858 last_elapsed_ms=0
2026-09-19T22:27:27.942739Z DEBUG execute_from_hook: awase_windows::runtime::executor: [relay-passthrough] PassThrough idle: direct OS pass-through (vk=0x1b down)
2026-09-19T22:27:27.942857Z DEBUG execute_one{generation=None}: awase_windows::runtime::executor: [reinject] vk=0x1b down (queued passthrough now firing)
2026-09-19T22:27:28.090534Z DEBUG awase_windows::runtime::key_pipeline: [engine-input] vk=0x1B KeyUp ts=675890738us delay=0ms state=Idle mods(c=false s=false a=false w=false) gas_ctrl=false phys_ctrl=false extra=0x5350494B pending_drain=0 gate_active=false l_thumb=None r_thumb=None [diag-ctx] ime_on
2026-09-19T22:27:28.090619Z DEBUG awase::engine::engine: [diag-engine-active] ime_on=true なのに非活性: reason=Inactive(NotRomajiInput) romaji_capable=false japanese=true user_enabled=true was_active=false input_mode=ObservedEisu
2026-09-19T22:27:28.090742Z DEBUG awase::journal: key input seq=2628 elapsed_ms=675891 vk_code=27 is_down=false injected=false key_class="Passthrough" state_before="Idle" state_after="Idle" decision="PassThrough" physical="Allow" repeat_count=1 last_timestamp_us=675890738 last_elapsed_ms=0
2026-09-19T22:27:28.090914Z DEBUG execute_from_hook: awase_windows::runtime::executor: [relay-passthrough] PassThrough idle: direct OS pass-through (vk=0x1b up)
2026-09-19T22:27:28.091047Z DEBUG execute_one{generation=None}: awase_windows::runtime::executor: [reinject] vk=0x1b up (queued passthrough now firing)
2026-09-19T22:27:29.879548Z DEBUG awase_windows::runtime::key_pipeline: [shadow-toggle] vk=0x1DはFSM delegate所有 → belief書き込み/actuationをスキップ w_ops0=108259 x_ops0=239817 x_KB0=23.2
2026-09-19T22:27:29.879584Z DEBUG awase_windows::runtime::key_pipeline: [shadow-toggle] no-op: vk=0x1D action=Toggle source=PhysicalImeKey effective_open は既に true → apply-ime 見送り
2026-09-19T22:27:29.879618Z DEBUG awase_windows::runtime::key_pipeline: [engine-input] vk=0x1D KeyDown ts=677680019us delay=0ms state=Idle mods(c=false s=false a=false w=false) gas_ctrl=false phys_ctrl=false extra=0x5350494B pending_drain=0 gate_active=false l_thumb=Some(677680008) r_thumb=None [dia
2026-09-19T22:27:29.879697Z DEBUG awase::engine::engine: [diag-engine-active] ime_on=true なのに非活性: reason=Inactive(NotRomajiInput) romaji_capable=false japanese=true user_enabled=true was_active=false input_mode=ObservedEisu
2026-09-19T22:27:29.879771Z DEBUG awase::journal: key input seq=2629 elapsed_ms=677680 vk_code=29 is_down=true injected=false key_class="LeftThumb" state_before="Idle" state_after="Idle" decision="PassThrough" physical="Allow" repeat_count=1 last_timestamp_us=677680019 last_elapsed_ms=0
2026-09-19T22:27:29.879912Z DEBUG execute_one{generation=None}: awase_windows::runtime::executor: [reinject] vk=0x1d down (queued passthrough now firing)
2026-09-19T22:27:29.891815Z DEBUG awase_windows::tsf::gji_monitor: [gji-io] WRITE: w_ops=+2 w_KB=+0.0 (r_ops=+4 x_ops=+4 x_KB=+0.0)
2026-09-19T22:27:30.003486Z DEBUG awase_windows::runtime::key_pipeline: [engine-input] vk=0x1D KeyUp ts=677804016us delay=0ms state=Idle mods(c=false s=false a=false w=false) gas_ctrl=false phys_ctrl=false extra=0x5350494B pending_drain=0 gate_active=false l_thumb=None r_thumb=None [diag-ctx] ime_on
2026-09-19T22:27:30.003535Z DEBUG awase::engine::engine: [diag-engine-active] ime_on=true なのに非活性: reason=Inactive(NotRomajiInput) romaji_capable=false japanese=true user_enabled=true was_active=false input_mode=ObservedEisu
2026-09-19T22:27:30.003603Z DEBUG awase::journal: key input seq=2630 elapsed_ms=677804 vk_code=29 is_down=false injected=false key_class="LeftThumb" state_before="Idle" state_after="Idle" decision="PassThrough" physical="Allow" repeat_count=1 last_timestamp_us=677804016 last_elapsed_ms=0
2026-09-19T22:27:30.003739Z DEBUG execute_one{generation=None}: awase_windows::runtime::executor: [reinject] vk=0x1d up (queued passthrough now firing)
2026-09-19T22:27:30.565604Z DEBUG awase_windows::runtime::key_pipeline: [engine-input] vk=0x4B KeyDown ts=678366096us delay=0ms state=Idle mods(c=false s=false a=false w=false) gas_ctrl=false phys_ctrl=false extra=0x5350494B pending_drain=0 gate_active=false l_thumb=None r_thumb=None [diag-ctx] ime_
2026-09-19T22:27:30.565653Z DEBUG awase::engine::engine: [diag-engine-active] ime_on=true なのに非活性: reason=Inactive(NotRomajiInput) romaji_capable=false japanese=true user_enabled=true was_active=false input_mode=ObservedEisu
2026-09-19T22:27:30.565717Z DEBUG awase::journal: key input seq=2631 elapsed_ms=678366 vk_code=75 is_down=true injected=false key_class="Char" state_before="Idle" state_after="Idle" decision="PassThrough" physical="Allow" repeat_count=1 last_timestamp_us=678366096 last_elapsed_ms=0
2026-09-19T22:27:30.565859Z DEBUG execute_one{generation=None}: awase_windows::runtime::executor: [reinject] vk=0x4b down (queued passthrough now firing)
2026-09-19T22:27:30.868415Z DEBUG awase_windows::runtime::key_pipeline: [engine-input] vk=0x4B KeyUp ts=678668861us delay=0ms state=Idle mods(c=false s=false a=false w=false) gas_ctrl=false phys_ctrl=false extra=0x5350494B pending_drain=0 gate_active=false l_thumb=None r_thumb=None [diag-ctx] ime_on
2026-09-19T22:27:30.868472Z DEBUG awase::engine::engine: [diag-engine-active] ime_on=true なのに非活性: reason=Inactive(NotRomajiInput) romaji_capable=false japanese=true user_enabled=true was_active=false input_mode=ObservedEisu
2026-09-19T22:27:30.868558Z DEBUG awase::journal: key input seq=2632 elapsed_ms=678669 vk_code=75 is_down=false injected=false key_class="Char" state_before="Idle" state_after="Idle" decision="PassThrough" physical="Allow" repeat_count=1 last_timestamp_us=678668861 last_elapsed_ms=0
2026-09-19T22:27:30.868846Z DEBUG execute_one{generation=None}: awase_windows::runtime::executor: [reinject] vk=0x4b up (queued passthrough now firing)
2026-09-19T22:27:31.058835Z DEBUG awase_windows::runtime::key_pipeline: [engine-input] vk=0x1B KeyDown ts=678859219us delay=0ms state=Idle mods(c=false s=false a=false w=false) gas_ctrl=false phys_ctrl=false extra=0x5350494B pending_drain=0 gate_active=false l_thumb=None r_thumb=None [diag-ctx] ime_
2026-09-19T22:27:31.058890Z DEBUG awase::engine::engine: [diag-engine-active] ime_on=true なのに非活性: reason=Inactive(NotRomajiInput) romaji_capable=false japanese=true user_enabled=true was_active=false input_mode=ObservedEisu
2026-09-19T22:27:31.058962Z DEBUG awase::journal: key input seq=2633 elapsed_ms=678859 vk_code=27 is_down=true injected=false key_class="Passthrough" state_before="Idle" state_after="Idle" decision="PassThrough" physical="Allow" repeat_count=1 last_timestamp_us=678859219 last_elapsed_ms=0
2026-09-19T22:27:31.059065Z DEBUG execute_from_hook: awase_windows::runtime::executor: [relay-passthrough] PassThrough idle: direct OS pass-through (vk=0x1b down)
2026-09-19T22:27:31.059148Z DEBUG execute_one{generation=None}: awase_windows::runtime::executor: [reinject] vk=0x1b down (queued passthrough now firing)
2026-09-19T22:27:31.261182Z DEBUG awase_windows::runtime::key_pipeline: [engine-input] vk=0x1B KeyUp ts=679061383us delay=0ms state=Idle mods(c=false s=false a=false w=false) gas_ctrl=false phys_ctrl=false extra=0x5350494B pending_drain=0 gate_active=false l_thumb=None r_thumb=None [diag-ctx] ime_on
2026-09-19T22:27:31.261278Z DEBUG awase::engine::engine: [diag-engine-active] ime_on=true なのに非活性: reason=Inactive(NotRomajiInput) romaji_capable=false japanese=true user_enabled=true was_active=false input_mode=ObservedEisu
2026-09-19T22:27:31.261569Z DEBUG awase::journal: key input seq=2634 elapsed_ms=679062 vk_code=27 is_down=false injected=false key_class="Passthrough" state_before="Idle" state_after="Idle" decision="PassThrough" physical="Allow" repeat_count=1 last_timestamp_us=679061383 last_elapsed_ms=0
2026-09-19T22:27:31.261785Z DEBUG execute_from_hook: awase_windows::runtime::executor: [relay-passthrough] PassThrough idle: direct OS pass-through (vk=0x1b up)
2026-09-19T22:27:31.262045Z DEBUG execute_one{generation=None}: awase_windows::runtime::executor: [reinject] vk=0x1b up (queued passthrough now firing)
2026-09-19T22:27:33.061754Z DEBUG awase_windows::runtime::key_pipeline: [shadow-toggle] vk=0x1DはFSM delegate所有 → belief書き込み/actuationをスキップ w_ops0=108261 x_ops0=239821 x_KB0=23.2
2026-09-19T22:27:33.061787Z DEBUG awase_windows::runtime::key_pipeline: [shadow-toggle] no-op: vk=0x1D action=Toggle source=PhysicalImeKey effective_open は既に true → apply-ime 見送り
2026-09-19T22:27:33.061818Z DEBUG awase_windows::runtime::key_pipeline: [engine-input] vk=0x1D KeyDown ts=680862208us delay=0ms state=Idle mods(c=false s=false a=false w=false) gas_ctrl=false phys_ctrl=false extra=0x5350494B pending_drain=0 gate_active=false l_thumb=Some(680862194) r_thumb=None [dia
2026-09-19T22:27:33.061852Z DEBUG awase::engine::engine: [diag-engine-active] ime_on=true なのに非活性: reason=Inactive(NotRomajiInput) romaji_capable=false japanese=true user_enabled=true was_active=false input_mode=ObservedEisu
2026-09-19T22:27:33.061915Z DEBUG awase::journal: key input seq=2635 elapsed_ms=680862 vk_code=29 is_down=true injected=false key_class="LeftThumb" state_before="Idle" state_after="Idle" decision="PassThrough" physical="Allow" repeat_count=1 last_timestamp_us=680862208 last_elapsed_ms=0
2026-09-19T22:27:33.062043Z DEBUG execute_one{generation=None}: awase_windows::runtime::executor: [reinject] vk=0x1d down (queued passthrough now firing)
2026-09-19T22:27:33.074338Z DEBUG awase_windows::tsf::gji_monitor: [gji-io] WRITE: w_ops=+2 w_KB=+0.0 (r_ops=+4 x_ops=+4 x_KB=+0.0)
2026-09-19T22:27:33.184185Z DEBUG awase_windows::runtime::key_pipeline: [engine-input] vk=0x1D KeyUp ts=680984692us delay=0ms state=Idle mods(c=false s=false a=false w=false) gas_ctrl=false phys_ctrl=false extra=0x5350494B pending_drain=0 gate_active=false l_thumb=None r_thumb=None [diag-ctx] ime_on
2026-09-19T22:27:33.184229Z DEBUG awase::engine::engine: [diag-engine-active] ime_on=true なのに非活性: reason=Inactive(NotRomajiInput) romaji_capable=false japanese=true user_enabled=true was_active=false input_mode=ObservedEisu
2026-09-19T22:27:33.184293Z DEBUG awase::journal: key input seq=2636 elapsed_ms=680985 vk_code=29 is_down=false injected=false key_class="LeftThumb" state_before="Idle" state_after="Idle" decision="PassThrough" physical="Allow" repeat_count=1 last_timestamp_us=680984692 last_elapsed_ms=0
2026-09-19T22:27:33.184426Z DEBUG execute_one{generation=None}: awase_windows::runtime::executor: [reinject] vk=0x1d up (queued passthrough now firing)
2026-09-19T22:27:33.754504Z DEBUG awase_windows::runtime::key_pipeline: [engine-input] vk=0x4B KeyDown ts=681554809us delay=0ms state=Idle mods(c=false s=false a=false w=false) gas_ctrl=false phys_ctrl=false extra=0x5350494B pending_drain=0 gate_active=false l_thumb=None r_thumb=None [diag-ctx] ime_
2026-09-19T22:27:33.754593Z DEBUG awase::engine::engine: [diag-engine-active] ime_on=true なのに非活性: reason=Inactive(NotRomajiInput) romaji_capable=false japanese=true user_enabled=true was_active=false input_mode=ObservedEisu
2026-09-19T22:27:33.754715Z DEBUG awase::journal: key input seq=2637 elapsed_ms=681555 vk_code=75 is_down=true injected=false key_class="Char" state_before="Idle" state_after="Idle" decision="PassThrough" physical="Allow" repeat_count=1 last_timestamp_us=681554809 last_elapsed_ms=0
2026-09-19T22:27:33.754958Z DEBUG execute_one{generation=None}: awase_windows::runtime::executor: [reinject] vk=0x4b down (queued passthrough now firing)
2026-09-19T22:27:33.776899Z DEBUG awase_windows::tsf::gji_monitor: [gji-io] WRITE: w_ops=+2 w_KB=+0.4 (r_ops=+4 x_ops=+4 x_KB=+0.0)
2026-09-19T22:27:33.847068Z  INFO awase_windows::tsf::win_event_obs: [gji-obs] candidate SHOW #75: last_gji_write=62ms ago
2026-09-19T22:27:33.906754Z DEBUG awase_windows::runtime::key_pipeline: [engine-input] vk=0x4B KeyUp ts=681707280us delay=0ms state=Idle mods(c=false s=false a=false w=false) gas_ctrl=false phys_ctrl=false extra=0x5350494B pending_drain=0 gate_active=false l_thumb=None r_thumb=None [diag-ctx] ime_on
2026-09-19T22:27:33.906869Z DEBUG awase::engine::engine: [diag-engine-active] ime_on=true なのに非活性: reason=Inactive(NotRomajiInput) romaji_capable=false japanese=true user_enabled=true was_active=false input_mode=ObservedEisu
2026-09-19T22:27:33.906932Z DEBUG awase::journal: key input seq=2638 elapsed_ms=681707 vk_code=75 is_down=false injected=false key_class="Char" state_before="Idle" state_after="Idle" decision="PassThrough" physical="Allow" repeat_count=1 last_timestamp_us=681707280 last_elapsed_ms=0
2026-09-19T22:27:33.907045Z DEBUG execute_one{generation=None}: awase_windows::runtime::executor: [reinject] vk=0x4b up (queued passthrough now firing)
2026-09-19T22:27:33.909499Z DEBUG awase_windows::platform: [gji-fsm] StartComposition (candidate SHOW)
2026-09-19T22:27:33.909525Z DEBUG gji_on_event{event=StartComposition}: awase_windows::tsf::gji_fsm: [gji-fsm] StartComposition: OnWarm → OnComposing(AlreadyWarm)
2026-09-19T22:27:33.909711Z DEBUG awase::journal: gji fsm transition seq=2639 elapsed_ms=681710 trigger="StartComposition(candidate SHOW)" state_before="OnWarm" state_after="OnComposing(Warm)"
2026-09-19T22:27:34.247148Z DEBUG awase_windows::runtime::key_pipeline: [engine-input] vk=0x1B KeyDown ts=682047653us delay=0ms state=Idle mods(c=false s=false a=false w=false) gas_ctrl=false phys_ctrl=false extra=0x5350494B pending_drain=0 gate_active=false l_thumb=None r_thumb=None [diag-ctx] ime_
2026-09-19T22:27:34.247197Z DEBUG awase::engine::engine: [diag-engine-active] ime_on=true なのに非活性: reason=Inactive(NotRomajiInput) romaji_capable=false japanese=true user_enabled=true was_active=false input_mode=ObservedEisu
2026-09-19T22:27:34.247262Z DEBUG awase::journal: key input seq=2640 elapsed_ms=682048 vk_code=27 is_down=true injected=false key_class="Passthrough" state_before="Idle" state_after="Idle" decision="PassThrough" physical="Allow" repeat_count=1 last_timestamp_us=682047653 last_elapsed_ms=0
2026-09-19T22:27:34.247357Z DEBUG execute_from_hook: awase_windows::runtime::executor: [relay-passthrough] PassThrough idle: direct OS pass-through (vk=0x1b down)
2026-09-19T22:27:34.247430Z DEBUG execute_one{generation=None}: awase_windows::runtime::executor: [reinject] vk=0x1b down (queued passthrough now firing)
2026-09-19T22:27:34.255432Z  INFO awase_windows::tsf::win_event_obs: [gji-obs] candidate HIDE: last_gji_write=468ms ago
2026-09-19T22:27:34.258709Z DEBUG awase_windows::tsf::gji_monitor: [gji-io] WRITE: w_ops=+2 w_KB=+0.4 (r_ops=+4 x_ops=+4 x_KB=+0.0)
2026-09-19T22:27:34.436793Z DEBUG awase_windows::runtime::key_pipeline: [engine-input] vk=0x1B KeyUp ts=682237181us delay=0ms state=Idle mods(c=false s=false a=false w=false) gas_ctrl=false phys_ctrl=false extra=0x5350494B pending_drain=0 gate_active=false l_thumb=None r_thumb=None [diag-ctx] ime_on
2026-09-19T22:27:34.436857Z DEBUG awase::engine::engine: [diag-engine-active] ime_on=true なのに非活性: reason=Inactive(NotRomajiInput) romaji_capable=false japanese=true user_enabled=true was_active=false input_mode=ObservedEisu
2026-09-19T22:27:34.436951Z DEBUG awase::journal: key input seq=2641 elapsed_ms=682237 vk_code=27 is_down=false injected=false key_class="Passthrough" state_before="Idle" state_after="Idle" decision="PassThrough" physical="Allow" repeat_count=1 last_timestamp_us=682237181 last_elapsed_ms=0
2026-09-19T22:27:34.437085Z DEBUG execute_from_hook: awase_windows::runtime::executor: [relay-passthrough] PassThrough idle: direct OS pass-through (vk=0x1b up)
2026-09-19T22:27:34.437186Z DEBUG execute_one{generation=None}: awase_windows::runtime::executor: [reinject] vk=0x1b up (queued passthrough now firing)
2026-09-19T22:27:34.441602Z DEBUG awase_windows::platform: [gji-fsm] EndComposition (candidate HIDE) epoch=FocusEpoch(74)
2026-09-19T22:27:34.441873Z DEBUG awase::journal: gji fsm transition seq=2642 elapsed_ms=682242 trigger="EndComposition(candidate HIDE, epoch=FocusEpoch(74))" state_before="OnComposing(Warm)" state_after="OnWarm"
2026-09-19T22:27:36.192326Z DEBUG awase_windows::hook: [hook] IME-mode vk=0xF0 up self_injected=false injected=false scan=0x70 extra=0x5350494B since_actuation_us=Some(38560531)
2026-09-19T22:27:36.192447Z DEBUG awase::journal: hook ime-mode diagnostic seq=2643 elapsed_ms=683993 vk_code=240 is_down=false self_injected=false injected=false scan=112
2026-09-19T22:27:36.192602Z DEBUG awase_windows::hook: [hook] IME-mode vk=0xF2 down self_injected=false injected=false scan=0x70 extra=0x5350494B since_actuation_us=Some(38560823)
2026-09-19T22:27:36.192627Z DEBUG awase_windows::runtime::key_pipeline: [engine-input] vk=0xF0 KeyUp ts=683993187us delay=0ms state=Idle mods(c=false s=false a=false w=false) gas_ctrl=false phys_ctrl=false extra=0x5350494B pending_drain=0 gate_active=false l_thumb=None r_thumb=None [diag-ctx] ime_on
2026-09-19T22:27:36.192659Z DEBUG awase::engine::engine: [diag-engine-active] ime_on=true なのに非活性: reason=Inactive(NotRomajiInput) romaji_capable=false japanese=true user_enabled=true was_active=false input_mode=ObservedEisu
2026-09-19T22:27:36.192779Z DEBUG awase::journal: key input seq=2644 elapsed_ms=683993 vk_code=240 is_down=false injected=false key_class="Passthrough" state_before="Idle" state_after="Idle" decision="PassThrough" physical="Suppress" repeat_count=1 last_timestamp_us=683993187 last_elapsed_ms=0
2026-09-19T22:27:36.192828Z DEBUG awase_windows::runtime::key_pipeline: [imm-cross] key suppress vk=0xf0 KeyUp (physical disposition)
2026-09-19T22:27:36.192873Z DEBUG awase::journal: hook ime-mode diagnostic seq=2645 elapsed_ms=683993 vk_code=242 is_down=true self_injected=false injected=false scan=112
2026-09-19T22:27:36.192945Z  INFO awase_windows::runtime::key_pipeline: [shadow-toggle] intent 昇格: vk=0xF2 scan=0x70 action=TurnOn kind=PhysicalImeKey injected=false true→true w_ops0=108267 x_ops0=239833 x_KB0=23.2
2026-09-19T22:27:36.192984Z DEBUG awase::journal: ime event seq=2646 elapsed_ms=683993 event_kind="UserImeSetIntent"
2026-09-19T22:27:36.193005Z DEBUG awase_windows::runtime::key_pipeline: [shadow-toggle] no-op: vk=0xF2 action=TurnOn source=PhysicalImeKey effective_open は既に true → apply-ime 見送り
2026-09-19T22:27:36.193034Z DEBUG awase::journal: ime event seq=2647 elapsed_ms=683993 event_kind="InputModeApplied"
2026-09-19T22:27:36.193048Z  INFO awase_windows::runtime::key_pipeline: [shadow-toggle] TurnOn (IME既にopen) + ObservedEisu → AssumedRomaji に リセット (UserTurnOnEisuReset)
2026-09-19T22:27:36.193066Z DEBUG awase_windows::runtime::key_pipeline: [engine-input] vk=0xF2 KeyDown ts=683993381us delay=0ms state=Idle mods(c=false s=false a=false w=false) gas_ctrl=false phys_ctrl=false extra=0x5350494B pending_drain=0 gate_active=false l_thumb=None r_thumb=None [diag-ctx] ime_
2026-09-19T22:27:36.193160Z  INFO awase::engine::engine: Engine activated (ime=true, romaji=true, japanese=true, user=true, reason=Active)
2026-09-19T22:27:36.193220Z DEBUG awase::journal: key input seq=2648 elapsed_ms=683994 vk_code=242 is_down=true injected=false key_class="Passthrough" state_before="Idle" state_after="Idle" decision="PassThroughWith" physical="Allow" repeat_count=1 last_timestamp_us=683993381 last_elapsed_ms=0
2026-09-19T22:27:36.193270Z DEBUG awase::journal: ime event seq=2649 elapsed_ms=683994 event_kind="EngineActivationSync"
2026-09-19T22:27:36.193314Z DEBUG awase::journal: ime event seq=2650 elapsed_ms=683994 event_kind="ImeApplyRequested"
2026-09-19T22:27:36.193331Z  INFO awase_windows::runtime::key_pipeline: IME control: preconditions.ime_on = true (SetOpenRequest, origin=ActivationSync), was_open_before=true last_intent_before=Some(true) poll suspended
2026-09-19T22:27:36.193372Z DEBUG awase_windows::runtime::key_pipeline: may_change_ime key passed through → IME refresh scheduled (20ms)
2026-09-19T22:27:36.193403Z DEBUG execute_from_hook: awase_windows::runtime::executor: [relay-flush] PassThroughWith: queue 2 effect(s) + reinject (vk=0xf2 down)
2026-09-19T22:27:36.193548Z DEBUG execute_one{generation=Some(ApplyGeneration(61))}:dispatch_ime_set_open{open=true generation=Some(ApplyGeneration(61))}: awase_windows::runtime::executor: [dispatch-ime] ImmCross async: optimistic applied_snapshot=true (suppress send_engine_state_ime_key)
2026-09-19T22:27:36.194829Z DEBUG execute_one{generation=Some(ApplyGeneration(61))}: awase_windows::platform: [engine-state-key] skipped (apply_ime_open aligned ime=true, profile=Standard)
2026-09-19T22:27:36.194922Z DEBUG execute_one{generation=Some(ApplyGeneration(61))}: awase_windows::runtime::executor: [reinject] vk=0xf2 down (queued passthrough now firing)
2026-09-19T22:27:36.195435Z DEBUG awase_windows::hook: [hook] IME-mode vk=0xF0 up self_injected=true injected=false scan=0x0 extra=0x4B45594D since_actuation_us=Some(38563651)
2026-09-19T22:27:36.198012Z DEBUG awase_windows::hook: [hook] IME-mode vk=0xF2 down self_injected=true injected=true scan=0x0 extra=0x4B45594D since_actuation_us=Some(38566228)
2026-09-19T22:27:36.199326Z DEBUG awase::journal: hook ime-mode diagnostic seq=2651 elapsed_ms=684000 vk_code=240 is_down=false self_injected=true injected=false scan=0
2026-09-19T22:27:36.199461Z DEBUG awase::journal: hook ime-mode diagnostic seq=2652 elapsed_ms=684000 vk_code=242 is_down=true self_injected=true injected=true scan=0
2026-09-19T22:27:36.199672Z DEBUG run_open_chain_async: awase_windows::ime_controller: [warrant-shadow] chain=async open=true origin=EventOrigin { source: SelfActuated { strategy: "engine_decision_async" }, epoch: Generation(0) } warranted
2026-09-19T22:27:36.199709Z  INFO run_open_chain_async:imm_cross_write{open=true}: awase_windows::runtime::open_chain: [apply-ime] ImmCross async: open=true composition_active=false show_seq=0 change_seq=0 (issue #138診断)
2026-09-19T22:27:36.203617Z DEBUG awase_windows::tsf::gji_monitor: [gji-io] WRITE: w_ops=+2 w_KB=+0.0 (r_ops=+4 x_ops=+4 x_KB=+0.0)
2026-09-19T22:27:36.208388Z DEBUG awase_windows::shadow_send_trace: [shadow-send] channel=ImeControl cmd=0x0006 lparam=1 issue_us=684002838
2026-09-19T22:27:36.208411Z DEBUG awase_windows::ime: set_ime_open_for_target: hwnd=HWND(0xca3ba2) ime_wnd=HWND(0x841c7a) open=true success=true send_elapsed=6ms candidate_visible=false
2026-09-19T22:27:36.209308Z DEBUG run_open_chain_async:imm_cross_write{open=true}: awase_windows::ime: [imm-cross-actuate] hwnd=HWND(0xca3ba2) open=Written conv=Some(Written)
2026-09-19T22:27:36.209390Z DEBUG run_open_chain_async:imm_cross_write{open=true}: awase_windows::runtime::open_chain: [apply-ime] ROMAN 補完結果: Written
2026-09-19T22:27:36.209473Z DEBUG run_open_chain_async: awase::journal: actuation decision seq=2653 elapsed_ms=684010 site="DispatchImeSetOpen" caller="None" open=true chain_len=4 attempts_len=1 gate_profile="Standard" gate_kind="Gji" gate_shadow_known=true gate_shadow_on=true gate_input_mode="Assum
2026-09-19T22:27:36.211659Z DEBUG on_ime_apply_complete{open=true outcome=AppliedWithoutSendInput generation=Some(ApplyGeneration(61)) reason=EngineDecision}: awase::journal: ime open applied seq=2654 elapsed_ms=684012 open=true outcome="AppliedWithoutSendInput" reason="EngineDecision"
2026-09-19T22:27:36.212764Z DEBUG on_ime_apply_complete{open=true outcome=AppliedWithoutSendInput generation=Some(ApplyGeneration(61)) reason=EngineDecision}: awase::journal: ime event seq=2655 elapsed_ms=684013 event_kind="ImeApplySucceeded"
2026-09-19T22:27:36.212803Z DEBUG on_ime_apply_complete{open=true outcome=AppliedWithoutSendInput generation=Some(ApplyGeneration(61)) reason=EngineDecision}: awase_windows::tsf::ime_mode_fsm: [ime-mode] SetOpen(true) applied → Hiragana (belief, unconfirmed)
2026-09-19T22:27:36.212830Z DEBUG on_ime_apply_complete{open=true outcome=AppliedWithoutSendInput generation=Some(ApplyGeneration(61)) reason=EngineDecision}: awase_windows::platform: [composition] ImeEffect::SetOpen(true) → marking cold
2026-09-19T22:27:36.212852Z DEBUG on_ime_apply_complete{open=true outcome=AppliedWithoutSendInput generation=Some(ApplyGeneration(61)) reason=EngineDecision}: awase_windows::tsf::probe: [composition] marked cold reason=SetOpenTrue idle=11734ms → next VK/TSF output will send VK_DBE_HIRAGANA warmup
2026-09-19T22:27:36.212903Z DEBUG on_ime_apply_complete{open=true outcome=AppliedWithoutSendInput generation=Some(ApplyGeneration(61)) reason=EngineDecision}:gji_on_event{event=ImeOn { injection_mode: Unicode, gji_idle_ms: 15 }}: awase_windows::tsf::gji_fsm: [gji-fsm] ImeOn: already on (OnWarm), ign
2026-09-19T22:27:36.213450Z DEBUG awase::journal: gji fsm transition seq=2656 elapsed_ms=684013 trigger="ImeOn(gji_idle_ms=15)" state_before="OnWarm" state_after="OnWarm"
2026-09-19T22:27:36.255760Z DEBUG awase_windows::runtime::ime_refresh: Explicit intent: bypassing typing-idle guard for IME verify (idle=62ms)
2026-09-19T22:27:36.255807Z DEBUG awase_windows::observer::ime_observer: IME snapshot: japanese=Some(true) ime_on=Some(true) romaji=Some(true) conv=Some("0x00000019") guard=false
2026-09-19T22:27:36.255892Z DEBUG awase::journal: ime event seq=2657 elapsed_ms=684056 event_kind="ObserverReported"
2026-09-19T22:27:36.255927Z DEBUG awase::journal: ime event seq=2658 elapsed_ms=684056 event_kind="InputModeObserved"
2026-09-19T22:27:36.875575Z DEBUG awase_windows::runtime::key_pipeline: [engine-input] vk=0x4B KeyDown ts=684676010us delay=0ms state=Idle mods(c=false s=false a=false w=false) gas_ctrl=false phys_ctrl=false extra=0x5350494B pending_drain=0 gate_active=false l_thumb=None r_thumb=None [diag-ctx] ime_
2026-09-19T22:27:36.875731Z DEBUG awase::journal: key input seq=2659 elapsed_ms=684676 vk_code=75 is_down=true injected=false key_class="Char" state_before="Idle" state_after="PendingChar(vk=0x4B)" decision="Consume" physical="Allow" repeat_count=1 last_timestamp_us=684676010 last_elapsed_ms=0
2026-09-19T22:27:36.983095Z DEBUG execute_from_loop:execute_one{generation=None}: awase_windows::output: send_keys: mode=Unicode actions=[Char('き')] prev_elapsed=12500ms
2026-09-19T22:27:36.983109Z DEBUG execute_from_loop:execute_one{generation=None}: awase_windows::tsf::probe: [mark-send] last_send_ms=332891031
2026-09-19T22:27:36.983119Z DEBUG execute_from_loop:execute_one{generation=None}: awase_windows::output:   → Char('き') via Unicode
2026-09-19T22:27:36.985957Z DEBUG execute_from_loop:execute_one{generation=None}: awase_windows::tsf::probe: [mark-send] last_send_ms=332891031
2026-09-19T22:27:36.997695Z DEBUG awase_windows::tsf::gji_monitor: [gji-io] WRITE: w_ops=+2 w_KB=+0.3 (r_ops=+4 x_ops=+4 x_KB=+0.0)
2026-09-19T22:27:37.004768Z  INFO awase_windows::tsf::win_event_obs: [gji-obs] candidate SHOW #76: last_gji_write=0ms ago
2026-09-19T22:27:37.049282Z DEBUG awase_windows::runtime::key_pipeline: [engine-input] vk=0x4B KeyUp ts=684849817us delay=0ms state=Idle mods(c=false s=false a=false w=false) gas_ctrl=false phys_ctrl=false extra=0x5350494B pending_drain=0 gate_active=false l_thumb=None r_thumb=None [diag-ctx] ime_on
2026-09-19T22:27:37.049406Z DEBUG awase::journal: key input seq=2661 elapsed_ms=684850 vk_code=75 is_down=false injected=false key_class="Char" state_before="Idle" state_after="Idle" decision="Consume" physical="Allow" repeat_count=1 last_timestamp_us=684849817 last_elapsed_ms=0
2026-09-19T22:27:37.049615Z DEBUG execute_one{generation=None}: awase_windows::output: send_keys: mode=Unicode actions=[Suppress] prev_elapsed=62ms
2026-09-19T22:27:37.049653Z DEBUG execute_one{generation=None}: awase_windows::tsf::probe: [mark-send] last_send_ms=332891093
2026-09-19T22:27:37.049673Z DEBUG execute_one{generation=None}: awase_windows::output:   → Suppress
2026-09-19T22:27:37.049700Z DEBUG execute_one{generation=None}: awase_windows::tsf::probe: [mark-send] last_send_ms=332891093
2026-09-19T22:27:37.049760Z DEBUG execute_one{generation=None}: awase_windows::platform: [gji-fsm] StartComposition (candidate SHOW)
2026-09-19T22:27:37.049796Z DEBUG execute_one{generation=None}:gji_on_event{event=StartComposition}: awase_windows::tsf::gji_fsm: [gji-fsm] StartComposition: OnWarm → OnComposing(AlreadyWarm)
2026-09-19T22:27:37.049949Z DEBUG awase::journal: gji fsm transition seq=2662 elapsed_ms=684850 trigger="StartComposition(candidate SHOW)" state_before="OnWarm" state_after="OnComposing(Warm)"
2026-09-19T22:27:37.376948Z DEBUG awase_windows::runtime::key_pipeline: [engine-input] vk=0x1B KeyDown ts=685177335us delay=0ms state=Idle mods(c=false s=false a=false w=false) gas_ctrl=false phys_ctrl=false extra=0x5350494B pending_drain=0 gate_active=false l_thumb=None r_thumb=None [diag-ctx] ime_
2026-09-19T22:27:37.377097Z DEBUG awase::journal: key input seq=2663 elapsed_ms=685177 vk_code=27 is_down=true injected=false key_class="Passthrough" state_before="Idle" state_after="Idle" decision="PassThrough" physical="Allow" repeat_count=1 last_timestamp_us=685177335 last_elapsed_ms=0
2026-09-19T22:27:37.377228Z DEBUG execute_from_hook: awase_windows::runtime::executor: [relay-passthrough] PassThrough idle: direct OS pass-through (vk=0x1b down)
2026-09-19T22:27:37.377337Z DEBUG execute_one{generation=None}: awase_windows::runtime::executor: [reinject] vk=0x1b down (queued passthrough now firing)
2026-09-19T22:27:37.387015Z DEBUG awase_windows::tsf::gji_monitor: [gji-io] WRITE: w_ops=+2 w_KB=+0.3 (r_ops=+4 x_ops=+4 x_KB=+0.0)
2026-09-19T22:27:37.390166Z  INFO awase_windows::tsf::win_event_obs: [gji-obs] candidate HIDE: last_gji_write=0ms ago
2026-09-19T22:27:37.560273Z DEBUG awase_windows::runtime::key_pipeline: [engine-input] vk=0x1B KeyUp ts=685360589us delay=0ms state=Idle mods(c=false s=false a=false w=false) gas_ctrl=false phys_ctrl=false extra=0x5350494B pending_drain=0 gate_active=false l_thumb=None r_thumb=None [diag-ctx] ime_on
2026-09-19T22:27:37.560379Z DEBUG awase::journal: key input seq=2664 elapsed_ms=685361 vk_code=27 is_down=false injected=false key_class="Passthrough" state_before="Idle" state_after="Idle" decision="PassThrough" physical="Allow" repeat_count=1 last_timestamp_us=685360589 last_elapsed_ms=0
2026-09-19T22:27:37.560432Z DEBUG execute_from_hook: awase_windows::runtime::executor: [relay-passthrough] PassThrough idle: direct OS pass-through (vk=0x1b up)
2026-09-19T22:27:37.560467Z DEBUG execute_one{generation=None}: awase_windows::runtime::executor: [reinject] vk=0x1b up (queued passthrough now firing)
2026-09-19T22:27:37.562309Z DEBUG awase_windows::platform: [gji-fsm] EndComposition (candidate HIDE) epoch=FocusEpoch(75)
2026-09-19T22:27:37.562672Z DEBUG awase::journal: gji fsm transition seq=2665 elapsed_ms=685363 trigger="EndComposition(candidate HIDE, epoch=FocusEpoch(75))" state_before="OnComposing(Warm)" state_after="OnWarm"
2026-09-19T22:27:40.867626Z DEBUG awase_windows::tsf::gji_monitor: [gji-io] WRITE: w_ops=+1 w_KB=+0.0 (r_ops=+2 x_ops=+2 x_KB=+0.0)
2026-09-19T22:27:40.962885Z DEBUG awase_windows::runtime: [focus-sync] hwnd=0x3042C class="CASCADIA_HOSTING_WINDOW_CLASS" app_kind=Win32 hint=ForceTsf → mode=Tsf
2026-09-19T22:27:40.963013Z DEBUG awase_windows::runtime: [focus-sync] belief=ON かつ実状態を問い合わせられないプロファイル (profile=Imm32Unavailable) → 次の入力で再プライムするため cold mark
2026-09-19T22:27:40.963054Z DEBUG awase_windows::tsf::probe: [composition] marked cold reason=FocusChange idle=3922ms → next VK/TSF output will send VK_DBE_HIRAGANA warmup
2026-09-19T22:27:40.963111Z DEBUG awase_windows::tsf::tsf_gate: [tsf-gate] focus change → PendingWarmup (held cleared)
2026-09-19T22:27:40.974894Z DEBUG awase_windows::runtime: [focus-sync] hwnd=0x30580 class="Windows.UI.Composition.DesktopWindowContentBridge" app_kind=Win32 hint=Default → mode=Unicode
2026-09-19T22:27:40.974987Z DEBUG awase_windows::output: [tsf-gate] focus change while PendingWarmup — held バッファを保持して再初期化スキップ (Chrome等の連続フォーカスイベント対策)
2026-09-19T22:27:40.989680Z DEBUG awase_windows::runtime: [focus-sync] hwnd=0x5058A class="Windows.UI.Input.InputSite.WindowClass" app_kind=Uwp hint=ForceTsf → mode=Tsf
2026-09-19T22:27:40.989737Z DEBUG awase_windows::runtime: [focus-sync] belief=ON かつ実状態を問い合わせられないプロファイル (profile=TsfNative) → 次の入力で再プライムするため cold mark
2026-09-19T22:27:40.989766Z DEBUG awase_windows::tsf::probe: [composition] marked cold reason=FocusChange idle=3938ms → next VK/TSF output will send VK_DBE_HIRAGANA warmup
2026-09-19T22:27:40.989795Z DEBUG awase_windows::output: [tsf-gate] focus change while PendingWarmup — held バッファを保持して再初期化スキップ (Chrome等の連続フォーカスイベント対策)
2026-09-19T22:27:41.064580Z  INFO apply_focus_probe_result: awase_windows::runtime::focus_tracking: AppKind changed: Win32 → Uwp (class=Windows.UI.Input.InputSite.WindowClass)
2026-09-19T22:27:41.083965Z DEBUG apply_focus_probe_result: awase_windows::runtime::focus_tracking: Focus kind changed: TextInput → Undetermined (reason=Undetermined)
2026-09-19T22:27:41.084326Z DEBUG apply_focus_probe_result: awase::journal: focus transition seq=2666 elapsed_ms=688885 changed_process=true changed_window=true changed_app_kind=true changed_focus_kind=true dwell_ms=43750 profile="TsfNative"
2026-09-19T22:27:41.084565Z  INFO apply_focus_probe_result: awase_windows::runtime::focus_tracking: FocusChange [32232→19612] Windows.UI.Input.InputSite.WindowClass: stale ime_on=true intent=Some(true) mode=ObservedRomaji japanese=true
2026-09-19T22:27:41.084590Z DEBUG apply_focus_probe_result: awase_windows::tsf::probe: [composition] focus changed → marked cold
2026-09-19T22:27:41.084607Z DEBUG apply_focus_probe_result: awase_windows::runtime: [keymap] active rules recomputed: 0 rule(s) for process="windowsterminal.exe"
2026-09-19T22:27:41.084622Z DEBUG apply_focus_probe_result: awase_windows::runtime::focus_tracking: [keymap] active rules updated on focus change: 0 rule(s) (hwnd=HWND(0x5058a) kind=Undetermined focus_epoch=49)
2026-09-19T22:27:41.084652Z DEBUG apply_focus_probe_result:reduce: awase_windows::state::ime_model: [explicit-intent] cleared (focus change)
2026-09-19T22:27:41.084674Z DEBUG apply_focus_probe_result: awase::journal: ime event seq=2667 elapsed_ms=688885 event_kind="FocusChanged"
2026-09-19T22:27:41.084713Z DEBUG apply_focus_probe_result: awase_windows::runtime::focus_tracking: [focus] TsfNative/SSOT: cache restore スキップ (desired_open=true cache_hwnd=Some(329098) new_hwnd=329098) — 最初のキー入力で dispatch_ime が apply
2026-09-19T22:27:41.084980Z DEBUG awase_windows::runtime::ime_refresh: Skipping IMM query for known-broken class (shadow state SSOT)
2026-09-19T22:27:41.084990Z DEBUG awase_windows::observer::gji_observer: [gji-poll] GJI I/O 204ms ago predates focus change (204ms before focus) → skipped
2026-09-19T22:27:41.085007Z DEBUG awase_windows::runtime::ime_refresh: [composition] focus change → marking cold
2026-09-19T22:27:41.085016Z DEBUG awase_windows::tsf::probe: [composition] marked cold reason=FocusChange idle=4032ms → next VK/TSF output will send VK_DBE_HIRAGANA warmup
2026-09-19T22:27:41.085049Z DEBUG gji_on_event{event=FocusChange { injection_mode: Tsf, gji_idle_ms: 204 }}: awase_windows::tsf::gji_fsm: [gji-fsm] FocusChange gji_idle=204ms → Short
2026-09-19T22:27:41.085347Z DEBUG awase_windows::platform: [gji-fsm] StartProbe probe_id=ProbeId(57) forces_f2=false long=false
2026-09-19T22:27:41.085386Z DEBUG awase_windows::tsf::ime_mode_fsm: [ime-mode] FocusChange → Unknown
2026-09-19T22:27:41.085668Z DEBUG awase::journal: gji fsm transition seq=2668 elapsed_ms=688885 trigger="FocusChange(gji_idle_ms=204)" state_before="OnWarm" state_after="OnCold(Short)"
2026-09-19T22:27:41.085746Z DEBUG awase::journal: tsf probe started seq=2669 elapsed_ms=688886 source="GjiAction::StartProbe" cold_seq=5 probe_id=57 probe_id_present=true gji_state="OnCold(Short)" consecutive_at_start=0 pending_deferred_len=0
2026-09-19T22:27:41.086007Z DEBUG awase_windows::shadow_send_trace: [shadow-send] channel=SendInput kind=tsf_marker_warmup vk=[16] issue_us=688886726
2026-09-19T22:27:41.086459Z DEBUG awase_windows::hook: [hook] IME-mode vk=0x16 down self_injected=true injected=true scan=0xF2 extra=0x4B455946 since_actuation_us=Some(464)
2026-09-19T22:27:41.094156Z DEBUG awase_windows::hook: [hook] IME-mode vk=0x16 up self_injected=true injected=true scan=0xF2 extra=0x4B455946 since_actuation_us=Some(8156)
2026-09-19T22:27:41.096660Z  INFO awase_windows::output: [tsf-eager-warmup] VK_IME_ON 送信 (origin=gated), eager_warmup_sent_ms=332895140ms
2026-09-19T22:27:41.096710Z DEBUG awase_windows::runtime::ime_refresh: [composition] FocusChange: send_eager_tsf_warmup called (ime_on via warmup_ime_on())
2026-09-19T22:27:41.097969Z DEBUG awase_windows::platform: [ime-mode] FocusProbe: GJI actuation との交錯を検知 → hint更新をabandon
2026-09-19T22:27:41.098312Z DEBUG awase::journal: hook ime-mode diagnostic seq=2670 elapsed_ms=688899 vk_code=22 is_down=true self_injected=true injected=true scan=242
2026-09-19T22:27:41.098419Z DEBUG awase::journal: hook ime-mode diagnostic seq=2671 elapsed_ms=688899 vk_code=22 is_down=false self_injected=true injected=true scan=242
2026-09-19T22:27:41.101407Z DEBUG awase_windows::tsf::gji_monitor: [gji-io] WRITE: w_ops=+1 w_KB=+0.0 (r_ops=+2 x_ops=+2 x_KB=+0.0)
2026-09-19T22:27:48.327612Z  WARN awase_windows::runtime::message_handlers: Hook watchdog: no activity for 7235ms (OS全体の最終入力は7235ms前、OSも無操作のため単なるアイドルの可能性が高い)
2026-09-19T22:27:51.326395Z  WARN awase_windows::runtime::message_handlers: Hook watchdog: no activity for 10235ms (OS全体の最終入力は10235ms前、OSも無操作のため単なるアイドルの可能性が高い)
script error: Output type incorrect: bool (expecting ())
