2026-09-19T22:25:30.324527Z  WARN awase_windows::runtime::message_handlers: Hook watchdog: no activity for 24547ms (OS全体の最終入力は24547ms前、OSも無操作のため単なるアイドルの可能性が高い)
2026-09-19T22:25:30.527245Z DEBUG awase_windows::runtime: [focus-sync] hwnd=0xD32AF0 class="ImeKeyMatrixSpikeWindowClass" app_kind=Win32 hint=Default → mode=Unicode
2026-09-19T22:25:30.527315Z DEBUG awase_windows::tsf::tsf_gate: [tsf-gate] focus change → PendingWarmup (held cleared)
2026-09-19T22:25:30.707152Z DEBUG awase_windows::runtime: [focus-sync] hwnd=0x7F3692 class="Edit" app_kind=Win32 hint=Default → mode=Unicode
2026-09-19T22:25:30.707222Z DEBUG awase_windows::output: [tsf-gate] focus change while PendingWarmup — held バッファを保持して再初期化スキップ (Chrome等の連続フォーカスイベント対策)
2026-09-19T22:25:30.717211Z  INFO apply_focus_probe_result: awase_windows::runtime::focus_tracking: AppKind changed: Uwp → Win32 (class=ImeKeyMatrixSpikeWindowClass)
2026-09-19T22:25:30.758975Z DEBUG apply_focus_probe_result: awase::journal: focus transition seq=2314 elapsed_ms=558559 changed_process=true changed_window=true changed_app_kind=true changed_focus_kind=false dwell_ms=24984 profile="ImmCross"
2026-09-19T22:25:30.759198Z  INFO apply_focus_probe_result: awase_windows::runtime::focus_tracking: FocusChange [19612→14304] ImeKeyMatrixSpikeWindowClass: stale ime_on=true intent=None mode=ObservedRomaji japanese=true
2026-09-19T22:25:30.759216Z DEBUG apply_focus_probe_result: awase_windows::tsf::probe: [composition] focus changed → marked cold
2026-09-19T22:25:30.759231Z DEBUG apply_focus_probe_result: awase_windows::runtime: [keymap] active rules recomputed: 0 rule(s) for process="ime_key_matrix_spike.exe"
2026-09-19T22:25:30.759240Z DEBUG apply_focus_probe_result: awase_windows::runtime::focus_tracking: [keymap] active rules updated on focus change: 0 rule(s) (hwnd=HWND(0xd32af0) kind=Undetermined focus_epoch=46)
2026-09-19T22:25:30.759258Z DEBUG apply_focus_probe_result:reduce: awase_windows::state::ime_model: [explicit-intent] cleared (focus change)
2026-09-19T22:25:30.759272Z DEBUG apply_focus_probe_result: awase::journal: ime event seq=2315 elapsed_ms=558560 event_kind="FocusChanged"
2026-09-19T22:25:30.759297Z DEBUG apply_focus_probe_result: awase_windows::runtime::focus_tracking: [focus] Imm32Unavailable hard pre-sync applied=true (prevent spurious VK_KANJI on first character key)
2026-09-19T22:25:30.759316Z DEBUG apply_focus_probe_result:gji_on_event{event=ImeOn { injection_mode: Unicode, gji_idle_ms: 24984 }}: awase_windows::tsf::gji_fsm: [gji-fsm] ImeOn: already on (OnCold(Short)), ignored
2026-09-19T22:25:30.759335Z DEBUG apply_focus_probe_result: awase::journal: gji fsm transition seq=2316 elapsed_ms=558560 trigger="ImeOn(gji_idle_ms=24984)" state_before="OnCold(Short)" state_after="OnCold(Short)"
2026-09-19T22:25:30.760172Z DEBUG awase_windows::observer::ime_observer: IME snapshot: japanese=Some(true) ime_on=None romaji=None conv=None guard=false
2026-09-19T22:25:30.760210Z DEBUG awase_windows::runtime::ime_refresh: ObserverPoll +0ms since focus: detection failed (miss=1), stale ime_on=true mode=ObservedRomaji
2026-09-19T22:25:30.762618Z DEBUG awase_windows::ime_diagnostic: [ime-diag] label=focus_changed t=332764812 hwnd=0x0 pid=0 tid=48780 class="" hkl=04110411 lang=0411 imm_bridge=true imc_open=- imc_conv=- shadow_on=false shadow_romaji=false shadow_jp=false inject=Unknown dt_focus_ms=- dt_activity_ms=-
2026-09-19T22:25:30.762668Z DEBUG awase_windows::runtime::ime_refresh: [composition] focus change → marking cold
2026-09-19T22:25:30.762700Z DEBUG awase_windows::tsf::probe: [composition] marked cold reason=FocusChange idle=28922ms → next VK/TSF output will send VK_DBE_HIRAGANA warmup
2026-09-19T22:25:30.762765Z DEBUG gji_on_event{event=FocusChange { injection_mode: Unicode, gji_idle_ms: 24984 }}: awase_windows::tsf::gji_fsm: [gji-fsm] FocusChange gji_idle=24984ms → Long
2026-09-19T22:25:30.762832Z DEBUG awase_windows::platform: [gji-fsm] CancelProbe probe_id=ProbeId(51)
2026-09-19T22:25:30.762847Z DEBUG awase_windows::platform: [gji-fsm] StartProbe probe_id=ProbeId(52) forces_f2=true long=true
2026-09-19T22:25:30.762861Z DEBUG awase_windows::platform: [gji-fsm] Unicode long-cold StartProbe: VK_IME_OFF→VK_IME_ON reinit (chars なし)
2026-09-19T22:25:30.762870Z DEBUG awase_windows::output::probe_io: [chrome-reinit] cold=0 VK_IME_OFF→VK_IME_ON 強制リセット送信 + IMC ポーリング開始 (write_bytes_baseline=181379584)
2026-09-19T22:25:30.762897Z DEBUG awase_windows::shadow_send_trace: [shadow-send] channel=SendInput kind=kanji_marker vk=[1A, 16] issue_us=558563627
2026-09-19T22:25:30.764720Z DEBUG awase_windows::hook: [hook] IME-mode vk=0x1A down self_injected=true injected=true scan=0x0 extra=0x4B45594A since_actuation_us=Some(1816)
2026-09-19T22:25:30.779794Z DEBUG awase_windows::hook: [hook] IME-mode vk=0x1A up self_injected=true injected=true scan=0x0 extra=0x4B45594A since_actuation_us=Some(16881)
2026-09-19T22:25:30.792074Z DEBUG awase_windows::hook: [hook] IME-mode vk=0x16 down self_injected=true injected=true scan=0x0 extra=0x4B45594A since_actuation_us=Some(29162)
2026-09-19T22:25:30.799306Z DEBUG awase_windows::hook: [hook] IME-mode vk=0x16 up self_injected=true injected=true scan=0x0 extra=0x4B45594A since_actuation_us=Some(36390)
2026-09-19T22:25:30.805156Z DEBUG awase_windows::tsf::ime_mode_fsm: [ime-mode] VK_IME_OFF 送信 → Off (belief, unconfirmed)
2026-09-19T22:25:30.805250Z DEBUG awase_windows::tsf::ime_mode_fsm: [ime-mode] VK_IME_ON 送信 → Hiragana (belief, unconfirmed)
2026-09-19T22:25:30.807229Z DEBUG awase_windows::tsf::ime_mode_fsm: [ime-mode] FocusChange (0ms after VK send) → confirmed=false のみ（state=Hiragana 維持）
2026-09-19T22:25:30.807766Z DEBUG awase::journal: gji fsm transition seq=2317 elapsed_ms=558563 trigger="FocusChange(gji_idle_ms=24984)" state_before="OnCold(Short)" state_after="OnCold(Long)"
2026-09-19T22:25:30.807938Z DEBUG awase::journal: tsf probe completed seq=2318 elapsed_ms=558563 outcome="Canceled" cold_seq=18446744073709551615 cold_seq_present=false probe_id=51 probe_id_present=true duration_ms=24984 tick_count=0 gji_state="OnCold(Long)"
2026-09-19T22:25:30.807989Z DEBUG awase::journal: tsf probe started seq=2319 elapsed_ms=558563 source="GjiAction::StartProbe" cold_seq=5 probe_id=52 probe_id_present=true gji_state="OnCold(Long)" consecutive_at_start=0 pending_deferred_len=0
2026-09-19T22:25:30.808030Z DEBUG awase::journal: gji fsm transition seq=2320 elapsed_ms=558607 trigger="WarmupComplete(unicode)" state_before="OnCold(Long)" state_after="OnWarm"
2026-09-19T22:25:30.808061Z DEBUG awase::journal: tsf probe completed seq=2321 elapsed_ms=558607 outcome="UnicodeImmediate" cold_seq=18446744073709551615 cold_seq_present=false probe_id=52 probe_id_present=true duration_ms=47 tick_count=0 gji_state="OnWarm"
2026-09-19T22:25:30.808158Z DEBUG awase_windows::runtime::ime_refresh: [composition] FocusChange: send_eager_tsf_warmup called (ime_on via warmup_ime_on())
2026-09-19T22:25:30.812757Z DEBUG awase::journal: hook ime-mode diagnostic seq=2322 elapsed_ms=558613 vk_code=26 is_down=true self_injected=true injected=true scan=0
2026-09-19T22:25:30.812847Z DEBUG awase::journal: hook ime-mode diagnostic seq=2323 elapsed_ms=558613 vk_code=26 is_down=false self_injected=true injected=true scan=0
2026-09-19T22:25:30.812885Z DEBUG awase::journal: hook ime-mode diagnostic seq=2324 elapsed_ms=558613 vk_code=22 is_down=true self_injected=true injected=true scan=0
2026-09-19T22:25:30.812919Z DEBUG awase::journal: hook ime-mode diagnostic seq=2325 elapsed_ms=558613 vk_code=22 is_down=false self_injected=true injected=true scan=0
2026-09-19T22:25:30.823707Z DEBUG awase_windows::ime: [idle-conv-check-diag] focused_hwnd=HWND(0x7f3692) ime_wnd=Some(HWND(0x591f7e))
2026-09-19T22:25:30.824335Z DEBUG awase_windows::tsf::gji_monitor: [gji-io] WRITE: w_ops=+1 w_KB=+0.0 (r_ops=+2 x_ops=+2 x_KB=+0.0)
2026-09-19T22:25:30.825569Z  INFO awase_windows::output::probe_io: [chrome-reinit] cold=0 GJI write_bytes 上昇検出: tick=#0 delta=+2B (+0.0KB)
2026-09-19T22:25:30.829797Z DEBUG awase_windows::ime: [idle-conv-check-diag] focused_hwnd=HWND(0x7f3692) ime_wnd=Some(HWND(0x591f7e))
2026-09-19T22:25:30.832093Z DEBUG awase_windows::output::probe_io: [chrome-reinit] cold=0 IMC poll #0: conv=0x00000009 NATIVE=true write_delta=+2B
2026-09-19T22:25:30.832162Z DEBUG awase_windows::output::probe_io: [chrome-reinit] cold=0 stale focus_gen=44 → ポーリング終了
2026-09-19T22:25:30.832187Z  INFO awase_windows::output::probe_io: [chrome-reinit] cold=0 ポーリング完了: total_write_delta=+2B first_write_tick=Some(1)
2026-09-19T22:25:30.834586Z DEBUG awase::journal: ime event seq=2326 elapsed_ms=558635 event_kind="ObserverReported"
2026-09-19T22:25:30.834621Z DEBUG awase_windows::runtime::focus_tracking: [ImmCrossProbe/focus] child-hwnd IME=true → High confidence 観測記録
2026-09-19T22:25:30.839036Z DEBUG awase_windows::tsf::gji_monitor: [gji-io] WRITE: w_ops=+4 w_KB=+0.1 (r_ops=+8 x_ops=+8 x_KB=+0.0)
2026-09-19T22:25:30.873017Z DEBUG awase_windows::runtime: [focus-sync] hwnd=0x831C7A class="RICHEDIT50W" app_kind=Win32 hint=Default → mode=Unicode
2026-09-19T22:25:30.873139Z DEBUG awase_windows::tsf::tsf_gate: [tsf-gate] focus change → PendingWarmup (held cleared)
2026-09-19T22:25:30.905769Z DEBUG awase_windows::runtime: [focus-sync] hwnd=0x7F3692 class="Edit" app_kind=Win32 hint=Default → mode=Unicode
2026-09-19T22:25:30.905834Z DEBUG awase_windows::output: [tsf-gate] focus change while PendingWarmup — held バッファを保持して再初期化スキップ (Chrome等の連続フォーカスイベント対策)
2026-09-19T22:25:30.985134Z DEBUG apply_focus_probe_result: awase_windows::runtime::focus_tracking: Focus kind changed: Undetermined → TextInput (reason=KnownTextClass(Edit))
2026-09-19T22:25:30.985234Z DEBUG apply_focus_probe_result:reduce: awase_windows::state::observation_store: [focus-hwnd-track] update_focus_window: current_fence.hwnd HwndId(13839088) -> HwndId(8337042)
2026-09-19T22:25:30.985280Z DEBUG apply_focus_probe_result: awase::journal: ime event seq=2327 elapsed_ms=558786 event_kind="FocusHwndUpdated"
2026-09-19T22:25:30.985324Z DEBUG apply_focus_probe_result: awase::journal: focus transition seq=2328 elapsed_ms=558786 changed_process=false changed_window=true changed_app_kind=false changed_focus_kind=true dwell_ms=219 profile="ImmCross"
2026-09-19T22:25:30.985640Z DEBUG awase_windows::state::observation_store: [identity-gate] hwnd不一致で除外: source=ImmCrossProbe obs_hwnd=HwndId(13839088) current_hwnd=HwndId(8337042) confidence=High
2026-09-19T22:25:30.985661Z DEBUG awase_windows::state::observation_store: [identity-gate] hwnd不一致で除外: source=ImmCrossProbe obs_hwnd=HwndId(13839088) current_hwnd=HwndId(8337042) confidence=High
2026-09-19T22:25:30.985753Z DEBUG awase_windows::state::observation_store: [identity-gate] hwnd不一致で除外: source=ImmCrossProbe obs_hwnd=HwndId(13839088) current_hwnd=HwndId(8337042) confidence=High
2026-09-19T22:25:30.985770Z DEBUG awase_windows::state::observation_store: [identity-gate] hwnd不一致で除外: source=ImmCrossProbe obs_hwnd=HwndId(13839088) current_hwnd=HwndId(8337042) confidence=High
2026-09-19T22:25:30.985799Z DEBUG awase_windows::observer::ime_observer: IME snapshot: japanese=Some(true) ime_on=Some(true) romaji=None conv=Some("0x00000009") guard=false
2026-09-19T22:25:30.985885Z DEBUG awase::journal: ime event seq=2329 elapsed_ms=558786 event_kind="ObserverReported"
2026-09-19T22:25:30.985906Z DEBUG awase_windows::state::observation_store: [identity-gate] hwnd不一致で除外: source=ImmCrossProbe obs_hwnd=HwndId(13839088) current_hwnd=HwndId(8337042) confidence=High
2026-09-19T22:25:30.985924Z DEBUG awase_windows::state::observation_store: [identity-gate] hwnd不一致で除外: source=ImmCrossProbe obs_hwnd=HwndId(13839088) current_hwnd=HwndId(8337042) confidence=High
2026-09-19T22:25:30.985964Z DEBUG awase_windows::state::observation_store: [identity-gate] hwnd不一致で除外: source=ImmCrossProbe obs_hwnd=HwndId(13839088) current_hwnd=HwndId(8337042) confidence=High
2026-09-19T22:25:30.985982Z DEBUG awase_windows::state::observation_store: [identity-gate] hwnd不一致で除外: source=ImmCrossProbe obs_hwnd=HwndId(13839088) current_hwnd=HwndId(8337042) confidence=High
2026-09-19T22:25:31.265777Z DEBUG awase_windows::hook: [hook] IME-mode vk=0xF2 down self_injected=false injected=false scan=0x70 extra=0x5350494B since_actuation_us=Some(502861)
2026-09-19T22:25:31.266254Z DEBUG awase::journal: hook ime-mode diagnostic seq=2330 elapsed_ms=559067 vk_code=242 is_down=true self_injected=false injected=false scan=112
2026-09-19T22:25:31.266538Z DEBUG awase_windows::state::observation_store: [identity-gate] hwnd不一致で除外: source=ImmCrossProbe obs_hwnd=HwndId(13839088) current_hwnd=HwndId(8337042) confidence=High
2026-09-19T22:25:31.266615Z DEBUG awase_windows::state::observation_store: [identity-gate] hwnd不一致で除外: source=ImmCrossProbe obs_hwnd=HwndId(13839088) current_hwnd=HwndId(8337042) confidence=High
2026-09-19T22:25:31.266817Z DEBUG awase_windows::state::observation_store: [identity-gate] hwnd不一致で除外: source=ImmCrossProbe obs_hwnd=HwndId(13839088) current_hwnd=HwndId(8337042) confidence=High
2026-09-19T22:25:31.266839Z DEBUG awase_windows::state::observation_store: [identity-gate] hwnd不一致で除外: source=ImmCrossProbe obs_hwnd=HwndId(13839088) current_hwnd=HwndId(8337042) confidence=High
2026-09-19T22:25:31.266865Z  INFO awase_windows::runtime::key_pipeline: [shadow-toggle] intent 昇格: vk=0xF2 scan=0x70 action=TurnOn kind=PhysicalImeKey injected=false true→true w_ops0=108182 x_ops0=239660 x_KB0=23.2
2026-09-19T22:25:31.266913Z DEBUG awase::journal: ime event seq=2331 elapsed_ms=559067 event_kind="UserImeSetIntent"
2026-09-19T22:25:31.266946Z DEBUG awase_windows::runtime::key_pipeline: [shadow-toggle] no-op: vk=0xF2 action=TurnOn source=PhysicalImeKey effective_open は既に true → apply-ime 見送り
2026-09-19T22:25:31.266980Z DEBUG awase_windows::runtime::key_pipeline: [engine-input] vk=0xF2 KeyDown ts=559066944us delay=0ms state=Idle mods(c=false s=false a=false w=false) gas_ctrl=false phys_ctrl=false extra=0x5350494B pending_drain=0 gate_active=false l_thumb=None r_thumb=None [diag-ctx] ime_
2026-09-19T22:25:31.267080Z DEBUG awase::journal: key input seq=2332 elapsed_ms=559067 vk_code=242 is_down=true injected=false key_class="Passthrough" state_before="Idle" state_after="Idle" decision="PassThrough" physical="Allow" repeat_count=1 last_timestamp_us=559066944 last_elapsed_ms=0
2026-09-19T22:25:31.267273Z DEBUG awase_windows::runtime::key_pipeline: may_change_ime key passed through → IME refresh scheduled (20ms)
2026-09-19T22:25:31.267425Z DEBUG execute_from_hook: awase_windows::runtime::executor: [relay-passthrough] PassThrough idle: direct OS pass-through (vk=0xf2 down)
2026-09-19T22:25:31.267665Z DEBUG execute_one{generation=None}: awase_windows::runtime::executor: [reinject] vk=0xf2 down (queued passthrough now firing)
2026-09-19T22:25:31.272538Z DEBUG awase_windows::hook: [hook] IME-mode vk=0xF2 down self_injected=true injected=true scan=0x0 extra=0x4B45594D since_actuation_us=Some(509643)
2026-09-19T22:25:31.275358Z DEBUG awase::journal: hook ime-mode diagnostic seq=2333 elapsed_ms=559076 vk_code=242 is_down=true self_injected=true injected=true scan=0
2026-09-19T22:25:31.275755Z DEBUG awase::journal: ime event seq=2334 elapsed_ms=559076 event_kind="ObserverReported"
2026-09-19T22:25:31.275798Z  INFO awase_windows::runtime::key_pipeline: FocusProbe +16ms: ime_on=true mode=ObservedRomaji [ime=GoogleJapaneseInput sig1=false gji_io=438ms sig2=false]
2026-09-19T22:25:31.277498Z DEBUG awase_windows::tsf::gji_monitor: [gji-io] WRITE: w_ops=+2 w_KB=+0.0 (r_ops=+4 x_ops=+4 x_KB=+0.0)
2026-09-19T22:25:31.284178Z DEBUG awase::journal: ime event seq=2335 elapsed_ms=559085 event_kind="ObserverReported"
2026-09-19T22:25:31.284216Z DEBUG awase_windows::runtime::key_pipeline: [ImmCrossProbe] child-hwnd IME=true → High confidence 観測記録
2026-09-19T22:25:31.284262Z DEBUG awase_windows::observer::ime_observer: IME snapshot: japanese=Some(true) ime_on=Some(true) romaji=None conv=Some("0x00000010") guard=false
2026-09-19T22:25:31.284313Z DEBUG awase::journal: ime event seq=2336 elapsed_ms=559085 event_kind="InputModeObserved"
2026-09-19T22:25:31.299459Z DEBUG awase_windows::runtime::ime_refresh: Explicit intent: bypassing typing-idle guard for IME verify (idle=31ms)
2026-09-19T22:25:31.299517Z DEBUG awase_windows::observer::ime_observer: IME snapshot: japanese=Some(true) ime_on=Some(true) romaji=None conv=Some("0x00000010") guard=false
2026-09-19T22:25:31.299596Z DEBUG awase::journal: ime event seq=2337 elapsed_ms=559100 event_kind="ObserverReported"
2026-09-19T22:25:31.299654Z DEBUG awase::engine::engine: [diag-engine-active] ime_on=true なのに非活性: reason=Inactive(NotRomajiInput) romaji_capable=false japanese=true user_enabled=true was_active=true input_mode=ObservedEisu
2026-09-19T22:25:31.299701Z  INFO awase::engine::engine: Engine deactivated (ime=true, romaji=false, japanese=true, user=true, reason=Inactive(NotRomajiInput))
2026-09-19T22:25:31.956035Z DEBUG awase_windows::runtime::message_handlers: [drain] vk=0x4B KeyDown
2026-09-19T22:25:31.956064Z DEBUG awase_windows::runtime::message_handlers: [output-drain] replay vk=0x4B KeyDown event_ts=559756142us now=559756805us delta=0ms
2026-09-19T22:25:31.956193Z DEBUG awase_windows::runtime::key_pipeline: [engine-input] vk=0x4B KeyDown ts=559756142us delay=0ms state=Idle mods(c=false s=false a=false w=false) gas_ctrl=false phys_ctrl=false extra=0x5350494B pending_drain=0 gate_active=false l_thumb=None r_thumb=None [diag-ctx] ime_
2026-09-19T22:25:31.956262Z DEBUG awase::engine::engine: [diag-engine-active] ime_on=true なのに非活性: reason=Inactive(NotRomajiInput) romaji_capable=false japanese=true user_enabled=true was_active=false input_mode=ObservedEisu
2026-09-19T22:25:31.956387Z DEBUG awase::journal: key input seq=2338 elapsed_ms=559757 vk_code=75 is_down=true injected=false key_class="Char" state_before="Idle" state_after="Idle" decision="PassThrough" physical="Allow" repeat_count=1 last_timestamp_us=559756142 last_elapsed_ms=0
2026-09-19T22:25:31.956829Z DEBUG awase_windows::runtime::message_handlers: [output-drain] PassThrough → enqueue ReinjectKey vk=0x4B KeyDown (drain has no hook→OS path)
2026-09-19T22:25:31.957014Z DEBUG execute_one{generation=None}: awase_windows::runtime::executor: [reinject] vk=0x4b down (queued passthrough now firing)
2026-09-19T22:25:31.979200Z DEBUG awase_windows::tsf::gji_monitor: [gji-io] WRITE: w_ops=+2 w_KB=+0.4 (r_ops=+4 x_ops=+4 x_KB=+0.0)
2026-09-19T22:25:31.999000Z  INFO awase_windows::tsf::win_event_obs: [gji-obs] candidate SHOW #65: last_gji_write=15ms ago
2026-09-19T22:25:32.099155Z DEBUG awase_windows::runtime::key_pipeline: [engine-input] vk=0x4B KeyUp ts=559899717us delay=0ms state=Idle mods(c=false s=false a=false w=false) gas_ctrl=false phys_ctrl=false extra=0x5350494B pending_drain=0 gate_active=false l_thumb=None r_thumb=None [diag-ctx] ime_on
2026-09-19T22:25:32.099186Z DEBUG awase::engine::engine: [diag-engine-active] ime_on=true なのに非活性: reason=Inactive(NotRomajiInput) romaji_capable=false japanese=true user_enabled=true was_active=false input_mode=ObservedEisu
2026-09-19T22:25:32.099225Z DEBUG awase::journal: key input seq=2339 elapsed_ms=559900 vk_code=75 is_down=false injected=false key_class="Char" state_before="Idle" state_after="Idle" decision="PassThrough" physical="Allow" repeat_count=1 last_timestamp_us=559899717 last_elapsed_ms=0
2026-09-19T22:25:32.099302Z DEBUG execute_one{generation=None}: awase_windows::runtime::executor: [reinject] vk=0x4b up (queued passthrough now firing)
2026-09-19T22:25:32.101279Z DEBUG awase_windows::platform: [gji-fsm] StartComposition (candidate SHOW)
2026-09-19T22:25:32.101293Z DEBUG gji_on_event{event=StartComposition}: awase_windows::tsf::gji_fsm: [gji-fsm] StartComposition: OnWarm → OnComposing(AlreadyWarm)
2026-09-19T22:25:32.101427Z DEBUG awase::journal: gji fsm transition seq=2340 elapsed_ms=559902 trigger="StartComposition(candidate SHOW)" state_before="OnWarm" state_after="OnComposing(Warm)"
2026-09-19T22:25:32.568745Z DEBUG awase_windows::runtime::key_pipeline: [engine-input] vk=0x1B KeyDown ts=560369315us delay=0ms state=Idle mods(c=false s=false a=false w=false) gas_ctrl=false phys_ctrl=false extra=0x5350494B pending_drain=0 gate_active=false l_thumb=None r_thumb=None [diag-ctx] ime_
2026-09-19T22:25:32.568775Z DEBUG awase::engine::engine: [diag-engine-active] ime_on=true なのに非活性: reason=Inactive(NotRomajiInput) romaji_capable=false japanese=true user_enabled=true was_active=false input_mode=ObservedEisu
2026-09-19T22:25:32.568810Z DEBUG awase::journal: key input seq=2341 elapsed_ms=560369 vk_code=27 is_down=true injected=false key_class="Passthrough" state_before="Idle" state_after="Idle" decision="PassThrough" physical="Allow" repeat_count=1 last_timestamp_us=560369315 last_elapsed_ms=0
2026-09-19T22:25:32.568858Z DEBUG execute_from_hook: awase_windows::runtime::executor: [relay-passthrough] PassThrough idle: direct OS pass-through (vk=0x1b down)
2026-09-19T22:25:32.568899Z DEBUG awase_windows::runtime::key_pipeline: [engine-input] vk=0x1B KeyUp ts=560369462us delay=0ms state=Idle mods(c=false s=false a=false w=false) gas_ctrl=false phys_ctrl=false extra=0x5350494B pending_drain=0 gate_active=false l_thumb=None r_thumb=None [diag-ctx] ime_on
2026-09-19T22:25:32.568912Z DEBUG awase::engine::engine: [diag-engine-active] ime_on=true なのに非活性: reason=Inactive(NotRomajiInput) romaji_capable=false japanese=true user_enabled=true was_active=false input_mode=ObservedEisu
2026-09-19T22:25:32.568966Z DEBUG awase::journal: key input seq=2342 elapsed_ms=560369 vk_code=27 is_down=false injected=false key_class="Passthrough" state_before="Idle" state_after="Idle" decision="PassThrough" physical="Allow" repeat_count=1 last_timestamp_us=560369462 last_elapsed_ms=0
2026-09-19T22:25:32.568995Z DEBUG execute_from_hook: awase_windows::runtime::transport: [relay-defer] PassThrough deferred: pending effects, reinject(vk=0x1b up)
2026-09-19T22:25:32.569018Z DEBUG execute_one{generation=None}: awase_windows::runtime::executor: [reinject] vk=0x1b down (queued passthrough now firing)
2026-09-19T22:25:32.569040Z DEBUG execute_one{generation=None}: awase_windows::runtime::executor: [reinject] vk=0x1b up (queued passthrough now firing)
2026-09-19T22:25:32.572816Z DEBUG awase_windows::tsf::gji_monitor: [gji-io] WRITE: w_ops=+2 w_KB=+0.4 (r_ops=+4 x_ops=+4 x_KB=+0.0)
2026-09-19T22:25:32.588301Z  INFO awase_windows::tsf::win_event_obs: [gji-obs] candidate HIDE: last_gji_write=15ms ago
2026-09-19T22:25:34.393849Z DEBUG awase_windows::runtime::key_pipeline: [shadow-toggle] vk=0x1DはFSM delegate所有 → belief書き込み/actuationをスキップ w_ops0=108188 x_ops0=239672 x_KB0=23.2
2026-09-19T22:25:34.393889Z DEBUG awase_windows::runtime::key_pipeline: [shadow-toggle] no-op: vk=0x1D action=Toggle source=PhysicalImeKey effective_open は既に true → apply-ime 見送り
2026-09-19T22:25:34.393930Z DEBUG awase_windows::runtime::key_pipeline: [engine-input] vk=0x1D KeyDown ts=562194241us delay=0ms state=Idle mods(c=false s=false a=false w=false) gas_ctrl=false phys_ctrl=false extra=0x5350494B pending_drain=0 gate_active=false l_thumb=Some(562194227) r_thumb=None [dia
2026-09-19T22:25:34.393971Z DEBUG awase::engine::engine: [diag-engine-active] ime_on=true なのに非活性: reason=Inactive(NotRomajiInput) romaji_capable=false japanese=true user_enabled=true was_active=false input_mode=ObservedEisu
2026-09-19T22:25:34.394040Z DEBUG awase::journal: key input seq=2343 elapsed_ms=562194 vk_code=29 is_down=true injected=false key_class="LeftThumb" state_before="Idle" state_after="Idle" decision="PassThrough" physical="Allow" repeat_count=1 last_timestamp_us=562194241 last_elapsed_ms=0
2026-09-19T22:25:34.394181Z DEBUG execute_one{generation=None}: awase_windows::runtime::executor: [reinject] vk=0x1d down (queued passthrough now firing)
2026-09-19T22:25:34.399716Z DEBUG awase_windows::platform: [gji-fsm] EndComposition (candidate HIDE) epoch=FocusEpoch(64)
2026-09-19T22:25:34.400278Z DEBUG awase::journal: gji fsm transition seq=2344 elapsed_ms=562200 trigger="EndComposition(candidate HIDE, epoch=FocusEpoch(64))" state_before="OnComposing(Warm)" state_after="OnWarm"
2026-09-19T22:25:34.404305Z DEBUG awase_windows::tsf::gji_monitor: [gji-io] WRITE: w_ops=+2 w_KB=+0.0 (r_ops=+4 x_ops=+4 x_KB=+0.0)
2026-09-19T22:25:34.454831Z DEBUG awase_windows::runtime::key_pipeline: [engine-input] vk=0x1D KeyUp ts=562255341us delay=0ms state=Idle mods(c=false s=false a=false w=false) gas_ctrl=false phys_ctrl=false extra=0x5350494B pending_drain=0 gate_active=false l_thumb=None r_thumb=None [diag-ctx] ime_on
2026-09-19T22:25:34.454875Z DEBUG awase::engine::engine: [diag-engine-active] ime_on=true なのに非活性: reason=Inactive(NotRomajiInput) romaji_capable=false japanese=true user_enabled=true was_active=false input_mode=ObservedEisu
2026-09-19T22:25:34.454935Z DEBUG awase::journal: key input seq=2345 elapsed_ms=562255 vk_code=29 is_down=false injected=false key_class="LeftThumb" state_before="Idle" state_after="Idle" decision="PassThrough" physical="Allow" repeat_count=1 last_timestamp_us=562255341 last_elapsed_ms=0
2026-09-19T22:25:34.455047Z DEBUG execute_one{generation=None}: awase_windows::runtime::executor: [reinject] vk=0x1d up (queued passthrough now firing)
2026-09-19T22:25:35.075566Z DEBUG awase_windows::runtime::key_pipeline: [engine-input] vk=0x4B KeyDown ts=562875854us delay=0ms state=Idle mods(c=false s=false a=false w=false) gas_ctrl=false phys_ctrl=false extra=0x5350494B pending_drain=0 gate_active=false l_thumb=None r_thumb=None [diag-ctx] ime_
2026-09-19T22:25:35.075651Z DEBUG awase::engine::engine: [diag-engine-active] ime_on=true なのに非活性: reason=Inactive(NotRomajiInput) romaji_capable=false japanese=true user_enabled=true was_active=false input_mode=ObservedEisu
2026-09-19T22:25:35.075763Z DEBUG awase::journal: key input seq=2346 elapsed_ms=562876 vk_code=75 is_down=true injected=false key_class="Char" state_before="Idle" state_after="Idle" decision="PassThrough" physical="Allow" repeat_count=1 last_timestamp_us=562875854 last_elapsed_ms=0
2026-09-19T22:25:35.075992Z DEBUG execute_one{generation=None}: awase_windows::runtime::executor: [reinject] vk=0x4b down (queued passthrough now firing)
2026-09-19T22:25:35.133857Z DEBUG awase_windows::runtime::key_pipeline: [engine-input] vk=0x4B KeyUp ts=562934386us delay=0ms state=Idle mods(c=false s=false a=false w=false) gas_ctrl=false phys_ctrl=false extra=0x5350494B pending_drain=0 gate_active=false l_thumb=None r_thumb=None [diag-ctx] ime_on
2026-09-19T22:25:35.133911Z DEBUG awase::engine::engine: [diag-engine-active] ime_on=true なのに非活性: reason=Inactive(NotRomajiInput) romaji_capable=false japanese=true user_enabled=true was_active=false input_mode=ObservedEisu
2026-09-19T22:25:35.134046Z DEBUG awase::journal: key input seq=2347 elapsed_ms=562934 vk_code=75 is_down=false injected=false key_class="Char" state_before="Idle" state_after="Idle" decision="PassThrough" physical="Allow" repeat_count=1 last_timestamp_us=562934386 last_elapsed_ms=0
2026-09-19T22:25:35.134481Z DEBUG execute_one{generation=None}: awase_windows::runtime::executor: [reinject] vk=0x4b up (queued passthrough now firing)
2026-09-19T22:25:35.582230Z DEBUG awase_windows::runtime::key_pipeline: [engine-input] vk=0x1B KeyDown ts=563382614us delay=0ms state=Idle mods(c=false s=false a=false w=false) gas_ctrl=false phys_ctrl=false extra=0x5350494B pending_drain=0 gate_active=false l_thumb=None r_thumb=None [diag-ctx] ime_
2026-09-19T22:25:35.582282Z DEBUG awase::engine::engine: [diag-engine-active] ime_on=true なのに非活性: reason=Inactive(NotRomajiInput) romaji_capable=false japanese=true user_enabled=true was_active=false input_mode=ObservedEisu
2026-09-19T22:25:35.582351Z DEBUG awase::journal: key input seq=2348 elapsed_ms=563383 vk_code=27 is_down=true injected=false key_class="Passthrough" state_before="Idle" state_after="Idle" decision="PassThrough" physical="Allow" repeat_count=1 last_timestamp_us=563382614 last_elapsed_ms=0
2026-09-19T22:25:35.582447Z DEBUG execute_from_hook: awase_windows::runtime::executor: [relay-passthrough] PassThrough idle: direct OS pass-through (vk=0x1b down)
2026-09-19T22:25:35.582527Z DEBUG execute_one{generation=None}: awase_windows::runtime::executor: [reinject] vk=0x1b down (queued passthrough now firing)
2026-09-19T22:25:35.639911Z DEBUG awase_windows::runtime::key_pipeline: [engine-input] vk=0x1B KeyUp ts=563440421us delay=0ms state=Idle mods(c=false s=false a=false w=false) gas_ctrl=false phys_ctrl=false extra=0x5350494B pending_drain=0 gate_active=false l_thumb=None r_thumb=None [diag-ctx] ime_on
2026-09-19T22:25:35.639960Z DEBUG awase::engine::engine: [diag-engine-active] ime_on=true なのに非活性: reason=Inactive(NotRomajiInput) romaji_capable=false japanese=true user_enabled=true was_active=false input_mode=ObservedEisu
2026-09-19T22:25:35.640030Z DEBUG awase::journal: key input seq=2349 elapsed_ms=563440 vk_code=27 is_down=false injected=false key_class="Passthrough" state_before="Idle" state_after="Idle" decision="PassThrough" physical="Allow" repeat_count=1 last_timestamp_us=563440421 last_elapsed_ms=0
2026-09-19T22:25:35.640131Z DEBUG execute_from_hook: awase_windows::runtime::executor: [relay-passthrough] PassThrough idle: direct OS pass-through (vk=0x1b up)
2026-09-19T22:25:35.640428Z DEBUG execute_one{generation=None}: awase_windows::runtime::executor: [reinject] vk=0x1b up (queued passthrough now firing)
2026-09-19T22:25:37.579495Z DEBUG awase_windows::runtime::key_pipeline: [shadow-toggle] vk=0x1DはFSM delegate所有 → belief書き込み/actuationをスキップ w_ops0=108190 x_ops0=239676 x_KB0=23.2
2026-09-19T22:25:37.579550Z DEBUG awase_windows::runtime::key_pipeline: [shadow-toggle] no-op: vk=0x1D action=Toggle source=PhysicalImeKey effective_open は既に true → apply-ime 見送り
2026-09-19T22:25:37.579607Z DEBUG awase_windows::runtime::key_pipeline: [engine-input] vk=0x1D KeyDown ts=565379891us delay=0ms state=Idle mods(c=false s=false a=false w=false) gas_ctrl=false phys_ctrl=false extra=0x5350494B pending_drain=0 gate_active=false l_thumb=Some(565379869) r_thumb=None [dia
2026-09-19T22:25:37.579663Z DEBUG awase::engine::engine: [diag-engine-active] ime_on=true なのに非活性: reason=Inactive(NotRomajiInput) romaji_capable=false japanese=true user_enabled=true was_active=false input_mode=ObservedEisu
2026-09-19T22:25:37.579774Z DEBUG awase::journal: key input seq=2350 elapsed_ms=565380 vk_code=29 is_down=true injected=false key_class="LeftThumb" state_before="Idle" state_after="Idle" decision="PassThrough" physical="Allow" repeat_count=1 last_timestamp_us=565379891 last_elapsed_ms=0
2026-09-19T22:25:37.580001Z DEBUG execute_one{generation=None}: awase_windows::runtime::executor: [reinject] vk=0x1d down (queued passthrough now firing)
2026-09-19T22:25:37.591459Z DEBUG awase_windows::tsf::gji_monitor: [gji-io] WRITE: w_ops=+2 w_KB=+0.0 (r_ops=+4 x_ops=+4 x_KB=+0.0)
2026-09-19T22:25:37.645597Z DEBUG awase_windows::runtime::key_pipeline: [engine-input] vk=0x1D KeyUp ts=565444898us delay=0ms state=Idle mods(c=false s=false a=false w=false) gas_ctrl=false phys_ctrl=false extra=0x5350494B pending_drain=0 gate_active=false l_thumb=None r_thumb=None [diag-ctx] ime_on
2026-09-19T22:25:37.645705Z DEBUG awase::engine::engine: [diag-engine-active] ime_on=true なのに非活性: reason=Inactive(NotRomajiInput) romaji_capable=false japanese=true user_enabled=true was_active=false input_mode=ObservedEisu
2026-09-19T22:25:37.645887Z DEBUG awase::journal: key input seq=2351 elapsed_ms=565446 vk_code=29 is_down=false injected=false key_class="LeftThumb" state_before="Idle" state_after="Idle" decision="PassThrough" physical="Allow" repeat_count=1 last_timestamp_us=565444898 last_elapsed_ms=0
2026-09-19T22:25:37.646223Z DEBUG execute_one{generation=None}: awase_windows::runtime::executor: [reinject] vk=0x1d up (queued passthrough now firing)
2026-09-19T22:25:38.260082Z DEBUG awase_windows::runtime::key_pipeline: [engine-input] vk=0x4B KeyDown ts=566060561us delay=0ms state=Idle mods(c=false s=false a=false w=false) gas_ctrl=false phys_ctrl=false extra=0x5350494B pending_drain=0 gate_active=false l_thumb=None r_thumb=None [diag-ctx] ime_
2026-09-19T22:25:38.260149Z DEBUG awase::engine::engine: [diag-engine-active] ime_on=true なのに非活性: reason=Inactive(NotRomajiInput) romaji_capable=false japanese=true user_enabled=true was_active=false input_mode=ObservedEisu
2026-09-19T22:25:38.260217Z DEBUG awase::journal: key input seq=2352 elapsed_ms=566061 vk_code=75 is_down=true injected=false key_class="Char" state_before="Idle" state_after="Idle" decision="PassThrough" physical="Allow" repeat_count=1 last_timestamp_us=566060561 last_elapsed_ms=0
2026-09-19T22:25:38.260417Z DEBUG execute_one{generation=None}: awase_windows::runtime::executor: [reinject] vk=0x4b down (queued passthrough now firing)
2026-09-19T22:25:38.273104Z DEBUG awase_windows::tsf::gji_monitor: [gji-io] WRITE: w_ops=+2 w_KB=+0.4 (r_ops=+4 x_ops=+4 x_KB=+0.0)
2026-09-19T22:25:38.275247Z  INFO awase_windows::tsf::win_event_obs: [gji-obs] candidate SHOW #66: last_gji_write=0ms ago
2026-09-19T22:25:38.342990Z DEBUG awase_windows::runtime::key_pipeline: [engine-input] vk=0x4B KeyUp ts=566143499us delay=0ms state=Idle mods(c=false s=false a=false w=false) gas_ctrl=false phys_ctrl=false extra=0x5350494B pending_drain=0 gate_active=false l_thumb=None r_thumb=None [diag-ctx] ime_on
2026-09-19T22:25:38.343037Z DEBUG awase::engine::engine: [diag-engine-active] ime_on=true なのに非活性: reason=Inactive(NotRomajiInput) romaji_capable=false japanese=true user_enabled=true was_active=false input_mode=ObservedEisu
2026-09-19T22:25:38.343105Z DEBUG awase::journal: key input seq=2353 elapsed_ms=566143 vk_code=75 is_down=false injected=false key_class="Char" state_before="Idle" state_after="Idle" decision="PassThrough" physical="Allow" repeat_count=1 last_timestamp_us=566143499 last_elapsed_ms=0
2026-09-19T22:25:38.343243Z DEBUG execute_one{generation=None}: awase_windows::runtime::executor: [reinject] vk=0x4b up (queued passthrough now firing)
2026-09-19T22:25:38.346025Z DEBUG awase_windows::platform: [gji-fsm] StartComposition (candidate SHOW)
2026-09-19T22:25:38.346077Z DEBUG gji_on_event{event=StartComposition}: awase_windows::tsf::gji_fsm: [gji-fsm] StartComposition: OnWarm → OnComposing(AlreadyWarm)
2026-09-19T22:25:38.346209Z DEBUG awase::journal: gji fsm transition seq=2354 elapsed_ms=566146 trigger="StartComposition(candidate SHOW)" state_before="OnWarm" state_after="OnComposing(Warm)"
2026-09-19T22:25:38.759085Z DEBUG awase_windows::runtime::key_pipeline: [engine-input] vk=0x1B KeyDown ts=566559577us delay=0ms state=Idle mods(c=false s=false a=false w=false) gas_ctrl=false phys_ctrl=false extra=0x5350494B pending_drain=0 gate_active=false l_thumb=None r_thumb=None [diag-ctx] ime_
2026-09-19T22:25:38.759136Z DEBUG awase::engine::engine: [diag-engine-active] ime_on=true なのに非活性: reason=Inactive(NotRomajiInput) romaji_capable=false japanese=true user_enabled=true was_active=false input_mode=ObservedEisu
2026-09-19T22:25:38.759280Z DEBUG awase::journal: key input seq=2355 elapsed_ms=566560 vk_code=27 is_down=true injected=false key_class="Passthrough" state_before="Idle" state_after="Idle" decision="PassThrough" physical="Allow" repeat_count=1 last_timestamp_us=566559577 last_elapsed_ms=0
2026-09-19T22:25:38.759346Z DEBUG execute_from_hook: awase_windows::runtime::executor: [relay-passthrough] PassThrough idle: direct OS pass-through (vk=0x1b down)
2026-09-19T22:25:38.759386Z DEBUG execute_one{generation=None}: awase_windows::runtime::executor: [reinject] vk=0x1b down (queued passthrough now firing)
2026-09-19T22:25:38.767860Z  INFO awase_windows::tsf::win_event_obs: [gji-obs] candidate HIDE: last_gji_write=484ms ago
2026-09-19T22:25:38.772687Z DEBUG awase_windows::tsf::gji_monitor: [gji-io] WRITE: w_ops=+2 w_KB=+0.4 (r_ops=+4 x_ops=+4 x_KB=+0.0)
2026-09-19T22:25:38.825168Z DEBUG awase_windows::runtime::key_pipeline: [engine-input] vk=0x1B KeyUp ts=566625652us delay=0ms state=Idle mods(c=false s=false a=false w=false) gas_ctrl=false phys_ctrl=false extra=0x5350494B pending_drain=0 gate_active=false l_thumb=None r_thumb=None [diag-ctx] ime_on
2026-09-19T22:25:38.825222Z DEBUG awase::engine::engine: [diag-engine-active] ime_on=true なのに非活性: reason=Inactive(NotRomajiInput) romaji_capable=false japanese=true user_enabled=true was_active=false input_mode=ObservedEisu
2026-09-19T22:25:38.825305Z DEBUG awase::journal: key input seq=2356 elapsed_ms=566626 vk_code=27 is_down=false injected=false key_class="Passthrough" state_before="Idle" state_after="Idle" decision="PassThrough" physical="Allow" repeat_count=1 last_timestamp_us=566625652 last_elapsed_ms=0
2026-09-19T22:25:38.825400Z DEBUG execute_from_hook: awase_windows::runtime::executor: [relay-passthrough] PassThrough idle: direct OS pass-through (vk=0x1b up)
2026-09-19T22:25:38.825472Z DEBUG execute_one{generation=None}: awase_windows::runtime::executor: [reinject] vk=0x1b up (queued passthrough now firing)
2026-09-19T22:25:38.828446Z DEBUG awase_windows::platform: [gji-fsm] EndComposition (candidate HIDE) epoch=FocusEpoch(65)
2026-09-19T22:25:38.828795Z DEBUG awase::journal: gji fsm transition seq=2357 elapsed_ms=566629 trigger="EndComposition(candidate HIDE, epoch=FocusEpoch(65))" state_before="OnComposing(Warm)" state_after="OnWarm"
2026-09-19T22:25:40.713856Z DEBUG awase_windows::hook: [hook] IME-mode vk=0xF0 up self_injected=false injected=false scan=0x70 extra=0x5350494B since_actuation_us=Some(9950956)
2026-09-19T22:25:40.713970Z DEBUG awase::journal: hook ime-mode diagnostic seq=2358 elapsed_ms=568514 vk_code=240 is_down=false self_injected=false injected=false scan=112
2026-09-19T22:25:40.714043Z DEBUG awase_windows::hook: [hook] IME-mode vk=0xF2 down self_injected=false injected=false scan=0x70 extra=0x5350494B since_actuation_us=Some(9951158)
2026-09-19T22:25:40.714134Z DEBUG awase_windows::runtime::key_pipeline: [engine-input] vk=0xF0 KeyUp ts=568514714us delay=0ms state=Idle mods(c=false s=false a=false w=false) gas_ctrl=false phys_ctrl=false extra=0x5350494B pending_drain=0 gate_active=false l_thumb=None r_thumb=None [diag-ctx] ime_on
2026-09-19T22:25:40.714166Z DEBUG awase::engine::engine: [diag-engine-active] ime_on=true なのに非活性: reason=Inactive(NotRomajiInput) romaji_capable=false japanese=true user_enabled=true was_active=false input_mode=ObservedEisu
2026-09-19T22:25:40.714388Z DEBUG awase::journal: key input seq=2359 elapsed_ms=568515 vk_code=240 is_down=false injected=false key_class="Passthrough" state_before="Idle" state_after="Idle" decision="PassThrough" physical="Suppress" repeat_count=1 last_timestamp_us=568514714 last_elapsed_ms=0
2026-09-19T22:25:40.714439Z DEBUG awase_windows::runtime::key_pipeline: [imm-cross] key suppress vk=0xf0 KeyUp (physical disposition)
2026-09-19T22:25:40.714492Z DEBUG awase::journal: hook ime-mode diagnostic seq=2360 elapsed_ms=568515 vk_code=242 is_down=true self_injected=false injected=false scan=112
2026-09-19T22:25:40.714573Z  INFO awase_windows::runtime::key_pipeline: [shadow-toggle] intent 昇格: vk=0xF2 scan=0x70 action=TurnOn kind=PhysicalImeKey injected=false true→true w_ops0=108196 x_ops0=239688 x_KB0=23.2
2026-09-19T22:25:40.714612Z DEBUG awase::journal: ime event seq=2361 elapsed_ms=568515 event_kind="UserImeSetIntent"
2026-09-19T22:25:40.714633Z DEBUG awase_windows::runtime::key_pipeline: [shadow-toggle] no-op: vk=0xF2 action=TurnOn source=PhysicalImeKey effective_open は既に true → apply-ime 見送り
2026-09-19T22:25:40.714663Z DEBUG awase::journal: ime event seq=2362 elapsed_ms=568515 event_kind="InputModeApplied"
2026-09-19T22:25:40.714677Z  INFO awase_windows::runtime::key_pipeline: [shadow-toggle] TurnOn (IME既にopen) + ObservedEisu → AssumedRomaji に リセット (UserTurnOnEisuReset)
2026-09-19T22:25:40.714696Z DEBUG awase_windows::runtime::key_pipeline: [engine-input] vk=0xF2 KeyDown ts=568514822us delay=0ms state=Idle mods(c=false s=false a=false w=false) gas_ctrl=false phys_ctrl=false extra=0x5350494B pending_drain=0 gate_active=false l_thumb=None r_thumb=None [diag-ctx] ime_
2026-09-19T22:25:40.714727Z  INFO awase::engine::engine: Engine activated (ime=true, romaji=true, japanese=true, user=true, reason=Active)
2026-09-19T22:25:40.714785Z DEBUG awase::journal: key input seq=2363 elapsed_ms=568515 vk_code=242 is_down=true injected=false key_class="Passthrough" state_before="Idle" state_after="Idle" decision="PassThroughWith" physical="Allow" repeat_count=1 last_timestamp_us=568514822 last_elapsed_ms=0
2026-09-19T22:25:40.714834Z DEBUG awase::journal: ime event seq=2364 elapsed_ms=568515 event_kind="EngineActivationSync"
2026-09-19T22:25:40.714864Z DEBUG awase::journal: ime event seq=2365 elapsed_ms=568515 event_kind="ImeApplyRequested"
2026-09-19T22:25:40.714888Z  INFO awase_windows::runtime::key_pipeline: IME control: preconditions.ime_on = true (SetOpenRequest, origin=ActivationSync), was_open_before=true last_intent_before=Some(true) poll suspended
2026-09-19T22:25:40.714931Z DEBUG awase_windows::runtime::key_pipeline: may_change_ime key passed through → IME refresh scheduled (20ms)
2026-09-19T22:25:40.714963Z DEBUG execute_from_hook: awase_windows::runtime::executor: [relay-flush] PassThroughWith: queue 2 effect(s) + reinject (vk=0xf2 down)
2026-09-19T22:25:40.715102Z DEBUG execute_one{generation=Some(ApplyGeneration(53))}:dispatch_ime_set_open{open=true generation=Some(ApplyGeneration(53))}: awase_windows::runtime::executor: [dispatch-ime] ImmCross async: optimistic applied_snapshot=true (suppress send_engine_state_ime_key)
2026-09-19T22:25:40.716544Z DEBUG execute_one{generation=Some(ApplyGeneration(53))}: awase_windows::platform: [engine-state-key] skipped (apply_ime_open aligned ime=true, profile=Standard)
2026-09-19T22:25:40.716632Z DEBUG execute_one{generation=Some(ApplyGeneration(53))}: awase_windows::runtime::executor: [reinject] vk=0xf2 down (queued passthrough now firing)
2026-09-19T22:25:40.716926Z DEBUG awase_windows::hook: [hook] IME-mode vk=0xF0 up self_injected=true injected=false scan=0x0 extra=0x4B45594D since_actuation_us=Some(9954039)
2026-09-19T22:25:40.720202Z DEBUG awase_windows::hook: [hook] IME-mode vk=0xF2 down self_injected=true injected=true scan=0x0 extra=0x4B45594D since_actuation_us=Some(9957310)
2026-09-19T22:25:40.721203Z DEBUG awase::journal: hook ime-mode diagnostic seq=2366 elapsed_ms=568522 vk_code=240 is_down=false self_injected=true injected=false scan=0
2026-09-19T22:25:40.721257Z DEBUG awase::journal: hook ime-mode diagnostic seq=2367 elapsed_ms=568522 vk_code=242 is_down=true self_injected=true injected=true scan=0
2026-09-19T22:25:40.721437Z DEBUG run_open_chain_async: awase_windows::ime_controller: [warrant-shadow] chain=async open=true origin=EventOrigin { source: SelfActuated { strategy: "engine_decision_async" }, epoch: Generation(0) } warranted
2026-09-19T22:25:40.721511Z  INFO run_open_chain_async:imm_cross_write{open=true}: awase_windows::runtime::open_chain: [apply-ime] ImmCross async: open=true composition_active=false show_seq=0 change_seq=0 (issue #138診断)
2026-09-19T22:25:40.724158Z DEBUG awase_windows::tsf::gji_monitor: [gji-io] WRITE: w_ops=+2 w_KB=+0.0 (r_ops=+4 x_ops=+4 x_KB=+0.0)
2026-09-19T22:25:40.728767Z DEBUG awase_windows::shadow_send_trace: [shadow-send] channel=ImeControl cmd=0x0006 lparam=1 issue_us=568527058
2026-09-19T22:25:40.728782Z DEBUG awase_windows::ime: set_ime_open_for_target: hwnd=HWND(0x7f3692) ime_wnd=HWND(0x591f7e) open=true success=true send_elapsed=2ms candidate_visible=false
2026-09-19T22:25:40.729170Z DEBUG run_open_chain_async:imm_cross_write{open=true}: awase_windows::ime: [imm-cross-actuate] hwnd=HWND(0x7f3692) open=Written conv=Some(Written)
2026-09-19T22:25:40.729222Z DEBUG run_open_chain_async:imm_cross_write{open=true}: awase_windows::runtime::open_chain: [apply-ime] ROMAN 補完結果: Written
2026-09-19T22:25:40.729289Z DEBUG run_open_chain_async: awase::journal: actuation decision seq=2368 elapsed_ms=568530 site="DispatchImeSetOpen" caller="None" open=true chain_len=4 attempts_len=1 gate_profile="Standard" gate_kind="Gji" gate_shadow_known=true gate_shadow_on=true gate_input_mode="Assum
2026-09-19T22:25:40.730180Z DEBUG on_ime_apply_complete{open=true outcome=AppliedWithoutSendInput generation=Some(ApplyGeneration(53)) reason=EngineDecision}: awase::journal: ime open applied seq=2369 elapsed_ms=568531 open=true outcome="AppliedWithoutSendInput" reason="EngineDecision"
2026-09-19T22:25:40.730290Z DEBUG on_ime_apply_complete{open=true outcome=AppliedWithoutSendInput generation=Some(ApplyGeneration(53)) reason=EngineDecision}: awase::journal: ime event seq=2370 elapsed_ms=568531 event_kind="ImeApplySucceeded"
2026-09-19T22:25:40.730317Z DEBUG on_ime_apply_complete{open=true outcome=AppliedWithoutSendInput generation=Some(ApplyGeneration(53)) reason=EngineDecision}: awase_windows::tsf::ime_mode_fsm: [ime-mode] SetOpen(true) applied → Hiragana (belief, unconfirmed)
2026-09-19T22:25:40.730342Z DEBUG on_ime_apply_complete{open=true outcome=AppliedWithoutSendInput generation=Some(ApplyGeneration(53)) reason=EngineDecision}: awase_windows::platform: [composition] ImeEffect::SetOpen(true) → marking cold
2026-09-19T22:25:40.730363Z DEBUG on_ime_apply_complete{open=true outcome=AppliedWithoutSendInput generation=Some(ApplyGeneration(53)) reason=EngineDecision}: awase_windows::tsf::probe: [composition] marked cold reason=SetOpenTrue idle=38891ms → next VK/TSF output will send VK_DBE_HIRAGANA warmup
2026-09-19T22:25:40.730407Z DEBUG on_ime_apply_complete{open=true outcome=AppliedWithoutSendInput generation=Some(ApplyGeneration(53)) reason=EngineDecision}:gji_on_event{event=ImeOn { injection_mode: Unicode, gji_idle_ms: 16 }}: awase_windows::tsf::gji_fsm: [gji-fsm] ImeOn: already on (OnWarm), ign
2026-09-19T22:25:40.730508Z DEBUG awase::journal: gji fsm transition seq=2371 elapsed_ms=568531 trigger="ImeOn(gji_idle_ms=16)" state_before="OnWarm" state_after="OnWarm"
2026-09-19T22:25:40.774380Z DEBUG awase_windows::runtime::ime_refresh: Explicit intent: bypassing typing-idle guard for IME verify (idle=63ms)
2026-09-19T22:25:40.774424Z DEBUG awase_windows::observer::ime_observer: IME snapshot: japanese=Some(true) ime_on=Some(true) romaji=Some(true) conv=Some("0x00000019") guard=false
2026-09-19T22:25:40.774495Z DEBUG awase::journal: ime event seq=2372 elapsed_ms=568575 event_kind="ObserverReported"
2026-09-19T22:25:40.774519Z DEBUG awase::journal: ime event seq=2373 elapsed_ms=568575 event_kind="InputModeObserved"
2026-09-19T22:25:41.411093Z DEBUG awase_windows::runtime::key_pipeline: [engine-input] vk=0x4B KeyDown ts=569211603us delay=0ms state=Idle mods(c=false s=false a=false w=false) gas_ctrl=false phys_ctrl=false extra=0x5350494B pending_drain=0 gate_active=false l_thumb=None r_thumb=None [diag-ctx] ime_
2026-09-19T22:25:41.411210Z DEBUG awase::journal: key input seq=2374 elapsed_ms=569212 vk_code=75 is_down=true injected=false key_class="Char" state_before="Idle" state_after="PendingChar(vk=0x4B)" decision="Consume" physical="Allow" repeat_count=1 last_timestamp_us=569211603 last_elapsed_ms=0
2026-09-19T22:25:41.471982Z DEBUG awase_windows::runtime::key_pipeline: [engine-input] vk=0x4B KeyUp ts=569272558us delay=0ms state=PendingChar(vk=0x4B) mods(c=false s=false a=false w=false) gas_ctrl=false phys_ctrl=false extra=0x5350494B pending_drain=0 gate_active=false l_thumb=None r_thumb=None [
2026-09-19T22:25:41.472068Z DEBUG awase::journal: key input seq=2375 elapsed_ms=569272 vk_code=75 is_down=false injected=false key_class="Char" state_before="PendingChar(vk=0x4B)" state_after="Idle" decision="Consume" physical="Allow" repeat_count=1 last_timestamp_us=569272558 last_elapsed_ms=0
2026-09-19T22:25:41.472176Z DEBUG execute_one{generation=None}: awase_windows::output: send_keys: mode=Unicode actions=[Char('き')] prev_elapsed=39625ms
2026-09-19T22:25:41.472191Z DEBUG execute_one{generation=None}: awase_windows::tsf::probe: [mark-send] last_send_ms=332775515
2026-09-19T22:25:41.472200Z DEBUG execute_one{generation=None}: awase_windows::output:   → Char('き') via Unicode
2026-09-19T22:25:41.474468Z DEBUG execute_one{generation=None}: awase_windows::tsf::probe: [mark-send] last_send_ms=332775515
2026-09-19T22:25:41.486838Z DEBUG awase_windows::tsf::gji_monitor: [gji-io] WRITE: w_ops=+2 w_KB=+0.3 (r_ops=+4 x_ops=+4 x_KB=+0.0)
2026-09-19T22:25:41.487917Z  INFO awase_windows::tsf::win_event_obs: [gji-obs] candidate SHOW #67: last_gji_write=0ms ago
2026-09-19T22:25:41.849949Z DEBUG awase_windows::runtime::key_pipeline: [engine-input] vk=0x1B KeyDown ts=569650463us delay=0ms state=Idle mods(c=false s=false a=false w=false) gas_ctrl=false phys_ctrl=false extra=0x5350494B pending_drain=0 gate_active=false l_thumb=None r_thumb=None [diag-ctx] ime_
2026-09-19T22:25:41.850078Z DEBUG awase::journal: key input seq=2376 elapsed_ms=569650 vk_code=27 is_down=true injected=false key_class="Passthrough" state_before="Idle" state_after="Idle" decision="PassThrough" physical="Allow" repeat_count=1 last_timestamp_us=569650463 last_elapsed_ms=0
2026-09-19T22:25:41.850193Z DEBUG execute_from_hook: awase_windows::runtime::executor: [relay-passthrough] PassThrough idle: direct OS pass-through (vk=0x1b down)
2026-09-19T22:25:41.850610Z DEBUG execute_one{generation=None}: awase_windows::runtime::executor: [reinject] vk=0x1b down (queued passthrough now firing)
2026-09-19T22:25:41.853103Z DEBUG awase_windows::platform: [gji-fsm] StartComposition (candidate SHOW)
2026-09-19T22:25:41.853187Z DEBUG gji_on_event{event=StartComposition}: awase_windows::tsf::gji_fsm: [gji-fsm] StartComposition: OnWarm → OnComposing(AlreadyWarm)
2026-09-19T22:25:41.853276Z DEBUG awase::journal: gji fsm transition seq=2377 elapsed_ms=569654 trigger="StartComposition(candidate SHOW)" state_before="OnWarm" state_after="OnComposing(Warm)"
2026-09-19T22:25:41.857211Z  INFO awase_windows::tsf::win_event_obs: [gji-obs] candidate HIDE: last_gji_write=375ms ago
2026-09-19T22:25:41.861226Z DEBUG awase_windows::tsf::gji_monitor: [gji-io] WRITE: w_ops=+2 w_KB=+0.3 (r_ops=+4 x_ops=+4 x_KB=+0.0)
2026-09-19T22:25:41.969141Z DEBUG awase_windows::runtime::key_pipeline: [engine-input] vk=0x1B KeyUp ts=569769634us delay=0ms state=Idle mods(c=false s=false a=false w=false) gas_ctrl=false phys_ctrl=false extra=0x5350494B pending_drain=0 gate_active=false l_thumb=None r_thumb=None [diag-ctx] ime_on
2026-09-19T22:25:41.969239Z DEBUG awase::journal: key input seq=2378 elapsed_ms=569770 vk_code=27 is_down=false injected=false key_class="Passthrough" state_before="Idle" state_after="Idle" decision="PassThrough" physical="Allow" repeat_count=1 last_timestamp_us=569769634 last_elapsed_ms=0
2026-09-19T22:25:41.969332Z DEBUG execute_from_hook: awase_windows::runtime::executor: [relay-passthrough] PassThrough idle: direct OS pass-through (vk=0x1b up)
2026-09-19T22:25:41.969399Z DEBUG execute_one{generation=None}: awase_windows::runtime::executor: [reinject] vk=0x1b up (queued passthrough now firing)
2026-09-19T22:25:41.971315Z DEBUG awase_windows::platform: [gji-fsm] EndComposition (candidate HIDE) epoch=FocusEpoch(66)
2026-09-19T22:25:41.971542Z DEBUG awase::journal: gji fsm transition seq=2379 elapsed_ms=569772 trigger="EndComposition(candidate HIDE, epoch=FocusEpoch(66))" state_before="OnComposing(Warm)" state_after="OnWarm"
2026-09-19T22:25:43.904233Z DEBUG awase_windows::runtime::key_pipeline: [shadow-toggle] vk=0x1DはFSM delegate所有 → belief書き込み/actuationをスキップ w_ops0=108202 x_ops0=239700 x_KB0=23.2
2026-09-19T22:25:43.904269Z DEBUG awase_windows::runtime::key_pipeline: [shadow-toggle] no-op: vk=0x1D action=Toggle source=PhysicalImeKey effective_open は既に true → apply-ime 見送り
2026-09-19T22:25:43.904305Z DEBUG awase_windows::runtime::key_pipeline: [engine-input] vk=0x1D KeyDown ts=571704681us delay=0ms state=Idle mods(c=false s=false a=false w=false) gas_ctrl=false phys_ctrl=false extra=0x5350494B pending_drain=0 gate_active=false l_thumb=Some(571704664) r_thumb=None [dia
2026-09-19T22:25:43.904408Z DEBUG awase::journal: key input seq=2380 elapsed_ms=571705 vk_code=29 is_down=true injected=false key_class="LeftThumb" state_before="Idle" state_after="PendingThumb(vk=0x1D,left=true)" decision="Consume" physical="Allow" repeat_count=1 last_timestamp_us=571704681 last_el
2026-09-19T22:25:43.972720Z DEBUG awase_windows::runtime::key_pipeline: [engine-input] vk=0x1D KeyUp ts=571772880us delay=0ms state=PendingThumb(vk=0x1D,left=true) mods(c=false s=false a=false w=false) gas_ctrl=false phys_ctrl=false extra=0x5350494B pending_drain=0 gate_active=false l_thumb=None r_t
2026-09-19T22:25:43.972845Z  INFO awase::engine::engine: IME open axis delegated (solo tap, key semantics absorption) → false (origin=ExplicitUserAction)
2026-09-19T22:25:43.972957Z DEBUG awase::journal: key input seq=2381 elapsed_ms=571773 vk_code=29 is_down=false injected=false key_class="LeftThumb" state_before="PendingThumb(vk=0x1D,left=true)" state_after="Idle" decision="Consume" physical="Allow" repeat_count=1 last_timestamp_us=571772880 last_e
2026-09-19T22:25:43.973075Z DEBUG awase::journal: ime event seq=2382 elapsed_ms=571773 event_kind="UserImeSetIntent"
2026-09-19T22:25:43.973134Z DEBUG awase::journal: ime event seq=2383 elapsed_ms=571773 event_kind="ImeApplyRequested"
2026-09-19T22:25:43.973168Z  INFO awase_windows::runtime::key_pipeline: IME control: preconditions.ime_on = false (SetOpenRequest, origin=ExplicitUserAction), was_open_before=true last_intent_before=Some(true) poll suspended
2026-09-19T22:25:43.973584Z DEBUG execute_one{generation=Some(ApplyGeneration(54))}:dispatch_ime_set_open{open=false generation=Some(ApplyGeneration(54))}: awase_windows::runtime::executor: [dispatch-ime] ImmCross async: optimistic applied_snapshot=false (suppress send_engine_state_ime_key)
2026-09-19T22:25:43.976905Z DEBUG execute_one{generation=Some(ApplyGeneration(54))}: awase_windows::platform: [engine-state-key] skipped (apply_ime_open aligned ime=false, profile=Standard)
2026-09-19T22:25:43.983529Z DEBUG run_open_chain_async: awase_windows::ime_controller: [warrant-shadow] chain=async open=false origin=EventOrigin { source: SelfActuated { strategy: "engine_decision_async" }, epoch: Generation(0) } warranted
2026-09-19T22:25:43.983711Z  INFO run_open_chain_async:imm_cross_write{open=false}: awase_windows::runtime::open_chain: [apply-ime] ImmCross async: open=false composition_active=false show_seq=0 change_seq=0 (issue #138診断)
2026-09-19T22:25:43.994130Z DEBUG awase_windows::shadow_send_trace: [shadow-send] channel=ImeControl cmd=0x0006 lparam=0 issue_us=571792480
2026-09-19T22:25:43.994206Z DEBUG awase_windows::ime: set_ime_open_for_target: hwnd=HWND(0x7f3692) ime_wnd=HWND(0x591f7e) open=false success=true send_elapsed=2ms candidate_visible=false
2026-09-19T22:25:43.994663Z DEBUG run_open_chain_async:imm_cross_write{open=false}: awase_windows::ime: [imm-cross-actuate] hwnd=HWND(0x7f3692) open=Written conv=None
2026-09-19T22:25:43.994877Z DEBUG run_open_chain_async: awase::journal: actuation decision seq=2384 elapsed_ms=571795 site="DispatchImeSetOpen" caller="None" open=false chain_len=4 attempts_len=1 gate_profile="Standard" gate_kind="Gji" gate_shadow_known=true gate_shadow_on=true gate_input_mode="Obse
2026-09-19T22:25:43.999918Z DEBUG on_ime_apply_complete{open=false outcome=AppliedWithoutSendInput generation=Some(ApplyGeneration(54)) reason=EngineDecision}: awase::journal: ime open applied seq=2385 elapsed_ms=571800 open=false outcome="AppliedWithoutSendInput" reason="EngineDecision"
2026-09-19T22:25:44.001840Z DEBUG on_ime_apply_complete{open=false outcome=AppliedWithoutSendInput generation=Some(ApplyGeneration(54)) reason=EngineDecision}: awase::journal: ime event seq=2386 elapsed_ms=571802 event_kind="ImeApplySucceeded"
2026-09-19T22:25:44.001917Z DEBUG on_ime_apply_complete{open=false outcome=AppliedWithoutSendInput generation=Some(ApplyGeneration(54)) reason=EngineDecision}: awase_windows::tsf::ime_mode_fsm: [ime-mode] SetOpen(false) applied → Off (belief, unconfirmed)
2026-09-19T22:25:44.001972Z DEBUG on_ime_apply_complete{open=false outcome=AppliedWithoutSendInput generation=Some(ApplyGeneration(54)) reason=EngineDecision}: awase_windows::platform: [composition] ImeEffect::SetOpen(false) → marking cold (prevent warm+TSF Enter leak)
2026-09-19T22:25:44.002019Z DEBUG on_ime_apply_complete{open=false outcome=AppliedWithoutSendInput generation=Some(ApplyGeneration(54)) reason=EngineDecision}: awase_windows::tsf::probe: [composition] marked cold reason=SetOpenFalse idle=2531ms → next VK/TSF output will send VK_DBE_HIRAGANA warmup
2026-09-19T22:25:44.011983Z DEBUG awase::journal: gji fsm transition seq=2387 elapsed_ms=571803 trigger="ImeOff" state_before="OnWarm" state_after="OffCold"
2026-09-19T22:25:44.043813Z DEBUG awase_windows::runtime::ime_refresh: Explicit intent: bypassing typing-idle guard for IME verify (idle=78ms)
2026-09-19T22:25:44.043859Z DEBUG awase_windows::observer::ime_observer: IME snapshot: japanese=Some(true) ime_on=Some(false) romaji=Some(true) conv=Some("0x00000019") guard=false
2026-09-19T22:25:44.043956Z DEBUG awase::journal: ime event seq=2388 elapsed_ms=571844 event_kind="ObserverReported"
2026-09-19T22:25:44.043984Z DEBUG awase::journal: ime event seq=2389 elapsed_ms=571844 event_kind="InputModeObserved"
2026-09-19T22:25:44.598524Z DEBUG awase_windows::runtime::key_pipeline: [engine-input] vk=0x4B KeyDown ts=572399033us delay=0ms state=Idle mods(c=false s=false a=false w=false) gas_ctrl=false phys_ctrl=false extra=0x5350494B pending_drain=0 gate_active=false l_thumb=None r_thumb=None [diag-ctx] ime_
2026-09-19T22:25:44.598580Z DEBUG awase::journal: key input seq=2390 elapsed_ms=572399 vk_code=75 is_down=true injected=false key_class="Char" state_before="Idle" state_after="Idle" decision="PassThrough" physical="Allow" repeat_count=1 last_timestamp_us=572399033 last_elapsed_ms=0
2026-09-19T22:25:44.598820Z DEBUG execute_one{generation=None}: awase_windows::runtime::executor: [reinject] vk=0x4b down (queued passthrough now firing)
2026-09-19T22:25:44.650516Z DEBUG awase_windows::runtime::key_pipeline: [engine-input] vk=0x4B KeyUp ts=572451057us delay=0ms state=Idle mods(c=false s=false a=false w=false) gas_ctrl=false phys_ctrl=false extra=0x5350494B pending_drain=0 gate_active=false l_thumb=None r_thumb=None [diag-ctx] ime_on
2026-09-19T22:25:44.650569Z DEBUG awase::journal: key input seq=2391 elapsed_ms=572451 vk_code=75 is_down=false injected=false key_class="Char" state_before="Idle" state_after="Idle" decision="PassThrough" physical="Allow" repeat_count=1 last_timestamp_us=572451057 last_elapsed_ms=0
2026-09-19T22:25:44.650640Z DEBUG execute_one{generation=None}: awase_windows::runtime::executor: [reinject] vk=0x4b up (queued passthrough now firing)
2026-09-19T22:25:45.095346Z DEBUG awase_windows::runtime::key_pipeline: [engine-input] vk=0x1B KeyDown ts=572895794us delay=0ms state=Idle mods(c=false s=false a=false w=false) gas_ctrl=false phys_ctrl=false extra=0x5350494B pending_drain=0 gate_active=false l_thumb=None r_thumb=None [diag-ctx] ime_
2026-09-19T22:25:45.095463Z DEBUG awase::journal: key input seq=2392 elapsed_ms=572896 vk_code=27 is_down=true injected=false key_class="Passthrough" state_before="Idle" state_after="Idle" decision="PassThrough" physical="Allow" repeat_count=1 last_timestamp_us=572895794 last_elapsed_ms=0
2026-09-19T22:25:45.095575Z DEBUG execute_from_hook: awase_windows::tsf::probe: [composition] marked cold reason=PassthroughConfirmKey idle=3625ms → next VK/TSF output will send VK_DBE_HIRAGANA warmup
2026-09-19T22:25:45.095652Z DEBUG execute_from_hook: awase_windows::tsf::probe: [mark-send] last_send_ms=332779140
2026-09-19T22:25:45.095729Z DEBUG execute_from_hook: awase_windows::platform: [composition-fsm] EmitWarmup (ConfirmKeyDown)
2026-09-19T22:25:45.095756Z DEBUG execute_from_hook: awase_windows::runtime::executor: [relay-passthrough] PassThrough idle: direct OS pass-through (vk=0x1b down)
2026-09-19T22:25:45.095791Z DEBUG awase::journal: gji fsm transition seq=2393 elapsed_ms=572896 trigger="CompositionReset(gji_idle_ms=3234)" state_before="OffCold" state_after="OffCold"
2026-09-19T22:25:45.095855Z DEBUG awase_windows::runtime::executor: [reinject-guard] suspending drain for 50ms (vk=0x1b)
2026-09-19T22:25:45.155156Z DEBUG execute_one{generation=None}: awase_windows::runtime::executor: [reinject] vk=0x1b down (queued passthrough now firing)
2026-09-19T22:25:45.155196Z DEBUG execute_one{generation=None}: awase_windows::platform: [composition] reinject KeyDown vk=0x1b → marking cold + eager warmup
2026-09-19T22:25:45.155207Z DEBUG execute_one{generation=None}: awase_windows::tsf::probe: [composition] marked cold reason=ReinjectConfirmKey idle=63ms → next VK/TSF output will send VK_DBE_HIRAGANA warmup
2026-09-19T22:25:45.155218Z DEBUG execute_one{generation=None}: awase_windows::tsf::probe: [mark-send] last_send_ms=332779203
2026-09-19T22:25:45.158471Z DEBUG awase_windows::runtime::key_pipeline: [engine-input] vk=0x1B KeyUp ts=572957130us delay=2ms state=Idle mods(c=false s=false a=false w=false) gas_ctrl=false phys_ctrl=false extra=0x5350494B pending_drain=0 gate_active=false l_thumb=None r_thumb=None [diag-ctx] ime_on
2026-09-19T22:25:45.158561Z DEBUG awase::journal: key input seq=2395 elapsed_ms=572959 vk_code=27 is_down=false injected=false key_class="Passthrough" state_before="Idle" state_after="Idle" decision="PassThrough" physical="Allow" repeat_count=1 last_timestamp_us=572957130 last_elapsed_ms=0
2026-09-19T22:25:45.158658Z DEBUG execute_from_hook: awase_windows::runtime::transport: [relay-defer] PassThrough deferred: output in-flight (0ms ago), reinject(vk=0x1b up)
2026-09-19T22:25:45.158731Z DEBUG awase::journal: gji fsm transition seq=2394 elapsed_ms=572956 trigger="CompositionReset(gji_idle_ms=3297)" state_before="OffCold" state_after="OffCold"
2026-09-19T22:25:45.159100Z DEBUG awase_windows::runtime::executor: [reinject-guard] suspending drain for 50ms (vk=0x1b)
2026-09-19T22:25:45.217979Z DEBUG execute_one{generation=None}: awase_windows::runtime::executor: [reinject] vk=0x1b up (queued passthrough now firing)
2026-09-19T22:25:47.042701Z  INFO awase_windows::runtime::key_pipeline: [shadow-toggle] intent 昇格: vk=0x1D scan=0x7B action=Toggle kind=PhysicalImeKey injected=false false→true w_ops0=108202 x_ops0=239700 x_KB0=23.2
2026-09-19T22:25:47.042797Z DEBUG awase::journal: ime event seq=2396 elapsed_ms=574843 event_kind="UserImeSetIntent"
2026-09-19T22:25:47.042851Z DEBUG awase_windows::runtime::key_pipeline: Shadow IME toggle: OFF → ON (vk=0x1D, source=PhysicalImeKey)
2026-09-19T22:25:47.042908Z DEBUG awase_windows::runtime::key_pipeline: [engine-input] vk=0x1D KeyDown ts=574842813us delay=0ms state=Idle mods(c=false s=false a=false w=false) gas_ctrl=false phys_ctrl=false extra=0x5350494B pending_drain=0 gate_active=false l_thumb=Some(574842795) r_thumb=None [dia
2026-09-19T22:25:47.042964Z  INFO awase::engine::engine: Engine activated (ime=true, romaji=true, japanese=true, user=true, reason=Active)
2026-09-19T22:25:47.043099Z DEBUG awase::journal: key input seq=2397 elapsed_ms=574843 vk_code=29 is_down=true injected=false key_class="LeftThumb" state_before="Idle" state_after="PendingThumb(vk=0x1D,left=true)" decision="Consume" physical="Allow" repeat_count=1 last_timestamp_us=574842813 last_el
2026-09-19T22:25:47.043191Z DEBUG awase::journal: ime event seq=2398 elapsed_ms=574844 event_kind="EngineActivationSync"
2026-09-19T22:25:47.043244Z DEBUG awase::journal: ime event seq=2399 elapsed_ms=574844 event_kind="ImeApplyRequested"
2026-09-19T22:25:47.043289Z  INFO awase_windows::runtime::key_pipeline: IME control: preconditions.ime_on = true (SetOpenRequest, origin=ActivationSync), was_open_before=true last_intent_before=Some(true) poll suspended
2026-09-19T22:25:47.043748Z DEBUG execute_one{generation=Some(ApplyGeneration(55))}:dispatch_ime_set_open{open=true generation=Some(ApplyGeneration(55))}: awase_windows::runtime::executor: [dispatch-ime] ImmCross async: optimistic applied_snapshot=true (suppress send_engine_state_ime_key)
2026-09-19T22:25:47.046237Z DEBUG execute_one{generation=Some(ApplyGeneration(55))}: awase_windows::platform: [engine-state-key] skipped (apply_ime_open aligned ime=true, profile=Standard)
2026-09-19T22:25:47.054644Z DEBUG run_open_chain_async: awase_windows::ime_controller: [warrant-shadow] chain=async open=true origin=EventOrigin { source: SelfActuated { strategy: "engine_decision_async" }, epoch: Generation(0) } warranted
2026-09-19T22:25:47.054859Z  INFO run_open_chain_async:imm_cross_write{open=true}: awase_windows::runtime::open_chain: [apply-ime] ImmCross async: open=true composition_active=false show_seq=0 change_seq=0 (issue #138診断)
2026-09-19T22:25:47.064264Z DEBUG awase_windows::shadow_send_trace: [shadow-send] channel=ImeControl cmd=0x0006 lparam=1 issue_us=574860553
2026-09-19T22:25:47.064302Z DEBUG awase_windows::ime: set_ime_open_for_target: hwnd=HWND(0x7f3692) ime_wnd=HWND(0x591f7e) open=true success=true send_elapsed=4ms candidate_visible=false
2026-09-19T22:25:47.075722Z DEBUG run_open_chain_async:imm_cross_write{open=true}: awase_windows::ime: [imm-cross-actuate] hwnd=HWND(0x7f3692) open=Written conv=Some(Written)
2026-09-19T22:25:47.075880Z DEBUG run_open_chain_async:imm_cross_write{open=true}: awase_windows::runtime::open_chain: [apply-ime] ROMAN 補完結果: Written
2026-09-19T22:25:47.076119Z DEBUG run_open_chain_async: awase::journal: actuation decision seq=2400 elapsed_ms=574876 site="DispatchImeSetOpen" caller="None" open=true chain_len=4 attempts_len=1 gate_profile="Standard" gate_kind="Gji" gate_shadow_known=true gate_shadow_on=false gate_input_mode="Obse
2026-09-19T22:25:47.086007Z DEBUG on_ime_apply_complete{open=true outcome=AppliedWithoutSendInput generation=Some(ApplyGeneration(55)) reason=EngineDecision}: awase::journal: ime open applied seq=2401 elapsed_ms=574886 open=true outcome="AppliedWithoutSendInput" reason="EngineDecision"
2026-09-19T22:25:47.087627Z DEBUG on_ime_apply_complete{open=true outcome=AppliedWithoutSendInput generation=Some(ApplyGeneration(55)) reason=EngineDecision}: awase::journal: ime event seq=2402 elapsed_ms=574888 event_kind="ImeApplySucceeded"
2026-09-19T22:25:47.087711Z DEBUG on_ime_apply_complete{open=true outcome=AppliedWithoutSendInput generation=Some(ApplyGeneration(55)) reason=EngineDecision}: awase_windows::tsf::ime_mode_fsm: [ime-mode] SetOpen(true) applied → Hiragana (belief, unconfirmed)
2026-09-19T22:25:47.087797Z DEBUG on_ime_apply_complete{open=true outcome=AppliedWithoutSendInput generation=Some(ApplyGeneration(55)) reason=EngineDecision}: awase_windows::platform: [composition] ImeEffect::SetOpen(true) → marking cold
2026-09-19T22:25:47.087844Z DEBUG on_ime_apply_complete{open=true outcome=AppliedWithoutSendInput generation=Some(ApplyGeneration(55)) reason=EngineDecision}: awase_windows::tsf::probe: [composition] marked cold reason=SetOpenTrue idle=1937ms → next VK/TSF output will send VK_DBE_HIRAGANA warmup
2026-09-19T22:25:47.088018Z DEBUG on_ime_apply_complete{open=true outcome=AppliedWithoutSendInput generation=Some(ApplyGeneration(55)) reason=EngineDecision}:gji_on_event{event=ImeOn { injection_mode: Unicode, gji_idle_ms: 5234 }}: awase_windows::tsf::gji_fsm: [gji-fsm] ImeOn gji_idle=5234ms → Short
2026-09-19T22:25:47.088191Z DEBUG on_ime_apply_complete{open=true outcome=AppliedWithoutSendInput generation=Some(ApplyGeneration(55)) reason=EngineDecision}: awase_windows::platform: [gji-fsm] StartProbe probe_id=ProbeId(53) forces_f2=false long=false
2026-09-19T22:25:47.091019Z DEBUG awase::journal: gji fsm transition seq=2403 elapsed_ms=574889 trigger="ImeOn(gji_idle_ms=5234)" state_before="OffCold" state_after="OnCold(Short)"
2026-09-19T22:25:47.091110Z DEBUG awase::journal: tsf probe started seq=2404 elapsed_ms=574889 source="GjiAction::StartProbe" cold_seq=5 probe_id=53 probe_id_present=true gji_state="OnCold(Short)" consecutive_at_start=0 pending_deferred_len=0
2026-09-19T22:25:47.091157Z DEBUG awase::journal: gji fsm transition seq=2405 elapsed_ms=574889 trigger="WarmupComplete(unicode)" state_before="OnCold(Short)" state_after="OnWarm"
2026-09-19T22:25:47.091192Z DEBUG awase::journal: tsf probe completed seq=2406 elapsed_ms=574889 outcome="UnicodeImmediate" cold_seq=18446744073709551615 cold_seq_present=false probe_id=53 probe_id_present=true duration_ms=0 tick_count=0 gji_state="OnWarm"
2026-09-19T22:25:47.096657Z DEBUG awase_windows::runtime::key_pipeline: [engine-input] vk=0x1D KeyUp ts=574896287us delay=1ms state=PendingThumb(vk=0x1D,left=true) mods(c=false s=false a=false w=false) gas_ctrl=false phys_ctrl=false extra=0x5350494B pending_drain=0 gate_active=false l_thumb=None r_t
2026-09-19T22:25:47.096853Z DEBUG awase::journal: key input seq=2407 elapsed_ms=574897 vk_code=29 is_down=false injected=false key_class="LeftThumb" state_before="PendingThumb(vk=0x1D,left=true)" state_after="Idle" decision="Consume" physical="Allow" repeat_count=1 last_timestamp_us=574896287 last_e
2026-09-19T22:25:47.142685Z DEBUG awase_windows::runtime::ime_refresh: Explicit intent: bypassing typing-idle guard for IME verify (idle=47ms)
2026-09-19T22:25:47.142767Z DEBUG awase_windows::observer::ime_observer: IME snapshot: japanese=Some(true) ime_on=Some(true) romaji=Some(true) conv=Some("0x00000019") guard=false
2026-09-19T22:25:47.142874Z DEBUG awase::journal: ime event seq=2408 elapsed_ms=574943 event_kind="ObserverReported"
2026-09-19T22:25:47.142908Z DEBUG awase::journal: ime event seq=2409 elapsed_ms=574943 event_kind="InputModeObserved"
2026-09-19T22:25:47.724518Z DEBUG awase_windows::runtime::key_pipeline: [engine-input] vk=0x4B KeyDown ts=575524892us delay=0ms state=Idle mods(c=false s=false a=false w=false) gas_ctrl=false phys_ctrl=false extra=0x5350494B pending_drain=0 gate_active=false l_thumb=None r_thumb=None [diag-ctx] ime_
2026-09-19T22:25:47.724630Z DEBUG awase::journal: key input seq=2410 elapsed_ms=575525 vk_code=75 is_down=true injected=false key_class="Char" state_before="Idle" state_after="PendingChar(vk=0x4B)" decision="Consume" physical="Allow" repeat_count=1 last_timestamp_us=575524892 last_elapsed_ms=0
2026-09-19T22:25:47.786867Z DEBUG awase_windows::runtime::key_pipeline: [engine-input] vk=0x4B KeyUp ts=575587460us delay=0ms state=PendingChar(vk=0x4B) mods(c=false s=false a=false w=false) gas_ctrl=false phys_ctrl=false extra=0x5350494B pending_drain=0 gate_active=false l_thumb=None r_thumb=None [
2026-09-19T22:25:47.786980Z DEBUG awase::journal: key input seq=2411 elapsed_ms=575587 vk_code=75 is_down=false injected=false key_class="Char" state_before="PendingChar(vk=0x4B)" state_after="Idle" decision="Consume" physical="Allow" repeat_count=1 last_timestamp_us=575587460 last_elapsed_ms=0
2026-09-19T22:25:47.787070Z DEBUG execute_one{generation=None}: awase_windows::output: send_keys: mode=Unicode actions=[Char('き')] prev_elapsed=2625ms
2026-09-19T22:25:47.787082Z DEBUG execute_one{generation=None}: awase_windows::tsf::probe: [mark-send] last_send_ms=332781828
2026-09-19T22:25:47.787090Z DEBUG execute_one{generation=None}: awase_windows::output:   → Char('き') via Unicode
2026-09-19T22:25:47.790301Z DEBUG execute_one{generation=None}: awase_windows::tsf::probe: [mark-send] last_send_ms=332781843
2026-09-19T22:25:47.798484Z  INFO awase_windows::tsf::win_event_obs: [gji-obs] candidate SHOW #68: last_gji_write=5937ms ago
2026-09-19T22:25:47.799792Z DEBUG awase_windows::tsf::gji_monitor: [gji-io] WRITE: w_ops=+2 w_KB=+0.3 (r_ops=+4 x_ops=+4 x_KB=+0.0)
2026-09-19T22:25:48.224810Z DEBUG awase_windows::runtime::key_pipeline: [engine-input] vk=0x1B KeyDown ts=576025044us delay=0ms state=Idle mods(c=false s=false a=false w=false) gas_ctrl=false phys_ctrl=false extra=0x5350494B pending_drain=0 gate_active=false l_thumb=None r_thumb=None [diag-ctx] ime_
2026-09-19T22:25:48.224911Z DEBUG awase::journal: key input seq=2412 elapsed_ms=576025 vk_code=27 is_down=true injected=false key_class="Passthrough" state_before="Idle" state_after="Idle" decision="PassThrough" physical="Allow" repeat_count=1 last_timestamp_us=576025044 last_elapsed_ms=0
2026-09-19T22:25:48.225001Z DEBUG execute_from_hook: awase_windows::runtime::executor: [relay-passthrough] PassThrough idle: direct OS pass-through (vk=0x1b down)
2026-09-19T22:25:48.225283Z DEBUG execute_one{generation=None}: awase_windows::runtime::executor: [reinject] vk=0x1b down (queued passthrough now firing)
2026-09-19T22:25:48.227417Z DEBUG awase_windows::platform: [gji-fsm] StartComposition (candidate SHOW)
2026-09-19T22:25:48.227449Z DEBUG gji_on_event{event=StartComposition}: awase_windows::tsf::gji_fsm: [gji-fsm] StartComposition: OnWarm → OnComposing(AlreadyWarm)
2026-09-19T22:25:48.227522Z DEBUG awase::journal: gji fsm transition seq=2413 elapsed_ms=576028 trigger="StartComposition(candidate SHOW)" state_before="OnWarm" state_after="OnComposing(Warm)"
2026-09-19T22:25:48.231250Z  INFO awase_windows::tsf::win_event_obs: [gji-obs] candidate HIDE: last_gji_write=438ms ago
2026-09-19T22:25:48.236907Z DEBUG awase_windows::tsf::gji_monitor: [gji-io] WRITE: w_ops=+2 w_KB=+0.3 (r_ops=+4 x_ops=+4 x_KB=+0.0)
2026-09-19T22:25:48.286779Z DEBUG awase_windows::runtime::key_pipeline: [engine-input] vk=0x1B KeyUp ts=576087042us delay=0ms state=Idle mods(c=false s=false a=false w=false) gas_ctrl=false phys_ctrl=false extra=0x5350494B pending_drain=0 gate_active=false l_thumb=None r_thumb=None [diag-ctx] ime_on
2026-09-19T22:25:48.286892Z DEBUG awase::journal: key input seq=2414 elapsed_ms=576087 vk_code=27 is_down=false injected=false key_class="Passthrough" state_before="Idle" state_after="Idle" decision="PassThrough" physical="Allow" repeat_count=1 last_timestamp_us=576087042 last_elapsed_ms=0
2026-09-19T22:25:48.286991Z DEBUG execute_from_hook: awase_windows::runtime::executor: [relay-passthrough] PassThrough idle: direct OS pass-through (vk=0x1b up)
2026-09-19T22:25:48.287062Z DEBUG execute_one{generation=None}: awase_windows::runtime::executor: [reinject] vk=0x1b up (queued passthrough now firing)
2026-09-19T22:25:48.289975Z DEBUG awase_windows::platform: [gji-fsm] EndComposition (candidate HIDE) epoch=FocusEpoch(67)
2026-09-19T22:25:48.290144Z DEBUG awase::journal: gji fsm transition seq=2415 elapsed_ms=576090 trigger="EndComposition(candidate HIDE, epoch=FocusEpoch(67))" state_before="OnComposing(Warm)" state_after="OnWarm"
2026-09-19T22:25:50.063000Z DEBUG awase_windows::tsf::gji_monitor: [gji-io] WRITE: w_ops=+2 w_KB=+0.0 (r_ops=+3 x_ops=+7 x_KB=+0.0)
2026-09-19T22:25:50.158234Z DEBUG awase_windows::hook: [hook] IME-mode vk=0xF2 down self_injected=false injected=false scan=0x70 extra=0x5350494B since_actuation_us=Some(19395334)
2026-09-19T22:25:50.158412Z DEBUG awase::journal: hook ime-mode diagnostic seq=2416 elapsed_ms=577959 vk_code=242 is_down=true self_injected=false injected=false scan=112
2026-09-19T22:25:50.158549Z  INFO awase_windows::runtime::key_pipeline: [shadow-toggle] intent 昇格: vk=0xF2 scan=0x70 action=TurnOn kind=PhysicalImeKey injected=false true→true w_ops0=108208 x_ops0=239715 x_KB0=23.2
2026-09-19T22:25:50.158572Z DEBUG awase::journal: ime event seq=2417 elapsed_ms=577959 event_kind="UserImeSetIntent"
2026-09-19T22:25:50.158585Z DEBUG awase_windows::runtime::key_pipeline: [shadow-toggle] no-op: vk=0xF2 action=TurnOn source=PhysicalImeKey effective_open は既に true → apply-ime 見送り
2026-09-19T22:25:50.158604Z DEBUG awase_windows::runtime::key_pipeline: [engine-input] vk=0xF2 KeyDown ts=577959144us delay=0ms state=Idle mods(c=false s=false a=false w=false) gas_ctrl=false phys_ctrl=false extra=0x5350494B pending_drain=0 gate_active=false l_thumb=None r_thumb=None [diag-ctx] ime_
2026-09-19T22:25:50.158652Z DEBUG awase::journal: key input seq=2418 elapsed_ms=577959 vk_code=242 is_down=true injected=false key_class="Passthrough" state_before="Idle" state_after="Idle" decision="PassThrough" physical="Allow" repeat_count=1 last_timestamp_us=577959144 last_elapsed_ms=0
2026-09-19T22:25:50.158681Z DEBUG awase_windows::runtime::key_pipeline: may_change_ime key passed through → IME refresh scheduled (20ms)
2026-09-19T22:25:50.158718Z DEBUG execute_from_hook: awase_windows::runtime::executor: [relay-passthrough] PassThrough idle: direct OS pass-through (vk=0xf2 down)
2026-09-19T22:25:50.158790Z DEBUG execute_one{generation=None}: awase_windows::runtime::executor: [reinject] vk=0xf2 down (queued passthrough now firing)
2026-09-19T22:25:50.160267Z DEBUG awase_windows::hook: [hook] IME-mode vk=0xF2 down self_injected=true injected=true scan=0x0 extra=0x4B45594D since_actuation_us=Some(19397373)
2026-09-19T22:25:50.161727Z DEBUG awase::journal: hook ime-mode diagnostic seq=2419 elapsed_ms=577962 vk_code=242 is_down=true self_injected=true injected=true scan=0
2026-09-19T22:25:50.172258Z DEBUG awase_windows::tsf::gji_monitor: [gji-io] WRITE: w_ops=+2 w_KB=+0.0 (r_ops=+4 x_ops=+4 x_KB=+0.0)
2026-09-19T22:25:50.193588Z DEBUG awase_windows::runtime::ime_refresh: Explicit intent: bypassing typing-idle guard for IME verify (idle=31ms)
2026-09-19T22:25:50.193635Z DEBUG awase_windows::observer::ime_observer: IME snapshot: japanese=Some(true) ime_on=Some(true) romaji=None conv=Some("0x00000010") guard=false
2026-09-19T22:25:50.193725Z DEBUG awase::journal: ime event seq=2420 elapsed_ms=577994 event_kind="ObserverReported"
2026-09-19T22:25:50.193762Z DEBUG awase::journal: ime event seq=2421 elapsed_ms=577994 event_kind="InputModeObserved"
2026-09-19T22:25:50.193817Z DEBUG awase::engine::engine: [diag-engine-active] ime_on=true なのに非活性: reason=Inactive(NotRomajiInput) romaji_capable=false japanese=true user_enabled=true was_active=true input_mode=ObservedEisu
2026-09-19T22:25:50.193864Z  INFO awase::engine::engine: Engine deactivated (ime=true, romaji=false, japanese=true, user=true, reason=Inactive(NotRomajiInput))
2026-09-19T22:25:50.846624Z DEBUG awase_windows::runtime::key_pipeline: [engine-input] vk=0x4B KeyDown ts=578646932us delay=0ms state=Idle mods(c=false s=false a=false w=false) gas_ctrl=false phys_ctrl=false extra=0x5350494B pending_drain=0 gate_active=false l_thumb=None r_thumb=None [diag-ctx] ime_
2026-09-19T22:25:50.846686Z DEBUG awase::engine::engine: [diag-engine-active] ime_on=true なのに非活性: reason=Inactive(NotRomajiInput) romaji_capable=false japanese=true user_enabled=true was_active=false input_mode=ObservedEisu
2026-09-19T22:25:50.846751Z DEBUG awase::journal: key input seq=2422 elapsed_ms=578647 vk_code=75 is_down=true injected=false key_class="Char" state_before="Idle" state_after="Idle" decision="PassThrough" physical="Allow" repeat_count=1 last_timestamp_us=578646932 last_elapsed_ms=0
2026-09-19T22:25:50.846882Z DEBUG execute_one{generation=None}: awase_windows::runtime::executor: [reinject] vk=0x4b down (queued passthrough now firing)
2026-09-19T22:25:50.859965Z DEBUG awase_windows::tsf::gji_monitor: [gji-io] WRITE: w_ops=+2 w_KB=+0.4 (r_ops=+4 x_ops=+4 x_KB=+0.0)
2026-09-19T22:25:50.862234Z  INFO awase_windows::tsf::win_event_obs: [gji-obs] candidate SHOW #69: last_gji_write=0ms ago
2026-09-19T22:25:50.910335Z DEBUG awase_windows::runtime::key_pipeline: [engine-input] vk=0x4B KeyUp ts=578710917us delay=0ms state=Idle mods(c=false s=false a=false w=false) gas_ctrl=false phys_ctrl=false extra=0x5350494B pending_drain=0 gate_active=false l_thumb=None r_thumb=None [diag-ctx] ime_on
2026-09-19T22:25:50.910365Z DEBUG awase::engine::engine: [diag-engine-active] ime_on=true なのに非活性: reason=Inactive(NotRomajiInput) romaji_capable=false japanese=true user_enabled=true was_active=false input_mode=ObservedEisu
2026-09-19T22:25:50.910404Z DEBUG awase::journal: key input seq=2423 elapsed_ms=578711 vk_code=75 is_down=false injected=false key_class="Char" state_before="Idle" state_after="Idle" decision="PassThrough" physical="Allow" repeat_count=1 last_timestamp_us=578710917 last_elapsed_ms=0
2026-09-19T22:25:50.910477Z DEBUG execute_one{generation=None}: awase_windows::runtime::executor: [reinject] vk=0x4b up (queued passthrough now firing)
2026-09-19T22:25:50.912693Z DEBUG awase_windows::platform: [gji-fsm] StartComposition (candidate SHOW)
2026-09-19T22:25:50.912726Z DEBUG gji_on_event{event=StartComposition}: awase_windows::tsf::gji_fsm: [gji-fsm] StartComposition: OnWarm → OnComposing(AlreadyWarm)
2026-09-19T22:25:50.912940Z DEBUG awase::journal: gji fsm transition seq=2424 elapsed_ms=578713 trigger="StartComposition(candidate SHOW)" state_before="OnWarm" state_after="OnComposing(Warm)"
2026-09-19T22:25:51.346657Z DEBUG awase_windows::runtime::key_pipeline: [engine-input] vk=0x1B KeyDown ts=579147169us delay=0ms state=Idle mods(c=false s=false a=false w=false) gas_ctrl=false phys_ctrl=false extra=0x5350494B pending_drain=0 gate_active=false l_thumb=None r_thumb=None [diag-ctx] ime_
2026-09-19T22:25:51.346707Z DEBUG awase::engine::engine: [diag-engine-active] ime_on=true なのに非活性: reason=Inactive(NotRomajiInput) romaji_capable=false japanese=true user_enabled=true was_active=false input_mode=ObservedEisu
2026-09-19T22:25:51.346781Z DEBUG awase::journal: key input seq=2425 elapsed_ms=579147 vk_code=27 is_down=true injected=false key_class="Passthrough" state_before="Idle" state_after="Idle" decision="PassThrough" physical="Allow" repeat_count=1 last_timestamp_us=579147169 last_elapsed_ms=0
2026-09-19T22:25:51.346933Z DEBUG execute_from_hook: awase_windows::runtime::executor: [relay-passthrough] PassThrough idle: direct OS pass-through (vk=0x1b down)
2026-09-19T22:25:51.347025Z DEBUG execute_one{generation=None}: awase_windows::runtime::executor: [reinject] vk=0x1b down (queued passthrough now firing)
2026-09-19T22:25:51.359197Z  INFO awase_windows::tsf::win_event_obs: [gji-obs] candidate HIDE: last_gji_write=500ms ago
2026-09-19T22:25:51.359653Z DEBUG awase_windows::tsf::gji_monitor: [gji-io] WRITE: w_ops=+2 w_KB=+0.4 (r_ops=+4 x_ops=+4 x_KB=+0.0)
2026-09-19T22:25:51.414342Z DEBUG awase_windows::runtime::key_pipeline: [engine-input] vk=0x1B KeyUp ts=579214806us delay=0ms state=Idle mods(c=false s=false a=false w=false) gas_ctrl=false phys_ctrl=false extra=0x5350494B pending_drain=0 gate_active=false l_thumb=None r_thumb=None [diag-ctx] ime_on
2026-09-19T22:25:51.414391Z DEBUG awase::engine::engine: [diag-engine-active] ime_on=true なのに非活性: reason=Inactive(NotRomajiInput) romaji_capable=false japanese=true user_enabled=true was_active=false input_mode=ObservedEisu
2026-09-19T22:25:51.414460Z DEBUG awase::journal: key input seq=2426 elapsed_ms=579215 vk_code=27 is_down=false injected=false key_class="Passthrough" state_before="Idle" state_after="Idle" decision="PassThrough" physical="Allow" repeat_count=1 last_timestamp_us=579214806 last_elapsed_ms=0
2026-09-19T22:25:51.414556Z DEBUG execute_from_hook: awase_windows::runtime::executor: [relay-passthrough] PassThrough idle: direct OS pass-through (vk=0x1b up)
2026-09-19T22:25:51.414706Z DEBUG execute_one{generation=None}: awase_windows::runtime::executor: [reinject] vk=0x1b up (queued passthrough now firing)
2026-09-19T22:25:51.417984Z DEBUG awase_windows::platform: [gji-fsm] EndComposition (candidate HIDE) epoch=FocusEpoch(68)
2026-09-19T22:25:51.418280Z DEBUG awase::journal: gji fsm transition seq=2427 elapsed_ms=579218 trigger="EndComposition(candidate HIDE, epoch=FocusEpoch(68))" state_before="OnComposing(Warm)" state_after="OnWarm"
2026-09-19T22:25:53.345581Z DEBUG awase_windows::runtime::key_pipeline: [shadow-toggle] vk=0x1DはFSM delegate所有 → belief書き込み/actuationをスキップ w_ops0=108214 x_ops0=239727 x_KB0=23.2
2026-09-19T22:25:53.345630Z DEBUG awase_windows::runtime::key_pipeline: [shadow-toggle] no-op: vk=0x1D action=Toggle source=PhysicalImeKey effective_open は既に true → apply-ime 見送り
2026-09-19T22:25:53.345677Z DEBUG awase_windows::runtime::key_pipeline: [engine-input] vk=0x1D KeyDown ts=581145990us delay=0ms state=Idle mods(c=false s=false a=false w=false) gas_ctrl=false phys_ctrl=false extra=0x5350494B pending_drain=0 gate_active=false l_thumb=Some(581145973) r_thumb=None [dia
2026-09-19T22:25:53.345724Z DEBUG awase::engine::engine: [diag-engine-active] ime_on=true なのに非活性: reason=Inactive(NotRomajiInput) romaji_capable=false japanese=true user_enabled=true was_active=false input_mode=ObservedEisu
2026-09-19T22:25:53.345817Z DEBUG awase::journal: key input seq=2428 elapsed_ms=581146 vk_code=29 is_down=true injected=false key_class="LeftThumb" state_before="Idle" state_after="Idle" decision="PassThrough" physical="Allow" repeat_count=1 last_timestamp_us=581145990 last_elapsed_ms=0
2026-09-19T22:25:53.345997Z DEBUG execute_one{generation=None}: awase_windows::runtime::executor: [reinject] vk=0x1d down (queued passthrough now firing)
2026-09-19T22:25:53.356936Z DEBUG awase_windows::tsf::gji_monitor: [gji-io] WRITE: w_ops=+2 w_KB=+0.0 (r_ops=+4 x_ops=+4 x_KB=+0.0)
2026-09-19T22:25:53.406876Z DEBUG awase_windows::runtime::key_pipeline: [engine-input] vk=0x1D KeyUp ts=581207196us delay=0ms state=Idle mods(c=false s=false a=false w=false) gas_ctrl=false phys_ctrl=false extra=0x5350494B pending_drain=0 gate_active=false l_thumb=None r_thumb=None [diag-ctx] ime_on
2026-09-19T22:25:53.406922Z DEBUG awase::engine::engine: [diag-engine-active] ime_on=true なのに非活性: reason=Inactive(NotRomajiInput) romaji_capable=false japanese=true user_enabled=true was_active=false input_mode=ObservedEisu
2026-09-19T22:25:53.406994Z DEBUG awase::journal: key input seq=2429 elapsed_ms=581207 vk_code=29 is_down=false injected=false key_class="LeftThumb" state_before="Idle" state_after="Idle" decision="PassThrough" physical="Allow" repeat_count=1 last_timestamp_us=581207196 last_elapsed_ms=0
2026-09-19T22:25:53.407138Z DEBUG execute_one{generation=None}: awase_windows::runtime::executor: [reinject] vk=0x1d up (queued passthrough now firing)
2026-09-19T22:25:54.032163Z DEBUG awase_windows::runtime::key_pipeline: [engine-input] vk=0x4B KeyDown ts=581832684us delay=0ms state=Idle mods(c=false s=false a=false w=false) gas_ctrl=false phys_ctrl=false extra=0x5350494B pending_drain=0 gate_active=false l_thumb=None r_thumb=None [diag-ctx] ime_
2026-09-19T22:25:54.032215Z DEBUG awase::engine::engine: [diag-engine-active] ime_on=true なのに非活性: reason=Inactive(NotRomajiInput) romaji_capable=false japanese=true user_enabled=true was_active=false input_mode=ObservedEisu
2026-09-19T22:25:54.032282Z DEBUG awase::journal: key input seq=2430 elapsed_ms=581833 vk_code=75 is_down=true injected=false key_class="Char" state_before="Idle" state_after="Idle" decision="PassThrough" physical="Allow" repeat_count=1 last_timestamp_us=581832684 last_elapsed_ms=0
2026-09-19T22:25:54.032418Z DEBUG execute_one{generation=None}: awase_windows::runtime::executor: [reinject] vk=0x4b down (queued passthrough now firing)
2026-09-19T22:25:54.093874Z DEBUG awase_windows::runtime::key_pipeline: [engine-input] vk=0x4B KeyUp ts=581894290us delay=0ms state=Idle mods(c=false s=false a=false w=false) gas_ctrl=false phys_ctrl=false extra=0x5350494B pending_drain=0 gate_active=false l_thumb=None r_thumb=None [diag-ctx] ime_on
2026-09-19T22:25:54.093938Z DEBUG awase::engine::engine: [diag-engine-active] ime_on=true なのに非活性: reason=Inactive(NotRomajiInput) romaji_capable=false japanese=true user_enabled=true was_active=false input_mode=ObservedEisu
2026-09-19T22:25:54.094031Z DEBUG awase::journal: key input seq=2431 elapsed_ms=581894 vk_code=75 is_down=false injected=false key_class="Char" state_before="Idle" state_after="Idle" decision="PassThrough" physical="Allow" repeat_count=1 last_timestamp_us=581894290 last_elapsed_ms=0
2026-09-19T22:25:54.094235Z DEBUG execute_one{generation=None}: awase_windows::runtime::executor: [reinject] vk=0x4b up (queued passthrough now firing)
2026-09-19T22:25:54.529885Z DEBUG awase_windows::runtime::key_pipeline: [engine-input] vk=0x1B KeyDown ts=582330383us delay=0ms state=Idle mods(c=false s=false a=false w=false) gas_ctrl=false phys_ctrl=false extra=0x5350494B pending_drain=0 gate_active=false l_thumb=None r_thumb=None [diag-ctx] ime_
2026-09-19T22:25:54.529943Z DEBUG awase::engine::engine: [diag-engine-active] ime_on=true なのに非活性: reason=Inactive(NotRomajiInput) romaji_capable=false japanese=true user_enabled=true was_active=false input_mode=ObservedEisu
2026-09-19T22:25:54.530020Z DEBUG awase::journal: key input seq=2432 elapsed_ms=582330 vk_code=27 is_down=true injected=false key_class="Passthrough" state_before="Idle" state_after="Idle" decision="PassThrough" physical="Allow" repeat_count=1 last_timestamp_us=582330383 last_elapsed_ms=0
2026-09-19T22:25:54.530121Z DEBUG execute_from_hook: awase_windows::runtime::executor: [relay-passthrough] PassThrough idle: direct OS pass-through (vk=0x1b down)
2026-09-19T22:25:54.530205Z DEBUG execute_one{generation=None}: awase_windows::runtime::executor: [reinject] vk=0x1b down (queued passthrough now firing)
2026-09-19T22:25:54.594901Z DEBUG awase_windows::runtime::key_pipeline: [engine-input] vk=0x1B KeyUp ts=582395141us delay=0ms state=Idle mods(c=false s=false a=false w=false) gas_ctrl=false phys_ctrl=false extra=0x5350494B pending_drain=0 gate_active=false l_thumb=None r_thumb=None [diag-ctx] ime_on
2026-09-19T22:25:54.595052Z DEBUG awase::engine::engine: [diag-engine-active] ime_on=true なのに非活性: reason=Inactive(NotRomajiInput) romaji_capable=false japanese=true user_enabled=true was_active=false input_mode=ObservedEisu
2026-09-19T22:25:54.595146Z DEBUG awase::journal: key input seq=2433 elapsed_ms=582396 vk_code=27 is_down=false injected=false key_class="Passthrough" state_before="Idle" state_after="Idle" decision="PassThrough" physical="Allow" repeat_count=1 last_timestamp_us=582395141 last_elapsed_ms=0
2026-09-19T22:25:54.595259Z DEBUG execute_from_hook: awase_windows::runtime::executor: [relay-passthrough] PassThrough idle: direct OS pass-through (vk=0x1b up)
2026-09-19T22:25:54.595364Z DEBUG execute_one{generation=None}: awase_windows::runtime::executor: [reinject] vk=0x1b up (queued passthrough now firing)
2026-09-19T22:25:56.527107Z DEBUG awase_windows::runtime::key_pipeline: [shadow-toggle] vk=0x1DはFSM delegate所有 → belief書き込み/actuationをスキップ w_ops0=108216 x_ops0=239731 x_KB0=23.2
2026-09-19T22:25:56.527128Z DEBUG awase_windows::runtime::key_pipeline: [shadow-toggle] no-op: vk=0x1D action=Toggle source=PhysicalImeKey effective_open は既に true → apply-ime 見送り
2026-09-19T22:25:56.527146Z DEBUG awase_windows::runtime::key_pipeline: [engine-input] vk=0x1D KeyDown ts=584327690us delay=0ms state=Idle mods(c=false s=false a=false w=false) gas_ctrl=false phys_ctrl=false extra=0x5350494B pending_drain=0 gate_active=false l_thumb=Some(584327672) r_thumb=None [dia
2026-09-19T22:25:56.527166Z DEBUG awase::engine::engine: [diag-engine-active] ime_on=true なのに非活性: reason=Inactive(NotRomajiInput) romaji_capable=false japanese=true user_enabled=true was_active=false input_mode=ObservedEisu
2026-09-19T22:25:56.527200Z DEBUG awase::journal: key input seq=2434 elapsed_ms=584328 vk_code=29 is_down=true injected=false key_class="LeftThumb" state_before="Idle" state_after="Idle" decision="PassThrough" physical="Allow" repeat_count=1 last_timestamp_us=584327690 last_elapsed_ms=0
2026-09-19T22:25:56.527268Z DEBUG execute_one{generation=None}: awase_windows::runtime::executor: [reinject] vk=0x1d down (queued passthrough now firing)
2026-09-19T22:25:56.539258Z DEBUG awase_windows::tsf::gji_monitor: [gji-io] WRITE: w_ops=+2 w_KB=+0.0 (r_ops=+4 x_ops=+4 x_KB=+0.0)
2026-09-19T22:25:56.593708Z DEBUG awase_windows::runtime::key_pipeline: [engine-input] vk=0x1D KeyUp ts=584394137us delay=0ms state=Idle mods(c=false s=false a=false w=false) gas_ctrl=false phys_ctrl=false extra=0x5350494B pending_drain=0 gate_active=false l_thumb=None r_thumb=None [diag-ctx] ime_on
2026-09-19T22:25:56.593763Z DEBUG awase::engine::engine: [diag-engine-active] ime_on=true なのに非活性: reason=Inactive(NotRomajiInput) romaji_capable=false japanese=true user_enabled=true was_active=false input_mode=ObservedEisu
2026-09-19T22:25:56.593851Z DEBUG awase::journal: key input seq=2435 elapsed_ms=584394 vk_code=29 is_down=false injected=false key_class="LeftThumb" state_before="Idle" state_after="Idle" decision="PassThrough" physical="Allow" repeat_count=1 last_timestamp_us=584394137 last_elapsed_ms=0
2026-09-19T22:25:56.594454Z DEBUG execute_one{generation=None}: awase_windows::runtime::executor: [reinject] vk=0x1d up (queued passthrough now firing)
2026-09-19T22:25:57.196077Z DEBUG awase_windows::runtime::key_pipeline: [engine-input] vk=0x4B KeyDown ts=584996535us delay=0ms state=Idle mods(c=false s=false a=false w=false) gas_ctrl=false phys_ctrl=false extra=0x5350494B pending_drain=0 gate_active=false l_thumb=None r_thumb=None [diag-ctx] ime_
2026-09-19T22:25:57.196133Z DEBUG awase::engine::engine: [diag-engine-active] ime_on=true なのに非活性: reason=Inactive(NotRomajiInput) romaji_capable=false japanese=true user_enabled=true was_active=false input_mode=ObservedEisu
2026-09-19T22:25:57.196205Z DEBUG awase::journal: key input seq=2436 elapsed_ms=584997 vk_code=75 is_down=true injected=false key_class="Char" state_before="Idle" state_after="Idle" decision="PassThrough" physical="Allow" repeat_count=1 last_timestamp_us=584996535 last_elapsed_ms=0
2026-09-19T22:25:57.196365Z DEBUG execute_one{generation=None}: awase_windows::runtime::executor: [reinject] vk=0x4b down (queued passthrough now firing)
2026-09-19T22:25:57.209847Z DEBUG awase_windows::tsf::gji_monitor: [gji-io] WRITE: w_ops=+2 w_KB=+0.4 (r_ops=+4 x_ops=+4 x_KB=+0.0)
2026-09-19T22:25:57.219436Z  INFO awase_windows::tsf::win_event_obs: [gji-obs] candidate SHOW #70: last_gji_write=0ms ago
2026-09-19T22:25:57.260471Z DEBUG awase_windows::runtime::key_pipeline: [engine-input] vk=0x4B KeyUp ts=585060960us delay=0ms state=Idle mods(c=false s=false a=false w=false) gas_ctrl=false phys_ctrl=false extra=0x5350494B pending_drain=0 gate_active=false l_thumb=None r_thumb=None [diag-ctx] ime_on
2026-09-19T22:25:57.260530Z DEBUG awase::engine::engine: [diag-engine-active] ime_on=true なのに非活性: reason=Inactive(NotRomajiInput) romaji_capable=false japanese=true user_enabled=true was_active=false input_mode=ObservedEisu
2026-09-19T22:25:57.260602Z DEBUG awase::journal: key input seq=2437 elapsed_ms=585061 vk_code=75 is_down=false injected=false key_class="Char" state_before="Idle" state_after="Idle" decision="PassThrough" physical="Allow" repeat_count=1 last_timestamp_us=585060960 last_elapsed_ms=0
2026-09-19T22:25:57.260751Z DEBUG execute_one{generation=None}: awase_windows::runtime::executor: [reinject] vk=0x4b up (queued passthrough now firing)
2026-09-19T22:25:57.262688Z DEBUG awase_windows::platform: [gji-fsm] StartComposition (candidate SHOW)
2026-09-19T22:25:57.262721Z DEBUG gji_on_event{event=StartComposition}: awase_windows::tsf::gji_fsm: [gji-fsm] StartComposition: OnWarm → OnComposing(AlreadyWarm)
2026-09-19T22:25:57.262809Z DEBUG awase::journal: gji fsm transition seq=2438 elapsed_ms=585063 trigger="StartComposition(candidate SHOW)" state_before="OnWarm" state_after="OnComposing(Warm)"
2026-09-19T22:25:57.694711Z DEBUG awase_windows::runtime::key_pipeline: [engine-input] vk=0x1B KeyDown ts=585495169us delay=0ms state=Idle mods(c=false s=false a=false w=false) gas_ctrl=false phys_ctrl=false extra=0x5350494B pending_drain=0 gate_active=false l_thumb=None r_thumb=None [diag-ctx] ime_
2026-09-19T22:25:57.694771Z DEBUG awase::engine::engine: [diag-engine-active] ime_on=true なのに非活性: reason=Inactive(NotRomajiInput) romaji_capable=false japanese=true user_enabled=true was_active=false input_mode=ObservedEisu
2026-09-19T22:25:57.694849Z DEBUG awase::journal: key input seq=2439 elapsed_ms=585495 vk_code=27 is_down=true injected=false key_class="Passthrough" state_before="Idle" state_after="Idle" decision="PassThrough" physical="Allow" repeat_count=1 last_timestamp_us=585495169 last_elapsed_ms=0
2026-09-19T22:25:57.694979Z DEBUG execute_from_hook: awase_windows::runtime::executor: [relay-passthrough] PassThrough idle: direct OS pass-through (vk=0x1b down)
2026-09-19T22:25:57.695068Z DEBUG execute_one{generation=None}: awase_windows::runtime::executor: [reinject] vk=0x1b down (queued passthrough now firing)
2026-09-19T22:25:57.706636Z  INFO awase_windows::tsf::win_event_obs: [gji-obs] candidate HIDE: last_gji_write=485ms ago
2026-09-19T22:25:57.707538Z DEBUG awase_windows::tsf::gji_monitor: [gji-io] WRITE: w_ops=+2 w_KB=+0.4 (r_ops=+4 x_ops=+4 x_KB=+0.0)
2026-09-19T22:25:57.761582Z DEBUG awase_windows::runtime::key_pipeline: [engine-input] vk=0x1B KeyUp ts=585561087us delay=1ms state=Idle mods(c=false s=false a=false w=false) gas_ctrl=false phys_ctrl=false extra=0x5350494B pending_drain=0 gate_active=false l_thumb=None r_thumb=None [diag-ctx] ime_on
2026-09-19T22:25:57.761669Z DEBUG awase::engine::engine: [diag-engine-active] ime_on=true なのに非活性: reason=Inactive(NotRomajiInput) romaji_capable=false japanese=true user_enabled=true was_active=false input_mode=ObservedEisu
2026-09-19T22:25:57.761805Z DEBUG awase::journal: key input seq=2440 elapsed_ms=585562 vk_code=27 is_down=false injected=false key_class="Passthrough" state_before="Idle" state_after="Idle" decision="PassThrough" physical="Allow" repeat_count=1 last_timestamp_us=585561087 last_elapsed_ms=0
2026-09-19T22:25:57.761991Z DEBUG execute_from_hook: awase_windows::runtime::executor: [relay-passthrough] PassThrough idle: direct OS pass-through (vk=0x1b up)
2026-09-19T22:25:57.763018Z DEBUG execute_one{generation=None}: awase_windows::runtime::executor: [reinject] vk=0x1b up (queued passthrough now firing)
2026-09-19T22:25:57.768270Z DEBUG awase_windows::platform: [gji-fsm] EndComposition (candidate HIDE) epoch=FocusEpoch(69)
2026-09-19T22:25:57.768652Z DEBUG awase::journal: gji fsm transition seq=2441 elapsed_ms=585569 trigger="EndComposition(candidate HIDE, epoch=FocusEpoch(69))" state_before="OnComposing(Warm)" state_after="OnWarm"
2026-09-19T22:25:59.688990Z DEBUG awase_windows::hook: [hook] IME-mode vk=0xF0 up self_injected=false injected=false scan=0x70 extra=0x5350494B since_actuation_us=Some(28926091)
2026-09-19T22:25:59.689379Z DEBUG awase::journal: hook ime-mode diagnostic seq=2442 elapsed_ms=587490 vk_code=240 is_down=false self_injected=false injected=false scan=112
2026-09-19T22:25:59.689476Z DEBUG awase_windows::hook: [hook] IME-mode vk=0xF2 down self_injected=false injected=false scan=0x70 extra=0x5350494B since_actuation_us=Some(28926589)
2026-09-19T22:25:59.689583Z DEBUG awase_windows::runtime::key_pipeline: [engine-input] vk=0xF0 KeyUp ts=587490045us delay=0ms state=Idle mods(c=false s=false a=false w=false) gas_ctrl=false phys_ctrl=false extra=0x5350494B pending_drain=0 gate_active=false l_thumb=None r_thumb=None [diag-ctx] ime_on
2026-09-19T22:25:59.689620Z DEBUG awase::engine::engine: [diag-engine-active] ime_on=true なのに非活性: reason=Inactive(NotRomajiInput) romaji_capable=false japanese=true user_enabled=true was_active=false input_mode=ObservedEisu
2026-09-19T22:25:59.689737Z DEBUG awase::journal: key input seq=2443 elapsed_ms=587490 vk_code=240 is_down=false injected=false key_class="Passthrough" state_before="Idle" state_after="Idle" decision="PassThrough" physical="Suppress" repeat_count=1 last_timestamp_us=587490045 last_elapsed_ms=0
2026-09-19T22:25:59.689787Z DEBUG awase_windows::runtime::key_pipeline: [imm-cross] key suppress vk=0xf0 KeyUp (physical disposition)
2026-09-19T22:25:59.689834Z DEBUG awase::journal: hook ime-mode diagnostic seq=2444 elapsed_ms=587490 vk_code=242 is_down=true self_injected=false injected=false scan=112
2026-09-19T22:25:59.689909Z  INFO awase_windows::runtime::key_pipeline: [shadow-toggle] intent 昇格: vk=0xF2 scan=0x70 action=TurnOn kind=PhysicalImeKey injected=false true→true w_ops0=108222 x_ops0=239743 x_KB0=23.2
2026-09-19T22:25:59.689947Z DEBUG awase::journal: ime event seq=2445 elapsed_ms=587490 event_kind="UserImeSetIntent"
2026-09-19T22:25:59.689969Z DEBUG awase_windows::runtime::key_pipeline: [shadow-toggle] no-op: vk=0xF2 action=TurnOn source=PhysicalImeKey effective_open は既に true → apply-ime 見送り
2026-09-19T22:25:59.689998Z DEBUG awase::journal: ime event seq=2446 elapsed_ms=587490 event_kind="InputModeApplied"
2026-09-19T22:25:59.690012Z  INFO awase_windows::runtime::key_pipeline: [shadow-toggle] TurnOn (IME既にopen) + ObservedEisu → AssumedRomaji に リセット (UserTurnOnEisuReset)
2026-09-19T22:25:59.690030Z DEBUG awase_windows::runtime::key_pipeline: [engine-input] vk=0xF2 KeyDown ts=587490266us delay=0ms state=Idle mods(c=false s=false a=false w=false) gas_ctrl=false phys_ctrl=false extra=0x5350494B pending_drain=0 gate_active=false l_thumb=None r_thumb=None [diag-ctx] ime_
2026-09-19T22:25:59.690061Z  INFO awase::engine::engine: Engine activated (ime=true, romaji=true, japanese=true, user=true, reason=Active)
2026-09-19T22:25:59.690116Z DEBUG awase::journal: key input seq=2447 elapsed_ms=587490 vk_code=242 is_down=true injected=false key_class="Passthrough" state_before="Idle" state_after="Idle" decision="PassThroughWith" physical="Allow" repeat_count=1 last_timestamp_us=587490266 last_elapsed_ms=0
2026-09-19T22:25:59.690166Z DEBUG awase::journal: ime event seq=2448 elapsed_ms=587491 event_kind="EngineActivationSync"
2026-09-19T22:25:59.690196Z DEBUG awase::journal: ime event seq=2449 elapsed_ms=587491 event_kind="ImeApplyRequested"
2026-09-19T22:25:59.690211Z  INFO awase_windows::runtime::key_pipeline: IME control: preconditions.ime_on = true (SetOpenRequest, origin=ActivationSync), was_open_before=true last_intent_before=Some(true) poll suspended
2026-09-19T22:25:59.690249Z DEBUG awase_windows::runtime::key_pipeline: may_change_ime key passed through → IME refresh scheduled (20ms)
2026-09-19T22:25:59.690278Z DEBUG execute_from_hook: awase_windows::runtime::executor: [relay-flush] PassThroughWith: queue 2 effect(s) + reinject (vk=0xf2 down)
2026-09-19T22:25:59.690420Z DEBUG execute_one{generation=Some(ApplyGeneration(56))}:dispatch_ime_set_open{open=true generation=Some(ApplyGeneration(56))}: awase_windows::runtime::executor: [dispatch-ime] ImmCross async: optimistic applied_snapshot=true (suppress send_engine_state_ime_key)
2026-09-19T22:25:59.691738Z DEBUG execute_one{generation=Some(ApplyGeneration(56))}: awase_windows::platform: [engine-state-key] skipped (apply_ime_open aligned ime=true, profile=Standard)
2026-09-19T22:25:59.691876Z DEBUG execute_one{generation=Some(ApplyGeneration(56))}: awase_windows::runtime::executor: [reinject] vk=0xf2 down (queued passthrough now firing)
2026-09-19T22:25:59.694095Z DEBUG awase_windows::hook: [hook] IME-mode vk=0xF0 up self_injected=true injected=false scan=0x0 extra=0x4B45594D since_actuation_us=Some(28931203)
2026-09-19T22:25:59.697401Z DEBUG awase_windows::hook: [hook] IME-mode vk=0xF2 down self_injected=true injected=true scan=0x0 extra=0x4B45594D since_actuation_us=Some(28934505)
2026-09-19T22:25:59.698265Z DEBUG awase::journal: hook ime-mode diagnostic seq=2450 elapsed_ms=587499 vk_code=240 is_down=false self_injected=true injected=false scan=0
2026-09-19T22:25:59.698310Z DEBUG awase::journal: hook ime-mode diagnostic seq=2451 elapsed_ms=587499 vk_code=242 is_down=true self_injected=true injected=true scan=0
2026-09-19T22:25:59.698812Z DEBUG run_open_chain_async: awase_windows::ime_controller: [warrant-shadow] chain=async open=true origin=EventOrigin { source: SelfActuated { strategy: "engine_decision_async" }, epoch: Generation(0) } warranted
2026-09-19T22:25:59.698891Z  INFO run_open_chain_async:imm_cross_write{open=true}: awase_windows::runtime::open_chain: [apply-ime] ImmCross async: open=true composition_active=false show_seq=0 change_seq=0 (issue #138診断)
2026-09-19T22:25:59.701420Z DEBUG awase_windows::tsf::gji_monitor: [gji-io] WRITE: w_ops=+2 w_KB=+0.0 (r_ops=+4 x_ops=+4 x_KB=+0.0)
2026-09-19T22:25:59.706109Z DEBUG awase_windows::shadow_send_trace: [shadow-send] channel=ImeControl cmd=0x0006 lparam=1 issue_us=587501796
2026-09-19T22:25:59.706126Z DEBUG awase_windows::ime: set_ime_open_for_target: hwnd=HWND(0x7f3692) ime_wnd=HWND(0x591f7e) open=true success=true send_elapsed=5ms candidate_visible=false
2026-09-19T22:25:59.709861Z DEBUG run_open_chain_async:imm_cross_write{open=true}: awase_windows::ime: [imm-cross-actuate] hwnd=HWND(0x7f3692) open=Written conv=Some(Written)
2026-09-19T22:25:59.709973Z DEBUG run_open_chain_async:imm_cross_write{open=true}: awase_windows::runtime::open_chain: [apply-ime] ROMAN 補完結果: Written
2026-09-19T22:25:59.710043Z DEBUG run_open_chain_async: awase::journal: actuation decision seq=2452 elapsed_ms=587510 site="DispatchImeSetOpen" caller="None" open=true chain_len=4 attempts_len=1 gate_profile="Standard" gate_kind="Gji" gate_shadow_known=true gate_shadow_on=true gate_input_mode="Assum
2026-09-19T22:25:59.711523Z DEBUG on_ime_apply_complete{open=true outcome=AppliedWithoutSendInput generation=Some(ApplyGeneration(56)) reason=EngineDecision}: awase::journal: ime open applied seq=2453 elapsed_ms=587512 open=true outcome="AppliedWithoutSendInput" reason="EngineDecision"
2026-09-19T22:25:59.711969Z DEBUG on_ime_apply_complete{open=true outcome=AppliedWithoutSendInput generation=Some(ApplyGeneration(56)) reason=EngineDecision}: awase::journal: ime event seq=2454 elapsed_ms=587512 event_kind="ImeApplySucceeded"
2026-09-19T22:25:59.712007Z DEBUG on_ime_apply_complete{open=true outcome=AppliedWithoutSendInput generation=Some(ApplyGeneration(56)) reason=EngineDecision}: awase_windows::tsf::ime_mode_fsm: [ime-mode] SetOpen(true) applied → Hiragana (belief, unconfirmed)
2026-09-19T22:25:59.712034Z DEBUG on_ime_apply_complete{open=true outcome=AppliedWithoutSendInput generation=Some(ApplyGeneration(56)) reason=EngineDecision}: awase_windows::platform: [composition] ImeEffect::SetOpen(true) → marking cold
2026-09-19T22:25:59.712055Z DEBUG on_ime_apply_complete{open=true outcome=AppliedWithoutSendInput generation=Some(ApplyGeneration(56)) reason=EngineDecision}: awase_windows::tsf::probe: [composition] marked cold reason=SetOpenTrue idle=11922ms → next VK/TSF output will send VK_DBE_HIRAGANA warmup
2026-09-19T22:25:59.712107Z DEBUG on_ime_apply_complete{open=true outcome=AppliedWithoutSendInput generation=Some(ApplyGeneration(56)) reason=EngineDecision}:gji_on_event{event=ImeOn { injection_mode: Unicode, gji_idle_ms: 15 }}: awase_windows::tsf::gji_fsm: [gji-fsm] ImeOn: already on (OnWarm), ign
2026-09-19T22:25:59.712423Z DEBUG awase::journal: gji fsm transition seq=2455 elapsed_ms=587513 trigger="ImeOn(gji_idle_ms=15)" state_before="OnWarm" state_after="OnWarm"
2026-09-19T22:25:59.753385Z DEBUG awase_windows::runtime::ime_refresh: Explicit intent: bypassing typing-idle guard for IME verify (idle=62ms)
2026-09-19T22:25:59.753415Z DEBUG awase_windows::observer::ime_observer: IME snapshot: japanese=Some(true) ime_on=Some(true) romaji=Some(true) conv=Some("0x00000019") guard=false
2026-09-19T22:25:59.753460Z DEBUG awase::journal: ime event seq=2456 elapsed_ms=587554 event_kind="ObserverReported"
2026-09-19T22:25:59.753477Z DEBUG awase::journal: ime event seq=2457 elapsed_ms=587554 event_kind="InputModeObserved"
2026-09-19T22:26:00.374299Z DEBUG awase_windows::runtime::key_pipeline: [engine-input] vk=0x4B KeyDown ts=588174764us delay=0ms state=Idle mods(c=false s=false a=false w=false) gas_ctrl=false phys_ctrl=false extra=0x5350494B pending_drain=0 gate_active=false l_thumb=None r_thumb=None [diag-ctx] ime_
2026-09-19T22:26:00.374391Z DEBUG awase::journal: key input seq=2458 elapsed_ms=588175 vk_code=75 is_down=true injected=false key_class="Char" state_before="Idle" state_after="PendingChar(vk=0x4B)" decision="Consume" physical="Allow" repeat_count=1 last_timestamp_us=588174764 last_elapsed_ms=0
2026-09-19T22:26:00.437912Z DEBUG awase_windows::runtime::key_pipeline: [engine-input] vk=0x4B KeyUp ts=588238306us delay=0ms state=PendingChar(vk=0x4B) mods(c=false s=false a=false w=false) gas_ctrl=false phys_ctrl=false extra=0x5350494B pending_drain=0 gate_active=false l_thumb=None r_thumb=None [
2026-09-19T22:26:00.438026Z DEBUG awase::journal: key input seq=2459 elapsed_ms=588238 vk_code=75 is_down=false injected=false key_class="Char" state_before="PendingChar(vk=0x4B)" state_after="Idle" decision="Consume" physical="Allow" repeat_count=1 last_timestamp_us=588238306 last_elapsed_ms=0
2026-09-19T22:26:00.438209Z DEBUG execute_one{generation=None}: awase_windows::output: send_keys: mode=Unicode actions=[Char('き')] prev_elapsed=12641ms
2026-09-19T22:26:00.438236Z DEBUG execute_one{generation=None}: awase_windows::tsf::probe: [mark-send] last_send_ms=332794484
2026-09-19T22:26:00.438255Z DEBUG execute_one{generation=None}: awase_windows::output:   → Char('き') via Unicode
2026-09-19T22:26:00.439894Z DEBUG execute_one{generation=None}: awase_windows::tsf::probe: [mark-send] last_send_ms=332794484
2026-09-19T22:26:00.451989Z DEBUG awase_windows::tsf::gji_monitor: [gji-io] WRITE: w_ops=+2 w_KB=+0.3 (r_ops=+4 x_ops=+4 x_KB=+0.0)
2026-09-19T22:26:00.453927Z  INFO awase_windows::tsf::win_event_obs: [gji-obs] candidate SHOW #71: last_gji_write=0ms ago
2026-09-19T22:26:00.874305Z DEBUG awase_windows::runtime::key_pipeline: [engine-input] vk=0x1B KeyDown ts=588674769us delay=0ms state=Idle mods(c=false s=false a=false w=false) gas_ctrl=false phys_ctrl=false extra=0x5350494B pending_drain=0 gate_active=false l_thumb=None r_thumb=None [diag-ctx] ime_
2026-09-19T22:26:00.874480Z DEBUG awase::journal: key input seq=2460 elapsed_ms=588675 vk_code=27 is_down=true injected=false key_class="Passthrough" state_before="Idle" state_after="Idle" decision="PassThrough" physical="Allow" repeat_count=1 last_timestamp_us=588674769 last_elapsed_ms=0
2026-09-19T22:26:00.874572Z DEBUG execute_from_hook: awase_windows::runtime::executor: [relay-passthrough] PassThrough idle: direct OS pass-through (vk=0x1b down)
2026-09-19T22:26:00.874640Z DEBUG execute_one{generation=None}: awase_windows::runtime::executor: [reinject] vk=0x1b down (queued passthrough now firing)
2026-09-19T22:26:00.876675Z DEBUG awase_windows::platform: [gji-fsm] StartComposition (candidate SHOW)
2026-09-19T22:26:00.876690Z DEBUG gji_on_event{event=StartComposition}: awase_windows::tsf::gji_fsm: [gji-fsm] StartComposition: OnWarm → OnComposing(AlreadyWarm)
2026-09-19T22:26:00.876729Z DEBUG awase::journal: gji fsm transition seq=2461 elapsed_ms=588677 trigger="StartComposition(candidate SHOW)" state_before="OnWarm" state_after="OnComposing(Warm)"
2026-09-19T22:26:00.882556Z  INFO awase_windows::tsf::win_event_obs: [gji-obs] candidate HIDE: last_gji_write=437ms ago
2026-09-19T22:26:00.887141Z DEBUG awase_windows::tsf::gji_monitor: [gji-io] WRITE: w_ops=+2 w_KB=+0.3 (r_ops=+4 x_ops=+4 x_KB=+0.0)
2026-09-19T22:26:00.945096Z DEBUG awase_windows::runtime::key_pipeline: [engine-input] vk=0x1B KeyUp ts=588745253us delay=0ms state=Idle mods(c=false s=false a=false w=false) gas_ctrl=false phys_ctrl=false extra=0x5350494B pending_drain=0 gate_active=false l_thumb=None r_thumb=None [diag-ctx] ime_on
2026-09-19T22:26:00.945311Z DEBUG awase::journal: key input seq=2462 elapsed_ms=588746 vk_code=27 is_down=false injected=false key_class="Passthrough" state_before="Idle" state_after="Idle" decision="PassThrough" physical="Allow" repeat_count=1 last_timestamp_us=588745253 last_elapsed_ms=0
2026-09-19T22:26:00.945499Z DEBUG execute_from_hook: awase_windows::runtime::executor: [relay-passthrough] PassThrough idle: direct OS pass-through (vk=0x1b up)
2026-09-19T22:26:00.945654Z DEBUG execute_one{generation=None}: awase_windows::runtime::executor: [reinject] vk=0x1b up (queued passthrough now firing)
2026-09-19T22:26:00.953822Z DEBUG awase_windows::platform: [gji-fsm] EndComposition (candidate HIDE) epoch=FocusEpoch(70)
2026-09-19T22:26:00.954103Z DEBUG awase::journal: gji fsm transition seq=2463 elapsed_ms=588754 trigger="EndComposition(candidate HIDE, epoch=FocusEpoch(70))" state_before="OnComposing(Warm)" state_after="OnWarm"
2026-09-19T22:26:04.442414Z DEBUG awase_windows::tsf::gji_monitor: [gji-io] WRITE: w_ops=+1 w_KB=+0.0 (r_ops=+1 x_ops=+0 x_KB=+0.0)
2026-09-19T22:26:04.457587Z DEBUG awase_windows::tsf::gji_monitor: [gji-io] r_ops=+1 w_ops=+0 x_ops=+2 read_KB=+0.0 x_KB=+0.0
2026-09-19T22:26:04.526034Z DEBUG awase_windows::runtime: [focus-sync] hwnd=0x3042C class="CASCADIA_HOSTING_WINDOW_CLASS" app_kind=Win32 hint=ForceTsf → mode=Tsf
2026-09-19T22:26:04.526121Z DEBUG awase_windows::runtime: [focus-sync] belief=ON かつ実状態を問い合わせられないプロファイル (profile=Imm32Unavailable) → 次の入力で再プライムするため cold mark
2026-09-19T22:26:04.526155Z DEBUG awase_windows::tsf::probe: [composition] marked cold reason=FocusChange idle=4094ms → next VK/TSF output will send VK_DBE_HIRAGANA warmup
2026-09-19T22:26:04.526202Z DEBUG awase_windows::tsf::tsf_gate: [tsf-gate] focus change → PendingWarmup (held cleared)
2026-09-19T22:26:04.530674Z DEBUG awase_windows::runtime: [focus-sync] hwnd=0x30580 class="Windows.UI.Composition.DesktopWindowContentBridge" app_kind=Win32 hint=Default → mode=Unicode
2026-09-19T22:26:04.530756Z DEBUG awase_windows::output: [tsf-gate] focus change while PendingWarmup — held バッファを保持して再初期化スキップ (Chrome等の連続フォーカスイベント対策)
2026-09-19T22:26:04.534085Z DEBUG awase_windows::runtime: [focus-sync] hwnd=0x5058A class="Windows.UI.Input.InputSite.WindowClass" app_kind=Uwp hint=ForceTsf → mode=Tsf
2026-09-19T22:26:04.534116Z DEBUG awase_windows::runtime: [focus-sync] belief=ON かつ実状態を問い合わせられないプロファイル (profile=TsfNative) → 次の入力で再プライムするため cold mark
2026-09-19T22:26:04.534136Z DEBUG awase_windows::tsf::probe: [composition] marked cold reason=FocusChange idle=4094ms → next VK/TSF output will send VK_DBE_HIRAGANA warmup
2026-09-19T22:26:04.534154Z DEBUG awase_windows::output: [tsf-gate] focus change while PendingWarmup — held バッファを保持して再初期化スキップ (Chrome等の連続フォーカスイベント対策)
2026-09-19T22:26:04.598268Z  INFO apply_focus_probe_result: awase_windows::runtime::focus_tracking: AppKind changed: Win32 → Uwp (class=Windows.UI.Input.InputSite.WindowClass)
2026-09-19T22:26:04.605390Z DEBUG apply_focus_probe_result: awase_windows::runtime::focus_tracking: Focus kind changed: TextInput → Undetermined (reason=Undetermined)
2026-09-19T22:26:04.606011Z DEBUG apply_focus_probe_result: awase::journal: focus transition seq=2464 elapsed_ms=592406 changed_process=true changed_window=true changed_app_kind=true changed_focus_kind=true dwell_ms=33625 profile="TsfNative"
2026-09-19T22:26:04.606543Z  INFO apply_focus_probe_result: awase_windows::runtime::focus_tracking: FocusChange [14304→19612] Windows.UI.Input.InputSite.WindowClass: stale ime_on=true intent=Some(true) mode=ObservedRomaji japanese=true
2026-09-19T22:26:04.606608Z DEBUG apply_focus_probe_result: awase_windows::tsf::probe: [composition] focus changed → marked cold
2026-09-19T22:26:04.606645Z DEBUG apply_focus_probe_result: awase_windows::runtime: [keymap] active rules recomputed: 0 rule(s) for process="windowsterminal.exe"
2026-09-19T22:26:04.606676Z DEBUG apply_focus_probe_result: awase_windows::runtime::focus_tracking: [keymap] active rules updated on focus change: 0 rule(s) (hwnd=HWND(0x5058a) kind=Undetermined focus_epoch=47)
2026-09-19T22:26:04.606734Z DEBUG apply_focus_probe_result:reduce: awase_windows::state::ime_model: [explicit-intent] cleared (focus change)
2026-09-19T22:26:04.606784Z DEBUG apply_focus_probe_result: awase::journal: ime event seq=2465 elapsed_ms=592407 event_kind="FocusChanged"
2026-09-19T22:26:04.606861Z DEBUG apply_focus_probe_result: awase_windows::runtime::focus_tracking: [focus] TsfNative/SSOT: cache restore スキップ (desired_open=true cache_hwnd=Some(329098) new_hwnd=329098) — 最初のキー入力で dispatch_ime が apply
2026-09-19T22:26:04.607368Z DEBUG awase_windows::runtime::ime_refresh: Skipping IMM query for known-broken class (shadow state SSOT)
2026-09-19T22:26:04.607388Z DEBUG awase_windows::observer::gji_observer: [gji-poll] GJI I/O 156ms ago predates focus change (156ms before focus) → skipped
2026-09-19T22:26:04.607447Z DEBUG awase_windows::runtime::ime_refresh: [composition] focus change → marking cold
2026-09-19T22:26:04.607481Z DEBUG awase_windows::tsf::probe: [composition] marked cold reason=FocusChange idle=4172ms → next VK/TSF output will send VK_DBE_HIRAGANA warmup
2026-09-19T22:26:04.607572Z DEBUG gji_on_event{event=FocusChange { injection_mode: Tsf, gji_idle_ms: 156 }}: awase_windows::tsf::gji_fsm: [gji-fsm] FocusChange gji_idle=156ms → Short
2026-09-19T22:26:04.607905Z DEBUG awase_windows::platform: [gji-fsm] StartProbe probe_id=ProbeId(54) forces_f2=false long=false
2026-09-19T22:26:04.607942Z DEBUG awase_windows::tsf::ime_mode_fsm: [ime-mode] FocusChange → Unknown
2026-09-19T22:26:04.608102Z DEBUG awase::journal: gji fsm transition seq=2466 elapsed_ms=592408 trigger="FocusChange(gji_idle_ms=156)" state_before="OnWarm" state_after="OnCold(Short)"
2026-09-19T22:26:04.608178Z DEBUG awase::journal: tsf probe started seq=2467 elapsed_ms=592408 source="GjiAction::StartProbe" cold_seq=5 probe_id=54 probe_id_present=true gji_state="OnCold(Short)" consecutive_at_start=0 pending_deferred_len=0
2026-09-19T22:26:04.608362Z DEBUG awase_windows::shadow_send_trace: [shadow-send] channel=SendInput kind=tsf_marker_warmup vk=[16] issue_us=592409067
2026-09-19T22:26:04.608641Z DEBUG awase_windows::hook: [hook] IME-mode vk=0x16 down self_injected=true injected=true scan=0xF2 extra=0x4B455946 since_actuation_us=Some(293)
2026-09-19T22:26:04.611119Z DEBUG awase_windows::hook: [hook] IME-mode vk=0x16 up self_injected=true injected=true scan=0xF2 extra=0x4B455946 since_actuation_us=Some(2786)
2026-09-19T22:26:04.612848Z DEBUG awase_windows::tsf::gji_monitor: [gji-io] WRITE: w_ops=+1 w_KB=+0.0 (r_ops=+2 x_ops=+2 x_KB=+0.0)
2026-09-19T22:26:04.615821Z  INFO awase_windows::output: [tsf-eager-warmup] VK_IME_ON 送信 (origin=gated), eager_warmup_sent_ms=332798656ms
2026-09-19T22:26:04.615901Z DEBUG awase_windows::runtime::ime_refresh: [composition] FocusChange: send_eager_tsf_warmup called (ime_on via warmup_ime_on())
2026-09-19T22:26:04.617148Z DEBUG awase_windows::platform: [ime-mode] FocusProbe: GJI actuation との交錯を検知 → hint更新をabandon
2026-09-19T22:26:04.617308Z DEBUG awase::journal: hook ime-mode diagnostic seq=2468 elapsed_ms=592418 vk_code=22 is_down=true self_injected=true injected=true scan=242
2026-09-19T22:26:04.617360Z DEBUG awase::journal: hook ime-mode diagnostic seq=2469 elapsed_ms=592418 vk_code=22 is_down=false self_injected=true injected=true scan=242
2026-09-19T22:26:12.324693Z  WARN awase_windows::runtime::message_handlers: Hook watchdog: no activity for 7719ms (OS全体の最終入力は7719ms前、OSも無操作のため単なるアイドルの可能性が高い)
2026-09-19T22:26:15.318918Z  WARN awase_windows::runtime::message_handlers: Hook watchdog: no activity for 10719ms (OS全体の最終入力は10719ms前、OSも無操作のため単なるアイドルの可能性が高い)
2026-09-19T22:26:18.320224Z  WARN awase_windows::runtime::message_handlers: Hook watchdog: no activity for 13719ms (OS全体の最終入力は13719ms前、OSも無操作のため単なるアイドルの可能性が高い)
2026-09-19T22:26:21.326872Z  WARN awase_windows::runtime::message_handlers: Hook watchdog: no activity for 16719ms (OS全体の最終入力は0ms前 → フックにイベントが届いていない疑い(issue #165))
2026-09-19T22:26:22.257601Z DEBUG awase_windows::tsf::win_event_obs: [tsf-settle] OBJ_NAMECHANGE #1 class=CASCADIA_HOSTING_WINDOW_CLASS
2026-09-19T22:26:24.323507Z  WARN awase_windows::runtime::message_handlers: Hook watchdog: no activity for 19719ms (OS全体の最終入力は313ms前 → フックにイベントが届いていない疑い(issue #165))
script error: Output type incorrect: bool (expecting ())
